dataset_id,description,description_original,total_answered,total_answered_original,q1,q1_original,q2,q2_original,q3,q3_original,q4,q4_original
w7w3-xahh,"This dataset contains detailed information on issued business licenses in New York City, covering a wide range of business categories, including electronic cigarette dealers, home improvement contractors, and general vendors. Each entry includes unique identifiers such as license numbers and business unique IDs, along with essential details like business names, contact information, and addresses. The dataset spans from 1997 to 2025, providing a comprehensive view of the licensing landscape over time. It features various license statuses, indicating whether a license is active, expired, or suspended, which is crucial for consumers and businesses alike. The spatial data, including latitude and longitude, allows for geographic analysis of business distribution across the city. This dataset is valuable for city government agencies, researchers, and consumers seeking to understand business operations and compliance within New York City, facilitating informed decision-making and policy development.

Column constraints outlined in Data Dictionary:
business_category: Allowed values defined in Appendix 1
license_type: Allowed values: Organization, Individual
license_status: Allowed values: Active, Expired, Failed to Renew, Out of Business, Ready for Renewal, Revoked, Surrendered, Suspended
detail: This field is only populated for certain business categories; format varies based on business category
contact_phone: Format: Typically a ten-digit number; various formats accepted depending on international or regional coding; can be blank for individual licensees
address_type: Allowed values: Complete Address, Cross Street (Intersection), Block, Place (Landmark), P.O. Box; Not reported for individual applicants
address_building: Can be blank for individual licensees; can be blank for businesses described by a Landmark or Place Name, or by a street segment (blockface), and for P.O. Box addresses
address_street_name_2: Not reported for individual licensees; can be blank unless address type is Block or Cross Street (Intersection)
street3: Not reported for individual licensees; can be blank unless address type is Block
unit_type: Not reported for individual applicants
apt_suite: Not reported for individual applicants
address_city: Indicates the city of the mailing address for individual applicants
address_zip: Can be null for non-deliverable business locations; indicates the city of the mailing address for individual applicants
address_borough: Allowed values: Manhattan, Bronx, Brooklyn, Queens, Staten Island, Outside of NYC; Not reported for individual licensees; P.O. Boxes and addresses outside of NYC will either show ""Outside NYC"" or be blank
community_board: Expected to be a three-digit number; Not reported for individual licensees; P.O. Boxes and addresses outside of NYC will be blank
council_district: Expected to be a two-digit integer with a leading zero; Not reported for individual licensees; P.O. Boxes and addresses outside of NYC will be blank
bin: Not reported for individual licensees; P.O. Boxes and addresses outside of NYC will be blank
bbl: Not reported for individual licensees; P.O. Boxes and addresses outside of NYC will be blank
nta: Not reported for individual licensees; P.O. Boxes and addresses outside of NYC will be blank
census_block_2010_: Not reported for individual licensees; P.O. Boxes and addresses outside of NYC will be blank
census_tract: Not reported for individual licensees; P.O. Boxes and addresses outside of NYC will be blank
latitude: Not reported for individual licensees; P.O. Boxes and addresses outside of NYC will be blank
longitude: Not reported for individual licensees; P.O. Boxes and addresses outside of NYC will be blank","This dataset contains detailed information on various business licenses in New York City, including license numbers, business names, categories, and statuses. It features 100 unique entries, with data spanning from 2001 to 2025 for license creation dates and up to 2028 for expiration dates. The dataset includes spatial information such as addresses, boroughs, and geographic coordinates, making it useful for mapping and analysis. It can be utilized for research on business compliance, market analysis, and urban planning, providing insights into the distribution and status of licensed businesses across the city.",4,3,1,0,1,1,1,1,1,1
ci93-uc8s,"This dataset contains detailed information on certified minority-owned businesses, including their contact details, business descriptions, and contract experience. It features 11,516 unique entries, with data covering various aspects such as account numbers, vendor names, certifications, and project histories. The dataset includes temporal information, with establishment dates ranging from 1980 to 2023, and job experience dates extending to 2025. Spatial data is also provided, including addresses, boroughs, and geographic coordinates. This dataset can be utilized for research and analysis related to minority business participation in public contracts, helping organizations identify potential vendors for procurement opportunities. It serves as a valuable resource for policymakers, researchers, and businesses looking to engage with certified minority-owned enterprises, fostering economic empowerment and diversity in the marketplace.

Column constraints outlined in Data Dictionary:
account_number: integer; unique
vendor_formal_name: string; required
vendor_dba: string; optional
first_name: string; required
last_name: string; required
telephone: string; format: 10-digit number
business_description: string; required
certification: string; allowed values: MBE, WBE, NON-MINORITY; multiple values allowed
cert_renewal_date: date; format: MM/DD/YYYY; required
ethnicity: string; allowed values: BLACK, HISPANIC, ASIAN; required
address1: string; required
city: string; required
state: string; format: 2-letter state code; required
zip: string; format: 5-digit number; required
mailingaddress1: string; required
mailingcity: string; required
mailingstate: string; format: 2-letter state code; required
mailingzip: string; format: 5-digit number; required
website: string; optional; format: valid URL
date_of_establishment: date; format: YYYY-MM-DD; required
aggregate_bonding_limit: float; minimum: 0.0
signatory_to_union_contracts: string; allowed values: Yes, No; required
id6_digit_naics_code: string; format: 6-digit number; required
naics_sector: string; required
naics_subsector: string; required
naics_title: string; required
types_of_construction_projects_performed: string; optional
nigp_codes: string; optional; multiple values allowed
name_of_client_job_exp_1: string; required
largest_value_of_contract: float; minimum: 0.0
percent_self_performed_job_exp_1: float; range: 0.0 to 100.0; required
date_of_work_job_exp_1: date; format: YYYY-MM-DD; required
description_of_work_job_exp_1: string; required
name_of_client_job_exp_2: string; optional
value_of_contract_job_exp_2: float; minimum: 0.0; optional
percent_self_performed_job_exp_2: float; range: 0.0 to 100.0; optional
date_of_work_job_exp_2: date; format: YYYY-MM-DD; optional
description_of_work_job_exp_2: string; optional
name_of_client_job_exp_3: string; optional
value_of_contract_job_exp_3: float; minimum: 0.0; optional
percent_self_performed_job_exp_3: float; range: 0.0 to 100.0; optional
date_of_work_job_exp_3: date; format: YYYY-MM-DD; optional
description_of_work_job_exp_3: string; optional
capacity_building_programs: string; allowed values: Yes, No; required
enrolled_in_passport: string; allowed values: Yes, No; required
borough: string; required
latitude: float; range: -90.0 to 90.0; required
longitude: float; range: -180.0 to 180.0; required
community_board: float; required
council_district: float; required
bin: float; required
bbl: float; required
census_tract_2020_: float; required
neighborhood_tabulation_area_nta_2020_: string; required","This dataset focuses on Certified Minority Businesses, providing detailed information about various vendors, including their contact details, business descriptions, certifications, and project experiences. It encompasses a wide range of industries, from construction and educational services to food and technology. The dataset includes key attributes such as account numbers, business names, and geographic locations, allowing users to identify and connect with minority-owned enterprises across New York. This resource can be utilized for research, supplier diversity initiatives, and to promote economic empowerment within minority communities by facilitating access to these businesses for potential contracts and collaborations.",3,2,0,0,1,1,1,0,1,1
ptev-4hud,"This dataset contains detailed information on license applications submitted to the New York City Department of Consumer and Worker Protection (DCWP). It includes unique identifiers for each application, business names, and categories, as well as the status of applications, submission dates, and closure dates. The dataset spans from January 15, 2023, to March 26, 2026, providing a comprehensive view of the licensing process over time. It features various business types, including home improvement contractors, secondhand dealers, and sightseeing guides, among others. The dataset also includes spatial data such as addresses, boroughs, and geographic coordinates, allowing for geographic analysis of business locations. This information can be valuable for consumers seeking licensed services, researchers studying business trends, and city officials monitoring compliance with licensing regulations. Overall, it serves as a crucial resource for understanding the landscape of licensed businesses in New York City.

Column constraints outlined in Data Dictionary:
application_id: System generated alpha-numeric value; Unique identifier  
license_number: System generated alpha-numeric value; Can be null for pending, denied, or withdrawn applications  
business_unique_id: System generated alpha-numeric value; Unique identifier  
business_category: Allowed values as per Appendix 1: Business Categories  
application_type: Allowed values: New; Renewal  
license_type: Allowed values: Premises; Individual  
intake_channel: Allowed values: Phone, Email/Mail/Fax, Walk-In, Online, Hardcopy  
submission_date: Format: MM/DD/YYYY; System generated date  
date_closed: Format: MM/DD/YYYY  
status: Allowed values: Submitted; Additional Info Requested; Additional Info Received; FRU AIR Requested; FRU AIR Received; TOL Issued; Approved; Denied; Withdrawn; Closed  
temp_op_letter_issued: Format: MM/DD/YYYY; Not all license categories are eligible for Temporary Operating Letters  
temp_op_letter_expiration: Format: MM/DD/YYYY; Not all license categories are eligible for Temporary Operating Letters  
borough: Allowed values: Manhattan, Bronx, Brooklyn, Queens, Staten Island, Outside of NYC  
community_board: Expected to be a three-digit number where available  
council_district: Expected to be a two-digit integer with a leading zero: 01, 02, ..., 51  
zip: Can be null for non-deliverable business locations  
latitude: Can be null for businesses located outside of NYC  
longitude: Can be null for businesses located outside of NYC","This dataset contains detailed information on license applications, including unique identifiers, business names, and categories. It spans applications submitted from January 5, 2023, to March 19, 2026, with a variety of statuses such as approved and closed. The dataset includes spatial data like addresses, cities, and boroughs, as well as contact information for each business. It can be utilized for analyzing trends in business licensing, understanding the distribution of various business types across different regions, and assessing the efficiency of the application process. The semantic profile highlights the dataset's comprehensive coverage of both temporal and spatial dimensions, making it a valuable resource for researchers and policymakers.",3,3,0,0,1,1,1,1,1,1
9a87-6m4x,"This dataset focuses on Equal Opportunity Businesses, providing valuable insights into contracting opportunities across various locations. It includes detailed information such as the date of contract, contracting company, site address, borough, and representative contact details, with temporal coverage from December 18, 2022, to December 3, 2025. The dataset features 381 unique dates and 655 unique site addresses, ensuring a comprehensive overview of business activities. Spatial data is represented through latitude and longitude coordinates, allowing for precise geolocation. Additionally, the dataset includes various identifiers like zip codes, council districts, and census tracts, which can be useful for demographic analysis and aggregation. This information can aid in identifying potential partnerships and fostering inclusivity in the construction industry, aligning with initiatives like ICAP and SBS to promote equitable business practices. Overall, this dataset serves as a crucial resource for stakeholders seeking to engage with diverse contracting opportunities.","This dataset focuses on Equal Opportunity Compliance, providing valuable insights into contracting companies and their project locations across New York. It includes detailed information such as the date of contracts, company names, site addresses, boroughs, and contact details. The dataset spans from December 20, 2022, to October 29, 2025, with a wide range of unique values for each column, ensuring comprehensive coverage. It contains spatial data, including latitude and longitude coordinates, as well as demographic information through census tracts. This dataset can be utilized to analyze compliance with equal opportunity regulations and assess the distribution of contracts across different boroughs and districts.",3,2,0,0,1,1,1,1,1,0
kf2b-aeh5,"This dataset contains information about recruitment events held at various Workforce1 Career Centers in New York City from March 15 to March 19, 2020. It includes details such as the event date, check-in times, job titles, job families, and the companies conducting the recruitment. Each entry provides the qualifications required for the positions, along with the specific borough and address of the event location. The dataset features a diverse range of job families, including customer service and healthcare, with a total of 180 unique event titles and 141 different companies represented. This dataset can be utilized by job seekers to identify employment opportunities, by researchers analyzing job market trends, or by organizations looking to understand recruitment patterns in the area. Overall, it serves as a valuable resource for anyone interested in the dynamics of job recruitment events in New York City.

Column constraints outlined in Data Dictionary:
event_date: Date field in Microsoft Excel date format; must represent a valid date
check_in_from: Time field in Microsoft Excel time format; must represent a valid time
check_in_to: Time field in Microsoft Excel time format; must represent a valid time; must be later than check_in_from
job_family: Job families are from the 2010 Standard Occupation Classification (SOC) occupational listing at the US Bureau of Labor Statistics; must be a valid job family
location_name_and_address: Text field; must represent a valid address format","This dataset provides a schedule of recruitment events, detailing various job opportunities across different locations in New York City. It includes essential information such as event dates, check-in times, job titles, and required qualifications. The dataset covers events from March 15 to March 18, 2020, and features locations primarily in Queens and Manhattan. Each entry specifies the company hosting the event and the qualifications needed for applicants. This dataset can be utilized by job seekers to identify potential employment opportunities and by organizations to promote their recruitment events effectively.",2,2,0,0,1,1,1,1,0,0
5fn4-dr26,"This dataset contains detailed records of consumer protection violations related to various businesses in New York City, specifically focusing on enforcement charges issued by the Department of Consumer Affairs (DCA). It includes unique identifiers for each record, business names, categories, and inspection details, along with violation dates and specific charges. The dataset spans from July 18, 2023, to January 13, 2026, providing a comprehensive view of compliance issues over time. Users can analyze the frequency and types of violations, assess business compliance with regulations, and track outcomes of adjudications, such as guilty or not guilty findings. This information is valuable for researchers, policymakers, and consumer advocates aiming to enhance consumer protection and ensure businesses operate within legal standards. The dataset also allows for linking to other DCA datasets, facilitating broader analyses of business practices and regulatory enforcement in the city.

Column constraints outlined in Data Dictionary:
record_id: System generated alpha-numeric value; Unique identifier  
related_record_type: Allowed values: dcwp_inspectionrequest; dcwp_legal  
business_unique_id: System generated alpha-numeric value; Unique identifier  
certificate_of_inspection: System generated alpha-numeric value; Not populated for legal investigations  
inspection_number: System generated alpha-numeric value; Not usually populated for legal investigations  
noh_number: System generated alpha-numeric value  
violation_date: Format: MM/DD/YYYY  
cure_eligible: Allowed values: Yes; No; Null values interpreted as No  
cured: Allowed values: Yes; No; Blank values indicate pending resolution  
outcome: Allowed values: See Appendix 2: Outcomes; Blank values indicate pending resolution  
guilty: Expected value: Integer; Blank values indicate pending resolution  
not_guilty: Expected value: Integer; Blank values indicate pending resolution  
dismissed: Expected value: Integer; Blank values indicate pending resolution","This dataset focuses on consumer protection violations, specifically related to businesses in various categories, including tobacco and electronic cigarette dealers. It contains detailed records of inspections, including unique identifiers for businesses and inspection reports, violation dates, and specific charges related to non-compliance with health and safety regulations. The dataset spans from August 2023 to February 2026, providing a comprehensive view of enforcement actions over time. It can be utilized for analyzing trends in consumer protection violations, assessing compliance among businesses, and informing regulatory practices to enhance consumer safety and public health.",3,3,0,0,1,1,1,1,1,1
qcdj-rwhu,"This dataset contains detailed information on sidewalk café licenses issued by the Department of Consumer Affairs (DCA) in New York City. It includes unique identifiers for each license, the status of the licenses, and the names of the businesses involved, along with their locations, including building numbers, streets, cities, states, and zip codes. The dataset also provides measurements related to the café's size, such as square footage, number of tables, and chairs. Temporal data is included, covering application submission dates, status updates, and expiration dates, allowing for tracking of the licensing process over time. This dataset can be utilized by city government officials, researchers, and business owners to analyze trends in sidewalk café licensing, assess compliance with regulations, and support urban planning initiatives. It serves as a valuable resource for understanding the dynamics of outdoor dining spaces in the city.","This dataset contains information on Sidewalk Café Licenses, including details such as license numbers, business names, locations, and status updates. It features 100 unique entries, with data covering various aspects like the type of café, square footage, and seating arrangements. The dataset spans a temporal range from 2017 to 2022, providing insights into application statuses and expiration dates. It can be utilized for analyzing trends in sidewalk café licensing, understanding community impacts, and tracking compliance with local regulations. The semantic profile highlights key identifiers and measurements, making it a valuable resource for urban planning and business development studies.",3,3,0,0,1,1,1,1,1,1
jzhd-m6uv,"This dataset contains detailed records of business inspections conducted by the Department of Consumer and Worker Protection (DCWP) in New York City. It includes essential information such as the unique identification numbers for inspections and businesses, the date of each inspection, and the business names and categories. The dataset spans from July 23, 2023, to March 3, 2026, and covers various locations across the city, with latitude and longitude coordinates provided for precise mapping. Each record indicates the inspection type and status, allowing users to track compliance with regulations and identify potential violations. This dataset is valuable for researchers, policymakers, and consumers interested in understanding business compliance, enforcement actions, and industry standards within New York City. It can also be used to analyze trends in business inspections and assess the effectiveness of regulatory measures in promoting consumer safety and fair practices.

Column constraints outlined in Data Dictionary:
certificate_of_inspection: System generated alpha-numeric value; Required  
inspection_number: System generated alpha-numeric value; Required  
date_of_occurrence: Format MM/DD/YYYY; Required  
business_unique_id: System generated alpha-numeric value; Required  
dba_trade_name: Nullable; Only populated for businesses with a registered DBA or Trade Name  
business_category: Expected values as per Appendix 1: Business Categories; Required  
dcwp_license_number: Nullable; Only populated when a license is associated with the business during inspection  
inspection_type: Expected values as per Appendix 2: Inspection Types; Required  
inspection_status: Expected values as per Appendix 3: Inspection Statuses; Required  
noh_number: Nullable; Only populated when an inspection results in a violation  
address_type: Expected values: Complete Address; Cross Street (Intersection); Block; Required  
building_number: Nullable; For Cross-Street (Intersection) address types, may contain a corner designation  
street_2: Nullable; Only populated for Cross-Street (Intersection) and Block address types  
borough: Expected values: Manhattan, Bronx, Brooklyn, Queens, Staten Island, Outside of NYC; Required  
community_district: Nullable; Expected to be blank for businesses located outside of NYC  
city_council_district: Nullable; Expected to be blank for businesses located outside of NYC; Format: Two-digit integer with leading zero  
bin: Nullable; Expected to be blank for businesses located outside of NYC and for Cross Street (Intersection) and Block address types  
bbl: Nullable; Expected to be blank for businesses located outside of NYC and for Cross Street (Intersection) and Block address types  
nta: Nullable; Expected to be blank for businesses located outside of NYC and for Cross Street (Intersection) and Block address types  
latitude: Nullable; Expected to be blank for businesses located outside of NYC  
longitude: Nullable; Expected to be blank for businesses located outside of NYC","This dataset contains detailed records of business inspections, including information such as the certificate of inspection, inspection number, date of occurrence, and business details like name and category. It covers a temporal range from August 2023 to March 2026 and includes spatial data with latitude and longitude coordinates for precise location tracking. The dataset can be utilized for analyzing compliance with regulations, identifying trends in business operations, and assessing the status of various establishments across New York City. It serves as a valuable resource for researchers, policymakers, and public health officials interested in business oversight and community safety.",4,2,1,0,1,1,1,1,1,0
nre2-6m2s,"This dataset contains detailed records of consumer complaints submitted to the Department of Consumer Affairs (DCA) in New York City, covering various business practices across multiple categories. Each record includes a unique identifier, intake and result dates, complaint details, and the business involved, allowing for comprehensive tracking and analysis of consumer issues. The dataset spans from May 31, 2023, to January 13, 2026, and includes spatial data such as latitude and longitude for precise geolocation of businesses. With 114 business categories and 1,265 complaint codes, it provides insights into consumer experiences and regulatory compliance. This dataset can be utilized for research on consumer rights, business practices, and the effectiveness of complaint resolutions, making it a valuable resource for policymakers, researchers, and consumer advocacy groups. The information can help identify trends in consumer complaints and inform strategies for improving business accountability and consumer protection.

Column constraints outlined in Data Dictionary:
record_id: System generated alphanumeric value; Unique identifier  
intake_date: Format MM/DD/YYYY; Required  
_311_sr_number: System generated alphanumeric value; Populated only for complaints submitted through NYC311  
business_category: Allowed values as per Appendix 1; Required  
complaint_code: Allowed values as per Appendix 2; May have multiple selections; Missing values allowed  
result_date: Format MM/DD/YYYY; Required  
result: Allowed values as per Appendix 3; Required  
address_type: Allowed values: Complete Address, Cross Street (Intersection), Block, Place (Landmark), P.O. Box; Not reported for individual applicants  
building_nbr: Can be blank for businesses described by a Landmark or Place Name, or by a street segment; Typically contains specific corner for intersection addresses  
street2: Required only if address_type is Block or Cross Street (Intersection)  
street3: Required only if address_type is Block  
borough: Allowed values: Manhattan, Bronx, Brooklyn, Queens, Staten Island, Outside of NYC; Addresses outside of NYC will be blank  
community_board: Three-digit number where available; Blank for addresses outside of NYC or due to invalid address information  
council_district: Two-digit integer with leading zero (01, 02, ... 51); Blank for addresses outside of NYC or due to invalid address information  
bin: Blank for addresses outside of NYC or due to invalid address information  
bbl: Blank for addresses outside of NYC or due to invalid address information  
nta: Blank for addresses outside of NYC or due to invalid address information  
census_block_2010_: Blank for addresses outside of NYC or due to invalid address information  
census_tract_2010_: Blank for addresses outside of NYC or due to invalid address information  
latitude: Blank for addresses outside of NYC or due to invalid address information  
longitude: Blank for addresses outside of NYC or due to invalid address information","This dataset contains consumer complaints from New York City, specifically focusing on various business categories and complaint types. It includes detailed information such as intake and result dates, complaint codes, and business identifiers, allowing for comprehensive tracking and analysis of consumer issues. The dataset spans from June 2023 to March 2026, with spatial coverage across multiple boroughs in NYC, represented by latitude and longitude coordinates. It can be utilized for identifying trends in consumer complaints, assessing business compliance, and informing policy decisions to enhance consumer protection and service quality in the city.",4,4,1,1,1,1,1,1,1,1
6y5g-5hkj,"This dataset contains information about applicants on the General Vendor Waiting List, including their unique identification numbers, application order, priority rankings, names, and locations. It features 11,926 entries, with a diverse range of applicants from various cities and states across the U.S. The dataset tracks the status of each application, indicating whether applicants are awaiting selection, have been selected, or did not appear for their scheduled appointments. Key columns include the waiting list application number, application order number, and priority number, which help in identifying and ranking applicants. The selection date provides temporal context, covering a range from January 19, 2017, to July 11, 2023. This dataset can be utilized for analyzing trends in vendor license applications, understanding applicant demographics, and assessing the efficiency of the waiting list process. It serves as a valuable resource for policymakers and researchers interested in vendor licensing and urban commerce.

Column constraints outlined in Data Dictionary:
priority_number: Null values indicate ineligibility for the waitlist; Numeric values must be non-negative.
waiting_list_status: Allowed values include ""Application Voided"", ""Application Withdrawn"", ""Application Denied"", ""Applied for License"", ""Did Not Appear"", ""Awaiting Waitlist Selection""; Null values are allowed.
selection_date: Null values are allowed; Valid date format is ISO 8601 (YYYY-MM-DDTHH:MM:SS.sss).
license_application_id: Null values are allowed; This field is blank for applicants who have not submitted an application.","This dataset focuses on the Vendor License Waitlist, providing insights into applicants seeking vendor licenses. It includes key information such as application order numbers, priority rankings, and the status of each application, which can be used to analyze trends in vendor licensing. The dataset features 100 unique applications from various cities in New York, with a temporal coverage for selection dates ranging from August 30, 2018, to July 11, 2023. Each entry includes details about the applicant's name, city, state, and postal code, allowing for geographic analysis. The waiting list status indicates whether applicants are awaiting selection, have been selected, or did not appear for their appointment.",4,2,1,0,1,1,1,1,1,0
p2wf-m8zt,"This dataset provides detailed information on tobacco and electronic cigarette retail licenses across various community districts in New York City. It includes data on the maximum number of tobacco retail dealer licenses allowed, the number of active licenses, and the availability of new licenses under the established caps. The dataset covers five boroughs and 59 community districts, with temporal data ranging from April 2019 to March 2026. Each entry includes the borough, community district number, and descriptive names, allowing for easy identification and aggregation of data. The dataset can be utilized for analyzing trends in tobacco and electronic cigarette retail licensing, assessing compliance with local regulations, and informing public health initiatives aimed at tobacco control. It serves as a valuable resource for researchers, policymakers, and community organizations interested in understanding the dynamics of tobacco retail in New York City.

Column constraints outlined in Data Dictionary:
data_as_of: MM/DD/YYYY format; must be a valid date; cannot be in the future  
borough: Must be one of the five Boroughs comprising NYC  
community_district: Must be one of the 59 Community Districts in NYC  
community_district_name: Must be a concatenation of the Borough and Community District number  
tobacco_retail_dealer_cap: Integer; must be non-negative; calculated as 50 percent of the number of active non-pharmacy Tobacco Retail Dealer licenses as of February 24, 2018  
trd_available_under_cap: Integer; must be non-negative; calculated as the district's cap minus the number of active licenses in the district; values less than zero reported as zero  
electronic_cigarette_retail: Integer; must be non-negative; calculated as 50 percent of the number of active Electronic Cigarette Retail Dealer licenses as of August 23, 2018  
ecd_available_under_cap: Integer; must be non-negative; calculated as the district's cap minus the number of active licenses in the district; values less than zero reported as zero","This dataset focuses on Tobacco License Caps across various boroughs and community districts. It includes information on the maximum number of tobacco retail dealers allowed, the number of active dealers, and the availability of electronic cigarette retailers. The data spans from April 2019 to March 2026, providing a comprehensive view of tobacco retail dynamics over time. Each entry includes details such as borough, community district, and the number of active retailers, making it useful for analyzing tobacco retail trends and regulatory impacts. This dataset can aid policymakers, researchers, and public health officials in understanding tobacco retail landscapes and making informed decisions.",3,2,0,0,1,1,1,1,1,0
9cw8-7heb,"This dataset contains information on .nyc domain registrations, featuring a total of 53,173 unique domain names and 43,551 unique registration dates. The data includes the domain name, the date it was registered, and its associated nexus category, which classifies the domains into two types: organizations and individuals. The temporal coverage of the registration dates spans from October 3, 2014, to June 11, 2025, with a resolution down to the second. This dataset serves as a valuable resource for analyzing trends in domain registrations within New York City, providing insights into the growth of online presence for both individuals and organizations. It can be utilized for research in digital marketing, urban studies, and internet governance, as well as for identifying potential opportunities for web-based services in the city. Overall, this dataset is essential for understanding the landscape of .nyc domains and their registration patterns.","This dataset contains information on domain registrations in New York City, featuring 100 unique entries. Each entry includes the domain name, registration date, and nexus category, which classifies the domains as either organizations or individuals. The registration dates span from October 3, 2014, to July 14, 2025, providing a comprehensive temporal coverage for analysis. The dataset can be utilized for various purposes, such as tracking trends in domain registrations, identifying active organizations in NYC, and understanding the growth of online presence in the city. It serves as a valuable resource for researchers, marketers, and urban planners interested in the digital landscape of New York City.",2,2,0,0,1,1,1,1,0,0
9d9t-bmk7,"This dataset provides detailed information about Benefits Access Centers located across various boroughs in New York City, including the Bronx, Brooklyn, Manhattan, Queens, and Staten Island. Each entry includes the facility name, street address, contact information, and operational hours, along with comments on available services, such as children's areas and supervision details. The dataset encompasses a range of spatial data, including latitude and longitude coordinates, which allows for precise mapping of each center. It also features unique identifiers like community board and census tract numbers, facilitating demographic analysis. This dataset is particularly useful for researchers and policymakers focused on economic mobility, as it highlights access points for essential services that support job seekers and individuals in need of assistance. By analyzing this data, stakeholders can better understand the distribution of resources and identify areas for improvement in service delivery.","This dataset provides detailed information about Benefits Access Centers located across various boroughs in New York City. It includes essential data such as facility names, addresses, contact numbers, and operational hours. The dataset covers multiple unique locations, with spatial data represented by latitude and longitude coordinates. Each entry also contains comments that describe specific features of the centers, such as children's areas and supervision availability. This dataset can be utilized for research, planning, and improving access to social services, helping individuals find the nearest support facilities based on their location and needs.",2,1,0,0,1,1,0,0,1,0
r3dx-pew9,"This dataset, published in 2020, provides a comprehensive overview of Neighborhood Financial Health across various areas in New York City. It includes key demographic and economic indicators such as poverty rates, median income, and racial composition, allowing for a nuanced understanding of financial well-being in different neighborhoods. The dataset features 55 unique Public Use Microdata Areas (PUMAs) and covers various goals related to financial services, goods and services, jobs and income, and financial shocks. Each goal is assessed through multiple indicators, such as homeownership opportunity and access to health insurance, with corresponding outcomes and rankings. This dataset can be utilized for research on economic disparities, policy-making, and community development initiatives aimed at improving financial health and equality in urban settings. It serves as a valuable resource for understanding the intersection of education, health, and financial stability within neighborhoods.

Column constraints outlined in Data Dictionary:
year_published: must be 2020; required  
goal: allowed values include Build Assets; Financial Services; Financial Shocks; Goods & Services; Jobs & Income  
goalname: allowed values include Goal 1: Financial Services; Goal 2: Goods & Services; Goal 3: Jobs & Income; Goal 4: Financial Shocks; Goal 5: Build Assets  
goalfullname: allowed values include Goal 1: Access to Affordable, High-Quality Financial Services; Goal 2: Access to Affordable, High-Quality Goods & Services; Goal 3: Access to Quality Jobs & Income Supports; Goal 4: Stable Housing & Capacity to Limit Financial Shocks; Goal 5: Opportunities to Build Assets & Plan for the Future  
indexscore: must be between 0 and 10, inclusive  
ind1: allowed values include Homeownership Opportunity; Bank / Credit Union-To-Nonbank Ratio; Ability To Borrow At Low Cost; Access To Groceries; Job Training And Placement Support  
ind2: allowed values include Neighborhood Tenure; Bank / Credit Union Density; Housing Stability; Child Care Capacity; Jobs With Health Insurance  
ind3: allowed values include IDNYC Acceptance; Health Insurance Access; Health Care Access; Labor Force Participation  
ind4: allowed values include Retirement Security; Mortgage Origination By Race; Rent Burden; Cost Of Transportation ($); Job Quality  
ind5: allowed values include Community Efficacy; Bank / Credit Union Utilization; Severe Rent Burden; Cost Of Transportation (%); Educational Attainment  
ind6: allowed values include Small Business Employment Opportunity; Affordable Products; Pre-foreclosure Notices; Journey To Work Time; Public Benefits Utilization  
ind7: allowed values include Participatory Budgeting; Mobile Banking Utilization; Financial Counseling; Tax Credit Utilization  
ind8: allowed values include Adults With High School Diploma","This dataset provides a comprehensive overview of neighborhood financial health across various areas in New York City, published in 2020. It includes key demographic and economic indicators such as poverty rates, median income, and racial composition, allowing for a nuanced understanding of financial disparities. The dataset features 52 unique geographic areas, including boroughs and neighborhoods, and encompasses various metrics related to financial services, job opportunities, and housing stability. It can be utilized for analyzing community needs, assessing the effectiveness of financial programs, and informing policy decisions aimed at improving economic conditions in specific neighborhoods.",1,1,0,0,1,1,0,0,0,0
dt2z-amuf,"This dataset provides comprehensive information about Financial Empowerment Centers across New York City, detailing their locations, operating hours, and the services they offer. It includes data on various attributes such as the provider and host organization, building and street addresses, boroughs, and zip codes, ensuring users can easily identify and access these resources. The dataset features 23 unique building addresses and spans multiple boroughs, including Manhattan, Brooklyn, Queens, and the Bronx. It also highlights the languages spoken at these centers, primarily English and Spanish, catering to diverse communities. This dataset is valuable for researchers, policymakers, and community organizations aiming to enhance financial literacy and access to financial services for low-income individuals. By analyzing this data, stakeholders can identify service gaps, improve outreach efforts, and ultimately empower communities through financial education and counseling services.

Column constraints outlined in Data Dictionary:
building: may include a dash character as part of the number  
bbl: format must follow the structure of Borough, Block, Lot  
x_coordinates: unit of measure is Feet; must be in NAD 1983 StatePlane New York Long Island FIPS 3104  
y_coordinates: unit of measure is Feet; must be in NAD 1983 StatePlane New York Long Island FIPS 3104  
latitude: unit of measure is decimal degrees  
longitude: unit of measure is decimal degrees  
bin: Building Identification Number format  
location: unit of measure is decimal degrees","This dataset provides detailed information about financial empowerment services offered by various organizations across New York City. It includes data on the provider and host organization, location details such as building, street, city, borough, and zip code, as well as operational hours and days open. The dataset also captures the languages spoken, contact information, and unique identifiers for community boards and council districts. With spatial coordinates for each location, this dataset can be utilized to analyze access to financial services, identify service gaps, and support community outreach efforts aimed at enhancing financial literacy and empowerment.",1,2,0,0,1,1,0,0,0,1
9b9u-8989,"This dataset provides a comprehensive overview of various businesses in New York City, focusing on their establishment details, including the name, address, borough, business sector, category, type of cuisine, number of employees, and actual opening date. With 4,938 unique business names and 5,050 unique street addresses, it captures a diverse range of establishments across the five boroughs: Bronx, Brooklyn, Manhattan, Queens, and Staten Island. The dataset spans from June 2010 to November 2018, offering insights into the growth and evolution of the local business landscape. It categorizes businesses into sectors such as Accommodations and Food, Finance and Insurance, and Healthcare, while also detailing the types of cuisine offered. This information can be invaluable for analyzing business trends, supporting small business initiatives, and fostering economic development in NYC.

Column constraints outlined in Data Dictionary:
establishment_record_establishment_borough: Allowed values are limited to Bronx, Brooklyn, Manhattan, Queens, Staten Island  
establishment_record_business_sector: Allowed values are Accommodations and Food, Finance and Insurance, Healthcare/Social Assistance, Information, Manufacturing, Retail Trade, Services (except Public Admin), Other  
establishment_record_establishment_category: Allowed values are dependent on Business Sector; options include Automotive Parts, Accessories And Tire Stores, Banks and Credit Unions, Beer, Wine, and Liquor Stores, Beverage Manufacturing, Book Stores and News Dealers, Child Day Care Services, Clothing Stores, Department Stores, Drinking Places (Alcoholic Beverages), Drycleaning and Laundry Services, Florists, Furniture Stores, Grocery Stores, Health And Personal Care Stores, Hotels, Jewelry, Luggage and Leather Goods Stores, Office Supplies, Stationery, and Gift Stores, Personal Care Services (hair, nail and skin care services), Restaurants and Other Eating Places, Shoe Stores, Specialty Food Stores, Sporting Goods, Hobby, and Musical Instrument Stores, Wireless Telecommunications Carriers, Other Miscellaneous Store Retailers, Other  
establishment_record_type_of_cuisine: Multi-select picklist options include Afghani, African, American, Asian, Bagels, Baked Goods, BBQ, Breakfast, Burgers, Cajun, Cakes, Caribbean, Chinese, Coffee House, Columbian, Croatian, Cuban, Czech, Deli Foods, Desserts, Diner, Dominican, Donuts, English Pub, European, Fast Food, Filipino, Fish, French, Fusion, German, Greek, Halal, Healthfood, Ice Cream/Yogurt, Indian, Indian (North), Indian (South), Irish, Italian, Japanese, Juice Bar, Korean, Kosher, Latin American, Mediterranean, Mexican, Middle Eastern, New American, Noodles, Organic, Patisserie, Peruvian, Pho, Pizza, Polish, Russian, Sandwich, Seafood, Small Plates, Soul, Soups, South Asian, Southern, Spanish, Steak House, Sushi, Tacos, Tex-Mex, Thai, Tibetan, Turkish, Vegetarian, Vietnamese, West African (Ghanian), West Indian, Wholesale  
number_of_employees: Integer value with a maximum of 6 digits; no decimals allowed  
establishment_record_actual_opening_date: Date field in the format YYYY-MM-DDTHH:MM:SS.SSS","This dataset provides detailed information about various establishments in New York City, focusing on their business growth. It includes key attributes such as the establishment's name, address, borough, business sector, category, type of cuisine, number of employees, and actual opening date. The dataset spans from 2010 to 2018, capturing a diverse range of 36 unique cuisine types and 5 boroughs. It can be utilized to analyze trends in the NYC food and hospitality industry, assess employment patterns, and understand the growth dynamics of local businesses. This rich dataset serves as a valuable resource for researchers, policymakers, and entrepreneurs interested in urban economic development.",3,2,0,0,1,1,1,1,1,0
ay9k-vznm,"The Job Opportunities Dataset provides a comprehensive overview of various job positions available across New York City, categorized by boroughs such as Bronx, Brooklyn, Manhattan, Queens, and Staten Island. It includes essential details like job titles, sector and subsector names, wage ranges, and required qualifications, making it a valuable resource for job seekers and employers alike. Each entry outlines the position description, candidate experience, and educational requirements, ensuring clarity for potential applicants. The dataset also highlights the minimum and maximum hours expected per week, along with the type of position, whether full-time or part-time. This dataset can be utilized for recruitment purposes, helping small businesses and organizations identify talent and fill vacancies efficiently. Additionally, it serves as a tool for analyzing job market trends and opportunities within the healthcare, food services, and other sectors, ultimately aiding in workforce development and planning.

Column constraints outlined in Data Dictionary:
boroughbronx: Allowed values are Yes, No; Null values are allowed  
boroughbrooklyn: Allowed values are Yes, No; Null values are allowed  
boroughmanhattan: Allowed values are Yes, No; Null values are allowed  
boroughqueens: Allowed values are Yes, No; Null values are allowed  
boroughstatenisland: Allowed values are Yes, No; Null values are allowed  
boroughnonnyc: Allowed values are Yes, No; Null values are allowed  
sectorname: Must correspond to sectors and subsectors from the NAICS, 2007 version  
subsectorname: Must correspond to sectors and subsectors from the NAICS, 2007 version  
wagemin: Decimal; Must be less than or equal to wagemax  
wagemax: Decimal; Must be greater than or equal to wagemin  
minhoursperweek: Integer; Must be less than or equal to maxhoursperweek  
maxhoursperweek: Integer; Must be greater than or equal to minhoursperweek  
jobfamilyname: Must correspond to job families, occupational codes, and occupation names from the 2010 SOC  
sococcupationcode: Must correspond to job families, occupational codes, and occupation names from the 2010 SOC  
sococcupationname: Must correspond to job families, occupational codes, and occupation names from the 2010 SOC","This Job Openings Dataset provides detailed information on various job positions across New York City, including titles, locations, sectors, and wage ranges. It features 19 unique job titles and covers multiple boroughs, such as Bronx, Brooklyn, Manhattan, Queens, and Staten Island. Each entry includes descriptions of job responsibilities, required qualifications, and education levels, making it a valuable resource for job seekers and employers alike. The dataset can be utilized for analyzing job market trends, understanding wage distributions, and identifying skill requirements in different sectors. It serves as a comprehensive tool for workforce development and employment research.",1,1,0,0,1,1,0,0,0,0
upii-frjc,"This dataset contains detailed records of trade waste violations issued by the Business Integrity Commission (BIC) from April 23, 2014, to November 18, 2025. It includes 13,439 unique violation numbers, with various attributes such as account names, violation types, and dispositions. The dataset features a range of financial metrics, including maximum fines and actual fine amounts, alongside temporal data on violation dates, issuance dates, and settlement dates. Geospatial information is also provided, including latitude and longitude coordinates for violation addresses, as well as community board and council district identifiers. This dataset can be utilized for analyzing compliance trends, assessing the effectiveness of regulatory measures, and identifying patterns in trade waste management practices. It serves as a valuable resource for researchers, policymakers, and organizations interested in environmental regulations and waste management compliance.

Column constraints outlined in Data Dictionary:
violation_number: required; Plain Text format; unique identifier  
type_of_violation: required; allowed values: OATH  
violation_phase: required; allowed values: Issued  
violation_disposition: required; allowed values: Barred by CPLR, Settled, Settled - Pending, Judgement - Dismissed, Rescheduled, Default - Dismissed, Default - Granted, Docketed, Early Settlement  
date_of_violation: required; Date & Time format  
early_settlement_violation: required; allowed values: TRUE, FALSE  
rule_code: required; Plain Text format  
description_of_rule: required; Plain Text format  
export_date: required; Date & Time format","This dataset contains detailed records of trade waste violations, including unique identifiers for each violation, the names of the involved organizations, and the types of violations committed. It covers a range of temporal data from 2008 to 2025, detailing the dates of violations, issuance of violations, and fine payments. The dataset includes spatial information such as addresses, cities, and boroughs, allowing for geographic analysis. It can be utilized for compliance monitoring, regulatory enforcement, and understanding patterns in trade waste management. This information is crucial for stakeholders aiming to improve waste management practices and ensure adherence to regulations.",2,3,0,0,1,1,1,1,0,1
355w-xvp2,"This dataset provides detailed information on various properties, including their block and lot numbers, building classifications, tax classes, and gross square footage. It contains 5 boroughs and features unique addresses, making it a valuable resource for urban planning and real estate analysis. The dataset includes an energy star score, which ranks buildings based on their energy efficiency, and a letter score that categorizes their sustainability compliance. With 5917 unique block values and 567 unique lot values, it offers a comprehensive overview of property characteristics across the city. The building class and tax class fields allow for effective categorization and financial analysis. This dataset is particularly useful for researchers and policymakers focused on sustainability compliance, as it can help identify energy-efficient buildings and assess their impact on urban environments. Overall, it serves as a critical tool for promoting sustainable practices in urban development.","This dataset focuses on Sustainability Compliance Data, providing insights into various buildings across New York City. It includes key attributes such as block, lot, building class, tax class, building count, gross square footage, address, borough, and energy efficiency scores. The dataset features 100 unique entries, with diverse building classifications and tax classifications, allowing for comprehensive analysis. The energy star score and letter grade offer a ranking system for assessing sustainability compliance. This dataset can be utilized for evaluating energy efficiency, understanding building classifications, and supporting urban planning and sustainability initiatives in the city.",2,1,0,0,1,1,0,0,1,0
2k3g-r445,"This dataset contains detailed records of fines and fees associated with various businesses and individuals, primarily focusing on licensing and compliance within different industries. It includes unique identifiers for each record, such as record_id and fee_sequence_id, which facilitate tracking and management of fees issued by the Department of Consumer Affairs (DCA). The dataset spans from June 14, 1995, to February 27, 2023, capturing a wide range of fee types and amounts, with descriptions that clarify the nature of each fee. The data can be utilized for analyzing trends in business compliance, understanding the financial implications of licensing, and assessing the impact of regulatory changes. Additionally, it provides insights into the operational status of businesses through fee statuses like invoiced and credited, making it a valuable resource for researchers, policymakers, and industry stakeholders interested in the financial landscape of fines and fees.

Column constraints outlined in Data Dictionary:
fee_date: date format must be in ISO 8601 (YYYY-MM-DDTHH:MM:SS.sss); must not be null  
fee_status: allowed values are ""INVOICED"", ""CREDITED"", ""VOIDED"", ""WITHDRAWN""","This dataset contains detailed records of fines and fees associated with various businesses, categorized by record type, such as renewals, applications, and enforcement actions. Each entry includes a unique identifier, business name, industry classification, fee type, and description, along with the corresponding fee amount and date. The dataset spans from April 1996 to May 2022, providing a comprehensive view of financial obligations for businesses across different sectors. It can be utilized for analyzing trends in fines and fees, understanding compliance within industries, and assessing the financial impact on businesses.",3,2,0,0,1,1,1,1,1,0
fgq8-am2v,"This dataset contains comprehensive information on vocational training programs offered by various educational organizations across New York. It includes details such as the organization name, address, contact information, course names, descriptions, costs, duration, prerequisites, and available financial aid services. The dataset highlights the diverse range of courses available, from medical and technical training to security and driving programs, making it a valuable resource for individuals seeking to enhance their skills or start a new career. Additionally, it provides insights into the availability of job placement services and instructor credentials, ensuring that prospective students can make informed decisions. This dataset can be utilized by job seekers, educational institutions, and policymakers to understand the vocational training landscape, assess funding opportunities, and identify potential career paths in various fields. Overall, it serves as a vital tool for anyone interested in pursuing vocational education and training.

Column constraints outlined in Data Dictionary:
cost_total: Currency; must be a positive value  
duration: Integer; must be a positive value  
duration_unit: Allowed values are ""Hour(s)""  
numhours: Integer; must be a positive value  
max_class_size: Integer; must be a positive value  
years_course_offered: Nullable; generally ""blank""  
delivery_method: Allowed values are ""Classroom Training"", ""Distance Learning"", ""Web-Based""  
is_hra: Allowed values are ""Yes"", ""No""  
is_sbs: Allowed values are ""Yes"" with a maximum dollar amount for voucher, ""No""","This dataset contains comprehensive information about vocational training courses offered by various organizations in New York. It includes details such as organization names, addresses, contact information, course names, descriptions, costs, and financial aid services. The dataset is valuable for individuals seeking vocational training opportunities, as it provides insights into course offerings, prerequisites, and potential job placement services. Additionally, it highlights the delivery methods and class sizes, making it easier for prospective students to find suitable programs. This dataset can be used for research, analysis, and decision-making in the field of vocational education and training.",1,1,0,0,1,1,0,0,0,0
5kqf-fg3n,"This dataset provides comprehensive information on free tax preparation services available across New York City. It includes details such as the site name, provider organization, address, contact information, and operational hours, making it a valuable resource for individuals seeking assistance with their income tax returns. The dataset features 184 unique service sites, each with specific eligibility criteria, including income limits and language support, ensuring accessibility for diverse communities. Users can find sites that are ADA accessible and learn about appointment requirements. The dataset also includes temporal coverage, detailing the opening and closing dates for services, as well as spatial coordinates for mapping locations. This information can be utilized by consumers, community organizations, and policymakers to enhance financial empowerment and improve access to essential tax services, ultimately supporting individuals in navigating their tax obligations effectively.

Column constraints outlined in Data Dictionary:
sitestatus: Allowed values are 'Active', 'Concluded'; Required field  
show311: Allowed values are 'Yes', 'No'; Required field  
showonmap: Allowed values are 'Yes', 'No'; Required field  
ada_accessible: Allowed values are 'Yes', 'No'; Required field  
itin: Allowed values are 'Yes', 'No'; Required field  
s1: Allowed values include 'In Person', 'Drop-off', 'Assisted Self-Preparation'; Required field  
amendedreturn: Allowed values are 'Yes', 'No'; Required field  
prioryear: Allowed values are 'Yes', 'No'; Required field  
aarp: Allowed values are 'Yes', 'No'; Required field  
selfemployed: Allowed values are 'Yes', 'No'; Required field","This dataset provides information on various locations offering free tax preparation services across New York City. It includes details such as the provider name, site status, address, contact information, and operational hours. The dataset covers a range of organizations, including food banks and community centers, and specifies income eligibility criteria for services. It features spatial data, allowing users to locate services by borough, city, and specific addresses. This dataset is valuable for individuals seeking assistance with tax preparation, particularly those with incomes below specified thresholds, and can help connect them with accessible resources in their communities.",2,1,0,0,1,1,1,0,0,0
n84m-kx4j,"This dataset provides comprehensive information on vehicle fleets, specifically focusing on organizations registered with the Business Integrity Commission (BIC). It includes details such as account names, vehicle types, makes, models, years, engine specifications, fuel types, and ownership statuses. Each entry indicates whether the vehicle is currently active and if all required vehicle information has been completed. The dataset spans a wide range of vehicle years, from 1982 to 2027, and covers various vehicle body types and weights. It can be utilized for analyzing fleet composition, assessing vehicle performance, and ensuring compliance with regulatory standards. The semantic profile highlights key attributes such as vehicle identification, ownership types, and operational metrics, making it a valuable resource for fleet management, transportation planning, and environmental impact assessments. Overall, this dataset serves as a vital tool for organizations looking to optimize their vehicle operations and enhance sustainability efforts.

Column constraints outlined in Data Dictionary:
account_name: required; data_type: Plain Text  
active: required; allowed_values: TRUE  
vehicle_information_complete: required; allowed_values: TRUE, FALSE  
bic_number: required; data_type: Plain Text  
bic_plate_number: required; format: starts with ""L"" or ""R"" followed by 5-6 character number combination  
vehicle_fuel_type: allowed_values: Diesel, Gas, Flex, Compressed Natural Gas, Electric, [blank]  
vehicle_has_side_guard: allowed_values: Yes, No, [blank]  
vehicle_ownership_type: allowed_values: Owned, Financed, Leased, [blank]  
export_date: required; data_type: Date & Time; format: YYYY-MM-DDTHH:MM:SS.sss","This dataset contains comprehensive information on fleet vehicles, including details such as account names, vehicle types, makes, models, and ownership statuses. It features 100 unique entries, with data covering various vehicle attributes like engine horsepower, fuel type, and gross vehicle weight. The dataset is particularly useful for analyzing fleet composition and performance, as it includes metrics like annual miles traveled and whether vehicles are equipped with side guards. Additionally, the dataset's temporal coverage allows for tracking changes over time, making it valuable for fleet management and operational assessments in the transportation industry.",3,2,0,0,1,1,1,1,1,0
y52e-hp89,"This dataset provides a comprehensive overview of small business standards, featuring 1,031 unique NAICS codes that classify various industries, ranging from agriculture to manufacturing and services. Each entry includes a description of the industry, along with size standards measured in millions of dollars and the number of employees, which can help businesses understand the financial and workforce benchmarks relevant to their sector. The size standards in millions of dollars vary from 0.75 to 38.5, while the employee count ranges from 50 to 1,500, offering valuable insights into the scale of operations typical for different industries. Additionally, the dataset includes footnotes that provide further context for specific entries. This information is essential for entrepreneurs, policymakers, and researchers who are analyzing small business viability and compliance with industry standards, making it a vital resource for understanding the landscape of small businesses in the economy.","This dataset provides a comprehensive overview of small business standards, featuring various industries classified by their NAICS codes and descriptions. It includes size standards measured in millions of dollars and the number of employees, which are essential for understanding the financial and operational benchmarks for small businesses. The dataset contains 100 unique entries, with coverage of NAICS codes ranging from 0 to 813930. It serves as a valuable resource for researchers, policymakers, and entrepreneurs looking to analyze industry standards and assess the viability of small business ventures. Additionally, footnotes provide further context for specific entries, enhancing the dataset's usability.",1,1,0,0,1,1,0,0,0,0
2xab-argn,"This dataset provides a comprehensive overview of business payments related to various fees and fines processed by the Department of Consumer Affairs (DCA) in New York City. It includes unique identifiers for each payment, record types, and detailed descriptions of fees, such as license processing and inspection fees. The dataset spans from July 19, 2023, to March 10, 2026, capturing a wide range of payment statuses, including invoiced, credited, and voided transactions. With over 160,000 unique payment sequence numbers and 108,000 record IDs, it allows for in-depth analysis of financial transactions associated with businesses. This dataset can be utilized for tracking compliance, understanding fee structures, and analyzing trends in business payments, making it a valuable resource for researchers, policymakers, and industry stakeholders interested in the financial interactions between businesses and city government.

Column constraints outlined in Data Dictionary:
payment_sequence_number: System generated alpha-numeric value; Null values are allowed due to functional issues; Duplicates are allowed as a single payment can be applied to more than one fee.  
record_id: Duplicates are allowed as records can contain multiple fees and payments.  
record_type: Allowed values are defined in Appendix 1.  
inspection: System generated alpha-numeric value; Only applicable to dcwp_devicepayments record type.  
fee_sequence_number: System generated alpha-numeric value; Duplicates are allowed as multiple payment transactions can be applied to the same fee.  
fee_code_name: Allowed values are defined in Appendix 2.  
fee_status: Allowed values are Invoiced, Credited, Void, New.  
payment_date: Format is MM/DD/YYYY.  
payment_type: Allowed values are Payment Applied, Refund Applied, Void Payment Applied.  
business_unique_id: System generated alpha-numeric value; Can be used to link to other DCWP datasets.","This dataset contains detailed records of business payments, including various fees associated with licenses and adjudications. It features unique identifiers for each payment and business, along with information on payment dates, amounts, and statuses. The dataset spans from August 28, 2023, to March 17, 2026, providing a comprehensive view of financial transactions over this period. It can be utilized for analyzing business compliance, tracking payment trends, and assessing the financial health of businesses within specific sectors. The semantic profile highlights the dataset's focus on categorization and measurement of financial transactions, making it a valuable resource for financial analysis and reporting.",4,3,1,0,1,1,1,1,1,1
5vi6-xdpy,"This dataset contains information about businesses that have received the EO50 certificate of approval from the Small Business Services (SBS) in New York City. It includes key details such as the business name, contact phone number, address, and geographic coordinates, allowing for precise location identification. The dataset spans from December 14, 2022, to December 7, 2025, and features a wide range of businesses across various boroughs and community districts. Each entry is associated with unique identifiers like the Business Identification Number (BIN) and Borough, Block, and Lot (BBL) numbers, which facilitate geocoding and data aggregation. This dataset is valuable for analyzing the distribution of equal opportunity businesses, supporting initiatives aimed at promoting diversity and inclusion in the local economy, and providing insights for policymakers and researchers interested in community development and business support programs.

Column constraints outlined in Data Dictionary:
borough: allowed values include ""Manhattan"", ""Brooklyn"", ""Queens"", ""Bronx"", ""Staten Island""; null values are allowed  
latitude: value range is between -90 and 90; null values are allowed  
longitude: value range is between -180 and 180; null values are allowed  
community_board: numeric values; null values are allowed  
council_district: numeric values; null values are allowed  
bin: numeric values; null values are allowed  
bbl: numeric values; null values are allowed","This dataset focuses on Equal Opportunity Businesses, providing valuable insights into various organizations across New York and beyond. It includes essential information such as business names, contact details, and locations, with data spanning from December 15, 2022, to December 16, 2025. The dataset features 84 unique approval dates and covers 52 cities and 12 states, ensuring a comprehensive view of the business landscape. It also includes spatial data, such as latitude and longitude, allowing for precise geographic analysis. This dataset can be utilized for research, policy-making, and promoting equal opportunity initiatives within the business community.",3,2,0,0,1,1,1,1,1,0
x9i6-ckbm,"This dataset provides detailed information on Fiber Optic Conduits across various neighborhoods in New York City, specifically focusing on the Bronx and Manhattan. It includes unique identifiers for Neighborhood Tabulation Areas (NTAs) and their corresponding names, along with borough and borough codes. The dataset captures essential measurements such as conduit route mileage, total street mileage, and the total and available conduit mileage, which are crucial for understanding the infrastructure supporting broadband services. Additionally, it highlights community district overlaps, offering insights into the geographic distribution of these conduits. This data can be utilized by urban planners, telecommunications companies, and researchers to assess the availability of fiber optic infrastructure, plan for future expansions, and improve internet access in underserved areas. The dataset serves as a valuable resource for analyzing the connectivity landscape and making informed decisions regarding broadband deployment.

Column constraints outlined in Data Dictionary:
nta: Four (4) digit code; required
nta_name: plain text; required
borough: plain text; required
boro_code: One (1) digit code; required
company: plain text; required
conduit_route_mileage: number; non-negative; required
street_mileage: number; non-negative; required
conduit_mileage_total: number; non-negative; required
conduit_mileage_available: number; non-negative; required
conduit_mileage_available_1: percent; range 0 to 1; required
cd_overlap_1: Three (3) digit code; required
cd_overlap_2: Three (3) digit code; optional
cd_overlap_3: Three (3) digit code; optional
cd_overlap_4: Three (3) digit code; optional
cd_overlap_5: Three (3) digit code; optional
cd_overlap_6: Three (3) digit code; optional","This dataset provides detailed information on the ECS Conduit Infrastructure across various neighborhoods in the Bronx and Manhattan. It includes unique identifiers for neighborhoods (nta and nta_name), borough classifications, and measurements related to conduit and street mileage. The dataset features a total of 66 unique neighborhoods, with conduit route mileage ranging from 0 to 43.3 miles and street mileage from 0 to 60.36 miles. This data can be utilized for urban planning, infrastructure development, and maintenance assessments, helping organizations identify areas for improvement and optimize resource allocation in the conduit system.",2,2,0,0,1,1,0,0,1,1
rpeq-j89e,"This dataset provides detailed information on license status changes for various businesses and individuals operating in New York City. It includes 27,499 unique license numbers, representing a wide range of industries, with 59 distinct categories such as Tobacco Retail Dealers, Electronics Stores, and Home Improvement Contractors. The dataset captures key events related to licenses, including whether they were suspended, revoked, surrendered, or reinstated, with event dates ranging from September 11, 2002, to March 19, 2023. Each entry includes the legal business name and, if applicable, a Doing-Business-As (DBA) name. The status of each license is categorized as either active or inactive, providing a clear snapshot of the operational status of these entities. This dataset can be utilized for research on business compliance, industry trends, and the impact of regulatory changes on various sectors.

Column constraints outlined in Data Dictionary:
event_type: Allowed values are Suspended, Revoked, Surrendered, Reinstated; Required field  
status: Allowed values are Active, Inactive; Required field","This dataset provides detailed information on license status changes for various businesses, including their unique license numbers, names, and industries. It covers a wide range of industries, such as tobacco retail, electronics, and home improvement, with event types indicating whether licenses were surrendered, suspended, or reinstated. The dataset spans from 1990 to 2023, offering a comprehensive view of temporal changes in business licensing. It can be utilized for analyzing trends in business compliance, understanding industry dynamics, and assessing the impact of regulatory changes on different sectors. The data is essential for researchers, policymakers, and industry stakeholders.",3,3,0,0,1,1,1,1,1,1
w49t-5gha,"This dataset focuses on storefront vacancies along Broadway in Manhattan, providing valuable insights into the retail landscape. It includes detailed information such as business addresses, storefront statuses, and whether storefronts are boarded up or vacant. The dataset features 345 unique business addresses and 199 unique business names, highlighting the diversity of retail options in the area. Spatial data is included, with latitude and longitude coordinates for precise location mapping, as well as community board and council district identifiers. This dataset can be utilized for urban planning, real estate analysis, and economic development studies, helping stakeholders understand trends in retail vacancies and the overall health of the commercial sector. By analyzing this data, users can identify areas with high vacancy rates, assess the impact of closures, and strategize on potential business opportunities in the vibrant Broadway corridor.","This dataset provides detailed information on storefront vacancies along Broadway in Manhattan, including business addresses, names, and current statuses such as ""For Rent"" or ""Closed."" It features spatial data, including latitude and longitude coordinates, which allows for precise location mapping. The dataset also categorizes storefronts by their community board, council district, and neighborhood, offering insights into the geographic distribution of vacancies. This information can be valuable for urban planners, real estate developers, and local businesses looking to understand market trends and opportunities in the area. Overall, it serves as a comprehensive resource for analyzing Broadway's retail landscape.",2,1,0,0,1,1,0,0,1,0
v5w4-adxa,"This dataset focuses on unbanked communities in New York City, providing insights into financial access and demographic characteristics across various neighborhoods. It includes key metrics such as the percentage of unbanked and underbanked residents from 2011 and 2013, as well as data on prepaid mobile service usage, foreign-born populations, poverty rates, median household income, and unemployment rates. The dataset features 61 unique neighborhood names and spans eight boroughs, with FIPS codes for identification. It serves as a valuable resource for researchers and policymakers aiming to understand financial empowerment and health within communities, highlighting disparities in access to banking services. By analyzing this data, stakeholders can develop targeted strategies to improve financial security and support for unbanked and underbanked populations, ultimately fostering greater economic inclusion and community well-being.

Column constraints outlined in Data Dictionary:
sub_boro_name: string; not null  
borough: string; not null  
fips: numeric; nullable; must be a valid identifier format (integer or float)  
unbanked_2011: numeric; range: [0, 1]  
underbanked_2011: numeric; range: [0, 1]  
unbanked_2013: numeric; range: [0, 1]  
underbanked_2013: numeric; range: [0, 1]  
prepaid_2011: numeric; range: [0, 1]  
prepaid_2013: numeric; range: [0, 1]  
foreign_born_2011: numeric; range: [0, 1]  
poor_2011: numeric; range: [0, 1]  
median_income_2011: numeric; must be a positive integer  
unemployment_2011: numeric; range: [0, 1]  
poor_2013: numeric; range: [0, 1]  
foreign_born_2013: numeric; range: [0, 1]  
median_income_2013: numeric; must be a positive integer  
unemployment_2013: numeric; range: [0, 1]","This dataset provides insights into the unbanked and underbanked populations across various neighborhoods in New York City, covering data from 2011 and 2013. It includes key metrics such as the percentage of unbanked individuals, median income, and unemployment rates, allowing for a comprehensive analysis of financial access and economic conditions. The dataset features 61 unique neighborhood names and spans multiple boroughs, with data on demographic factors like foreign-born populations and poverty rates. This information can be valuable for researchers, policymakers, and organizations aiming to address financial inclusion and improve economic opportunities in underserved communities.",3,2,0,0,1,1,1,1,1,0
ymvu-4x4s,"This dataset provides detailed information on NYC domain registrations, capturing the number of registrations by zip code and borough. It includes 243 unique zip codes, covering a range from 10001 to 11697, and categorizes data across five boroughs: Manhattan, Bronx, Brooklyn, Queens, and Staten Island. The total number of registrations varies significantly, with values ranging from 1 to 1901. The zip_code and borough fields represent spatial data, allowing for geolocation analysis, while the total field serves as an aggregation key for understanding domain registration trends. This dataset can be utilized for various purposes, such as analyzing the distribution of domain registrations across different neighborhoods, identifying areas with high online presence, and informing local businesses and policymakers about digital engagement in their communities. Overall, it serves as a valuable resource for researchers and stakeholders interested in the digital landscape of New York City.","This dataset provides detailed information on NYC domain registrations, including the zip codes, boroughs, and total registrations for each area. It contains 100 unique zip codes and covers five boroughs, with total registrations ranging from 0 to 1717. The zip_code and borough columns represent specific locations, while the total column measures the number of registrations, making this dataset valuable for analyzing domain registration trends across different neighborhoods in New York City. Researchers and policymakers can use this data to understand the distribution of domain registrations and identify areas with high or low digital engagement.",2,2,0,0,1,1,0,0,1,1
uxsz-6j5j,"This dataset provides comprehensive information on worker cooperatives across New York City, featuring 66 unique business names and various attributes such as addresses, boroughs, and community boards. It includes key metrics like the number of worker owners and non-member workers, as well as the types of services offered, categorized under 15 unique subtypes. The dataset spans multiple boroughs, with spatial data represented by latitude and longitude coordinates, allowing for precise geolocation. Each entry is associated with a unique NAICS code for classification purposes. This dataset can be utilized for market research, strategic planning, and understanding the cooperative business landscape, making it a valuable resource for policymakers, researchers, and community organizers interested in promoting cooperative economics and supporting local businesses. Overall, it serves as a vital tool for analyzing the impact and growth of worker cooperatives in urban settings.","This dataset serves as a comprehensive directory of worker cooperatives, detailing essential information such as business names, addresses, and operational specifics. It includes 100 unique entries, showcasing a variety of cooperative types across New York City, with a focus on their locations, worker ownership, and services offered. The dataset features spatial data, including latitude and longitude coordinates, which can be utilized for geographic analysis. Additionally, it categorizes cooperatives by industry using NAICS codes, making it a valuable resource for researchers, policymakers, and community organizers interested in cooperative business models and their impact on local economies.",2,2,0,0,1,1,0,0,1,1
b9yk-4pzk,"This dataset provides detailed information on actions taken against process servers, including their names, license numbers, and the specific actions such as denials of renewal, suspensions, and penalties. It contains 232 unique process server names and 240 unique license numbers, with actions recorded from November 2019 to August 2024. Each entry includes the date the action took effect and the reason for the action, which can range from failure to comply with licensing requirements to penalties for non-compliance with process server laws. The dataset serves as a valuable resource for legal professionals, regulatory bodies, and researchers interested in monitoring compliance and enforcement actions within the process server domain. By analyzing this data, users can gain insights into trends in licensing issues and the effectiveness of regulatory measures in maintaining standards within the profession.

Column constraints outlined in Data Dictionary:
process_server_name: required; format: string  
license_number: required; format: alphanumeric with pattern: XXXXXXX-DCA or XXXXXXX-DCWP  
action_taken: required; allowed values: Denial of Renewal, Suspension Pending Compliance, Issuance of Penalty in the Amount of $X, Appeal Decision Processed issuance of penalty in the amount of $X, Suspension until MM/DD/YYYY  
date: required; format: ISO 8601 date-time (YYYY-MM-DDTHH:MM:SS.sss)  
reason: required; format: string","This dataset focuses on Process Server Compliance, providing insights into the actions taken against individuals in the process serving profession. It includes records of denial of renewal, suspension pending compliance, and penalties issued, along with the reasons for these actions. The dataset spans from November 6, 2019, to August 21, 2024, capturing 96 unique process server names and 97 unique license numbers. Each entry details the action taken, the date of the action, and the reason behind it, facilitating analysis of compliance trends and regulatory enforcement in the process serving field.",3,2,0,0,1,1,1,1,1,0
j46y-iqiq,"This dataset focuses on mobile financial inclusion, capturing the banking status and financial behaviors of individuals across various demographics. It includes unique identifiers for each survey response, along with key variables such as banking status, age group, and income level. The dataset features responses regarding mobile phone usage, financial product engagement, and perceptions of mobile banking security. It categorizes respondents into three banking statuses: banked, underbanked, and unbanked, providing insights into their financial habits and barriers to accessing banking services. The data can be utilized to analyze trends in mobile banking adoption, understand the challenges faced by different income groups, and inform policies aimed at enhancing financial inclusion for underserved populations. This comprehensive dataset serves as a valuable resource for researchers, policymakers, and financial institutions seeking to improve access to financial services through mobile technology.

Column constraints outlined in Data Dictionary:
bank_status_num: Allowed values are 1, 2, 3; Required
income_group_num: Allowed values are 1, 2, 3, 4, 5, 6; Required
q2: Allowed values are 1, 2; Required
q4: Allowed values are 1, 2; Required; Conditional on q2=1
q12: Allowed values are 1, 2, 3; Required
q24: Allowed values are 1, 2, 3, 4, 5, 6, 7, 8, 9, 10, 11; Required
q25_6: Allowed values are 1, 2; Required
q25_7: Allowed values are 1, 2; Required
q25_8: Allowed values are 1, 2; Required
q25_9: Allowed values are 1, 2; Required
q25_10: Allowed values are 1, 2; Required
q25_11: Allowed values are 1, 2; Required
q27: Allowed values are 1, 2, 3; Required; Conditional on q2=1
q28: Allowed values are 1, 2; Required; Conditional on q27=1
q30: Allowed values are 1, 2, 3, 4, 5; Required
q32: Allowed values are 1, 2, 3, 4, 5, 6, 7, 8, 9, 10, 11; Required; Conditional on q28=1
q34_1: Allowed values are 1, 2; Required
q34_2: Allowed values are 1, 2; Required
q34_3: Allowed values are 1, 2; Required
q34_4: Allowed values are 1, 2; Required
q34_5: Allowed values are 1, 2; Required
q35_1: Allowed values are 1, 2; Required
q35_2: Allowed values are 1, 2; Required
q35_3: Allowed values are 1, 2; Required
q35_4: Allowed values are 1, 2; Required
q35_5: Allowed values are 1, 2; Required
q37_1: Allowed values are 1, 2; Required; Conditional on q28=2
q37_2: Allowed values are 1, 2; Required; Conditional on q28=2
q37_3: Allowed values are 1, 2; Required; Conditional on q28=2
q37_4: Allowed values are 1, 2; Required; Conditional on q28=2
q37_5: Allowed values are 1, 2; Required; Conditional on q28=2
q37_6: Allowed values are 1, 2; Required; Conditional on q28=2
q37_7: Allowed values are 1, 2; Required; Conditional on q28=2
q37_8: Allowed values are 1, 2; Required; Conditional on q28=2
q37_9: Allowed values are 1, 2; Required; Conditional on q28=2
q37_11: Allowed values are 1, 2; Required; Conditional on q28=2
q41: Allowed values are 1, 2; Required; Conditional on q2=1
q45: Allowed values are 1, 2, 3, 4, 5, 6, 7; Required; Conditional on q41=1
q45_text: Required; Conditional on q45=7
q46_1: Allowed values are 1, 2; Required
q46_2: Allowed values are 1, 2; Required
q46_3: Allowed values are 1, 2; Required
q46_4: Allowed values are 1, 2; Required
q46_5: Allowed values are 1, 2; Required
q46_6: Allowed values are 1, 2; Required
q46_7: Allowed values are 1, 2; Required
q46_8: Allowed values are 1, 2; Required
q46_9: Allowed values are 1, 2; Required
q46_10: Allowed values are 1, 2; Required
q46_11: Allowed values are 1, 2; Required
q46_12: Required; Conditional on q46=12
q46_text: Required; Conditional on q46=12
q50: Allowed values are 1, 2; Required
q52: Allowed values are 1, 2, 3, 4; Required
q52a: Required; Conditional on q52=1 OR 2
q52b: Allowed values are 1, 2, 3, 4; Required; Conditional on q52=1 OR 2
q52c: Allowed values are 1, 2; Required; Conditional on q52=3 OR 4
q52_chart: Allowed values are 0, 1; Required
q49_1: Allowed values are 0, 1; Required
q49_2: Allowed values are 0, 1; Required
q49_3: Allowed values are 0, 1; Required
q49_4: Allowed values are 0, 1; Required
q49_5: Allowed values are 0, 1; Required
q49_6: Allowed values are 0, 1; Required
q49_refused: Allowed values are 0, 1; Required
q49a_1: Allowed values are 0, 1; Required; Conditional on q49=6
q49a_2: Allowed values are 0, 1; Required; Conditional on q49=6
q49a_3: Allowed values are 0, 1; Required; Conditional on q49=6
q49a_4: Allowed values are 0, 1; Required; Conditional on q49=6
q49a_5: Allowed values are 0, 1; Required; Conditional on q49=6
q49a_6: Allowed values are 0, 1; Required; Conditional on q49=6
q49a_refused: Allowed values are 0, 1; Required; Conditional on q49=6","This dataset focuses on mobile financial inclusion, providing insights into the banking status of individuals across various age and income groups. It includes key identifiers such as case IDs and banking status indicators, allowing for effective segmentation and analysis. The dataset captures demographic information, including age and income groups, which can be used to understand financial behaviors and access to banking services. With a range of survey questions, it offers valuable measurements related to financial habits and preferences. This dataset is essential for researchers and policymakers aiming to enhance financial inclusion through mobile banking solutions.",1,1,0,0,1,1,0,0,0,0
feuq-due4,"This dataset provides detailed information on library locations across New York City, including geographic coordinates, names, street addresses, and unique identifiers for each library. It contains 216 unique entries, with data covering various attributes such as city, street name, house number, and zip code, allowing for comprehensive geolocation analysis. The dataset includes spatial data represented as points, which can be utilized for mapping and navigation purposes. Each library is linked to a specific URL for further interaction, enhancing user engagement. The dataset also features unique identifiers like bin and bbl, which serve as essential references for library locations. With a focus on library services, this dataset can be used by researchers, urban planners, and community organizations to analyze library accessibility, plan outreach programs, and improve public services in the city. Overall, it serves as a valuable resource for understanding and enhancing library access in New York City.","This dataset provides detailed information about library locations across various boroughs, including geographic coordinates, names, street addresses, and zip codes. It features 100 unique entries, each representing a specific library, with associated URLs for further exploration. The dataset includes spatial data that allows users to visualize library locations on a map, making it useful for planning visits or analyzing accessibility. Additionally, the dataset can support research on library distribution and community resources. With a variety of unique identifiers and location details, it serves as a valuable resource for both residents and researchers interested in library services.",2,2,0,0,1,1,0,0,1,1
exsg-kpya,"This dataset contains information on denied business licenses related to Trade Waste and Public Wholesale Markets, specifically from the Business Integrity Commission. It includes 289 unique entries, detailing the account names, trade names, application types, and statuses of applicants, all of whom have faced denial or revocation. The dataset spans various locations across New York, with data points including street addresses, cities, states, and postal codes, as well as geographic coordinates (latitude and longitude). The application status dates range from 1997 to 2025, providing a temporal context for the data. This dataset can be utilized for research on business compliance, understanding trends in license denials, and analyzing the impact of regulatory decisions on specific industries. It serves as a valuable resource for policymakers, researchers, and businesses seeking insights into the licensing landscape and the factors influencing application outcomes.

Column constraints outlined in Data Dictionary:
bic_number: required; format: alphanumeric with a prefix followed by a hyphen and numeric characters  
account_name: required; format: plain text  
application_type: required; allowed values: CL1, CL2 - Exempt, License, Public Wholesale Market, CL2 - Broker, Wholesale Seafood Delivery  
application_industry: required; allowed values: Markets, Trade Waste  
application_status: required; allowed values: Denied, Revocation  
renewal_application: required; allowed values: TRUE, FALSE  
export_date: required; format: date & time  
application_status_date: format: date & time","This dataset contains information on denied business licenses, specifically focusing on trade waste applications. It includes key details such as the business identifier (bic_number), account and trade names, application types, and statuses, along with their respective dates. The dataset spans a temporal range from December 1997 to February 2026, providing insights into the application process over time. Geographically, it covers various locations across New York, with data on street addresses, cities, boroughs, and coordinates. This dataset can be utilized for analyzing trends in business license denials, understanding regulatory impacts, and identifying patterns in trade waste applications across different neighborhoods.",3,3,1,0,1,1,1,1,0,1
p2d7-vcsb,"This dataset contains detailed records of complaints and inquiries related to waste hauling, specifically focusing on trade waste. It includes 18,901 unique complaint inquiry numbers, with data spanning from November 20, 2013, to March 3, 2026. Each entry provides information such as the account name, license type, nature of the complaint, and the status of the inquiry, allowing for comprehensive tracking and analysis of waste management issues. The dataset features various attributes, including the geographic location of complaints, response times, and the methods used to contact complainants. It can be utilized by city officials, researchers, and waste management companies to identify trends, assess service quality, and improve waste management practices. Additionally, the dataset's semantic profile highlights the categorization of complaints, enabling users to analyze specific issues such as illegal dumping, noise complaints, and service-related inquiries effectively.

Column constraints outlined in Data Dictionary:
complaint_inquiry_number: required; unique identifier  
license_type: allowed values: Trade Waste, License, Trade Waste;Transfer Station, Transfer Station, [blank]  
industry_type: required; allowed values: Trade Waste  
complaint_inquiry_status: allowed values: Closed, Open, Unassigned, Violation, [blank]  
complaint_or_inquiry: required; allowed values: Complaint, Inquiry  
contacted_complainant: required; allowed values: TRUE, FALSE  
unable_to_contact_complainant: required; allowed values: TRUE, FALSE  
method_used_to_contact: allowed values: In Person, Phone Call, E-Mail, Letter, [blank]  
export_date: required; format: Date & Time  
total_response_time: number; non-negative  
account_phone: format: Number  
vehicle_year: format: Plain Text; valid year range: 1886 to current year  
latitude: format: Plain Text; valid range: -90 to 90  
longitide: format: Plain Text; valid range: -180 to 180","This dataset contains information on waste hauling complaints, including details such as complaint inquiry numbers, license types, account names, and the nature of the complaints. It spans a temporal coverage from October 21, 2013, to April 6, 2026, providing insights into various complaint types related to trade waste. The dataset includes unique identifiers for organizations and locations, as well as response times and complaint dispositions. It can be utilized for analyzing trends in waste management issues, assessing the effectiveness of complaint resolutions, and improving service delivery in the waste hauling industry.",4,4,1,1,1,1,1,1,1,1
2z24-2htf,"This dataset, titled ""Workplace Inquiries Data,"" contains detailed records of inquiries related to labor policies, including topics such as Paid Safe and Sick Leave, Wage & Hour, and Freelance Isn't Free. It spans from September 11, 2014, to February 22, 2024, with a total of 2,915 unique intake dates. The inquiries are categorized by their source, language, request type, and outcome, providing insights into consumer interactions with labor regulations. While the dataset includes various languages and request types, it primarily focuses on ""Information Requests."" The industry and location data, although often missing, can offer context about the workplaces involved. This dataset can be utilized for analyzing trends in workplace inquiries, understanding consumer needs regarding labor standards, and informing policy decisions related to employee rights and protections. It serves as a valuable resource for researchers, policymakers, and advocates in the labor sector.

Column constraints outlined in Data Dictionary:
request_type: allowed values are ""Information Request"" and ""Outreach Request""; required field  
topic: allowed values include Commuter Benefits, Discrimination/Harassment, Fair Scheduling - Fast Food, Fair Scheduling - Retail, Fair Workweek, Freelance Isn't Free, Grocery Worker Retention, Health & Safety, Living Wage, Other, Paid Safe and Sick Leave, Prevailing Wage, Temporary Leave, Unemployment Insurance, Wage & Hour, Workers' Compensation; inquiries about more than one topic are reported as ""Multiple Topics (n)"" where n is the number of topics; required field","This dataset, titled ""Workplace Inquiries Data,"" captures information related to various workplace inquiries, primarily focusing on topics such as Paid Safe and Sick Leave and Wage & Hour issues. It includes records from 2014 to 2024, detailing the date of inquiry, source of communication, language used, and the outcome of each request. The dataset features a range of industries and outcomes, providing valuable insights into workplace-related concerns. It can be utilized for analyzing trends in workplace inquiries, understanding the effectiveness of responses, and identifying areas needing improvement in workplace policies and support services.",2,2,0,0,1,1,1,1,0,0
azp6-hepu,"This dataset provides insights into customer service metrics from licensing offices, specifically focusing on the performance of the 42 Broadway location and Queens. It includes data on the number of customers served, average wait times, average transaction times, and average satisfaction ratings over a period from July 2015 to May 2016. The dataset features two unique licensing office locations and spans 11 months, with customer counts ranging from 249 to 9,072. Average wait times vary from 1.0 to 14.9 minutes, while transaction times range from 10.5 to 19.2 minutes. The average satisfaction ratings are consistently high, between 4.84 and 4.9. This dataset can be utilized by city government agencies, businesses, and researchers to analyze customer service efficiency, identify trends, and improve service delivery in the Department of Consumer Affairs. It serves as a valuable resource for understanding customer experiences and operational performance in licensing services.","This dataset provides insights into customer service metrics at licensing offices, specifically focusing on two locations: 42 Broadway and Queens. It includes data from July 2015 to May 2016, capturing monthly statistics such as the number of customers served, average wait times, average transaction times, and average satisfaction ratings. The dataset features 16 unique values for customers served, with a maximum of 9,072, and covers average wait times ranging from 0 to 14.9 minutes. This information can be utilized to analyze service efficiency, customer satisfaction, and operational performance, helping to identify areas for improvement in customer service delivery.",2,2,0,0,1,1,1,1,0,0
de8q-estm,"This dataset contains information about various business education courses offered by the NYC Department of Small Business Services. It includes details such as event names, descriptions, URLs for registration, local start and end times, capacity, status, and ticket information. The dataset spans events from September to December 2020, providing a comprehensive overview of educational opportunities for entrepreneurs and small business owners. Each entry includes semantic details like the course format, location, and organizer information, making it a valuable resource for individuals seeking to enhance their business knowledge and skills. Users can leverage this dataset to identify relevant courses, understand the educational offerings available, and access resources that can help them navigate the complexities of starting and managing a business. Overall, this dataset serves as a vital tool for anyone interested in business education and professional development in New York City.

Column constraints outlined in Data Dictionary:
status: Must be ""live"" for all current courses
ticket_name: Allowed values are: General Admission, Register, RSVP
ticket_on_sale_status: Allowed values are: Available, Unavailable, Sold Out","This dataset contains information about various business education courses offered by the NYC Department of Small Business Services. It includes details such as event names, descriptions, URLs, start and end times, capacities, and ticket sales information. The dataset spans events from September to December 2020, providing insights into the types of courses available, their locations, and the organizations hosting them. This data can be utilized for analyzing trends in business education, understanding community needs, and enhancing access to resources for entrepreneurs and small business owners. It serves as a valuable resource for anyone interested in business development and education initiatives.",2,2,0,0,1,1,1,1,0,0
u42f-se8e,"This dataset contains information on lottery license applications for Tobacco Retail Dealers in New York City, covering submissions from May 3, 2022, to November 29, 2022. Each record includes details such as the applicant's name, submission date, lottery application order, and selection status, allowing for tracking and analysis of the lottery process. The dataset features 26 unique record IDs and includes various attributes like the applicant's city, state, borough, and community district, providing a comprehensive view of the applicants' locations. The lottery selection date spans from June 7, 2022, to December 14, 2022, with applicants being selected based on a randomly assigned priority number. This dataset can be utilized for research on tobacco retail licensing trends, understanding community impacts, and evaluating the distribution of licenses across different boroughs and community districts in NYC.

Column constraints outlined in Data Dictionary:
record_id: System generated; Unique identifier  
record_type_category: Must be ""Lottery Application""  
record_type_sub_type: Must be ""Tobacco Retail Dealer"" or ""Electronic Cigarette Dealer""  
application_submission_date: Must be a valid date in ISO 8601 format (YYYY-MM-DDTHH:MM:SS)  
lottery_application_order: Must be a positive integer  
lottery_priority_number: Must be a positive integer  
lottery_selection_date: Must be a valid date in ISO 8601 format (YYYY-MM-DDTHH:MM:SS)  
selected_from_lottery: Must be ""Yes"" or ""No""  
license_application_number: Text; Can be blank until an applicant is selected  
city: Text; Required field  
state: Text; Required field  
zip_code: Text; Required field  
borough: Must be one of ""Manhattan"", ""Brooklyn"", ""Bronx"", ""Queens"", ""Staten Island"", or ""Outside NYC""  
community_district: Must be one of the 59 Community Districts in NYC","This dataset contains information on lottery applications for tobacco retail dealer licenses submitted in New York City. It includes details such as the applicant's name, submission and selection dates, and the lottery application order. The dataset spans from May 3, 2022, to November 29, 2022, with selection dates ranging from June 7, 2022, to December 14, 2022. It features unique identifiers for each application and categorizes applicants by city, borough, and community district. This dataset can be used to analyze trends in tobacco licensing, assess the distribution of licenses across different neighborhoods, and evaluate the lottery process's fairness and effectiveness.",2,3,0,0,1,1,1,1,0,1
xt4f-xvjw,"This dataset provides detailed information on P-Card expenditures across various agencies in New York City for the fiscal years 2018 to 2020. It includes three unique fiscal years and data from 13 different agencies, capturing a total of 33 unique monetary values ranging from $350,500 to $7,877,900. The dataset features three key columns: fiscal_year, which serves as an aggregation key for temporal analysis; agency, representing the organizations involved; and total_value_purchased, which measures the financial expenditures made by these agencies. This dataset can be utilized for analyzing spending patterns, evaluating budget allocations, and assessing the financial performance of different agencies over time. It is particularly useful for stakeholders interested in understanding the dynamics of public spending and the efficiency of procurement processes within the city.","This dataset provides insights into P-Card expenditures across various agencies in New York City, covering the fiscal years 2018 to 2020. It includes three unique fiscal years and data from 13 different agencies, detailing the total value of purchases made. The total value purchased is represented as a monetary value, allowing for effective measurement and analysis of spending trends. This dataset can be utilized for evaluating agency expenditures, identifying spending patterns, and supporting budgetary decisions. It serves as a valuable resource for researchers, policymakers, and financial analysts interested in public sector spending.",2,2,0,0,1,1,1,1,0,0
8kic-uvpz,"This dataset focuses on pedestrian ramp compliance, providing detailed information about various subway station ramps across the city. It includes key attributes such as station names, cross-streets, curb cut locations, and ramp measurements, which are essential for assessing accessibility. The dataset contains 28 unique station names and various measurements related to ramp compliance, such as slope, width, and condition of the concrete. Each entry indicates whether the ramp meets compliance standards, which is crucial for ensuring accessibility for all pedestrians, particularly those with disabilities. The semantic profile highlights the dataset's relevance to urban planning and transportation, as it includes indicators for curb cuts, slope measurements, and the presence of barriers. This dataset can be utilized by city planners, accessibility advocates, and researchers to identify areas needing improvement and to promote compliance with accessibility standards, ultimately enhancing the safety and usability of pedestrian ramps.

Column constraints outlined in Data Dictionary:
curb_cut: allowed values are ""YES"", ""NO""; null values are allowed  
compliant: allowed values are True, False  
slope_1_12_or_less: value range is 0 to 3.25; null values are allowed  
slope_non_comp: allowed values are True, False  
ramp_width_36_or_more: value range is 0 to 100; null values are allowed  
width_non_comp: allowed values are True, False  
lip_or_bump_1_4_or_less: value range is 0 to 3; null values are allowed  
lip_non_comp: allowed values are True, False  
crumbling_concrete: allowed values are True, False  
crumbling_non_comp: allowed values are True, False  
led_to_pot_hole: allowed values are True, False  
pot_hole_non_comp: allowed values are True, False  
detectable_warnings: allowed values are True, False  
warnings_non_comp: allowed values are True, False  
object_barriers: allowed values are True, False  
objects_non_comp: allowed values are True, False  
barriers_above: allowed values are True, False  
ramp_looks_relatively_new: allowed values are True, False","This dataset focuses on pedestrian ramp compliance, providing valuable insights into the accessibility of various locations. It includes information on 28 unique stations and their corresponding streets, detailing features such as curb cuts, ramp slopes, and widths. Each entry is identified by a unique ramp ID, allowing for precise tracking and analysis. The dataset also assesses compliance with accessibility standards, highlighting potential issues like crumbling concrete and object barriers. This information is crucial for urban planners and transportation authorities aiming to improve pedestrian access and ensure that public spaces are navigable for all individuals.",2,1,1,0,1,1,0,0,0,0
c292-vzrn,"This dataset focuses on Labor Standards Enforcement, specifically related to Paid Safe and Sick Leave across various industries. It includes detailed records of enforcement matters opened from October 2014 to July 2023, with completion dates extending to September 2023. Each entry captures essential information such as the topic of the enforcement, the industry involved, the status of the case, and the outcomes, including any civil penalties assessed and restitution awarded. The dataset contains 700 unique opening dates and 1,295 completion dates, reflecting a wide range of enforcement activities. It also provides geographic details, including city, state, and borough, allowing for spatial analysis of labor standards compliance. This dataset can be utilized by researchers, policymakers, and advocates to analyze trends in labor law enforcement, assess the effectiveness of regulations, and identify areas needing improvement in worker protections.

Column constraints outlined in Data Dictionary:
topic: Allowed values include ""Commuter Benefits"", ""Fair Scheduling - Retail"", ""Fair Workweek"", ""Grocery Worker Retention"", ""Living Wage"", ""Paid Safe and Sick Leave"", ""Temporary Leave""; Values may also include ""Multiple Topics"" with a number in parentheses indicating the count of topics.
status: Allowed value is ""Completed"".
completed_on: Format is ISO 8601 date; Must be a date that is at least 180 days after the corresponding opened_on date.","This dataset focuses on Labor Law Enforcement, specifically tracking cases related to Paid Safe and Sick Leave across various industries. It includes records from October 2014 to September 2023, detailing the status of each case, the outcomes, and any civil penalties assessed. The dataset contains information on the number of employees involved, restitution amounts, and the geographic locations of the cases, including city, state, and borough. With 100 unique entries, it provides valuable insights for analyzing compliance with labor laws and understanding enforcement trends over time. This data can be instrumental for researchers, policymakers, and advocates in assessing labor law effectiveness.",2,2,0,0,1,1,1,1,0,0
wapz-jfhq,"This dataset provides comprehensive information on language access services, detailing interactions across various languages and access codes from 2016 to 2025. It includes 32,431 unique date entries, representing requests for translation services, with a temporal resolution down to the minute. The dataset features 63 different languages, highlighting the diverse linguistic needs of consumers. Each entry is associated with an access code that indicates the specific division of the Department of Consumer and Worker Protection (DCWP) through which the request was made. The duration of each service is recorded in seconds, with values ranging from 0 to 12,641 seconds, allowing for analysis of service length and efficiency. This dataset can be utilized by businesses and organizations to assess language service usage, improve communication strategies, and enhance accessibility for non-English speaking consumers, ultimately supporting better service delivery in multilingual contexts.

Column constraints outlined in Data Dictionary:
access_code: Allowed values include ""Intake"", ""Legal"", ""Licensing"", ""Adjudication"", ""Paid Sick Leave"", ""Collections"", ""Queens Enforcement"", ""Brooklyn Enforcement"", ""Manhattan Enforcement"", ""NA/Other""; Null values are not allowed.","This dataset focuses on Language Access Services, providing valuable insights into the usage of various languages in different organizational contexts. It includes records from June 15, 2016, to October 10, 2025, with data on 100 unique dates and 9 languages. The dataset captures the duration of services in seconds, ranging from 0 to 1557 seconds, and features 10 distinct access codes representing different organizations. This information can be utilized to analyze trends in language access, assess service efficiency, and improve communication strategies for diverse communities. Overall, it serves as a crucial resource for understanding and enhancing language access initiatives.",2,2,0,0,1,1,1,1,0,0
m4ph-grrm,"This dataset contains detailed records of licenses issued by the Department of Consumer Affairs (DCA) in New York City, covering both businesses and individuals. It includes essential information such as license numbers, types, creation and expiration dates, status, and business codes, providing a comprehensive view of the licensing landscape. The dataset spans a wide temporal range, with license creation dates from 1994 to 2013 and expiration dates extending to 2015. Spatial data, including latitude and longitude, allows for geographical analysis of license distribution across various boroughs and neighborhoods. With over 195,000 unique license numbers and a rich semantic profile, this dataset can be utilized for research on consumer protection, business compliance, and urban planning, making it a valuable resource for city government, industry stakeholders, and researchers interested in the dynamics of business operations within New York City.

Column constraints outlined in Data Dictionary:
dca_license_number: Unique identifier; may appear multiple times due to business changes  
license_type: Allowed values: Business, Individual  
license_creation_date: Date format: MM/DD/YYYY; must be a valid date  
license_expiration_date: Date format: MM/DD/YYYY; must be a valid date; reflects last-recorded expiration date  
license_status: Allowed values: See Appendix 2 for a full list of License Statuses  
license_status_date: Date format: MM/DD/YYYY; must be a valid date; reflects last date the license record was updated  
address_building: Typically a building number; may be null for individual licensees  
address_street_name: May be null for individual licensees  
borough_code: Allowed values: 01 = Manhattan; 02 = Bronx; 03 = Brooklyn; 04 = Queens; 05 = Staten Island; Outside NYC or N/A; may be null for individual licensees  
community_board: May be null for individual licensees  
council_district: May be null for individual licensees  
latitude: Must be a valid geographic coordinate  
longitude: Must be a valid geographic coordinate","This dataset contains License Status Records, providing detailed information about various business and individual licenses, including their creation and expiration dates, status, and associated business details. It features 100 unique entries, with data spanning from 1994 to 2015, covering various locations across New York. Each record includes identifiers such as the DCA license number and business codes, along with contact information and geographic coordinates. This dataset can be utilized for analyzing licensing trends, monitoring compliance, and understanding the status of businesses and individuals within the licensing framework. It serves as a valuable resource for regulatory agencies, researchers, and policymakers.",3,3,0,0,1,1,1,1,1,1
7pza-ynkh,"This dataset provides detailed information on the largest procurement contracts awarded by various agencies in New York City from 2018 to 2020. It includes key attributes such as the fiscal year, agency responsible for the contract, vendor name, purpose of the contract, and the contract value. The dataset features three unique fiscal years and twelve different agencies, highlighting a diverse range of services and projects, from economic development to emergency response. The contract values range significantly, reflecting the scale of these procurements, with amounts reaching up to over six billion dollars. Each entry serves as a temporal and organizational reference, allowing for aggregation and analysis of spending patterns. This dataset is particularly useful for researchers, policymakers, and analysts interested in understanding the financial commitments of the city, evaluating vendor performance, and assessing the impact of these contracts on community services and infrastructure development.","This dataset contains information on the largest procurement contracts awarded by various agencies in New York City from 2018 to 2020. It includes key details such as the fiscal year, agency, vendor name, purpose of the contract, and the contract value. The dataset features three unique fiscal years and twelve different agencies, highlighting the diverse range of services procured. Each entry describes the specific task or contract and provides a monetary value associated with it. This dataset can be utilized for analyzing trends in public spending, understanding agency priorities, and evaluating the impact of procurement on city services.",2,2,0,0,1,1,1,1,0,0
rqvv-d722,"This dataset provides detailed information on the largest procurement contracts awarded by various agencies from 2018 to 2020. It includes key attributes such as the fiscal year, agency, vendor name, purpose of the contract, and the contract value, with values ranging from approximately 19.3 million to 645.3 million dollars. The dataset features three unique fiscal years and three agencies, highlighting the financial commitments made for services and products across different sectors. Each entry describes the specific purpose of the contract, which can be useful for understanding procurement trends and priorities within the city. The semantic profile indicates that the data serves as an aggregation key for financial analysis, allowing users to measure and analyze spending patterns. This dataset is particularly valuable for researchers, policymakers, and organizations interested in public procurement, contract requirements, and the overall financial landscape of city services.","This dataset contains information on procurement contracts awarded by various agencies, covering fiscal years up to 2020. It includes details such as the agency involved, the vendor name, the purpose of the contract, and the contract value. The dataset features three unique fiscal years and three agencies, with a range of contract values reflecting significant financial commitments. Each entry describes the function of the contract, providing insights into the services procured within the city. This dataset can be utilized for analyzing spending patterns, vendor relationships, and the overall procurement landscape in the public sector.",2,2,0,0,1,1,1,1,0,0
8hgr-brxd,"This dataset, titled ""Compliance Audit Dates,"" contains essential information regarding audit dates generated for process serving agencies. It includes three columns: month_year, randomly_generated_audit, and alternate_randomly_generated, each with 83 unique values. The month_year column provides a monthly resolution of temporal data, spanning from December 2011 to August 2018, while the other two columns offer daily resolution data for audit dates, covering from January 2012 to September 2018. The randomly_generated_audit date is intended for agencies to address specific compliance questions related to process servers, while the alternate_randomly_generated date serves as a backup for instances when the primary audit date is not applicable. This dataset is crucial for ensuring compliance with consent orders and enhancing the accountability of process servers, making it a valuable resource for agencies aiming to maintain accurate records and improve their auditing processes.

Column constraints outlined in Data Dictionary:
month_year: format must be ""YYYY-MM-DDTHH:MM:SS.sss""; temporal coverage from 2011-12-01 to 2018-10-01  
randomly_generated_audit: format must be ""YYYY-MM-DDTHH:MM:SS.sss""; must be later than month_year  
alternate_randomly_generated: format must be ""YYYY-MM-DDTHH:MM:SS.sss""; must be later than randomly_generated_audit","This dataset focuses on Process Server Compliance and includes three columns: month_year, randomly_generated_audit, and alternate_randomly_generated. Each column contains 83 unique values, with month_year representing monthly data from December 2011 to August 2018, while the other two columns provide daily data from January 2012 to September 2018. The dataset can be utilized to analyze compliance trends over time, assess the effectiveness of process serving, and identify patterns in audit activities. It serves as a valuable resource for researchers and professionals interested in understanding compliance dynamics within the process serving industry.",2,2,0,0,1,1,1,1,0,0
ga3c-v25a,"This dataset focuses on Trust Fund Invasions, detailing cases involving various businesses, primarily in the home improvement and towing industries. It includes records of financial withdrawals from trust funds, specifying the reasons for these withdrawals, such as fines or consumer restitution. The dataset contains 472 unique records, with each entry featuring a unique identifier, the date the case was opened, the business name, the industry type, and the amount withdrawn. The temporal coverage spans from January 29, 2013, to February 4, 2023, with completion dates ranging from February 3, 2014, to December 29, 2019. This information can be utilized for analyzing trends in trust fund invasions, understanding the financial implications for businesses, and assessing compliance within the home improvement sector. The dataset serves as a valuable resource for researchers, policymakers, and industry stakeholders interested in financial accountability and consumer protection.

Column constraints outlined in Data Dictionary:
record_id: format is a combination of alphanumeric characters and dashes; must be unique  
date_opened: format is ISO 8601 date-time (YYYY-MM-DDTHH:MM:SS.sss); must not be null  
business_name: must not be null  
industry: allowed values include ""Home Improvement Contractor - 100"", ""Tow Truck Company - 124"", ""Collections Case"", ""Home Improvement Salesperson - 101""; must not be null  
amount: must be a positive numeric value; must not be null  
date_completed: format is ISO 8601 date-time (YYYY-MM-DDTHH:MM:SS.sss); must not be null","This dataset focuses on Trust Fund Violations, specifically detailing cases involving various businesses in the home improvement and towing industries. It includes records of withdrawals, the basis for these withdrawals, and the associated monetary amounts. The dataset spans from April 2013 to June 2022, with completion dates extending to May 2023. Each entry is identified by a unique record ID and includes information on the business name, industry type, and the nature of the violation. This dataset can be utilized for analyzing trends in trust fund violations, assessing compliance within the industry, and informing regulatory actions.",2,2,0,0,1,1,1,1,0,0
6w36-zfn5,"This dataset provides a comprehensive overview of construction labor agreements across various agencies from 2018 to 2020. It includes key metrics such as the number of construction projects, the total value of construction contracts, and the counts of project labor agreements and apprenticeship programs. The data spans three fiscal years and features 23 unique agencies, highlighting the diverse landscape of construction activities. Each entry captures essential financial metrics, making it valuable for analyzing trends in construction labor agreements and their impact on workforce development. The dataset can be utilized to assess the effectiveness of apprenticeship programs and project labor agreements, providing insights into how these initiatives contribute to the construction industry. With a range of unique values for each metric, this dataset serves as a vital resource for researchers, policymakers, and industry stakeholders interested in understanding the dynamics of construction labor agreements and their implications for economic growth and workforce training.","This dataset provides a comprehensive overview of construction agreements across various agencies from 2018 to 2020. It includes key metrics such as the number of construction projects, the total value of construction contracts, and counts of project labor agreements and apprenticeship programs. The data is organized by fiscal year and agency, allowing for detailed analysis of trends and performance in construction activities. It serves as a valuable resource for understanding the financial and operational aspects of construction agreements, making it useful for policymakers, researchers, and industry stakeholders interested in construction management and labor agreements.",2,2,0,0,1,1,1,1,0,0
7bjc-nmt5,"This dataset provides detailed information on procurement contracts related to concessions awarded by various city agencies in New York City for the fiscal years 2019 and 2020. It includes data on 410 unique concessionaires and their respective contracts, which cover a wide range of services such as food vending, facility management, and recreational activities across different boroughs. The dataset captures key attributes such as the award method, approximate gross revenues, and descriptions of the services provided, allowing for comprehensive analysis of financial performance and operational scope. The temporal coverage of the registration dates spans from 2004 to 2019, offering insights into the historical context of these contracts. This dataset can be utilized for evaluating procurement trends, assessing the financial impact of concessions, and informing future decision-making in public sector contracting. Overall, it serves as a valuable resource for researchers, policymakers, and stakeholders interested in the dynamics of municipal procurement.","This dataset provides an overview of procurement contracts awarded by various city agencies, detailing the concessionaires involved, the services offered, and the financial outcomes. It includes information on the fiscal year, agency names, concessionaire details, brief descriptions of the services, award methods, approximate gross revenues, registration dates, and the boroughs where the concessions are located. The dataset spans from 2004 to 2020, allowing for temporal analysis of contract trends. It can be utilized for assessing procurement practices, understanding revenue generation from concessions, and evaluating the impact of different award methods across various boroughs.",2,2,0,0,1,1,1,1,0,0
kwss-yksz,"The Business Inspections Archive dataset provides a comprehensive record of business inspections conducted across various industries in New York City. It includes essential details such as the business name, inspection date, results, and location, allowing users to track compliance with regulations and licensing requirements. The dataset spans from September 23, 1996, to February 21, 2023, and covers a wide range of business types, including grocery stores, gas stations, and retail shops. Each entry is uniquely identified by a record ID and certification number, ensuring accurate tracking. The dataset also features spatial data, including coordinates and borough information, which can be utilized for geographic analysis. This resource is invaluable for consumers, researchers, and policymakers interested in understanding business compliance, consumer safety, and enforcement of industry regulations in New York City.

Column constraints outlined in Data Dictionary:
latitude: Value range is between -90 and 90, inclusive; Null values are allowed  
longitude: Value range is between -180 and 180, inclusive; Null values are allowed  
community_board: Allowed values are numeric; Null values are allowed  
council_district: Allowed values are numeric; Null values are allowed  
bin: Allowed values are numeric; Null values are allowed  
bbl: Allowed values are numeric; Null values are allowed","This dataset, titled ""Business Inspections Archive,"" contains detailed records of business inspections across various industries in New York City, covering a temporal range from November 3, 1994, to April 12, 2023. It includes unique identifiers for each record and business, inspection dates, results, and industry classifications. The dataset features spatial data, including boroughs, streets, and geographical coordinates, allowing for precise location mapping. It can be utilized for analyzing compliance trends, identifying areas with frequent violations, and supporting public health and safety initiatives. This comprehensive archive serves as a valuable resource for researchers, policymakers, and the public interested in business regulation and inspection outcomes.",3,3,0,0,1,1,1,1,1,1
ayx3-dixq,"This dataset contains information on Pedicab Lottery Applications submitted between January 16, 2013, and December 15, 2022. It includes 2,375 unique records detailing applicants' names, submission dates, and lottery selection outcomes. Each entry provides insights into the applicant's location, including city, state, and borough, as well as their desired number of pedicabs. The dataset features a variety of unique identifiers, such as record IDs and license numbers, which help track applications through the system. Additionally, it captures the lottery selection dates and whether applicants were selected, offering a comprehensive view of the lottery process. This dataset can be utilized for analyzing trends in pedicab business applications, understanding geographic distribution, and evaluating the effectiveness of the lottery system in granting licenses to pedicab operators. Overall, it serves as a valuable resource for researchers, policymakers, and industry stakeholders interested in the pedicab business landscape.

Column constraints outlined in Data Dictionary:
record_id: System generated; Unique identifier  
record_category: Allowed value: Lottery Application  
industry: Allowed value: Pedicab Business  
application_submission_date: Format: MM/DD/YYYY; Not available for records submitted before 2015  
license_number: Not available for records submitted before 2015; Only available if the applicant has an active Pedicab Business license  
desired_number_of_pedicab: Integer; Typically one, but can be as high as four  
pedicab_lottery_application: Integer; Not available for records submitted before 2015  
pedicab_lottery_priority: Integer; Not available for records submitted before 2016  
lottery_selection_date: Format: MM/DD/YYYY; Not available for records submitted before 2015  
selected_from_lottery: Allowed values: Yes or No; Not available for records submitted before 2015  
borough: Allowed values: Bronx, Brooklyn, Manhattan, Outside NYC, Queens, Staten Island, (blank); Only available for NYC Addresses  
community_district: Only available for NYC Addresses  
council_district: Only available for NYC Addresses","This dataset contains information on Pedicab Lottery Applications, detailing submissions from various applicants between January 15, 2013, and December 12, 2022. Each record includes unique identifiers, applicant names, and details about their lottery applications, such as submission dates and lottery selection outcomes. The dataset features a range of locations across New York and surrounding areas, with data on community and council districts. It can be utilized for analyzing trends in pedicab business applications, understanding geographic distribution, and evaluating the lottery selection process. The temporal coverage allows for insights into changes over time in the pedicab industry.",4,3,1,0,1,1,1,1,1,1
9vpn-rpgs,"This dataset contains detailed information about licensed vehicles operating in New York City, specifically focusing on businesses such as pedicabs, tow trucks, and horse-drawn carriages. Each entry includes a unique DCWP license number, business name, and category, along with vehicle identifiers like the DMV license plate number and asset type. The dataset also tracks the latest inspection results, providing insights into vehicle compliance and safety, with inspection dates ranging from April 2024 to April 2026. With 468 unique license numbers and 461 business names, this dataset serves as a valuable resource for analyzing the licensed vehicle industry in NYC. It can be used to link to other datasets, such as the DCWP Inspections dataset, enhancing research on vehicle safety and regulatory compliance. Overall, this dataset is essential for understanding the operational landscape of licensed vehicles in the city.

Column constraints outlined in Data Dictionary:
dcwp_license_number: System generated alpha-numeric value; Required  
business_category: Allowed values: Horse Drawn Cab Owner; Pedicab Business; Sightseeing Bus; Tow Truck Company  
business_unique_id: System generated alpha-numeric value; Required  
asset_type: Allowed values: Horse Drawn Cab; Pedicab; Sightseeing Bus; Tow Truck  
business_asset_id: System generated alpha-numeric value; Required  
manufacture_identification_number: Alpha-numeric value; Not all vehicles have this value; May be cross-populated with DCWP license plate number  
dmv_license_plate_number: Not all vehicle types are issued license plates; May be cross-populated with DCWP license plate number  
state_of_registration: Not all vehicle types require registration with states' departments of motor vehicles  
dcwp_plate_number: Alpha-numeric value; DCWP does not issue plates to pedicabs  
decal_number: Alpha-numeric value; DCWP does not issue plates to pedicabs; Required for vehicles licensed by DCWP  
latest_inspection_number: System generated alpha-numeric value; Missing values due to data errors; Required  
latest_inspection_date: Format: MM/DD/YYYY; Missing values due to data errors  
latest_inspection_result: Allowed values: Pass; Fail; Complete; Missing values due to data errors","This dataset contains licensed vehicle data, specifically focusing on various businesses operating in New York, including pedicab, tow truck, and horse-drawn cab services. It includes essential information such as business names, unique identifiers, asset types, and inspection results. The dataset features 79 unique business names and spans inspection dates from April 2024 to April 2026. Each entry is identified by a unique license number and includes details like the latest inspection results, which indicate compliance status. This dataset can be utilized for regulatory compliance checks, business analysis, and understanding the landscape of licensed vehicle services in New York.",3,3,1,0,1,1,0,1,1,1
r9ax-4va4,"This dataset contains information about applicants on the Blue Vending License Waitlist, including their unique application IDs, names, waitlist numbers, and current statuses. It features 439 unique application IDs and 427 unique applicant names, with waitlist statuses categorized as ""Selected from Waitlist,"" ""Closed,"" or ""Pending - Blue Waitlist."" The dataset spans selection dates from June 30, 2016, to January 22, 2023, providing a temporal context for tracking application progress. Each applicant must hold a general vendor license, which is also recorded along with its status and type. The dataset includes geographic information, such as city, state, and zip code, allowing for spatial analysis of applicants' locations. This dataset can be utilized for understanding trends in vending license applications, assessing the effectiveness of the waitlist process, and identifying areas with high demand for vending licenses.

Column constraints outlined in Data Dictionary:
waitlist_application_id: System generated; Unique identifier  
record_category: Allowed value: 'Blue Waitlist'  
applicant_name: Text; Required  
blue_waitlist_number: Numeric; Required  
waitlist_status: Allowed values: Closed; Pending - Blue Waitlist; Selected from Waitlist  
selection_date: Format: YYYY-MM-DD; Required if general_vendor_license_number is populated  
general_vendor_license_status: Allowed values: Active; Inactive  
general_vendor_license_type: Allowed values: General Vendor (White); Citywide Specialized Vendor (Yellow); Midtown Specialized Vendor (Blue)  
city: Nullable; Blank values indicate no mailing address on file  
state: Nullable; Blank values indicate no mailing address on file  
zip_code: Nullable; Blank values indicate no mailing address on file","This dataset contains information about applicants on the Blue Waitlist for vending licenses, including their names, application IDs, waitlist numbers, and statuses. It features 100 unique entries, with data spanning from 2016 to 2022. Each entry includes details such as the applicant's city, state, and zip code, as well as their general vendor license number and status. The dataset can be utilized to analyze trends in vending license applications, monitor waitlist statuses, and assess the distribution of applicants across different locations. It serves as a valuable resource for understanding the dynamics of the vending license process.",4,2,1,0,1,1,1,1,1,0
wyj6-frpa,"This dataset contains detailed records of consumer compliance charges against businesses in New York City, covering a wide range of industries such as grocery retail, tobacco sales, and home improvement. It includes unique identifiers for each record and business, the date of the violation, the specific charge, and the outcome of the case. The dataset spans from October 17, 1995, to April 19, 2023, providing a comprehensive view of regulatory actions over time. It features spatial data, including coordinates and borough information, allowing for geographic analysis of compliance issues. This dataset can be utilized by researchers, policymakers, and consumer advocates to identify trends in business compliance, assess the effectiveness of regulations, and enhance consumer protection efforts. Additionally, it serves as a valuable resource for understanding the enforcement of consumer rights and the accountability of businesses within the city.

Column constraints outlined in Data Dictionary:
outcome: Allowed values include ""Decision Dismissed"", ""Default Decision"", ""Hearing Decision"", ""Pleaded"", ""Settlement (During Hearing)"", ""Settlement (Post Hearing)"", ""Settlement (Pre-Hearing)""; Null values are allowed  
latitude: Value range is between -90 and 90; Format is decimal degrees  
longitude: Value range is between -180 and 180; Format is decimal degrees  
community_board: Format is numeric; Null values are allowed  
council_district: Format is numeric; Null values are allowed  
bin: Format is numeric; Null values are allowed  
bbl: Format is numeric; Null values are allowed","This dataset contains information on consumer compliance charges across various industries in New York City, covering a temporal range from October 20, 1998, to May 11, 2023. It includes unique identifiers for each record, business names, violation dates, and specific charges related to compliance regulations. The dataset is spatially enriched with coordinates, boroughs, and addresses, allowing for geographic analysis. It can be utilized to assess compliance trends, identify businesses with repeated violations, and inform regulatory actions. This resource is valuable for researchers, policymakers, and consumer advocacy groups focused on consumer rights and business practices.",4,3,1,0,1,1,1,1,1,1
kun8-kdsr,"This dataset contains detailed information about railroad pathways, represented as geometric entities with spatial data. It includes various attributes such as the length of each pathway, which ranges from 0.0 to 5371.89 meters, and identifiers for the starting and ending nodes of each segment. The dataset features unique values for the organization names associated with the railroads, primarily focusing on Amtrak and CSX. Additionally, it provides demographic data through census-related fields, which can be useful for analyzing the impact of railroads on local communities. The source of the data includes multiple references, ensuring a comprehensive overview of the railroad network. This dataset can be utilized for transportation planning, infrastructure development, and demographic studies related to railroad accessibility and its effects on surrounding areas. Overall, it serves as a valuable resource for researchers, urban planners, and policymakers interested in the dynamics of railroad pathways.","This dataset contains detailed geospatial information about railroad pathways, represented as multiline strings of coordinates. It includes unique identifiers for each segment, such as the tlid, fnode, and tnode, along with the length of each segment measured in float values. The dataset is primarily focused on transportation, featuring organizations like Amtrak and CSX. It also includes demographic data, which can be useful for analyzing the impact of railroads on local communities. This dataset can be utilized for transportation planning, infrastructure development, and demographic studies related to railroad accessibility and usage.",1,2,0,0,1,1,0,0,0,1
vnz6-h2k4,"This dataset provides a comprehensive history of license applications processed by the Department of Consumer and Worker Protection (DCWP) in New York City. It includes detailed information on both businesses and individuals, capturing essential data such as license types, categories, and statuses, along with the associated business names and addresses. The dataset spans from 1994 to 2013, offering insights into the licensing landscape over nearly two decades. Each entry is identified by a unique camis_id, ensuring accurate tracking of applications. The dataset also includes spatial data, such as latitude and longitude, allowing for geographical analysis of license distribution across the city. This information can be invaluable for researchers, policymakers, and consumers interested in understanding business licensing trends, compliance, and consumer protection within the city. Overall, it serves as a vital resource for historical analysis and urban studies related to business operations in New York City.

Column constraints outlined in Data Dictionary:
camis_id: Numeric; Unique identifier  
license_type: Allowed values: Business, Individual  
license_number: Nullable; Only provided for approved applications and renewals  
business_name: Nullable  
trade_name: Nullable; Only populated for businesses with a registered DBA or Trade Name  
activity_type: Allowed values: New Application, Renewal  
activity_date: Date format: MM/DD/YYYY  
activity: Allowed values: APPROVED, DENIED, WITHDRAWN  
building_number: Nullable; Typically associated with a street address; Significant variation in values due to inconsistent data collection  
boro_code: Allowed values: 01, 02, 03, 04, 05; Nullable for businesses outside NYC or individual licensees without a specific location  
community_board: Nullable; Missing data for businesses outside NYC or individual licensees without a specific location  
council_district: Nullable; Missing data for businesses outside NYC or individual licensees without a specific location  
borough: Generated by the Open Data team as part of the geocoding process  
latitude: Generated by the Open Data team as part of the geocoding process  
longitude: Generated by the Open Data team as part of the geocoding process  
bin: Generated by the Open Data team as part of the geocoding process  
bbl: Generated by the Open Data team as part of the geocoding process","This dataset contains detailed records of license applications, including both new applications and renewals, for various businesses and individuals in New York City. It features unique identifiers such as camis_id and license_number, along with information on license types, categories, and statuses. The dataset spans from 1994 to 2013, providing a temporal coverage that allows for analysis of trends over time. Spatial data includes addresses, boroughs, and geographic coordinates, enabling users to map and analyze the distribution of licenses across the city. This dataset is valuable for researchers, policymakers, and businesses interested in understanding licensing trends and compliance within the city.",4,3,1,0,1,1,1,1,1,1
hzd8-k2vv,"This dataset provides a comprehensive overview of Business Improvement Districts (BIDs) across New York City, detailing their operational metrics for fiscal year 2024. It includes key information such as the number of full-time and part-time staff, sanitation and public safety personnel, and the total number of businesses within each district. Additionally, it captures the extent of services provided, including sanitation efforts, public safety initiatives, and community engagement activities. The dataset also highlights the financial aspects, including revenue from assessments, contracts, and grants, as well as expenses related to sanitation, public safety, and beautification projects. This information can be utilized for BID trends analysis, helping stakeholders understand the effectiveness of various initiatives, assess community needs, and inform future planning and resource allocation. Overall, it serves as a valuable resource for evaluating the impact of BIDs on urban environments and local economies.

Column constraints outlined in Data Dictionary:
borough: expected_per_allowed_values: Manhattan, Bronx, Queens, Brooklyn, Staten Island  
service_area_linear_feet: value range: 0 - 121820; units: feet  
full_time_staff: value range: 0 - 59; units: count  
sanitation_workers_employed: value range: 0 - 80; units: count  
public_safety_officers: value range: 0 - 47; units: count  
part_time_staff: value range: 0 - 20; units: count  
individual_businesses: value range: 0 - 9200; units: count  
occupied_storefronts: value range: 0 - 8000; units: count  
vacant_storefronts: value range: 0 - 400; units: count  
total_storefronts: value range: 0 - 9000; units: count  
bid_provides_supplemental: expected_per_allowed_values: True, False  
type_of_bid_sanitation: expected_per_allowed_values: Contracted, In-house, Both, Other  
type_of_duties_assigned_to: expected_per_allowed_values: Street Sweeping and Bagging, Power Washing, Snow and Ice Removal, Graffiti Removal, Gum Removal, Street Furniture Maintenance; Other  
days_per_week_sanitation: value range: 1 - 7; units: count  
hours_logged_by_sanitation: value range: 0 - 125263.87; units: hours  
incidents_of_graffiti_removed: value range: 0 - 736676; units: count  
trash_bags_collected: value range: 0 - 348000; units: count  
trash_and_recycling: expected_per_allowed_values: BID and/or NYC City Owned receptacles  
bid_provides_supplemental_1: expected_per_allowed_values: Yes, No  
type_of_bid_public_safety: expected_per_allowed_values: Contracted, In-house, Both, Other  
type_of_duties_assigned_to_1: expected_per_allowed_values: Monitoring security cameras, Crime prevention workshops, Street patrol, Traffic mitigation, Coordination with NYPD; Other  
interactions_with_public: value range: 0 - 100000; units: count  
planters_and_hanging_baskets: value range: 0 - 1000; units: count  
tree_pits_and_tree_guards: value range: 0 - 1000; units: count  
banners_maintained: value range: 0 - 1000; units: count  
public_art_installations: value range: 0 - 1000; units: count  
street_furniture_elements: value range: 0 - 1000; units: count  
wayfinding_elements: value range: 0 - 1000; units: count  
lighting_elements: value range: 0 - 1000; units: count  
other_infrastructure_elements: value range: 0 - 1000; units: count  
public_spaces_maintained: value range: 0 - 1000; units: count  
bid_provides_seasonal_holiday: expected_per_allowed_values: Yes, No  
communication_channels_used: expected_per_allowed_values: Paid advertising, Digital advertising, Direct mailings, Door-to-door visits, Flyers, Email bulletins, Social media, LinkNYC advertising; Other  
total_email_and_social_media: value range: 0 - 1000000; units: count  
marketing_materials: expected_per_allowed_values: District guides/maps, Event-Specific Advertisements, Coupon books, Apparel, Accessories, Office supplies  
total_marketing_materials: value range: 0 - 1000000; units: count  
public_events_coordinated: value range: 0 - 1000; units: count  
estimated_attendees_to_public: value range: 0 - 1000000; units: count  
assessment_revenue: value range: 0 - 29999999.99; units: US Dollars  
contracts: value range: 0 - 29999999.99; units: US Dollars  
program_service_revenue: value range: 0 - 29999999.99; units: US Dollars  
contributions: value range: 0 - 29999999.99; units: US Dollars  
government_grants: value range: 0 - 29999999.99; units: US Dollars  
interest_income: value range: 0 - 29999999.99; units: US Dollars  
total_revenue: value range: 0 - 29999999.99; units: US Dollars  
sanitation: value range: 0 - 29999999.99; units: US Dollars  
public_safety: value range: 0 - 29999999.99; units: US Dollars  
marketing_special_events: value range: 0 - 29999999.99; units: US Dollars  
streetscape_and_beautification: value range: 0 - 29999999.99; units: US Dollars  
other_program_expenses: value range: 0 - 29999999.99; units: US Dollars  
g_a_salaries_and_payroll: value range: 0 - 29999999.99; units: US Dollars  
g_a_outside_contractors: value range: 0 - 29999999.99; units: US Dollars  
g_a_rent_and_utilities: value range: 0 - 29999999.99; units: US Dollars  
g_a_supplies_and_equipment: value range: 0 - 29999999.99; units: US Dollars  
capital_improvements_and: value range: 0 - 29999999.99; units: US Dollars  
total_expenses: value range: 0 - 29999999.99; units: US Dollars","This dataset provides a comprehensive overview of Business Improvement District (BID) services across various boroughs, detailing aspects such as sanitation, public safety, and community engagement. It includes key metrics like the number of full-time and part-time staff, service area measurements, and the number of businesses and storefronts in each district. The dataset can be utilized for analyzing the effectiveness of BID services, understanding community needs, and evaluating resource allocation. Additionally, it offers insights into the types of services provided, the revenue generated, and the overall impact on local neighborhoods, making it a valuable resource for urban planning and community development initiatives.",1,1,0,0,1,1,0,0,0,0
855v-w7mc,"This dataset contains information about pre-application meetings related to zoning consultations held in New York City from January 2019 to April 2024. It includes details such as the applicant's name, meeting date, address, and geographic identifiers like borough, block, and lot numbers. The dataset features 49 unique meeting dates and covers various neighborhoods across the five boroughs, providing a comprehensive view of zoning discussions. Each entry is associated with a specific calendar number, which helps identify prior Board of Standards and Appeals actions. The dataset can be utilized by urban planners, researchers, and community organizations to analyze trends in zoning applications, assess community engagement in the planning process, and understand the spatial distribution of proposed developments. Additionally, it serves as a valuable resource for tracking the interactions between applicants and city officials, contributing to informed decision-making in urban development.

Column constraints outlined in Data Dictionary:
calendar: expected format is XXX-XXX-X or N/A; may be N/A if there is no prior BSA action; BSA Calendar numbers are ###-###-(letter: BZ, A, BZY)  
address: expected format is ""123 Sesame Street""; if Premises consists of multiple tax blocks, they are included as separate rows  
block: expected format is numeric; if Premises consists of multiple addresses, they are included as separate rows  
lot: expected format is numeric  
borough: allowed values are Manhattan, Bronx, Brooklyn, Queens, Staten Island  
applicant: expected format is a string representing the name of the applicant  
date_of_meeting: expected format is MM/DD/YYYY  
postcode: expected format is numeric; generated as part of the geocoding process  
latitude: expected format is numeric; generated as part of the geocoding process  
longitude: expected format is numeric; generated as part of the geocoding process  
community_board: may refer to ""Community District"" (the geographical area)  
council_district: expected format is numeric; generated as part of the geocoding process  
bin: expected format is numeric; generated as part of the geocoding process  
bbl: expected format is numeric; generated as part of the geocoding process  
census_tract_2020_: expected format is numeric; leading and trailing zeros are dropped as part of the geocoding process  
neighborhood_tabulation_area_nta_2020_: expected format is a string; generated as part of the geocoding process","This dataset contains information on zoning consultation meetings held from January 2019 to April 2024. It includes details such as the applicant's name, meeting dates, addresses, and geographic coordinates, providing a comprehensive overview of pre-application meetings across various boroughs in New York City. The dataset features 33 unique applicants and covers 68 distinct addresses, with spatial data represented by latitude and longitude coordinates. This dataset can be utilized for analyzing trends in zoning applications, understanding community engagement in urban planning, and assessing the distribution of zoning meetings across different neighborhoods.",3,2,0,0,1,1,1,1,1,0
w7w3-xahh,"This dataset contains detailed information on issued business licenses in New York City, covering a wide range of business categories, including electronic cigarette dealers, home improvement contractors, and general vendors. Each entry includes unique identifiers such as license numbers and business unique IDs, along with essential details like business names, contact information, and addresses. The dataset spans from 1997 to 2025, providing a comprehensive view of the licensing landscape over time. It features various license statuses, indicating whether a license is active, expired, or suspended, which is crucial for consumers and businesses alike. The spatial data, including latitude and longitude, allows for geographic analysis of business distribution across the city. This dataset is valuable for city government agencies, researchers, and consumers seeking to understand business operations and compliance within New York City, facilitating informed decision-making and policy development.

Column constraints outlined in Data Dictionary:
business_category: Allowed values defined in Appendix 1
license_type: Allowed values: Organization, Individual
license_status: Allowed values: Active, Expired, Failed to Renew, Out of Business, Ready for Renewal, Revoked, Surrendered, Suspended
detail: This field is only populated for certain business categories; format varies based on business category
contact_phone: Format: Typically a ten-digit number; various formats accepted depending on international or regional coding; can be blank for individual licensees
address_type: Allowed values: Complete Address, Cross Street (Intersection), Block, Place (Landmark), P.O. Box; Not reported for individual applicants
address_building: Can be blank for individual licensees; can be blank for businesses described by a Landmark or Place Name, or by a street segment (blockface), and for P.O. Box addresses
address_street_name_2: Not reported for individual licensees; can be blank unless address type is Block or Cross Street (Intersection)
street3: Not reported for individual licensees; can be blank unless address type is Block
unit_type: Not reported for individual applicants
apt_suite: Not reported for individual applicants
address_city: Indicates the city of the mailing address for individual applicants
address_zip: Can be null for non-deliverable business locations; indicates the city of the mailing address for individual applicants
address_borough: Allowed values: Manhattan, Bronx, Brooklyn, Queens, Staten Island, Outside of NYC; Not reported for individual licensees; P.O. Boxes and addresses outside of NYC will either show ""Outside NYC"" or be blank
community_board: Expected to be a three-digit number; Not reported for individual licensees; P.O. Boxes and addresses outside of NYC will be blank
council_district: Expected to be a two-digit integer with a leading zero; Not reported for individual licensees; P.O. Boxes and addresses outside of NYC will be blank
bin: Not reported for individual licensees; P.O. Boxes and addresses outside of NYC will be blank
bbl: Not reported for individual licensees; P.O. Boxes and addresses outside of NYC will be blank
nta: Not reported for individual licensees; P.O. Boxes and addresses outside of NYC will be blank
census_block_2010_: Not reported for individual licensees; P.O. Boxes and addresses outside of NYC will be blank
census_tract: Not reported for individual licensees; P.O. Boxes and addresses outside of NYC will be blank
latitude: Not reported for individual licensees; P.O. Boxes and addresses outside of NYC will be blank
longitude: Not reported for individual licensees; P.O. Boxes and addresses outside of NYC will be blank","This dataset contains detailed information on various business licenses in New York City, including license numbers, business names, categories, and statuses. It features 100 unique entries, with data spanning from 2001 to 2025 for license creation dates and up to 2028 for expiration dates. The dataset includes spatial information such as addresses, boroughs, and geographic coordinates, making it useful for mapping and analysis. It can be utilized for research on business compliance, market analysis, and urban planning, providing insights into the distribution and status of licensed businesses across the city.",4,3,1,0,1,1,1,1,1,1
ci93-uc8s,"This dataset contains detailed information on certified minority-owned businesses, including their contact details, business descriptions, and contract experience. It features 11,516 unique entries, with data covering various aspects such as account numbers, vendor names, certifications, and project histories. The dataset includes temporal information, with establishment dates ranging from 1980 to 2023, and job experience dates extending to 2025. Spatial data is also provided, including addresses, boroughs, and geographic coordinates. This dataset can be utilized for research and analysis related to minority business participation in public contracts, helping organizations identify potential vendors for procurement opportunities. It serves as a valuable resource for policymakers, researchers, and businesses looking to engage with certified minority-owned enterprises, fostering economic empowerment and diversity in the marketplace.

Column constraints outlined in Data Dictionary:
account_number: integer; unique
vendor_formal_name: string; required
vendor_dba: string; optional
first_name: string; required
last_name: string; required
telephone: string; format: 10-digit number
business_description: string; required
certification: string; allowed values: MBE, WBE, NON-MINORITY; multiple values allowed
cert_renewal_date: date; format: MM/DD/YYYY; required
ethnicity: string; allowed values: BLACK, HISPANIC, ASIAN; required
address1: string; required
city: string; required
state: string; format: 2-letter state code; required
zip: string; format: 5-digit number; required
mailingaddress1: string; required
mailingcity: string; required
mailingstate: string; format: 2-letter state code; required
mailingzip: string; format: 5-digit number; required
website: string; optional; format: valid URL
date_of_establishment: date; format: YYYY-MM-DD; required
aggregate_bonding_limit: float; minimum: 0.0
signatory_to_union_contracts: string; allowed values: Yes, No; required
id6_digit_naics_code: string; format: 6-digit number; required
naics_sector: string; required
naics_subsector: string; required
naics_title: string; required
types_of_construction_projects_performed: string; optional
nigp_codes: string; optional; multiple values allowed
name_of_client_job_exp_1: string; required
largest_value_of_contract: float; minimum: 0.0
percent_self_performed_job_exp_1: float; range: 0.0 to 100.0; required
date_of_work_job_exp_1: date; format: YYYY-MM-DD; required
description_of_work_job_exp_1: string; required
name_of_client_job_exp_2: string; optional
value_of_contract_job_exp_2: float; minimum: 0.0; optional
percent_self_performed_job_exp_2: float; range: 0.0 to 100.0; optional
date_of_work_job_exp_2: date; format: YYYY-MM-DD; optional
description_of_work_job_exp_2: string; optional
name_of_client_job_exp_3: string; optional
value_of_contract_job_exp_3: float; minimum: 0.0; optional
percent_self_performed_job_exp_3: float; range: 0.0 to 100.0; optional
date_of_work_job_exp_3: date; format: YYYY-MM-DD; optional
description_of_work_job_exp_3: string; optional
capacity_building_programs: string; allowed values: Yes, No; required
enrolled_in_passport: string; allowed values: Yes, No; required
borough: string; required
latitude: float; range: -90.0 to 90.0; required
longitude: float; range: -180.0 to 180.0; required
community_board: float; required
council_district: float; required
bin: float; required
bbl: float; required
census_tract_2020_: float; required
neighborhood_tabulation_area_nta_2020_: string; required","This dataset focuses on Certified Minority Businesses, providing detailed information about various vendors, including their contact details, business descriptions, certifications, and project experiences. It encompasses a wide range of industries, from construction and educational services to food and technology. The dataset includes key attributes such as account numbers, business names, and geographic locations, allowing users to identify and connect with minority-owned enterprises across New York. This resource can be utilized for research, supplier diversity initiatives, and to promote economic empowerment within minority communities by facilitating access to these businesses for potential contracts and collaborations.",3,2,0,0,1,1,1,0,1,1
ptev-4hud,"This dataset contains detailed information on license applications submitted to the New York City Department of Consumer and Worker Protection (DCWP). It includes unique identifiers for each application, business names, and categories, as well as the status of applications, submission dates, and closure dates. The dataset spans from January 15, 2023, to March 26, 2026, providing a comprehensive view of the licensing process over time. It features various business types, including home improvement contractors, secondhand dealers, and sightseeing guides, among others. The dataset also includes spatial data such as addresses, boroughs, and geographic coordinates, allowing for geographic analysis of business locations. This information can be valuable for consumers seeking licensed services, researchers studying business trends, and city officials monitoring compliance with licensing regulations. Overall, it serves as a crucial resource for understanding the landscape of licensed businesses in New York City.

Column constraints outlined in Data Dictionary:
application_id: System generated alpha-numeric value; Unique identifier  
license_number: System generated alpha-numeric value; Can be null for pending, denied, or withdrawn applications  
business_unique_id: System generated alpha-numeric value; Unique identifier  
business_category: Allowed values as per Appendix 1: Business Categories  
application_type: Allowed values: New; Renewal  
license_type: Allowed values: Premises; Individual  
intake_channel: Allowed values: Phone, Email/Mail/Fax, Walk-In, Online, Hardcopy  
submission_date: Format: MM/DD/YYYY; System generated date  
date_closed: Format: MM/DD/YYYY  
status: Allowed values: Submitted; Additional Info Requested; Additional Info Received; FRU AIR Requested; FRU AIR Received; TOL Issued; Approved; Denied; Withdrawn; Closed  
temp_op_letter_issued: Format: MM/DD/YYYY; Not all license categories are eligible for Temporary Operating Letters  
temp_op_letter_expiration: Format: MM/DD/YYYY; Not all license categories are eligible for Temporary Operating Letters  
borough: Allowed values: Manhattan, Bronx, Brooklyn, Queens, Staten Island, Outside of NYC  
community_board: Expected to be a three-digit number where available  
council_district: Expected to be a two-digit integer with a leading zero: 01, 02, ..., 51  
zip: Can be null for non-deliverable business locations  
latitude: Can be null for businesses located outside of NYC  
longitude: Can be null for businesses located outside of NYC","This dataset contains detailed information on license applications, including unique identifiers, business names, and categories. It spans applications submitted from January 5, 2023, to March 19, 2026, with a variety of statuses such as approved and closed. The dataset includes spatial data like addresses, cities, and boroughs, as well as contact information for each business. It can be utilized for analyzing trends in business licensing, understanding the distribution of various business types across different regions, and assessing the efficiency of the application process. The semantic profile highlights the dataset's comprehensive coverage of both temporal and spatial dimensions, making it a valuable resource for researchers and policymakers.",3,3,0,0,1,1,1,1,1,1
9a87-6m4x,"This dataset focuses on Equal Opportunity Businesses, providing valuable insights into contracting opportunities across various locations. It includes detailed information such as the date of contract, contracting company, site address, borough, and representative contact details, with temporal coverage from December 18, 2022, to December 3, 2025. The dataset features 381 unique dates and 655 unique site addresses, ensuring a comprehensive overview of business activities. Spatial data is represented through latitude and longitude coordinates, allowing for precise geolocation. Additionally, the dataset includes various identifiers like zip codes, council districts, and census tracts, which can be useful for demographic analysis and aggregation. This information can aid in identifying potential partnerships and fostering inclusivity in the construction industry, aligning with initiatives like ICAP and SBS to promote equitable business practices. Overall, this dataset serves as a crucial resource for stakeholders seeking to engage with diverse contracting opportunities.","This dataset focuses on Equal Opportunity Compliance, providing valuable insights into contracting companies and their project locations across New York. It includes detailed information such as the date of contracts, company names, site addresses, boroughs, and contact details. The dataset spans from December 20, 2022, to October 29, 2025, with a wide range of unique values for each column, ensuring comprehensive coverage. It contains spatial data, including latitude and longitude coordinates, as well as demographic information through census tracts. This dataset can be utilized to analyze compliance with equal opportunity regulations and assess the distribution of contracts across different boroughs and districts.",3,2,0,0,1,1,1,1,1,0
kf2b-aeh5,"This dataset contains information about recruitment events held at various Workforce1 Career Centers in New York City from March 15 to March 19, 2020. It includes details such as the event date, check-in times, job titles, job families, and the companies conducting the recruitment. Each entry provides the qualifications required for the positions, along with the specific borough and address of the event location. The dataset features a diverse range of job families, including customer service and healthcare, with a total of 180 unique event titles and 141 different companies represented. This dataset can be utilized by job seekers to identify employment opportunities, by researchers analyzing job market trends, or by organizations looking to understand recruitment patterns in the area. Overall, it serves as a valuable resource for anyone interested in the dynamics of job recruitment events in New York City.

Column constraints outlined in Data Dictionary:
event_date: Date field in Microsoft Excel date format; must represent a valid date
check_in_from: Time field in Microsoft Excel time format; must represent a valid time
check_in_to: Time field in Microsoft Excel time format; must represent a valid time; must be later than check_in_from
job_family: Job families are from the 2010 Standard Occupation Classification (SOC) occupational listing at the US Bureau of Labor Statistics; must be a valid job family
location_name_and_address: Text field; must represent a valid address format","This dataset provides a schedule of recruitment events, detailing various job opportunities across different locations in New York City. It includes essential information such as event dates, check-in times, job titles, and required qualifications. The dataset covers events from March 15 to March 18, 2020, and features locations primarily in Queens and Manhattan. Each entry specifies the company hosting the event and the qualifications needed for applicants. This dataset can be utilized by job seekers to identify potential employment opportunities and by organizations to promote their recruitment events effectively.",2,2,0,0,1,1,1,1,0,0
5fn4-dr26,"This dataset contains detailed records of consumer protection violations related to various businesses in New York City, specifically focusing on enforcement charges issued by the Department of Consumer Affairs (DCA). It includes unique identifiers for each record, business names, categories, and inspection details, along with violation dates and specific charges. The dataset spans from July 18, 2023, to January 13, 2026, providing a comprehensive view of compliance issues over time. Users can analyze the frequency and types of violations, assess business compliance with regulations, and track outcomes of adjudications, such as guilty or not guilty findings. This information is valuable for researchers, policymakers, and consumer advocates aiming to enhance consumer protection and ensure businesses operate within legal standards. The dataset also allows for linking to other DCA datasets, facilitating broader analyses of business practices and regulatory enforcement in the city.

Column constraints outlined in Data Dictionary:
record_id: System generated alpha-numeric value; Unique identifier  
related_record_type: Allowed values: dcwp_inspectionrequest; dcwp_legal  
business_unique_id: System generated alpha-numeric value; Unique identifier  
certificate_of_inspection: System generated alpha-numeric value; Not populated for legal investigations  
inspection_number: System generated alpha-numeric value; Not usually populated for legal investigations  
noh_number: System generated alpha-numeric value  
violation_date: Format: MM/DD/YYYY  
cure_eligible: Allowed values: Yes; No; Null values interpreted as No  
cured: Allowed values: Yes; No; Blank values indicate pending resolution  
outcome: Allowed values: See Appendix 2: Outcomes; Blank values indicate pending resolution  
guilty: Expected value: Integer; Blank values indicate pending resolution  
not_guilty: Expected value: Integer; Blank values indicate pending resolution  
dismissed: Expected value: Integer; Blank values indicate pending resolution","This dataset focuses on consumer protection violations, specifically related to businesses in various categories, including tobacco and electronic cigarette dealers. It contains detailed records of inspections, including unique identifiers for businesses and inspection reports, violation dates, and specific charges related to non-compliance with health and safety regulations. The dataset spans from August 2023 to February 2026, providing a comprehensive view of enforcement actions over time. It can be utilized for analyzing trends in consumer protection violations, assessing compliance among businesses, and informing regulatory practices to enhance consumer safety and public health.",4,3,1,0,1,1,1,1,1,1
qcdj-rwhu,"This dataset contains detailed information on sidewalk café licenses issued by the Department of Consumer Affairs (DCA) in New York City. It includes unique identifiers for each license, the status of the licenses, and the names of the businesses involved, along with their locations, including building numbers, streets, cities, states, and zip codes. The dataset also provides measurements related to the café's size, such as square footage, number of tables, and chairs. Temporal data is included, covering application submission dates, status updates, and expiration dates, allowing for tracking of the licensing process over time. This dataset can be utilized by city government officials, researchers, and business owners to analyze trends in sidewalk café licensing, assess compliance with regulations, and support urban planning initiatives. It serves as a valuable resource for understanding the dynamics of outdoor dining spaces in the city.","This dataset contains information on Sidewalk Café Licenses, including details such as license numbers, business names, locations, and status updates. It features 100 unique entries, with data covering various aspects like the type of café, square footage, and seating arrangements. The dataset spans a temporal range from 2017 to 2022, providing insights into application statuses and expiration dates. It can be utilized for analyzing trends in sidewalk café licensing, understanding community impacts, and tracking compliance with local regulations. The semantic profile highlights key identifiers and measurements, making it a valuable resource for urban planning and business development studies.",3,3,0,0,1,1,1,1,1,1
jzhd-m6uv,"This dataset contains detailed records of business inspections conducted by the Department of Consumer and Worker Protection (DCWP) in New York City. It includes essential information such as the unique identification numbers for inspections and businesses, the date of each inspection, and the business names and categories. The dataset spans from July 23, 2023, to March 3, 2026, and covers various locations across the city, with latitude and longitude coordinates provided for precise mapping. Each record indicates the inspection type and status, allowing users to track compliance with regulations and identify potential violations. This dataset is valuable for researchers, policymakers, and consumers interested in understanding business compliance, enforcement actions, and industry standards within New York City. It can also be used to analyze trends in business inspections and assess the effectiveness of regulatory measures in promoting consumer safety and fair practices.

Column constraints outlined in Data Dictionary:
certificate_of_inspection: System generated alpha-numeric value; Required  
inspection_number: System generated alpha-numeric value; Required  
date_of_occurrence: Format MM/DD/YYYY; Required  
business_unique_id: System generated alpha-numeric value; Required  
dba_trade_name: Nullable; Only populated for businesses with a registered DBA or Trade Name  
business_category: Expected values as per Appendix 1: Business Categories; Required  
dcwp_license_number: Nullable; Only populated when a license is associated with the business during inspection  
inspection_type: Expected values as per Appendix 2: Inspection Types; Required  
inspection_status: Expected values as per Appendix 3: Inspection Statuses; Required  
noh_number: Nullable; Only populated when an inspection results in a violation  
address_type: Expected values: Complete Address; Cross Street (Intersection); Block; Required  
building_number: Nullable; For Cross-Street (Intersection) address types, may contain a corner designation  
street_2: Nullable; Only populated for Cross-Street (Intersection) and Block address types  
borough: Expected values: Manhattan, Bronx, Brooklyn, Queens, Staten Island, Outside of NYC; Required  
community_district: Nullable; Expected to be blank for businesses located outside of NYC  
city_council_district: Nullable; Expected to be blank for businesses located outside of NYC; Format: Two-digit integer with leading zero  
bin: Nullable; Expected to be blank for businesses located outside of NYC and for Cross Street (Intersection) and Block address types  
bbl: Nullable; Expected to be blank for businesses located outside of NYC and for Cross Street (Intersection) and Block address types  
nta: Nullable; Expected to be blank for businesses located outside of NYC and for Cross Street (Intersection) and Block address types  
latitude: Nullable; Expected to be blank for businesses located outside of NYC  
longitude: Nullable; Expected to be blank for businesses located outside of NYC","This dataset contains detailed records of business inspections, including information such as the certificate of inspection, inspection number, date of occurrence, and business details like name and category. It covers a temporal range from August 2023 to March 2026 and includes spatial data with latitude and longitude coordinates for precise location tracking. The dataset can be utilized for analyzing compliance with regulations, identifying trends in business operations, and assessing the status of various establishments across New York City. It serves as a valuable resource for researchers, policymakers, and public health officials interested in business oversight and community safety.",4,2,1,0,1,1,1,1,1,0
nre2-6m2s,"This dataset contains detailed records of consumer complaints submitted to the Department of Consumer Affairs (DCA) in New York City, covering various business practices across multiple categories. Each record includes a unique identifier, intake and result dates, complaint details, and the business involved, allowing for comprehensive tracking and analysis of consumer issues. The dataset spans from May 31, 2023, to January 13, 2026, and includes spatial data such as latitude and longitude for precise geolocation of businesses. With 114 business categories and 1,265 complaint codes, it provides insights into consumer experiences and regulatory compliance. This dataset can be utilized for research on consumer rights, business practices, and the effectiveness of complaint resolutions, making it a valuable resource for policymakers, researchers, and consumer advocacy groups. The information can help identify trends in consumer complaints and inform strategies for improving business accountability and consumer protection.

Column constraints outlined in Data Dictionary:
record_id: System generated alphanumeric value; Unique identifier  
intake_date: Format MM/DD/YYYY; Required  
_311_sr_number: System generated alphanumeric value; Populated only for complaints submitted through NYC311  
business_category: Allowed values as per Appendix 1; Required  
complaint_code: Allowed values as per Appendix 2; May have multiple selections; Missing values allowed  
result_date: Format MM/DD/YYYY; Required  
result: Allowed values as per Appendix 3; Required  
address_type: Allowed values: Complete Address, Cross Street (Intersection), Block, Place (Landmark), P.O. Box; Not reported for individual applicants  
building_nbr: Can be blank for businesses described by a Landmark or Place Name, or by a street segment; Typically contains specific corner for intersection addresses  
street2: Required only if address_type is Block or Cross Street (Intersection)  
street3: Required only if address_type is Block  
borough: Allowed values: Manhattan, Bronx, Brooklyn, Queens, Staten Island, Outside of NYC; Addresses outside of NYC will be blank  
community_board: Three-digit number where available; Blank for addresses outside of NYC or due to invalid address information  
council_district: Two-digit integer with leading zero (01, 02, ... 51); Blank for addresses outside of NYC or due to invalid address information  
bin: Blank for addresses outside of NYC or due to invalid address information  
bbl: Blank for addresses outside of NYC or due to invalid address information  
nta: Blank for addresses outside of NYC or due to invalid address information  
census_block_2010_: Blank for addresses outside of NYC or due to invalid address information  
census_tract_2010_: Blank for addresses outside of NYC or due to invalid address information  
latitude: Blank for addresses outside of NYC or due to invalid address information  
longitude: Blank for addresses outside of NYC or due to invalid address information","This dataset contains consumer complaints from New York City, specifically focusing on various business categories and complaint types. It includes detailed information such as intake and result dates, complaint codes, and business identifiers, allowing for comprehensive tracking and analysis of consumer issues. The dataset spans from June 2023 to March 2026, with spatial coverage across multiple boroughs in NYC, represented by latitude and longitude coordinates. It can be utilized for identifying trends in consumer complaints, assessing business compliance, and informing policy decisions to enhance consumer protection and service quality in the city.",4,4,1,1,1,1,1,1,1,1
6y5g-5hkj,"This dataset contains information about applicants on the General Vendor Waiting List, including their unique identification numbers, application order, priority rankings, names, and locations. It features 11,926 entries, with a diverse range of applicants from various cities and states across the U.S. The dataset tracks the status of each application, indicating whether applicants are awaiting selection, have been selected, or did not appear for their scheduled appointments. Key columns include the waiting list application number, application order number, and priority number, which help in identifying and ranking applicants. The selection date provides temporal context, covering a range from January 19, 2017, to July 11, 2023. This dataset can be utilized for analyzing trends in vendor license applications, understanding applicant demographics, and assessing the efficiency of the waiting list process. It serves as a valuable resource for policymakers and researchers interested in vendor licensing and urban commerce.

Column constraints outlined in Data Dictionary:
priority_number: Null values indicate ineligibility for the waitlist; Numeric values must be non-negative.
waiting_list_status: Allowed values include ""Application Voided"", ""Application Withdrawn"", ""Application Denied"", ""Applied for License"", ""Did Not Appear"", ""Awaiting Waitlist Selection""; Null values are allowed.
selection_date: Null values are allowed; Valid date format is ISO 8601 (YYYY-MM-DDTHH:MM:SS.sss).
license_application_id: Null values are allowed; This field is blank for applicants who have not submitted an application.","This dataset focuses on the Vendor License Waitlist, providing insights into applicants seeking vendor licenses. It includes key information such as application order numbers, priority rankings, and the status of each application, which can be used to analyze trends in vendor licensing. The dataset features 100 unique applications from various cities in New York, with a temporal coverage for selection dates ranging from August 30, 2018, to July 11, 2023. Each entry includes details about the applicant's name, city, state, and postal code, allowing for geographic analysis. The waiting list status indicates whether applicants are awaiting selection, have been selected, or did not appear for their appointment.",4,2,1,0,1,1,1,1,1,0
p2wf-m8zt,"This dataset provides detailed information on tobacco and electronic cigarette retail licenses across various community districts in New York City. It includes data on the maximum number of tobacco retail dealer licenses allowed, the number of active licenses, and the availability of new licenses under the established caps. The dataset covers five boroughs and 59 community districts, with temporal data ranging from April 2019 to March 2026. Each entry includes the borough, community district number, and descriptive names, allowing for easy identification and aggregation of data. The dataset can be utilized for analyzing trends in tobacco and electronic cigarette retail licensing, assessing compliance with local regulations, and informing public health initiatives aimed at tobacco control. It serves as a valuable resource for researchers, policymakers, and community organizations interested in understanding the dynamics of tobacco retail in New York City.

Column constraints outlined in Data Dictionary:
data_as_of: MM/DD/YYYY format; must be a valid date; cannot be in the future  
borough: Must be one of the five Boroughs comprising NYC  
community_district: Must be one of the 59 Community Districts in NYC  
community_district_name: Must be a concatenation of the Borough and Community District number  
tobacco_retail_dealer_cap: Integer; must be non-negative; calculated as 50 percent of the number of active non-pharmacy Tobacco Retail Dealer licenses as of February 24, 2018  
trd_available_under_cap: Integer; must be non-negative; calculated as the district's cap minus the number of active licenses in the district; values less than zero reported as zero  
electronic_cigarette_retail: Integer; must be non-negative; calculated as 50 percent of the number of active Electronic Cigarette Retail Dealer licenses as of August 23, 2018  
ecd_available_under_cap: Integer; must be non-negative; calculated as the district's cap minus the number of active licenses in the district; values less than zero reported as zero","This dataset focuses on Tobacco License Caps across various boroughs and community districts. It includes information on the maximum number of tobacco retail dealers allowed, the number of active dealers, and the availability of electronic cigarette retailers. The data spans from April 2019 to March 2026, providing a comprehensive view of tobacco retail dynamics over time. Each entry includes details such as borough, community district, and the number of active retailers, making it useful for analyzing tobacco retail trends and regulatory impacts. This dataset can aid policymakers, researchers, and public health officials in understanding tobacco retail landscapes and making informed decisions.",3,2,0,0,1,1,1,1,1,0
9cw8-7heb,"This dataset contains information on .nyc domain registrations, featuring a total of 53,173 unique domain names and 43,551 unique registration dates. The data includes the domain name, the date it was registered, and its associated nexus category, which classifies the domains into two types: organizations and individuals. The temporal coverage of the registration dates spans from October 3, 2014, to June 11, 2025, with a resolution down to the second. This dataset serves as a valuable resource for analyzing trends in domain registrations within New York City, providing insights into the growth of online presence for both individuals and organizations. It can be utilized for research in digital marketing, urban studies, and internet governance, as well as for identifying potential opportunities for web-based services in the city. Overall, this dataset is essential for understanding the landscape of .nyc domains and their registration patterns.","This dataset contains information on domain registrations in New York City, featuring 100 unique entries. Each entry includes the domain name, registration date, and nexus category, which classifies the domains as either organizations or individuals. The registration dates span from October 3, 2014, to July 14, 2025, providing a comprehensive temporal coverage for analysis. The dataset can be utilized for various purposes, such as tracking trends in domain registrations, identifying active organizations in NYC, and understanding the growth of online presence in the city. It serves as a valuable resource for researchers, marketers, and urban planners interested in the digital landscape of New York City.",2,2,0,0,1,1,1,1,0,0
9d9t-bmk7,"This dataset provides detailed information about Benefits Access Centers located across various boroughs in New York City, including the Bronx, Brooklyn, Manhattan, Queens, and Staten Island. Each entry includes the facility name, street address, contact information, and operational hours, along with comments on available services, such as children's areas and supervision details. The dataset encompasses a range of spatial data, including latitude and longitude coordinates, which allows for precise mapping of each center. It also features unique identifiers like community board and census tract numbers, facilitating demographic analysis. This dataset is particularly useful for researchers and policymakers focused on economic mobility, as it highlights access points for essential services that support job seekers and individuals in need of assistance. By analyzing this data, stakeholders can better understand the distribution of resources and identify areas for improvement in service delivery.","This dataset provides detailed information about Benefits Access Centers located across various boroughs in New York City. It includes essential data such as facility names, addresses, contact numbers, and operational hours. The dataset covers multiple unique locations, with spatial data represented by latitude and longitude coordinates. Each entry also contains comments that describe specific features of the centers, such as children's areas and supervision availability. This dataset can be utilized for research, planning, and improving access to social services, helping individuals find the nearest support facilities based on their location and needs.",2,1,0,0,1,1,0,0,1,0
r3dx-pew9,"This dataset, published in 2020, provides a comprehensive overview of Neighborhood Financial Health across various areas in New York City. It includes key demographic and economic indicators such as poverty rates, median income, and racial composition, allowing for a nuanced understanding of financial well-being in different neighborhoods. The dataset features 55 unique Public Use Microdata Areas (PUMAs) and covers various goals related to financial services, goods and services, jobs and income, and financial shocks. Each goal is assessed through multiple indicators, such as homeownership opportunity and access to health insurance, with corresponding outcomes and rankings. This dataset can be utilized for research on economic disparities, policy-making, and community development initiatives aimed at improving financial health and equality in urban settings. It serves as a valuable resource for understanding the intersection of education, health, and financial stability within neighborhoods.

Column constraints outlined in Data Dictionary:
year_published: must be 2020; required  
goal: allowed values include Build Assets; Financial Services; Financial Shocks; Goods & Services; Jobs & Income  
goalname: allowed values include Goal 1: Financial Services; Goal 2: Goods & Services; Goal 3: Jobs & Income; Goal 4: Financial Shocks; Goal 5: Build Assets  
goalfullname: allowed values include Goal 1: Access to Affordable, High-Quality Financial Services; Goal 2: Access to Affordable, High-Quality Goods & Services; Goal 3: Access to Quality Jobs & Income Supports; Goal 4: Stable Housing & Capacity to Limit Financial Shocks; Goal 5: Opportunities to Build Assets & Plan for the Future  
indexscore: must be between 0 and 10, inclusive  
ind1: allowed values include Homeownership Opportunity; Bank / Credit Union-To-Nonbank Ratio; Ability To Borrow At Low Cost; Access To Groceries; Job Training And Placement Support  
ind2: allowed values include Neighborhood Tenure; Bank / Credit Union Density; Housing Stability; Child Care Capacity; Jobs With Health Insurance  
ind3: allowed values include IDNYC Acceptance; Health Insurance Access; Health Care Access; Labor Force Participation  
ind4: allowed values include Retirement Security; Mortgage Origination By Race; Rent Burden; Cost Of Transportation ($); Job Quality  
ind5: allowed values include Community Efficacy; Bank / Credit Union Utilization; Severe Rent Burden; Cost Of Transportation (%); Educational Attainment  
ind6: allowed values include Small Business Employment Opportunity; Affordable Products; Pre-foreclosure Notices; Journey To Work Time; Public Benefits Utilization  
ind7: allowed values include Participatory Budgeting; Mobile Banking Utilization; Financial Counseling; Tax Credit Utilization  
ind8: allowed values include Adults With High School Diploma","This dataset provides a comprehensive overview of neighborhood financial health across various areas in New York City, published in 2020. It includes key demographic and economic indicators such as poverty rates, median income, and racial composition, allowing for a nuanced understanding of financial disparities. The dataset features 52 unique geographic areas, including boroughs and neighborhoods, and encompasses various metrics related to financial services, job opportunities, and housing stability. It can be utilized for analyzing community needs, assessing the effectiveness of financial programs, and informing policy decisions aimed at improving economic conditions in specific neighborhoods.",1,1,0,0,1,1,0,0,0,0
dt2z-amuf,"This dataset provides comprehensive information about Financial Empowerment Centers across New York City, detailing their locations, operating hours, and the services they offer. It includes data on various attributes such as the provider and host organization, building and street addresses, boroughs, and zip codes, ensuring users can easily identify and access these resources. The dataset features 23 unique building addresses and spans multiple boroughs, including Manhattan, Brooklyn, Queens, and the Bronx. It also highlights the languages spoken at these centers, primarily English and Spanish, catering to diverse communities. This dataset is valuable for researchers, policymakers, and community organizations aiming to enhance financial literacy and access to financial services for low-income individuals. By analyzing this data, stakeholders can identify service gaps, improve outreach efforts, and ultimately empower communities through financial education and counseling services.

Column constraints outlined in Data Dictionary:
building: may include a dash character as part of the number  
bbl: format must follow the structure of Borough, Block, Lot  
x_coordinates: unit of measure is Feet; must be in NAD 1983 StatePlane New York Long Island FIPS 3104  
y_coordinates: unit of measure is Feet; must be in NAD 1983 StatePlane New York Long Island FIPS 3104  
latitude: unit of measure is decimal degrees  
longitude: unit of measure is decimal degrees  
bin: Building Identification Number format  
location: unit of measure is decimal degrees","This dataset provides detailed information about financial empowerment services offered by various organizations across New York City. It includes data on the provider and host organization, location details such as building, street, city, borough, and zip code, as well as operational hours and days open. The dataset also captures the languages spoken, contact information, and unique identifiers for community boards and council districts. With spatial coordinates for each location, this dataset can be utilized to analyze access to financial services, identify service gaps, and support community outreach efforts aimed at enhancing financial literacy and empowerment.",1,2,0,0,1,1,0,0,0,1
9b9u-8989,"This dataset provides a comprehensive overview of various businesses in New York City, focusing on their establishment details, including the name, address, borough, business sector, category, type of cuisine, number of employees, and actual opening date. With 4,938 unique business names and 5,050 unique street addresses, it captures a diverse range of establishments across the five boroughs: Bronx, Brooklyn, Manhattan, Queens, and Staten Island. The dataset spans from June 2010 to November 2018, offering insights into the growth and evolution of the local business landscape. It categorizes businesses into sectors such as Accommodations and Food, Finance and Insurance, and Healthcare, while also detailing the types of cuisine offered. This information can be invaluable for analyzing business trends, supporting small business initiatives, and fostering economic development in NYC.

Column constraints outlined in Data Dictionary:
establishment_record_establishment_borough: Allowed values are limited to Bronx, Brooklyn, Manhattan, Queens, Staten Island  
establishment_record_business_sector: Allowed values are Accommodations and Food, Finance and Insurance, Healthcare/Social Assistance, Information, Manufacturing, Retail Trade, Services (except Public Admin), Other  
establishment_record_establishment_category: Allowed values are dependent on Business Sector; options include Automotive Parts, Accessories And Tire Stores, Banks and Credit Unions, Beer, Wine, and Liquor Stores, Beverage Manufacturing, Book Stores and News Dealers, Child Day Care Services, Clothing Stores, Department Stores, Drinking Places (Alcoholic Beverages), Drycleaning and Laundry Services, Florists, Furniture Stores, Grocery Stores, Health And Personal Care Stores, Hotels, Jewelry, Luggage and Leather Goods Stores, Office Supplies, Stationery, and Gift Stores, Personal Care Services (hair, nail and skin care services), Restaurants and Other Eating Places, Shoe Stores, Specialty Food Stores, Sporting Goods, Hobby, and Musical Instrument Stores, Wireless Telecommunications Carriers, Other Miscellaneous Store Retailers, Other  
establishment_record_type_of_cuisine: Multi-select picklist options include Afghani, African, American, Asian, Bagels, Baked Goods, BBQ, Breakfast, Burgers, Cajun, Cakes, Caribbean, Chinese, Coffee House, Columbian, Croatian, Cuban, Czech, Deli Foods, Desserts, Diner, Dominican, Donuts, English Pub, European, Fast Food, Filipino, Fish, French, Fusion, German, Greek, Halal, Healthfood, Ice Cream/Yogurt, Indian, Indian (North), Indian (South), Irish, Italian, Japanese, Juice Bar, Korean, Kosher, Latin American, Mediterranean, Mexican, Middle Eastern, New American, Noodles, Organic, Patisserie, Peruvian, Pho, Pizza, Polish, Russian, Sandwich, Seafood, Small Plates, Soul, Soups, South Asian, Southern, Spanish, Steak House, Sushi, Tacos, Tex-Mex, Thai, Tibetan, Turkish, Vegetarian, Vietnamese, West African (Ghanian), West Indian, Wholesale  
number_of_employees: Integer value with a maximum of 6 digits; no decimals allowed  
establishment_record_actual_opening_date: Date field in the format YYYY-MM-DDTHH:MM:SS.SSS","This dataset provides detailed information about various establishments in New York City, focusing on their business growth. It includes key attributes such as the establishment's name, address, borough, business sector, category, type of cuisine, number of employees, and actual opening date. The dataset spans from 2010 to 2018, capturing a diverse range of 36 unique cuisine types and 5 boroughs. It can be utilized to analyze trends in the NYC food and hospitality industry, assess employment patterns, and understand the growth dynamics of local businesses. This rich dataset serves as a valuable resource for researchers, policymakers, and entrepreneurs interested in urban economic development.",3,2,0,0,1,1,1,1,1,0
ay9k-vznm,"The Job Opportunities Dataset provides a comprehensive overview of various job positions available across New York City, categorized by boroughs such as Bronx, Brooklyn, Manhattan, Queens, and Staten Island. It includes essential details like job titles, sector and subsector names, wage ranges, and required qualifications, making it a valuable resource for job seekers and employers alike. Each entry outlines the position description, candidate experience, and educational requirements, ensuring clarity for potential applicants. The dataset also highlights the minimum and maximum hours expected per week, along with the type of position, whether full-time or part-time. This dataset can be utilized for recruitment purposes, helping small businesses and organizations identify talent and fill vacancies efficiently. Additionally, it serves as a tool for analyzing job market trends and opportunities within the healthcare, food services, and other sectors, ultimately aiding in workforce development and planning.

Column constraints outlined in Data Dictionary:
boroughbronx: Allowed values are Yes, No; Null values are allowed  
boroughbrooklyn: Allowed values are Yes, No; Null values are allowed  
boroughmanhattan: Allowed values are Yes, No; Null values are allowed  
boroughqueens: Allowed values are Yes, No; Null values are allowed  
boroughstatenisland: Allowed values are Yes, No; Null values are allowed  
boroughnonnyc: Allowed values are Yes, No; Null values are allowed  
sectorname: Must correspond to sectors and subsectors from the NAICS, 2007 version  
subsectorname: Must correspond to sectors and subsectors from the NAICS, 2007 version  
wagemin: Decimal; Must be less than or equal to wagemax  
wagemax: Decimal; Must be greater than or equal to wagemin  
minhoursperweek: Integer; Must be less than or equal to maxhoursperweek  
maxhoursperweek: Integer; Must be greater than or equal to minhoursperweek  
jobfamilyname: Must correspond to job families, occupational codes, and occupation names from the 2010 SOC  
sococcupationcode: Must correspond to job families, occupational codes, and occupation names from the 2010 SOC  
sococcupationname: Must correspond to job families, occupational codes, and occupation names from the 2010 SOC","This Job Openings Dataset provides detailed information on various job positions across New York City, including titles, locations, sectors, and wage ranges. It features 19 unique job titles and covers multiple boroughs, such as Bronx, Brooklyn, Manhattan, Queens, and Staten Island. Each entry includes descriptions of job responsibilities, required qualifications, and education levels, making it a valuable resource for job seekers and employers alike. The dataset can be utilized for analyzing job market trends, understanding wage distributions, and identifying skill requirements in different sectors. It serves as a comprehensive tool for workforce development and employment research.",1,1,0,0,1,1,0,0,0,0
upii-frjc,"This dataset contains detailed records of trade waste violations issued by the Business Integrity Commission (BIC) from April 23, 2014, to November 18, 2025. It includes 13,439 unique violation numbers, with various attributes such as account names, violation types, and dispositions. The dataset features a range of financial metrics, including maximum fines and actual fine amounts, alongside temporal data on violation dates, issuance dates, and settlement dates. Geospatial information is also provided, including latitude and longitude coordinates for violation addresses, as well as community board and council district identifiers. This dataset can be utilized for analyzing compliance trends, assessing the effectiveness of regulatory measures, and identifying patterns in trade waste management practices. It serves as a valuable resource for researchers, policymakers, and organizations interested in environmental regulations and waste management compliance.

Column constraints outlined in Data Dictionary:
violation_number: required; Plain Text format; unique identifier  
type_of_violation: required; allowed values: OATH  
violation_phase: required; allowed values: Issued  
violation_disposition: required; allowed values: Barred by CPLR, Settled, Settled - Pending, Judgement - Dismissed, Rescheduled, Default - Dismissed, Default - Granted, Docketed, Early Settlement  
date_of_violation: required; Date & Time format  
early_settlement_violation: required; allowed values: TRUE, FALSE  
rule_code: required; Plain Text format  
description_of_rule: required; Plain Text format  
export_date: required; Date & Time format","This dataset contains detailed records of trade waste violations, including unique identifiers for each violation, the names of the involved organizations, and the types of violations committed. It covers a range of temporal data from 2008 to 2025, detailing the dates of violations, issuance of violations, and fine payments. The dataset includes spatial information such as addresses, cities, and boroughs, allowing for geographic analysis. It can be utilized for compliance monitoring, regulatory enforcement, and understanding patterns in trade waste management. This information is crucial for stakeholders aiming to improve waste management practices and ensure adherence to regulations.",3,3,0,0,1,1,1,1,1,1
355w-xvp2,"This dataset provides detailed information on various properties, including their block and lot numbers, building classifications, tax classes, and gross square footage. It contains 5 boroughs and features unique addresses, making it a valuable resource for urban planning and real estate analysis. The dataset includes an energy star score, which ranks buildings based on their energy efficiency, and a letter score that categorizes their sustainability compliance. With 5917 unique block values and 567 unique lot values, it offers a comprehensive overview of property characteristics across the city. The building class and tax class fields allow for effective categorization and financial analysis. This dataset is particularly useful for researchers and policymakers focused on sustainability compliance, as it can help identify energy-efficient buildings and assess their impact on urban environments. Overall, it serves as a critical tool for promoting sustainable practices in urban development.","This dataset focuses on Sustainability Compliance Data, providing insights into various buildings across New York City. It includes key attributes such as block, lot, building class, tax class, building count, gross square footage, address, borough, and energy efficiency scores. The dataset features 100 unique entries, with diverse building classifications and tax classifications, allowing for comprehensive analysis. The energy star score and letter grade offer a ranking system for assessing sustainability compliance. This dataset can be utilized for evaluating energy efficiency, understanding building classifications, and supporting urban planning and sustainability initiatives in the city.",2,2,0,0,1,1,0,0,1,1
2k3g-r445,"This dataset contains detailed records of fines and fees associated with various businesses and individuals, primarily focusing on licensing and compliance within different industries. It includes unique identifiers for each record, such as record_id and fee_sequence_id, which facilitate tracking and management of fees issued by the Department of Consumer Affairs (DCA). The dataset spans from June 14, 1995, to February 27, 2023, capturing a wide range of fee types and amounts, with descriptions that clarify the nature of each fee. The data can be utilized for analyzing trends in business compliance, understanding the financial implications of licensing, and assessing the impact of regulatory changes. Additionally, it provides insights into the operational status of businesses through fee statuses like invoiced and credited, making it a valuable resource for researchers, policymakers, and industry stakeholders interested in the financial landscape of fines and fees.

Column constraints outlined in Data Dictionary:
fee_date: date format must be in ISO 8601 (YYYY-MM-DDTHH:MM:SS.sss); must not be null  
fee_status: allowed values are ""INVOICED"", ""CREDITED"", ""VOIDED"", ""WITHDRAWN""","This dataset contains detailed records of fines and fees associated with various businesses, categorized by record type, such as renewals, applications, and enforcement actions. Each entry includes a unique identifier, business name, industry classification, fee type, and description, along with the corresponding fee amount and date. The dataset spans from April 1996 to May 2022, providing a comprehensive view of financial obligations for businesses across different sectors. It can be utilized for analyzing trends in fines and fees, understanding compliance within industries, and assessing the financial impact on businesses.",3,2,0,0,1,1,1,1,1,0
fgq8-am2v,"This dataset contains comprehensive information on vocational training programs offered by various educational organizations across New York. It includes details such as the organization name, address, contact information, course names, descriptions, costs, duration, prerequisites, and available financial aid services. The dataset highlights the diverse range of courses available, from medical and technical training to security and driving programs, making it a valuable resource for individuals seeking to enhance their skills or start a new career. Additionally, it provides insights into the availability of job placement services and instructor credentials, ensuring that prospective students can make informed decisions. This dataset can be utilized by job seekers, educational institutions, and policymakers to understand the vocational training landscape, assess funding opportunities, and identify potential career paths in various fields. Overall, it serves as a vital tool for anyone interested in pursuing vocational education and training.

Column constraints outlined in Data Dictionary:
cost_total: Currency; must be a positive value  
duration: Integer; must be a positive value  
duration_unit: Allowed values are ""Hour(s)""  
numhours: Integer; must be a positive value  
max_class_size: Integer; must be a positive value  
years_course_offered: Nullable; generally ""blank""  
delivery_method: Allowed values are ""Classroom Training"", ""Distance Learning"", ""Web-Based""  
is_hra: Allowed values are ""Yes"", ""No""  
is_sbs: Allowed values are ""Yes"" with a maximum dollar amount for voucher, ""No""","This dataset contains comprehensive information about vocational training courses offered by various organizations in New York. It includes details such as organization names, addresses, contact information, course names, descriptions, costs, and financial aid services. The dataset is valuable for individuals seeking vocational training opportunities, as it provides insights into course offerings, prerequisites, and potential job placement services. Additionally, it highlights the delivery methods and class sizes, making it easier for prospective students to find suitable programs. This dataset can be used for research, analysis, and decision-making in the field of vocational education and training.",1,1,0,0,1,1,0,0,0,0
5kqf-fg3n,"This dataset provides comprehensive information on free tax preparation services available across New York City. It includes details such as the site name, provider organization, address, contact information, and operational hours, making it a valuable resource for individuals seeking assistance with their income tax returns. The dataset features 184 unique service sites, each with specific eligibility criteria, including income limits and language support, ensuring accessibility for diverse communities. Users can find sites that are ADA accessible and learn about appointment requirements. The dataset also includes temporal coverage, detailing the opening and closing dates for services, as well as spatial coordinates for mapping locations. This information can be utilized by consumers, community organizations, and policymakers to enhance financial empowerment and improve access to essential tax services, ultimately supporting individuals in navigating their tax obligations effectively.

Column constraints outlined in Data Dictionary:
sitestatus: Allowed values are 'Active', 'Concluded'; Required field  
show311: Allowed values are 'Yes', 'No'; Required field  
showonmap: Allowed values are 'Yes', 'No'; Required field  
ada_accessible: Allowed values are 'Yes', 'No'; Required field  
itin: Allowed values are 'Yes', 'No'; Required field  
s1: Allowed values include 'In Person', 'Drop-off', 'Assisted Self-Preparation'; Required field  
amendedreturn: Allowed values are 'Yes', 'No'; Required field  
prioryear: Allowed values are 'Yes', 'No'; Required field  
aarp: Allowed values are 'Yes', 'No'; Required field  
selfemployed: Allowed values are 'Yes', 'No'; Required field","This dataset provides information on various locations offering free tax preparation services across New York City. It includes details such as the provider name, site status, address, contact information, and operational hours. The dataset covers a range of organizations, including food banks and community centers, and specifies income eligibility criteria for services. It features spatial data, allowing users to locate services by borough, city, and specific addresses. This dataset is valuable for individuals seeking assistance with tax preparation, particularly those with incomes below specified thresholds, and can help connect them with accessible resources in their communities.",2,1,0,0,1,1,1,0,0,0
n84m-kx4j,"This dataset provides comprehensive information on vehicle fleets, specifically focusing on organizations registered with the Business Integrity Commission (BIC). It includes details such as account names, vehicle types, makes, models, years, engine specifications, fuel types, and ownership statuses. Each entry indicates whether the vehicle is currently active and if all required vehicle information has been completed. The dataset spans a wide range of vehicle years, from 1982 to 2027, and covers various vehicle body types and weights. It can be utilized for analyzing fleet composition, assessing vehicle performance, and ensuring compliance with regulatory standards. The semantic profile highlights key attributes such as vehicle identification, ownership types, and operational metrics, making it a valuable resource for fleet management, transportation planning, and environmental impact assessments. Overall, this dataset serves as a vital tool for organizations looking to optimize their vehicle operations and enhance sustainability efforts.

Column constraints outlined in Data Dictionary:
account_name: required; data_type: Plain Text  
active: required; allowed_values: TRUE  
vehicle_information_complete: required; allowed_values: TRUE, FALSE  
bic_number: required; data_type: Plain Text  
bic_plate_number: required; format: starts with ""L"" or ""R"" followed by 5-6 character number combination  
vehicle_fuel_type: allowed_values: Diesel, Gas, Flex, Compressed Natural Gas, Electric, [blank]  
vehicle_has_side_guard: allowed_values: Yes, No, [blank]  
vehicle_ownership_type: allowed_values: Owned, Financed, Leased, [blank]  
export_date: required; data_type: Date & Time; format: YYYY-MM-DDTHH:MM:SS.sss","This dataset contains comprehensive information on fleet vehicles, including details such as account names, vehicle types, makes, models, and ownership statuses. It features 100 unique entries, with data covering various vehicle attributes like engine horsepower, fuel type, and gross vehicle weight. The dataset is particularly useful for analyzing fleet composition and performance, as it includes metrics like annual miles traveled and whether vehicles are equipped with side guards. Additionally, the dataset's temporal coverage allows for tracking changes over time, making it valuable for fleet management and operational assessments in the transportation industry.",2,2,0,0,1,1,1,1,0,0
y52e-hp89,"This dataset provides a comprehensive overview of small business standards, featuring 1,031 unique NAICS codes that classify various industries, ranging from agriculture to manufacturing and services. Each entry includes a description of the industry, along with size standards measured in millions of dollars and the number of employees, which can help businesses understand the financial and workforce benchmarks relevant to their sector. The size standards in millions of dollars vary from 0.75 to 38.5, while the employee count ranges from 50 to 1,500, offering valuable insights into the scale of operations typical for different industries. Additionally, the dataset includes footnotes that provide further context for specific entries. This information is essential for entrepreneurs, policymakers, and researchers who are analyzing small business viability and compliance with industry standards, making it a vital resource for understanding the landscape of small businesses in the economy.","This dataset provides a comprehensive overview of small business standards, featuring various industries classified by their NAICS codes and descriptions. It includes size standards measured in millions of dollars and the number of employees, which are essential for understanding the financial and operational benchmarks for small businesses. The dataset contains 100 unique entries, with coverage of NAICS codes ranging from 0 to 813930. It serves as a valuable resource for researchers, policymakers, and entrepreneurs looking to analyze industry standards and assess the viability of small business ventures. Additionally, footnotes provide further context for specific entries, enhancing the dataset's usability.",1,1,0,0,1,1,0,0,0,0
2xab-argn,"This dataset provides a comprehensive overview of business payments related to various fees and fines processed by the Department of Consumer Affairs (DCA) in New York City. It includes unique identifiers for each payment, record types, and detailed descriptions of fees, such as license processing and inspection fees. The dataset spans from July 19, 2023, to March 10, 2026, capturing a wide range of payment statuses, including invoiced, credited, and voided transactions. With over 160,000 unique payment sequence numbers and 108,000 record IDs, it allows for in-depth analysis of financial transactions associated with businesses. This dataset can be utilized for tracking compliance, understanding fee structures, and analyzing trends in business payments, making it a valuable resource for researchers, policymakers, and industry stakeholders interested in the financial interactions between businesses and city government.

Column constraints outlined in Data Dictionary:
payment_sequence_number: System generated alpha-numeric value; Null values are allowed due to functional issues; Duplicates are allowed as a single payment can be applied to more than one fee.  
record_id: Duplicates are allowed as records can contain multiple fees and payments.  
record_type: Allowed values are defined in Appendix 1.  
inspection: System generated alpha-numeric value; Only applicable to dcwp_devicepayments record type.  
fee_sequence_number: System generated alpha-numeric value; Duplicates are allowed as multiple payment transactions can be applied to the same fee.  
fee_code_name: Allowed values are defined in Appendix 2.  
fee_status: Allowed values are Invoiced, Credited, Void, New.  
payment_date: Format is MM/DD/YYYY.  
payment_type: Allowed values are Payment Applied, Refund Applied, Void Payment Applied.  
business_unique_id: System generated alpha-numeric value; Can be used to link to other DCWP datasets.","This dataset contains detailed records of business payments, including various fees associated with licenses and adjudications. It features unique identifiers for each payment and business, along with information on payment dates, amounts, and statuses. The dataset spans from August 28, 2023, to March 17, 2026, providing a comprehensive view of financial transactions over this period. It can be utilized for analyzing business compliance, tracking payment trends, and assessing the financial health of businesses within specific sectors. The semantic profile highlights the dataset's focus on categorization and measurement of financial transactions, making it a valuable resource for financial analysis and reporting.",4,3,1,0,1,1,1,1,1,1
5vi6-xdpy,"This dataset contains information about businesses that have received the EO50 certificate of approval from the Small Business Services (SBS) in New York City. It includes key details such as the business name, contact phone number, address, and geographic coordinates, allowing for precise location identification. The dataset spans from December 14, 2022, to December 7, 2025, and features a wide range of businesses across various boroughs and community districts. Each entry is associated with unique identifiers like the Business Identification Number (BIN) and Borough, Block, and Lot (BBL) numbers, which facilitate geocoding and data aggregation. This dataset is valuable for analyzing the distribution of equal opportunity businesses, supporting initiatives aimed at promoting diversity and inclusion in the local economy, and providing insights for policymakers and researchers interested in community development and business support programs.

Column constraints outlined in Data Dictionary:
borough: allowed values include ""Manhattan"", ""Brooklyn"", ""Queens"", ""Bronx"", ""Staten Island""; null values are allowed  
latitude: value range is between -90 and 90; null values are allowed  
longitude: value range is between -180 and 180; null values are allowed  
community_board: numeric values; null values are allowed  
council_district: numeric values; null values are allowed  
bin: numeric values; null values are allowed  
bbl: numeric values; null values are allowed","This dataset focuses on Equal Opportunity Businesses, providing valuable insights into various organizations across New York and beyond. It includes essential information such as business names, contact details, and locations, with data spanning from December 15, 2022, to December 16, 2025. The dataset features 84 unique approval dates and covers 52 cities and 12 states, ensuring a comprehensive view of the business landscape. It also includes spatial data, such as latitude and longitude, allowing for precise geographic analysis. This dataset can be utilized for research, policy-making, and promoting equal opportunity initiatives within the business community.",3,2,0,0,1,1,1,1,1,0
x9i6-ckbm,"This dataset provides detailed information on Fiber Optic Conduits across various neighborhoods in New York City, specifically focusing on the Bronx and Manhattan. It includes unique identifiers for Neighborhood Tabulation Areas (NTAs) and their corresponding names, along with borough and borough codes. The dataset captures essential measurements such as conduit route mileage, total street mileage, and the total and available conduit mileage, which are crucial for understanding the infrastructure supporting broadband services. Additionally, it highlights community district overlaps, offering insights into the geographic distribution of these conduits. This data can be utilized by urban planners, telecommunications companies, and researchers to assess the availability of fiber optic infrastructure, plan for future expansions, and improve internet access in underserved areas. The dataset serves as a valuable resource for analyzing the connectivity landscape and making informed decisions regarding broadband deployment.

Column constraints outlined in Data Dictionary:
nta: Four (4) digit code; required
nta_name: plain text; required
borough: plain text; required
boro_code: One (1) digit code; required
company: plain text; required
conduit_route_mileage: number; non-negative; required
street_mileage: number; non-negative; required
conduit_mileage_total: number; non-negative; required
conduit_mileage_available: number; non-negative; required
conduit_mileage_available_1: percent; range 0 to 1; required
cd_overlap_1: Three (3) digit code; required
cd_overlap_2: Three (3) digit code; optional
cd_overlap_3: Three (3) digit code; optional
cd_overlap_4: Three (3) digit code; optional
cd_overlap_5: Three (3) digit code; optional
cd_overlap_6: Three (3) digit code; optional","This dataset provides detailed information on the ECS Conduit Infrastructure across various neighborhoods in the Bronx and Manhattan. It includes unique identifiers for neighborhoods (nta and nta_name), borough classifications, and measurements related to conduit and street mileage. The dataset features a total of 66 unique neighborhoods, with conduit route mileage ranging from 0 to 43.3 miles and street mileage from 0 to 60.36 miles. This data can be utilized for urban planning, infrastructure development, and maintenance assessments, helping organizations identify areas for improvement and optimize resource allocation in the conduit system.",2,2,0,0,1,1,0,0,1,1
rpeq-j89e,"This dataset provides detailed information on license status changes for various businesses and individuals operating in New York City. It includes 27,499 unique license numbers, representing a wide range of industries, with 59 distinct categories such as Tobacco Retail Dealers, Electronics Stores, and Home Improvement Contractors. The dataset captures key events related to licenses, including whether they were suspended, revoked, surrendered, or reinstated, with event dates ranging from September 11, 2002, to March 19, 2023. Each entry includes the legal business name and, if applicable, a Doing-Business-As (DBA) name. The status of each license is categorized as either active or inactive, providing a clear snapshot of the operational status of these entities. This dataset can be utilized for research on business compliance, industry trends, and the impact of regulatory changes on various sectors.

Column constraints outlined in Data Dictionary:
event_type: Allowed values are Suspended, Revoked, Surrendered, Reinstated; Required field  
status: Allowed values are Active, Inactive; Required field","This dataset provides detailed information on license status changes for various businesses, including their unique license numbers, names, and industries. It covers a wide range of industries, such as tobacco retail, electronics, and home improvement, with event types indicating whether licenses were surrendered, suspended, or reinstated. The dataset spans from 1990 to 2023, offering a comprehensive view of temporal changes in business licensing. It can be utilized for analyzing trends in business compliance, understanding industry dynamics, and assessing the impact of regulatory changes on different sectors. The data is essential for researchers, policymakers, and industry stakeholders.",3,3,0,0,1,1,1,1,1,1
w49t-5gha,"This dataset focuses on storefront vacancies along Broadway in Manhattan, providing valuable insights into the retail landscape. It includes detailed information such as business addresses, storefront statuses, and whether storefronts are boarded up or vacant. The dataset features 345 unique business addresses and 199 unique business names, highlighting the diversity of retail options in the area. Spatial data is included, with latitude and longitude coordinates for precise location mapping, as well as community board and council district identifiers. This dataset can be utilized for urban planning, real estate analysis, and economic development studies, helping stakeholders understand trends in retail vacancies and the overall health of the commercial sector. By analyzing this data, users can identify areas with high vacancy rates, assess the impact of closures, and strategize on potential business opportunities in the vibrant Broadway corridor.","This dataset provides detailed information on storefront vacancies along Broadway in Manhattan, including business addresses, names, and current statuses such as ""For Rent"" or ""Closed."" It features spatial data, including latitude and longitude coordinates, which allows for precise location mapping. The dataset also categorizes storefronts by their community board, council district, and neighborhood, offering insights into the geographic distribution of vacancies. This information can be valuable for urban planners, real estate developers, and local businesses looking to understand market trends and opportunities in the area. Overall, it serves as a comprehensive resource for analyzing Broadway's retail landscape.",2,1,0,0,1,1,0,0,1,0
v5w4-adxa,"This dataset focuses on unbanked communities in New York City, providing insights into financial access and demographic characteristics across various neighborhoods. It includes key metrics such as the percentage of unbanked and underbanked residents from 2011 and 2013, as well as data on prepaid mobile service usage, foreign-born populations, poverty rates, median household income, and unemployment rates. The dataset features 61 unique neighborhood names and spans eight boroughs, with FIPS codes for identification. It serves as a valuable resource for researchers and policymakers aiming to understand financial empowerment and health within communities, highlighting disparities in access to banking services. By analyzing this data, stakeholders can develop targeted strategies to improve financial security and support for unbanked and underbanked populations, ultimately fostering greater economic inclusion and community well-being.

Column constraints outlined in Data Dictionary:
sub_boro_name: string; not null  
borough: string; not null  
fips: numeric; nullable; must be a valid identifier format (integer or float)  
unbanked_2011: numeric; range: [0, 1]  
underbanked_2011: numeric; range: [0, 1]  
unbanked_2013: numeric; range: [0, 1]  
underbanked_2013: numeric; range: [0, 1]  
prepaid_2011: numeric; range: [0, 1]  
prepaid_2013: numeric; range: [0, 1]  
foreign_born_2011: numeric; range: [0, 1]  
poor_2011: numeric; range: [0, 1]  
median_income_2011: numeric; must be a positive integer  
unemployment_2011: numeric; range: [0, 1]  
poor_2013: numeric; range: [0, 1]  
foreign_born_2013: numeric; range: [0, 1]  
median_income_2013: numeric; must be a positive integer  
unemployment_2013: numeric; range: [0, 1]","This dataset provides insights into the unbanked and underbanked populations across various neighborhoods in New York City, covering data from 2011 and 2013. It includes key metrics such as the percentage of unbanked individuals, median income, and unemployment rates, allowing for a comprehensive analysis of financial access and economic conditions. The dataset features 61 unique neighborhood names and spans multiple boroughs, with data on demographic factors like foreign-born populations and poverty rates. This information can be valuable for researchers, policymakers, and organizations aiming to address financial inclusion and improve economic opportunities in underserved communities.",3,2,0,0,1,1,1,1,1,0
ymvu-4x4s,"This dataset provides detailed information on NYC domain registrations, capturing the number of registrations by zip code and borough. It includes 243 unique zip codes, covering a range from 10001 to 11697, and categorizes data across five boroughs: Manhattan, Bronx, Brooklyn, Queens, and Staten Island. The total number of registrations varies significantly, with values ranging from 1 to 1901. The zip_code and borough fields represent spatial data, allowing for geolocation analysis, while the total field serves as an aggregation key for understanding domain registration trends. This dataset can be utilized for various purposes, such as analyzing the distribution of domain registrations across different neighborhoods, identifying areas with high online presence, and informing local businesses and policymakers about digital engagement in their communities. Overall, it serves as a valuable resource for researchers and stakeholders interested in the digital landscape of New York City.","This dataset provides detailed information on NYC domain registrations, including the zip codes, boroughs, and total registrations for each area. It contains 100 unique zip codes and covers five boroughs, with total registrations ranging from 0 to 1717. The zip_code and borough columns represent specific locations, while the total column measures the number of registrations, making this dataset valuable for analyzing domain registration trends across different neighborhoods in New York City. Researchers and policymakers can use this data to understand the distribution of domain registrations and identify areas with high or low digital engagement.",2,2,0,0,1,1,0,0,1,1
uxsz-6j5j,"This dataset provides comprehensive information on worker cooperatives across New York City, featuring 66 unique business names and various attributes such as addresses, boroughs, and community boards. It includes key metrics like the number of worker owners and non-member workers, as well as the types of services offered, categorized under 15 unique subtypes. The dataset spans multiple boroughs, with spatial data represented by latitude and longitude coordinates, allowing for precise geolocation. Each entry is associated with a unique NAICS code for classification purposes. This dataset can be utilized for market research, strategic planning, and understanding the cooperative business landscape, making it a valuable resource for policymakers, researchers, and community organizers interested in promoting cooperative economics and supporting local businesses. Overall, it serves as a vital tool for analyzing the impact and growth of worker cooperatives in urban settings.","This dataset serves as a comprehensive directory of worker cooperatives, detailing essential information such as business names, addresses, and operational specifics. It includes 100 unique entries, showcasing a variety of cooperative types across New York City, with a focus on their locations, worker ownership, and services offered. The dataset features spatial data, including latitude and longitude coordinates, which can be utilized for geographic analysis. Additionally, it categorizes cooperatives by industry using NAICS codes, making it a valuable resource for researchers, policymakers, and community organizers interested in cooperative business models and their impact on local economies.",2,1,0,0,1,1,0,0,1,0
b9yk-4pzk,"This dataset provides detailed information on actions taken against process servers, including their names, license numbers, and the specific actions such as denials of renewal, suspensions, and penalties. It contains 232 unique process server names and 240 unique license numbers, with actions recorded from November 2019 to August 2024. Each entry includes the date the action took effect and the reason for the action, which can range from failure to comply with licensing requirements to penalties for non-compliance with process server laws. The dataset serves as a valuable resource for legal professionals, regulatory bodies, and researchers interested in monitoring compliance and enforcement actions within the process server domain. By analyzing this data, users can gain insights into trends in licensing issues and the effectiveness of regulatory measures in maintaining standards within the profession.

Column constraints outlined in Data Dictionary:
process_server_name: required; format: string  
license_number: required; format: alphanumeric with pattern: XXXXXXX-DCA or XXXXXXX-DCWP  
action_taken: required; allowed values: Denial of Renewal, Suspension Pending Compliance, Issuance of Penalty in the Amount of $X, Appeal Decision Processed issuance of penalty in the amount of $X, Suspension until MM/DD/YYYY  
date: required; format: ISO 8601 date-time (YYYY-MM-DDTHH:MM:SS.sss)  
reason: required; format: string","This dataset focuses on Process Server Compliance, providing insights into the actions taken against individuals in the process serving profession. It includes records of denial of renewal, suspension pending compliance, and penalties issued, along with the reasons for these actions. The dataset spans from November 6, 2019, to August 21, 2024, capturing 96 unique process server names and 97 unique license numbers. Each entry details the action taken, the date of the action, and the reason behind it, facilitating analysis of compliance trends and regulatory enforcement in the process serving field.",3,2,0,0,1,1,1,1,1,0
j46y-iqiq,"This dataset focuses on mobile financial inclusion, capturing the banking status and financial behaviors of individuals across various demographics. It includes unique identifiers for each survey response, along with key variables such as banking status, age group, and income level. The dataset features responses regarding mobile phone usage, financial product engagement, and perceptions of mobile banking security. It categorizes respondents into three banking statuses: banked, underbanked, and unbanked, providing insights into their financial habits and barriers to accessing banking services. The data can be utilized to analyze trends in mobile banking adoption, understand the challenges faced by different income groups, and inform policies aimed at enhancing financial inclusion for underserved populations. This comprehensive dataset serves as a valuable resource for researchers, policymakers, and financial institutions seeking to improve access to financial services through mobile technology.

Column constraints outlined in Data Dictionary:
bank_status_num: Allowed values are 1, 2, 3; Required
income_group_num: Allowed values are 1, 2, 3, 4, 5, 6; Required
q2: Allowed values are 1, 2; Required
q4: Allowed values are 1, 2; Required; Conditional on q2=1
q12: Allowed values are 1, 2, 3; Required
q24: Allowed values are 1, 2, 3, 4, 5, 6, 7, 8, 9, 10, 11; Required
q25_6: Allowed values are 1, 2; Required
q25_7: Allowed values are 1, 2; Required
q25_8: Allowed values are 1, 2; Required
q25_9: Allowed values are 1, 2; Required
q25_10: Allowed values are 1, 2; Required
q25_11: Allowed values are 1, 2; Required
q27: Allowed values are 1, 2, 3; Required; Conditional on q2=1
q28: Allowed values are 1, 2; Required; Conditional on q27=1
q30: Allowed values are 1, 2, 3, 4, 5; Required
q32: Allowed values are 1, 2, 3, 4, 5, 6, 7, 8, 9, 10, 11; Required; Conditional on q28=1
q34_1: Allowed values are 1, 2; Required
q34_2: Allowed values are 1, 2; Required
q34_3: Allowed values are 1, 2; Required
q34_4: Allowed values are 1, 2; Required
q34_5: Allowed values are 1, 2; Required
q35_1: Allowed values are 1, 2; Required
q35_2: Allowed values are 1, 2; Required
q35_3: Allowed values are 1, 2; Required
q35_4: Allowed values are 1, 2; Required
q35_5: Allowed values are 1, 2; Required
q37_1: Allowed values are 1, 2; Required; Conditional on q28=2
q37_2: Allowed values are 1, 2; Required; Conditional on q28=2
q37_3: Allowed values are 1, 2; Required; Conditional on q28=2
q37_4: Allowed values are 1, 2; Required; Conditional on q28=2
q37_5: Allowed values are 1, 2; Required; Conditional on q28=2
q37_6: Allowed values are 1, 2; Required; Conditional on q28=2
q37_7: Allowed values are 1, 2; Required; Conditional on q28=2
q37_8: Allowed values are 1, 2; Required; Conditional on q28=2
q37_9: Allowed values are 1, 2; Required; Conditional on q28=2
q37_11: Allowed values are 1, 2; Required; Conditional on q28=2
q41: Allowed values are 1, 2; Required; Conditional on q2=1
q45: Allowed values are 1, 2, 3, 4, 5, 6, 7; Required; Conditional on q41=1
q45_text: Required; Conditional on q45=7
q46_1: Allowed values are 1, 2; Required
q46_2: Allowed values are 1, 2; Required
q46_3: Allowed values are 1, 2; Required
q46_4: Allowed values are 1, 2; Required
q46_5: Allowed values are 1, 2; Required
q46_6: Allowed values are 1, 2; Required
q46_7: Allowed values are 1, 2; Required
q46_8: Allowed values are 1, 2; Required
q46_9: Allowed values are 1, 2; Required
q46_10: Allowed values are 1, 2; Required
q46_11: Allowed values are 1, 2; Required
q46_12: Required; Conditional on q46=12
q46_text: Required; Conditional on q46=12
q50: Allowed values are 1, 2; Required
q52: Allowed values are 1, 2, 3, 4; Required
q52a: Required; Conditional on q52=1 OR 2
q52b: Allowed values are 1, 2, 3, 4; Required; Conditional on q52=1 OR 2
q52c: Allowed values are 1, 2; Required; Conditional on q52=3 OR 4
q52_chart: Allowed values are 0, 1; Required
q49_1: Allowed values are 0, 1; Required
q49_2: Allowed values are 0, 1; Required
q49_3: Allowed values are 0, 1; Required
q49_4: Allowed values are 0, 1; Required
q49_5: Allowed values are 0, 1; Required
q49_6: Allowed values are 0, 1; Required
q49_refused: Allowed values are 0, 1; Required
q49a_1: Allowed values are 0, 1; Required; Conditional on q49=6
q49a_2: Allowed values are 0, 1; Required; Conditional on q49=6
q49a_3: Allowed values are 0, 1; Required; Conditional on q49=6
q49a_4: Allowed values are 0, 1; Required; Conditional on q49=6
q49a_5: Allowed values are 0, 1; Required; Conditional on q49=6
q49a_6: Allowed values are 0, 1; Required; Conditional on q49=6
q49a_refused: Allowed values are 0, 1; Required; Conditional on q49=6","This dataset focuses on mobile financial inclusion, providing insights into the banking status of individuals across various age and income groups. It includes key identifiers such as case IDs and banking status indicators, allowing for effective segmentation and analysis. The dataset captures demographic information, including age and income groups, which can be used to understand financial behaviors and access to banking services. With a range of survey questions, it offers valuable measurements related to financial habits and preferences. This dataset is essential for researchers and policymakers aiming to enhance financial inclusion through mobile banking solutions.",1,1,0,0,1,1,0,0,0,0
feuq-due4,"This dataset provides detailed information on library locations across New York City, including geographic coordinates, names, street addresses, and unique identifiers for each library. It contains 216 unique entries, with data covering various attributes such as city, street name, house number, and zip code, allowing for comprehensive geolocation analysis. The dataset includes spatial data represented as points, which can be utilized for mapping and navigation purposes. Each library is linked to a specific URL for further interaction, enhancing user engagement. The dataset also features unique identifiers like bin and bbl, which serve as essential references for library locations. With a focus on library services, this dataset can be used by researchers, urban planners, and community organizations to analyze library accessibility, plan outreach programs, and improve public services in the city. Overall, it serves as a valuable resource for understanding and enhancing library access in New York City.","This dataset provides detailed information about library locations across various boroughs, including geographic coordinates, names, street addresses, and zip codes. It features 100 unique entries, each representing a specific library, with associated URLs for further exploration. The dataset includes spatial data that allows users to visualize library locations on a map, making it useful for planning visits or analyzing accessibility. Additionally, the dataset can support research on library distribution and community resources. With a variety of unique identifiers and location details, it serves as a valuable resource for both residents and researchers interested in library services.",2,2,0,0,1,1,0,0,1,1
exsg-kpya,"This dataset contains information on denied business licenses related to Trade Waste and Public Wholesale Markets, specifically from the Business Integrity Commission. It includes 289 unique entries, detailing the account names, trade names, application types, and statuses of applicants, all of whom have faced denial or revocation. The dataset spans various locations across New York, with data points including street addresses, cities, states, and postal codes, as well as geographic coordinates (latitude and longitude). The application status dates range from 1997 to 2025, providing a temporal context for the data. This dataset can be utilized for research on business compliance, understanding trends in license denials, and analyzing the impact of regulatory decisions on specific industries. It serves as a valuable resource for policymakers, researchers, and businesses seeking insights into the licensing landscape and the factors influencing application outcomes.

Column constraints outlined in Data Dictionary:
bic_number: required; format: alphanumeric with a prefix followed by a hyphen and numeric characters  
account_name: required; format: plain text  
application_type: required; allowed values: CL1, CL2 - Exempt, License, Public Wholesale Market, CL2 - Broker, Wholesale Seafood Delivery  
application_industry: required; allowed values: Markets, Trade Waste  
application_status: required; allowed values: Denied, Revocation  
renewal_application: required; allowed values: TRUE, FALSE  
export_date: required; format: date & time  
application_status_date: format: date & time","This dataset contains information on denied business licenses, specifically focusing on trade waste applications. It includes key details such as the business identifier (bic_number), account and trade names, application types, and statuses, along with their respective dates. The dataset spans a temporal range from December 1997 to February 2026, providing insights into the application process over time. Geographically, it covers various locations across New York, with data on street addresses, cities, boroughs, and coordinates. This dataset can be utilized for analyzing trends in business license denials, understanding regulatory impacts, and identifying patterns in trade waste applications across different neighborhoods.",3,3,1,0,1,1,1,1,0,1
p2d7-vcsb,"This dataset contains detailed records of complaints and inquiries related to waste hauling, specifically focusing on trade waste. It includes 18,901 unique complaint inquiry numbers, with data spanning from November 20, 2013, to March 3, 2026. Each entry provides information such as the account name, license type, nature of the complaint, and the status of the inquiry, allowing for comprehensive tracking and analysis of waste management issues. The dataset features various attributes, including the geographic location of complaints, response times, and the methods used to contact complainants. It can be utilized by city officials, researchers, and waste management companies to identify trends, assess service quality, and improve waste management practices. Additionally, the dataset's semantic profile highlights the categorization of complaints, enabling users to analyze specific issues such as illegal dumping, noise complaints, and service-related inquiries effectively.

Column constraints outlined in Data Dictionary:
complaint_inquiry_number: required; unique identifier  
license_type: allowed values: Trade Waste, License, Trade Waste;Transfer Station, Transfer Station, [blank]  
industry_type: required; allowed values: Trade Waste  
complaint_inquiry_status: allowed values: Closed, Open, Unassigned, Violation, [blank]  
complaint_or_inquiry: required; allowed values: Complaint, Inquiry  
contacted_complainant: required; allowed values: TRUE, FALSE  
unable_to_contact_complainant: required; allowed values: TRUE, FALSE  
method_used_to_contact: allowed values: In Person, Phone Call, E-Mail, Letter, [blank]  
export_date: required; format: Date & Time  
total_response_time: number; non-negative  
account_phone: format: Number  
vehicle_year: format: Plain Text; valid year range: 1886 to current year  
latitude: format: Plain Text; valid range: -90 to 90  
longitide: format: Plain Text; valid range: -180 to 180","This dataset contains information on waste hauling complaints, including details such as complaint inquiry numbers, license types, account names, and the nature of the complaints. It spans a temporal coverage from October 21, 2013, to April 6, 2026, providing insights into various complaint types related to trade waste. The dataset includes unique identifiers for organizations and locations, as well as response times and complaint dispositions. It can be utilized for analyzing trends in waste management issues, assessing the effectiveness of complaint resolutions, and improving service delivery in the waste hauling industry.",4,4,1,1,1,1,1,1,1,1
2z24-2htf,"This dataset, titled ""Workplace Inquiries Data,"" contains detailed records of inquiries related to labor policies, including topics such as Paid Safe and Sick Leave, Wage & Hour, and Freelance Isn't Free. It spans from September 11, 2014, to February 22, 2024, with a total of 2,915 unique intake dates. The inquiries are categorized by their source, language, request type, and outcome, providing insights into consumer interactions with labor regulations. While the dataset includes various languages and request types, it primarily focuses on ""Information Requests."" The industry and location data, although often missing, can offer context about the workplaces involved. This dataset can be utilized for analyzing trends in workplace inquiries, understanding consumer needs regarding labor standards, and informing policy decisions related to employee rights and protections. It serves as a valuable resource for researchers, policymakers, and advocates in the labor sector.

Column constraints outlined in Data Dictionary:
request_type: allowed values are ""Information Request"" and ""Outreach Request""; required field  
topic: allowed values include Commuter Benefits, Discrimination/Harassment, Fair Scheduling - Fast Food, Fair Scheduling - Retail, Fair Workweek, Freelance Isn't Free, Grocery Worker Retention, Health & Safety, Living Wage, Other, Paid Safe and Sick Leave, Prevailing Wage, Temporary Leave, Unemployment Insurance, Wage & Hour, Workers' Compensation; inquiries about more than one topic are reported as ""Multiple Topics (n)"" where n is the number of topics; required field","This dataset, titled ""Workplace Inquiries Data,"" captures information related to various workplace inquiries, primarily focusing on topics such as Paid Safe and Sick Leave and Wage & Hour issues. It includes records from 2014 to 2024, detailing the date of inquiry, source of communication, language used, and the outcome of each request. The dataset features a range of industries and outcomes, providing valuable insights into workplace-related concerns. It can be utilized for analyzing trends in workplace inquiries, understanding the effectiveness of responses, and identifying areas needing improvement in workplace policies and support services.",2,2,0,0,1,1,1,1,0,0
azp6-hepu,"This dataset provides insights into customer service metrics from licensing offices, specifically focusing on the performance of the 42 Broadway location and Queens. It includes data on the number of customers served, average wait times, average transaction times, and average satisfaction ratings over a period from July 2015 to May 2016. The dataset features two unique licensing office locations and spans 11 months, with customer counts ranging from 249 to 9,072. Average wait times vary from 1.0 to 14.9 minutes, while transaction times range from 10.5 to 19.2 minutes. The average satisfaction ratings are consistently high, between 4.84 and 4.9. This dataset can be utilized by city government agencies, businesses, and researchers to analyze customer service efficiency, identify trends, and improve service delivery in the Department of Consumer Affairs. It serves as a valuable resource for understanding customer experiences and operational performance in licensing services.","This dataset provides insights into customer service metrics at licensing offices, specifically focusing on two locations: 42 Broadway and Queens. It includes data from July 2015 to May 2016, capturing monthly statistics such as the number of customers served, average wait times, average transaction times, and average satisfaction ratings. The dataset features 16 unique values for customers served, with a maximum of 9,072, and covers average wait times ranging from 0 to 14.9 minutes. This information can be utilized to analyze service efficiency, customer satisfaction, and operational performance, helping to identify areas for improvement in customer service delivery.",2,2,0,0,1,1,1,1,0,0
de8q-estm,"This dataset contains information about various business education courses offered by the NYC Department of Small Business Services. It includes details such as event names, descriptions, URLs for registration, local start and end times, capacity, status, and ticket information. The dataset spans events from September to December 2020, providing a comprehensive overview of educational opportunities for entrepreneurs and small business owners. Each entry includes semantic details like the course format, location, and organizer information, making it a valuable resource for individuals seeking to enhance their business knowledge and skills. Users can leverage this dataset to identify relevant courses, understand the educational offerings available, and access resources that can help them navigate the complexities of starting and managing a business. Overall, this dataset serves as a vital tool for anyone interested in business education and professional development in New York City.

Column constraints outlined in Data Dictionary:
status: Must be ""live"" for all current courses
ticket_name: Allowed values are: General Admission, Register, RSVP
ticket_on_sale_status: Allowed values are: Available, Unavailable, Sold Out","This dataset contains information about various business education courses offered by the NYC Department of Small Business Services. It includes details such as event names, descriptions, URLs, start and end times, capacities, and ticket sales information. The dataset spans events from September to December 2020, providing insights into the types of courses available, their locations, and the organizations hosting them. This data can be utilized for analyzing trends in business education, understanding community needs, and enhancing access to resources for entrepreneurs and small business owners. It serves as a valuable resource for anyone interested in business development and education initiatives.",2,2,0,0,1,1,1,1,0,0
u42f-se8e,"This dataset contains information on lottery license applications for Tobacco Retail Dealers in New York City, covering submissions from May 3, 2022, to November 29, 2022. Each record includes details such as the applicant's name, submission date, lottery application order, and selection status, allowing for tracking and analysis of the lottery process. The dataset features 26 unique record IDs and includes various attributes like the applicant's city, state, borough, and community district, providing a comprehensive view of the applicants' locations. The lottery selection date spans from June 7, 2022, to December 14, 2022, with applicants being selected based on a randomly assigned priority number. This dataset can be utilized for research on tobacco retail licensing trends, understanding community impacts, and evaluating the distribution of licenses across different boroughs and community districts in NYC.

Column constraints outlined in Data Dictionary:
record_id: System generated; Unique identifier  
record_type_category: Must be ""Lottery Application""  
record_type_sub_type: Must be ""Tobacco Retail Dealer"" or ""Electronic Cigarette Dealer""  
application_submission_date: Must be a valid date in ISO 8601 format (YYYY-MM-DDTHH:MM:SS)  
lottery_application_order: Must be a positive integer  
lottery_priority_number: Must be a positive integer  
lottery_selection_date: Must be a valid date in ISO 8601 format (YYYY-MM-DDTHH:MM:SS)  
selected_from_lottery: Must be ""Yes"" or ""No""  
license_application_number: Text; Can be blank until an applicant is selected  
city: Text; Required field  
state: Text; Required field  
zip_code: Text; Required field  
borough: Must be one of ""Manhattan"", ""Brooklyn"", ""Bronx"", ""Queens"", ""Staten Island"", or ""Outside NYC""  
community_district: Must be one of the 59 Community Districts in NYC","This dataset contains information on lottery applications for tobacco retail dealer licenses submitted in New York City. It includes details such as the applicant's name, submission and selection dates, and the lottery application order. The dataset spans from May 3, 2022, to November 29, 2022, with selection dates ranging from June 7, 2022, to December 14, 2022. It features unique identifiers for each application and categorizes applicants by city, borough, and community district. This dataset can be used to analyze trends in tobacco licensing, assess the distribution of licenses across different neighborhoods, and evaluate the lottery process's fairness and effectiveness.",2,3,0,0,1,1,1,1,0,1
xt4f-xvjw,"This dataset provides detailed information on P-Card expenditures across various agencies in New York City for the fiscal years 2018 to 2020. It includes three unique fiscal years and data from 13 different agencies, capturing a total of 33 unique monetary values ranging from $350,500 to $7,877,900. The dataset features three key columns: fiscal_year, which serves as an aggregation key for temporal analysis; agency, representing the organizations involved; and total_value_purchased, which measures the financial expenditures made by these agencies. This dataset can be utilized for analyzing spending patterns, evaluating budget allocations, and assessing the financial performance of different agencies over time. It is particularly useful for stakeholders interested in understanding the dynamics of public spending and the efficiency of procurement processes within the city.","This dataset provides insights into P-Card expenditures across various agencies in New York City, covering the fiscal years 2018 to 2020. It includes three unique fiscal years and data from 13 different agencies, detailing the total value of purchases made. The total value purchased is represented as a monetary value, allowing for effective measurement and analysis of spending trends. This dataset can be utilized for evaluating agency expenditures, identifying spending patterns, and supporting budgetary decisions. It serves as a valuable resource for researchers, policymakers, and financial analysts interested in public sector spending.",2,2,0,0,1,1,1,1,0,0
8kic-uvpz,"This dataset focuses on pedestrian ramp compliance, providing detailed information about various subway station ramps across the city. It includes key attributes such as station names, cross-streets, curb cut locations, and ramp measurements, which are essential for assessing accessibility. The dataset contains 28 unique station names and various measurements related to ramp compliance, such as slope, width, and condition of the concrete. Each entry indicates whether the ramp meets compliance standards, which is crucial for ensuring accessibility for all pedestrians, particularly those with disabilities. The semantic profile highlights the dataset's relevance to urban planning and transportation, as it includes indicators for curb cuts, slope measurements, and the presence of barriers. This dataset can be utilized by city planners, accessibility advocates, and researchers to identify areas needing improvement and to promote compliance with accessibility standards, ultimately enhancing the safety and usability of pedestrian ramps.

Column constraints outlined in Data Dictionary:
curb_cut: allowed values are ""YES"", ""NO""; null values are allowed  
compliant: allowed values are True, False  
slope_1_12_or_less: value range is 0 to 3.25; null values are allowed  
slope_non_comp: allowed values are True, False  
ramp_width_36_or_more: value range is 0 to 100; null values are allowed  
width_non_comp: allowed values are True, False  
lip_or_bump_1_4_or_less: value range is 0 to 3; null values are allowed  
lip_non_comp: allowed values are True, False  
crumbling_concrete: allowed values are True, False  
crumbling_non_comp: allowed values are True, False  
led_to_pot_hole: allowed values are True, False  
pot_hole_non_comp: allowed values are True, False  
detectable_warnings: allowed values are True, False  
warnings_non_comp: allowed values are True, False  
object_barriers: allowed values are True, False  
objects_non_comp: allowed values are True, False  
barriers_above: allowed values are True, False  
ramp_looks_relatively_new: allowed values are True, False","This dataset focuses on pedestrian ramp compliance, providing valuable insights into the accessibility of various locations. It includes information on 28 unique stations and their corresponding streets, detailing features such as curb cuts, ramp slopes, and widths. Each entry is identified by a unique ramp ID, allowing for precise tracking and analysis. The dataset also assesses compliance with accessibility standards, highlighting potential issues like crumbling concrete and object barriers. This information is crucial for urban planners and transportation authorities aiming to improve pedestrian access and ensure that public spaces are navigable for all individuals.",2,1,1,0,1,1,0,0,0,0
c292-vzrn,"This dataset focuses on Labor Standards Enforcement, specifically related to Paid Safe and Sick Leave across various industries. It includes detailed records of enforcement matters opened from October 2014 to July 2023, with completion dates extending to September 2023. Each entry captures essential information such as the topic of the enforcement, the industry involved, the status of the case, and the outcomes, including any civil penalties assessed and restitution awarded. The dataset contains 700 unique opening dates and 1,295 completion dates, reflecting a wide range of enforcement activities. It also provides geographic details, including city, state, and borough, allowing for spatial analysis of labor standards compliance. This dataset can be utilized by researchers, policymakers, and advocates to analyze trends in labor law enforcement, assess the effectiveness of regulations, and identify areas needing improvement in worker protections.

Column constraints outlined in Data Dictionary:
topic: Allowed values include ""Commuter Benefits"", ""Fair Scheduling - Retail"", ""Fair Workweek"", ""Grocery Worker Retention"", ""Living Wage"", ""Paid Safe and Sick Leave"", ""Temporary Leave""; Values may also include ""Multiple Topics"" with a number in parentheses indicating the count of topics.
status: Allowed value is ""Completed"".
completed_on: Format is ISO 8601 date; Must be a date that is at least 180 days after the corresponding opened_on date.","This dataset focuses on Labor Law Enforcement, specifically tracking cases related to Paid Safe and Sick Leave across various industries. It includes records from October 2014 to September 2023, detailing the status of each case, the outcomes, and any civil penalties assessed. The dataset contains information on the number of employees involved, restitution amounts, and the geographic locations of the cases, including city, state, and borough. With 100 unique entries, it provides valuable insights for analyzing compliance with labor laws and understanding enforcement trends over time. This data can be instrumental for researchers, policymakers, and advocates in assessing labor law effectiveness.",2,2,0,0,1,1,1,1,0,0
wapz-jfhq,"This dataset provides comprehensive information on language access services, detailing interactions across various languages and access codes from 2016 to 2025. It includes 32,431 unique date entries, representing requests for translation services, with a temporal resolution down to the minute. The dataset features 63 different languages, highlighting the diverse linguistic needs of consumers. Each entry is associated with an access code that indicates the specific division of the Department of Consumer and Worker Protection (DCWP) through which the request was made. The duration of each service is recorded in seconds, with values ranging from 0 to 12,641 seconds, allowing for analysis of service length and efficiency. This dataset can be utilized by businesses and organizations to assess language service usage, improve communication strategies, and enhance accessibility for non-English speaking consumers, ultimately supporting better service delivery in multilingual contexts.

Column constraints outlined in Data Dictionary:
access_code: Allowed values include ""Intake"", ""Legal"", ""Licensing"", ""Adjudication"", ""Paid Sick Leave"", ""Collections"", ""Queens Enforcement"", ""Brooklyn Enforcement"", ""Manhattan Enforcement"", ""NA/Other""; Null values are not allowed.","This dataset focuses on Language Access Services, providing valuable insights into the usage of various languages in different organizational contexts. It includes records from June 15, 2016, to October 10, 2025, with data on 100 unique dates and 9 languages. The dataset captures the duration of services in seconds, ranging from 0 to 1557 seconds, and features 10 distinct access codes representing different organizations. This information can be utilized to analyze trends in language access, assess service efficiency, and improve communication strategies for diverse communities. Overall, it serves as a crucial resource for understanding and enhancing language access initiatives.",2,2,0,0,1,1,1,1,0,0
m4ph-grrm,"This dataset contains detailed records of licenses issued by the Department of Consumer Affairs (DCA) in New York City, covering both businesses and individuals. It includes essential information such as license numbers, types, creation and expiration dates, status, and business codes, providing a comprehensive view of the licensing landscape. The dataset spans a wide temporal range, with license creation dates from 1994 to 2013 and expiration dates extending to 2015. Spatial data, including latitude and longitude, allows for geographical analysis of license distribution across various boroughs and neighborhoods. With over 195,000 unique license numbers and a rich semantic profile, this dataset can be utilized for research on consumer protection, business compliance, and urban planning, making it a valuable resource for city government, industry stakeholders, and researchers interested in the dynamics of business operations within New York City.

Column constraints outlined in Data Dictionary:
dca_license_number: Unique identifier; may appear multiple times due to business changes  
license_type: Allowed values: Business, Individual  
license_creation_date: Date format: MM/DD/YYYY; must be a valid date  
license_expiration_date: Date format: MM/DD/YYYY; must be a valid date; reflects last-recorded expiration date  
license_status: Allowed values: See Appendix 2 for a full list of License Statuses  
license_status_date: Date format: MM/DD/YYYY; must be a valid date; reflects last date the license record was updated  
address_building: Typically a building number; may be null for individual licensees  
address_street_name: May be null for individual licensees  
borough_code: Allowed values: 01 = Manhattan; 02 = Bronx; 03 = Brooklyn; 04 = Queens; 05 = Staten Island; Outside NYC or N/A; may be null for individual licensees  
community_board: May be null for individual licensees  
council_district: May be null for individual licensees  
latitude: Must be a valid geographic coordinate  
longitude: Must be a valid geographic coordinate","This dataset contains License Status Records, providing detailed information about various business and individual licenses, including their creation and expiration dates, status, and associated business details. It features 100 unique entries, with data spanning from 1994 to 2015, covering various locations across New York. Each record includes identifiers such as the DCA license number and business codes, along with contact information and geographic coordinates. This dataset can be utilized for analyzing licensing trends, monitoring compliance, and understanding the status of businesses and individuals within the licensing framework. It serves as a valuable resource for regulatory agencies, researchers, and policymakers.",3,3,0,0,1,1,1,1,1,1
7pza-ynkh,"This dataset provides detailed information on the largest procurement contracts awarded by various agencies in New York City from 2018 to 2020. It includes key attributes such as the fiscal year, agency responsible for the contract, vendor name, purpose of the contract, and the contract value. The dataset features three unique fiscal years and twelve different agencies, highlighting a diverse range of services and projects, from economic development to emergency response. The contract values range significantly, reflecting the scale of these procurements, with amounts reaching up to over six billion dollars. Each entry serves as a temporal and organizational reference, allowing for aggregation and analysis of spending patterns. This dataset is particularly useful for researchers, policymakers, and analysts interested in understanding the financial commitments of the city, evaluating vendor performance, and assessing the impact of these contracts on community services and infrastructure development.","This dataset contains information on the largest procurement contracts awarded by various agencies in New York City from 2018 to 2020. It includes key details such as the fiscal year, agency, vendor name, purpose of the contract, and the contract value. The dataset features three unique fiscal years and twelve different agencies, highlighting the diverse range of services procured. Each entry describes the specific task or contract and provides a monetary value associated with it. This dataset can be utilized for analyzing trends in public spending, understanding agency priorities, and evaluating the impact of procurement on city services.",2,2,0,0,1,1,1,1,0,0
rqvv-d722,"This dataset provides detailed information on the largest procurement contracts awarded by various agencies from 2018 to 2020. It includes key attributes such as the fiscal year, agency, vendor name, purpose of the contract, and the contract value, with values ranging from approximately 19.3 million to 645.3 million dollars. The dataset features three unique fiscal years and three agencies, highlighting the financial commitments made for services and products across different sectors. Each entry describes the specific purpose of the contract, which can be useful for understanding procurement trends and priorities within the city. The semantic profile indicates that the data serves as an aggregation key for financial analysis, allowing users to measure and analyze spending patterns. This dataset is particularly valuable for researchers, policymakers, and organizations interested in public procurement, contract requirements, and the overall financial landscape of city services.","This dataset contains information on procurement contracts awarded by various agencies, covering fiscal years up to 2020. It includes details such as the agency involved, the vendor name, the purpose of the contract, and the contract value. The dataset features three unique fiscal years and three agencies, with a range of contract values reflecting significant financial commitments. Each entry describes the function of the contract, providing insights into the services procured within the city. This dataset can be utilized for analyzing spending patterns, vendor relationships, and the overall procurement landscape in the public sector.",2,2,0,0,1,1,1,1,0,0
8hgr-brxd,"This dataset, titled ""Compliance Audit Dates,"" contains essential information regarding audit dates generated for process serving agencies. It includes three columns: month_year, randomly_generated_audit, and alternate_randomly_generated, each with 83 unique values. The month_year column provides a monthly resolution of temporal data, spanning from December 2011 to August 2018, while the other two columns offer daily resolution data for audit dates, covering from January 2012 to September 2018. The randomly_generated_audit date is intended for agencies to address specific compliance questions related to process servers, while the alternate_randomly_generated date serves as a backup for instances when the primary audit date is not applicable. This dataset is crucial for ensuring compliance with consent orders and enhancing the accountability of process servers, making it a valuable resource for agencies aiming to maintain accurate records and improve their auditing processes.

Column constraints outlined in Data Dictionary:
month_year: format must be ""YYYY-MM-DDTHH:MM:SS.sss""; temporal coverage from 2011-12-01 to 2018-10-01  
randomly_generated_audit: format must be ""YYYY-MM-DDTHH:MM:SS.sss""; must be later than month_year  
alternate_randomly_generated: format must be ""YYYY-MM-DDTHH:MM:SS.sss""; must be later than randomly_generated_audit","This dataset focuses on Process Server Compliance and includes three columns: month_year, randomly_generated_audit, and alternate_randomly_generated. Each column contains 83 unique values, with month_year representing monthly data from December 2011 to August 2018, while the other two columns provide daily data from January 2012 to September 2018. The dataset can be utilized to analyze compliance trends over time, assess the effectiveness of process serving, and identify patterns in audit activities. It serves as a valuable resource for researchers and professionals interested in understanding compliance dynamics within the process serving industry.",2,2,0,0,1,1,1,1,0,0
ga3c-v25a,"This dataset focuses on Trust Fund Invasions, detailing cases involving various businesses, primarily in the home improvement and towing industries. It includes records of financial withdrawals from trust funds, specifying the reasons for these withdrawals, such as fines or consumer restitution. The dataset contains 472 unique records, with each entry featuring a unique identifier, the date the case was opened, the business name, the industry type, and the amount withdrawn. The temporal coverage spans from January 29, 2013, to February 4, 2023, with completion dates ranging from February 3, 2014, to December 29, 2019. This information can be utilized for analyzing trends in trust fund invasions, understanding the financial implications for businesses, and assessing compliance within the home improvement sector. The dataset serves as a valuable resource for researchers, policymakers, and industry stakeholders interested in financial accountability and consumer protection.

Column constraints outlined in Data Dictionary:
record_id: format is a combination of alphanumeric characters and dashes; must be unique  
date_opened: format is ISO 8601 date-time (YYYY-MM-DDTHH:MM:SS.sss); must not be null  
business_name: must not be null  
industry: allowed values include ""Home Improvement Contractor - 100"", ""Tow Truck Company - 124"", ""Collections Case"", ""Home Improvement Salesperson - 101""; must not be null  
amount: must be a positive numeric value; must not be null  
date_completed: format is ISO 8601 date-time (YYYY-MM-DDTHH:MM:SS.sss); must not be null","This dataset focuses on Trust Fund Violations, specifically detailing cases involving various businesses in the home improvement and towing industries. It includes records of withdrawals, the basis for these withdrawals, and the associated monetary amounts. The dataset spans from April 2013 to June 2022, with completion dates extending to May 2023. Each entry is identified by a unique record ID and includes information on the business name, industry type, and the nature of the violation. This dataset can be utilized for analyzing trends in trust fund violations, assessing compliance within the industry, and informing regulatory actions.",2,2,0,0,1,1,1,1,0,0
6w36-zfn5,"This dataset provides a comprehensive overview of construction labor agreements across various agencies from 2018 to 2020. It includes key metrics such as the number of construction projects, the total value of construction contracts, and the counts of project labor agreements and apprenticeship programs. The data spans three fiscal years and features 23 unique agencies, highlighting the diverse landscape of construction activities. Each entry captures essential financial metrics, making it valuable for analyzing trends in construction labor agreements and their impact on workforce development. The dataset can be utilized to assess the effectiveness of apprenticeship programs and project labor agreements, providing insights into how these initiatives contribute to the construction industry. With a range of unique values for each metric, this dataset serves as a vital resource for researchers, policymakers, and industry stakeholders interested in understanding the dynamics of construction labor agreements and their implications for economic growth and workforce training.","This dataset provides a comprehensive overview of construction agreements across various agencies from 2018 to 2020. It includes key metrics such as the number of construction projects, the total value of construction contracts, and counts of project labor agreements and apprenticeship programs. The data is organized by fiscal year and agency, allowing for detailed analysis of trends and performance in construction activities. It serves as a valuable resource for understanding the financial and operational aspects of construction agreements, making it useful for policymakers, researchers, and industry stakeholders interested in construction management and labor agreements.",2,2,0,0,1,1,1,1,0,0
7bjc-nmt5,"This dataset provides detailed information on procurement contracts related to concessions awarded by various city agencies in New York City for the fiscal years 2019 and 2020. It includes data on 410 unique concessionaires and their respective contracts, which cover a wide range of services such as food vending, facility management, and recreational activities across different boroughs. The dataset captures key attributes such as the award method, approximate gross revenues, and descriptions of the services provided, allowing for comprehensive analysis of financial performance and operational scope. The temporal coverage of the registration dates spans from 2004 to 2019, offering insights into the historical context of these contracts. This dataset can be utilized for evaluating procurement trends, assessing the financial impact of concessions, and informing future decision-making in public sector contracting. Overall, it serves as a valuable resource for researchers, policymakers, and stakeholders interested in the dynamics of municipal procurement.","This dataset provides an overview of procurement contracts awarded by various city agencies, detailing the concessionaires involved, the services offered, and the financial outcomes. It includes information on the fiscal year, agency names, concessionaire details, brief descriptions of the services, award methods, approximate gross revenues, registration dates, and the boroughs where the concessions are located. The dataset spans from 2004 to 2020, allowing for temporal analysis of contract trends. It can be utilized for assessing procurement practices, understanding revenue generation from concessions, and evaluating the impact of different award methods across various boroughs.",2,2,0,0,1,1,1,1,0,0
kwss-yksz,"The Business Inspections Archive dataset provides a comprehensive record of business inspections conducted across various industries in New York City. It includes essential details such as the business name, inspection date, results, and location, allowing users to track compliance with regulations and licensing requirements. The dataset spans from September 23, 1996, to February 21, 2023, and covers a wide range of business types, including grocery stores, gas stations, and retail shops. Each entry is uniquely identified by a record ID and certification number, ensuring accurate tracking. The dataset also features spatial data, including coordinates and borough information, which can be utilized for geographic analysis. This resource is invaluable for consumers, researchers, and policymakers interested in understanding business compliance, consumer safety, and enforcement of industry regulations in New York City.

Column constraints outlined in Data Dictionary:
latitude: Value range is between -90 and 90, inclusive; Null values are allowed  
longitude: Value range is between -180 and 180, inclusive; Null values are allowed  
community_board: Allowed values are numeric; Null values are allowed  
council_district: Allowed values are numeric; Null values are allowed  
bin: Allowed values are numeric; Null values are allowed  
bbl: Allowed values are numeric; Null values are allowed","This dataset, titled ""Business Inspections Archive,"" contains detailed records of business inspections across various industries in New York City, covering a temporal range from November 3, 1994, to April 12, 2023. It includes unique identifiers for each record and business, inspection dates, results, and industry classifications. The dataset features spatial data, including boroughs, streets, and geographical coordinates, allowing for precise location mapping. It can be utilized for analyzing compliance trends, identifying areas with frequent violations, and supporting public health and safety initiatives. This comprehensive archive serves as a valuable resource for researchers, policymakers, and the public interested in business regulation and inspection outcomes.",3,3,0,0,1,1,1,1,1,1
ayx3-dixq,"This dataset contains information on Pedicab Lottery Applications submitted between January 16, 2013, and December 15, 2022. It includes 2,375 unique records detailing applicants' names, submission dates, and lottery selection outcomes. Each entry provides insights into the applicant's location, including city, state, and borough, as well as their desired number of pedicabs. The dataset features a variety of unique identifiers, such as record IDs and license numbers, which help track applications through the system. Additionally, it captures the lottery selection dates and whether applicants were selected, offering a comprehensive view of the lottery process. This dataset can be utilized for analyzing trends in pedicab business applications, understanding geographic distribution, and evaluating the effectiveness of the lottery system in granting licenses to pedicab operators. Overall, it serves as a valuable resource for researchers, policymakers, and industry stakeholders interested in the pedicab business landscape.

Column constraints outlined in Data Dictionary:
record_id: System generated; Unique identifier  
record_category: Allowed value: Lottery Application  
industry: Allowed value: Pedicab Business  
application_submission_date: Format: MM/DD/YYYY; Not available for records submitted before 2015  
license_number: Not available for records submitted before 2015; Only available if the applicant has an active Pedicab Business license  
desired_number_of_pedicab: Integer; Typically one, but can be as high as four  
pedicab_lottery_application: Integer; Not available for records submitted before 2015  
pedicab_lottery_priority: Integer; Not available for records submitted before 2016  
lottery_selection_date: Format: MM/DD/YYYY; Not available for records submitted before 2015  
selected_from_lottery: Allowed values: Yes or No; Not available for records submitted before 2015  
borough: Allowed values: Bronx, Brooklyn, Manhattan, Outside NYC, Queens, Staten Island, (blank); Only available for NYC Addresses  
community_district: Only available for NYC Addresses  
council_district: Only available for NYC Addresses","This dataset contains information on Pedicab Lottery Applications, detailing submissions from various applicants between January 15, 2013, and December 12, 2022. Each record includes unique identifiers, applicant names, and details about their lottery applications, such as submission dates and lottery selection outcomes. The dataset features a range of locations across New York and surrounding areas, with data on community and council districts. It can be utilized for analyzing trends in pedicab business applications, understanding geographic distribution, and evaluating the lottery selection process. The temporal coverage allows for insights into changes over time in the pedicab industry.",4,3,1,0,1,1,1,1,1,1
9vpn-rpgs,"This dataset contains detailed information about licensed vehicles operating in New York City, specifically focusing on businesses such as pedicabs, tow trucks, and horse-drawn carriages. Each entry includes a unique DCWP license number, business name, and category, along with vehicle identifiers like the DMV license plate number and asset type. The dataset also tracks the latest inspection results, providing insights into vehicle compliance and safety, with inspection dates ranging from April 2024 to April 2026. With 468 unique license numbers and 461 business names, this dataset serves as a valuable resource for analyzing the licensed vehicle industry in NYC. It can be used to link to other datasets, such as the DCWP Inspections dataset, enhancing research on vehicle safety and regulatory compliance. Overall, this dataset is essential for understanding the operational landscape of licensed vehicles in the city.

Column constraints outlined in Data Dictionary:
dcwp_license_number: System generated alpha-numeric value; Required  
business_category: Allowed values: Horse Drawn Cab Owner; Pedicab Business; Sightseeing Bus; Tow Truck Company  
business_unique_id: System generated alpha-numeric value; Required  
asset_type: Allowed values: Horse Drawn Cab; Pedicab; Sightseeing Bus; Tow Truck  
business_asset_id: System generated alpha-numeric value; Required  
manufacture_identification_number: Alpha-numeric value; Not all vehicles have this value; May be cross-populated with DCWP license plate number  
dmv_license_plate_number: Not all vehicle types are issued license plates; May be cross-populated with DCWP license plate number  
state_of_registration: Not all vehicle types require registration with states' departments of motor vehicles  
dcwp_plate_number: Alpha-numeric value; DCWP does not issue plates to pedicabs  
decal_number: Alpha-numeric value; DCWP does not issue plates to pedicabs; Required for vehicles licensed by DCWP  
latest_inspection_number: System generated alpha-numeric value; Missing values due to data errors; Required  
latest_inspection_date: Format: MM/DD/YYYY; Missing values due to data errors  
latest_inspection_result: Allowed values: Pass; Fail; Complete; Missing values due to data errors","This dataset contains licensed vehicle data, specifically focusing on various businesses operating in New York, including pedicab, tow truck, and horse-drawn cab services. It includes essential information such as business names, unique identifiers, asset types, and inspection results. The dataset features 79 unique business names and spans inspection dates from April 2024 to April 2026. Each entry is identified by a unique license number and includes details like the latest inspection results, which indicate compliance status. This dataset can be utilized for regulatory compliance checks, business analysis, and understanding the landscape of licensed vehicle services in New York.",3,3,1,0,1,1,0,1,1,1
r9ax-4va4,"This dataset contains information about applicants on the Blue Vending License Waitlist, including their unique application IDs, names, waitlist numbers, and current statuses. It features 439 unique application IDs and 427 unique applicant names, with waitlist statuses categorized as ""Selected from Waitlist,"" ""Closed,"" or ""Pending - Blue Waitlist."" The dataset spans selection dates from June 30, 2016, to January 22, 2023, providing a temporal context for tracking application progress. Each applicant must hold a general vendor license, which is also recorded along with its status and type. The dataset includes geographic information, such as city, state, and zip code, allowing for spatial analysis of applicants' locations. This dataset can be utilized for understanding trends in vending license applications, assessing the effectiveness of the waitlist process, and identifying areas with high demand for vending licenses.

Column constraints outlined in Data Dictionary:
waitlist_application_id: System generated; Unique identifier  
record_category: Allowed value: 'Blue Waitlist'  
applicant_name: Text; Required  
blue_waitlist_number: Numeric; Required  
waitlist_status: Allowed values: Closed; Pending - Blue Waitlist; Selected from Waitlist  
selection_date: Format: YYYY-MM-DD; Required if general_vendor_license_number is populated  
general_vendor_license_status: Allowed values: Active; Inactive  
general_vendor_license_type: Allowed values: General Vendor (White); Citywide Specialized Vendor (Yellow); Midtown Specialized Vendor (Blue)  
city: Nullable; Blank values indicate no mailing address on file  
state: Nullable; Blank values indicate no mailing address on file  
zip_code: Nullable; Blank values indicate no mailing address on file","This dataset contains information about applicants on the Blue Waitlist for vending licenses, including their names, application IDs, waitlist numbers, and statuses. It features 100 unique entries, with data spanning from 2016 to 2022. Each entry includes details such as the applicant's city, state, and zip code, as well as their general vendor license number and status. The dataset can be utilized to analyze trends in vending license applications, monitor waitlist statuses, and assess the distribution of applicants across different locations. It serves as a valuable resource for understanding the dynamics of the vending license process.",4,2,1,0,1,1,1,1,1,0
wyj6-frpa,"This dataset contains detailed records of consumer compliance charges against businesses in New York City, covering a wide range of industries such as grocery retail, tobacco sales, and home improvement. It includes unique identifiers for each record and business, the date of the violation, the specific charge, and the outcome of the case. The dataset spans from October 17, 1995, to April 19, 2023, providing a comprehensive view of regulatory actions over time. It features spatial data, including coordinates and borough information, allowing for geographic analysis of compliance issues. This dataset can be utilized by researchers, policymakers, and consumer advocates to identify trends in business compliance, assess the effectiveness of regulations, and enhance consumer protection efforts. Additionally, it serves as a valuable resource for understanding the enforcement of consumer rights and the accountability of businesses within the city.

Column constraints outlined in Data Dictionary:
outcome: Allowed values include ""Decision Dismissed"", ""Default Decision"", ""Hearing Decision"", ""Pleaded"", ""Settlement (During Hearing)"", ""Settlement (Post Hearing)"", ""Settlement (Pre-Hearing)""; Null values are allowed  
latitude: Value range is between -90 and 90; Format is decimal degrees  
longitude: Value range is between -180 and 180; Format is decimal degrees  
community_board: Format is numeric; Null values are allowed  
council_district: Format is numeric; Null values are allowed  
bin: Format is numeric; Null values are allowed  
bbl: Format is numeric; Null values are allowed","This dataset contains information on consumer compliance charges across various industries in New York City, covering a temporal range from October 20, 1998, to May 11, 2023. It includes unique identifiers for each record, business names, violation dates, and specific charges related to compliance regulations. The dataset is spatially enriched with coordinates, boroughs, and addresses, allowing for geographic analysis. It can be utilized to assess compliance trends, identify businesses with repeated violations, and inform regulatory actions. This resource is valuable for researchers, policymakers, and consumer advocacy groups focused on consumer rights and business practices.",4,4,1,1,1,1,1,1,1,1
kun8-kdsr,"This dataset contains detailed information about railroad pathways, represented as geometric entities with spatial data. It includes various attributes such as the length of each pathway, which ranges from 0.0 to 5371.89 meters, and identifiers for the starting and ending nodes of each segment. The dataset features unique values for the organization names associated with the railroads, primarily focusing on Amtrak and CSX. Additionally, it provides demographic data through census-related fields, which can be useful for analyzing the impact of railroads on local communities. The source of the data includes multiple references, ensuring a comprehensive overview of the railroad network. This dataset can be utilized for transportation planning, infrastructure development, and demographic studies related to railroad accessibility and its effects on surrounding areas. Overall, it serves as a valuable resource for researchers, urban planners, and policymakers interested in the dynamics of railroad pathways.","This dataset contains detailed geospatial information about railroad pathways, represented as multiline strings of coordinates. It includes unique identifiers for each segment, such as the tlid, fnode, and tnode, along with the length of each segment measured in float values. The dataset is primarily focused on transportation, featuring organizations like Amtrak and CSX. It also includes demographic data, which can be useful for analyzing the impact of railroads on local communities. This dataset can be utilized for transportation planning, infrastructure development, and demographic studies related to railroad accessibility and usage.",1,2,0,0,1,1,0,0,0,1
vnz6-h2k4,"This dataset provides a comprehensive history of license applications processed by the Department of Consumer and Worker Protection (DCWP) in New York City. It includes detailed information on both businesses and individuals, capturing essential data such as license types, categories, and statuses, along with the associated business names and addresses. The dataset spans from 1994 to 2013, offering insights into the licensing landscape over nearly two decades. Each entry is identified by a unique camis_id, ensuring accurate tracking of applications. The dataset also includes spatial data, such as latitude and longitude, allowing for geographical analysis of license distribution across the city. This information can be invaluable for researchers, policymakers, and consumers interested in understanding business licensing trends, compliance, and consumer protection within the city. Overall, it serves as a vital resource for historical analysis and urban studies related to business operations in New York City.

Column constraints outlined in Data Dictionary:
camis_id: Numeric; Unique identifier  
license_type: Allowed values: Business, Individual  
license_number: Nullable; Only provided for approved applications and renewals  
business_name: Nullable  
trade_name: Nullable; Only populated for businesses with a registered DBA or Trade Name  
activity_type: Allowed values: New Application, Renewal  
activity_date: Date format: MM/DD/YYYY  
activity: Allowed values: APPROVED, DENIED, WITHDRAWN  
building_number: Nullable; Typically associated with a street address; Significant variation in values due to inconsistent data collection  
boro_code: Allowed values: 01, 02, 03, 04, 05; Nullable for businesses outside NYC or individual licensees without a specific location  
community_board: Nullable; Missing data for businesses outside NYC or individual licensees without a specific location  
council_district: Nullable; Missing data for businesses outside NYC or individual licensees without a specific location  
borough: Generated by the Open Data team as part of the geocoding process  
latitude: Generated by the Open Data team as part of the geocoding process  
longitude: Generated by the Open Data team as part of the geocoding process  
bin: Generated by the Open Data team as part of the geocoding process  
bbl: Generated by the Open Data team as part of the geocoding process","This dataset contains detailed records of license applications, including both new applications and renewals, for various businesses and individuals in New York City. It features unique identifiers such as camis_id and license_number, along with information on license types, categories, and statuses. The dataset spans from 1994 to 2013, providing a temporal coverage that allows for analysis of trends over time. Spatial data includes addresses, boroughs, and geographic coordinates, enabling users to map and analyze the distribution of licenses across the city. This dataset is valuable for researchers, policymakers, and businesses interested in understanding licensing trends and compliance within the city.",4,3,1,0,1,1,1,1,1,1
hzd8-k2vv,"This dataset provides a comprehensive overview of Business Improvement Districts (BIDs) across New York City, detailing their operational metrics for fiscal year 2024. It includes key information such as the number of full-time and part-time staff, sanitation and public safety personnel, and the total number of businesses within each district. Additionally, it captures the extent of services provided, including sanitation efforts, public safety initiatives, and community engagement activities. The dataset also highlights the financial aspects, including revenue from assessments, contracts, and grants, as well as expenses related to sanitation, public safety, and beautification projects. This information can be utilized for BID trends analysis, helping stakeholders understand the effectiveness of various initiatives, assess community needs, and inform future planning and resource allocation. Overall, it serves as a valuable resource for evaluating the impact of BIDs on urban environments and local economies.

Column constraints outlined in Data Dictionary:
borough: expected_per_allowed_values: Manhattan, Bronx, Queens, Brooklyn, Staten Island  
service_area_linear_feet: value range: 0 - 121820; units: feet  
full_time_staff: value range: 0 - 59; units: count  
sanitation_workers_employed: value range: 0 - 80; units: count  
public_safety_officers: value range: 0 - 47; units: count  
part_time_staff: value range: 0 - 20; units: count  
individual_businesses: value range: 0 - 9200; units: count  
occupied_storefronts: value range: 0 - 8000; units: count  
vacant_storefronts: value range: 0 - 400; units: count  
total_storefronts: value range: 0 - 9000; units: count  
bid_provides_supplemental: expected_per_allowed_values: True, False  
type_of_bid_sanitation: expected_per_allowed_values: Contracted, In-house, Both, Other  
type_of_duties_assigned_to: expected_per_allowed_values: Street Sweeping and Bagging, Power Washing, Snow and Ice Removal, Graffiti Removal, Gum Removal, Street Furniture Maintenance; Other  
days_per_week_sanitation: value range: 1 - 7; units: count  
hours_logged_by_sanitation: value range: 0 - 125263.87; units: hours  
incidents_of_graffiti_removed: value range: 0 - 736676; units: count  
trash_bags_collected: value range: 0 - 348000; units: count  
trash_and_recycling: expected_per_allowed_values: BID and/or NYC City Owned receptacles  
bid_provides_supplemental_1: expected_per_allowed_values: Yes, No  
type_of_bid_public_safety: expected_per_allowed_values: Contracted, In-house, Both, Other  
type_of_duties_assigned_to_1: expected_per_allowed_values: Monitoring security cameras, Crime prevention workshops, Street patrol, Traffic mitigation, Coordination with NYPD; Other  
interactions_with_public: value range: 0 - 100000; units: count  
planters_and_hanging_baskets: value range: 0 - 1000; units: count  
tree_pits_and_tree_guards: value range: 0 - 1000; units: count  
banners_maintained: value range: 0 - 1000; units: count  
public_art_installations: value range: 0 - 1000; units: count  
street_furniture_elements: value range: 0 - 1000; units: count  
wayfinding_elements: value range: 0 - 1000; units: count  
lighting_elements: value range: 0 - 1000; units: count  
other_infrastructure_elements: value range: 0 - 1000; units: count  
public_spaces_maintained: value range: 0 - 1000; units: count  
bid_provides_seasonal_holiday: expected_per_allowed_values: Yes, No  
communication_channels_used: expected_per_allowed_values: Paid advertising, Digital advertising, Direct mailings, Door-to-door visits, Flyers, Email bulletins, Social media, LinkNYC advertising; Other  
total_email_and_social_media: value range: 0 - 1000000; units: count  
marketing_materials: expected_per_allowed_values: District guides/maps, Event-Specific Advertisements, Coupon books, Apparel, Accessories, Office supplies  
total_marketing_materials: value range: 0 - 1000000; units: count  
public_events_coordinated: value range: 0 - 1000; units: count  
estimated_attendees_to_public: value range: 0 - 1000000; units: count  
assessment_revenue: value range: 0 - 29999999.99; units: US Dollars  
contracts: value range: 0 - 29999999.99; units: US Dollars  
program_service_revenue: value range: 0 - 29999999.99; units: US Dollars  
contributions: value range: 0 - 29999999.99; units: US Dollars  
government_grants: value range: 0 - 29999999.99; units: US Dollars  
interest_income: value range: 0 - 29999999.99; units: US Dollars  
total_revenue: value range: 0 - 29999999.99; units: US Dollars  
sanitation: value range: 0 - 29999999.99; units: US Dollars  
public_safety: value range: 0 - 29999999.99; units: US Dollars  
marketing_special_events: value range: 0 - 29999999.99; units: US Dollars  
streetscape_and_beautification: value range: 0 - 29999999.99; units: US Dollars  
other_program_expenses: value range: 0 - 29999999.99; units: US Dollars  
g_a_salaries_and_payroll: value range: 0 - 29999999.99; units: US Dollars  
g_a_outside_contractors: value range: 0 - 29999999.99; units: US Dollars  
g_a_rent_and_utilities: value range: 0 - 29999999.99; units: US Dollars  
g_a_supplies_and_equipment: value range: 0 - 29999999.99; units: US Dollars  
capital_improvements_and: value range: 0 - 29999999.99; units: US Dollars  
total_expenses: value range: 0 - 29999999.99; units: US Dollars","This dataset provides a comprehensive overview of Business Improvement District (BID) services across various boroughs, detailing aspects such as sanitation, public safety, and community engagement. It includes key metrics like the number of full-time and part-time staff, service area measurements, and the number of businesses and storefronts in each district. The dataset can be utilized for analyzing the effectiveness of BID services, understanding community needs, and evaluating resource allocation. Additionally, it offers insights into the types of services provided, the revenue generated, and the overall impact on local neighborhoods, making it a valuable resource for urban planning and community development initiatives.",1,1,0,0,1,1,0,0,0,0
855v-w7mc,"This dataset contains information about pre-application meetings related to zoning consultations held in New York City from January 2019 to April 2024. It includes details such as the applicant's name, meeting date, address, and geographic identifiers like borough, block, and lot numbers. The dataset features 49 unique meeting dates and covers various neighborhoods across the five boroughs, providing a comprehensive view of zoning discussions. Each entry is associated with a specific calendar number, which helps identify prior Board of Standards and Appeals actions. The dataset can be utilized by urban planners, researchers, and community organizations to analyze trends in zoning applications, assess community engagement in the planning process, and understand the spatial distribution of proposed developments. Additionally, it serves as a valuable resource for tracking the interactions between applicants and city officials, contributing to informed decision-making in urban development.

Column constraints outlined in Data Dictionary:
calendar: expected format is XXX-XXX-X or N/A; may be N/A if there is no prior BSA action; BSA Calendar numbers are ###-###-(letter: BZ, A, BZY)  
address: expected format is ""123 Sesame Street""; if Premises consists of multiple tax blocks, they are included as separate rows  
block: expected format is numeric; if Premises consists of multiple addresses, they are included as separate rows  
lot: expected format is numeric  
borough: allowed values are Manhattan, Bronx, Brooklyn, Queens, Staten Island  
applicant: expected format is a string representing the name of the applicant  
date_of_meeting: expected format is MM/DD/YYYY  
postcode: expected format is numeric; generated as part of the geocoding process  
latitude: expected format is numeric; generated as part of the geocoding process  
longitude: expected format is numeric; generated as part of the geocoding process  
community_board: may refer to ""Community District"" (the geographical area)  
council_district: expected format is numeric; generated as part of the geocoding process  
bin: expected format is numeric; generated as part of the geocoding process  
bbl: expected format is numeric; generated as part of the geocoding process  
census_tract_2020_: expected format is numeric; leading and trailing zeros are dropped as part of the geocoding process  
neighborhood_tabulation_area_nta_2020_: expected format is a string; generated as part of the geocoding process","This dataset contains information on zoning consultation meetings held from January 2019 to April 2024. It includes details such as the applicant's name, meeting dates, addresses, and geographic coordinates, providing a comprehensive overview of pre-application meetings across various boroughs in New York City. The dataset features 33 unique applicants and covers 68 distinct addresses, with spatial data represented by latitude and longitude coordinates. This dataset can be utilized for analyzing trends in zoning applications, understanding community engagement in urban planning, and assessing the distribution of zoning meetings across different neighborhoods.",3,2,0,0,1,1,1,1,1,0
