dataset_id,dataset url,description,description_original,search_focused_description,search_focus_description,data_dict,rows,columns,is_data_dict,is_columns_description
w7w3-xahh,https://data.cityofnewyork.us/d/w7w3-xahh,"This dataset contains detailed information on issued business licenses in New York City, covering a wide range of business categories, including electronic cigarette dealers, home improvement contractors, and general vendors. Each entry includes unique identifiers such as license numbers and business unique IDs, along with essential details like business names, contact information, and addresses. The dataset spans from 1997 to 2025, providing a comprehensive view of the licensing landscape over time. It features various license statuses, indicating whether a license is active, expired, or suspended, which is crucial for consumers and businesses alike. The spatial data, including latitude and longitude, allows for geographic analysis of business distribution across the city. This dataset is valuable for city government agencies, researchers, and consumers seeking to understand business operations and compliance within New York City, facilitating informed decision-making and policy development.

Column constraints outlined in Data Dictionary:
business_category: Allowed values defined in Appendix 1
license_type: Allowed values: Organization, Individual
license_status: Allowed values: Active, Expired, Failed to Renew, Out of Business, Ready for Renewal, Revoked, Surrendered, Suspended
detail: This field is only populated for certain business categories; format varies based on business category
contact_phone: Format: Typically a ten-digit number; various formats accepted depending on international or regional coding; can be blank for individual licensees
address_type: Allowed values: Complete Address, Cross Street (Intersection), Block, Place (Landmark), P.O. Box; Not reported for individual applicants
address_building: Can be blank for individual licensees; can be blank for businesses described by a Landmark or Place Name, or by a street segment (blockface), and for P.O. Box addresses
address_street_name_2: Not reported for individual licensees; can be blank unless address type is Block or Cross Street (Intersection)
street3: Not reported for individual licensees; can be blank unless address type is Block
unit_type: Not reported for individual applicants
apt_suite: Not reported for individual applicants
address_city: Indicates the city of the mailing address for individual applicants
address_zip: Can be null for non-deliverable business locations; indicates the city of the mailing address for individual applicants
address_borough: Allowed values: Manhattan, Bronx, Brooklyn, Queens, Staten Island, Outside of NYC; Not reported for individual licensees; P.O. Boxes and addresses outside of NYC will either show ""Outside NYC"" or be blank
community_board: Expected to be a three-digit number; Not reported for individual licensees; P.O. Boxes and addresses outside of NYC will be blank
council_district: Expected to be a two-digit integer with a leading zero; Not reported for individual licensees; P.O. Boxes and addresses outside of NYC will be blank
bin: Not reported for individual licensees; P.O. Boxes and addresses outside of NYC will be blank
bbl: Not reported for individual licensees; P.O. Boxes and addresses outside of NYC will be blank
nta: Not reported for individual licensees; P.O. Boxes and addresses outside of NYC will be blank
census_block_2010_: Not reported for individual licensees; P.O. Boxes and addresses outside of NYC will be blank
census_tract: Not reported for individual licensees; P.O. Boxes and addresses outside of NYC will be blank
latitude: Not reported for individual licensees; P.O. Boxes and addresses outside of NYC will be blank
longitude: Not reported for individual licensees; P.O. Boxes and addresses outside of NYC will be blank","This dataset contains detailed information on various business licenses in New York City, including license numbers, business names, categories, and statuses. It features 100 unique entries, with data spanning from 2001 to 2025 for license creation dates and up to 2028 for expiration dates. The dataset includes spatial information such as addresses, boroughs, and geographic coordinates, making it useful for mapping and analysis. It can be utilized for research on business compliance, market analysis, and urban planning, providing insights into the distribution and status of licensed businesses across the city.","**Dataset Overview:**
- This dataset contains detailed information on issued business licenses in New York City, covering a wide range of business categories, including electronic cigarette dealers, home improvement contractors, and general vendors. Each entry includes unique identifiers such as license numbers and business unique IDs, along with essential details like business names, contact information, and addresses. The dataset spans from 1997 to 2025, providing a comprehensive view of the licensing landscape over time. It features various license statuses, indicating whether a license is active, expired, or suspended, which is crucial for consumers and businesses alike. The spatial data, including latitude and longitude, allows for geographic analysis of business distribution across the city. This dataset is valuable for city government agencies, researchers, and consumers seeking to understand business operations and compliance within New York City, facilitating informed decision-making and policy development.

**Key Themes or Topics:**
- Business licensing
- Urban business regulation
- Economic development
- Compliance and enforcement
- Public health and safety
- Small business support
- Geographic distribution of businesses
- Consumer protection
- Business demographics
- Local government policy

**Applications and Use Cases:**
- Analysis of business trends and growth in New York City
- Evaluation of compliance with licensing regulations
- Geographic mapping of business types and their distribution
- Research on the impact of business licenses on local economies
- Policy formulation for business support and regulation
- Assessment of business license status for consumer safety
- Planning for urban development and zoning
- Statistical modeling of business operations and demographics
- Monitoring changes in business licenses over time

**Potential Questions:**
- What is the distribution of active versus expired business licenses across different boroughs?
- How does the number of issued licenses for home improvement contractors compare to electronic cigarette dealers over the years?
- What trends can be observed in the licensing status of businesses from 1997 to 2025?
- Which business categories have the highest rates of license suspension or revocation?
- How does the geographic distribution of businesses vary by license type (Organization vs. Individual)?
- What are the common contact phone formats used by licensed businesses in NYC?
- How many businesses are located in each community board, and what are their license statuses?

**Concepts and Synonyms:**
- Business licenses/operating permits
- Licensing authority/regulatory body
- Business categories/industry sectors
- License status/operational status
- Compliance/legislation
- Economic activity/business operations
- Geographic information systems (GIS)/spatial analysis
- Urban planning/business development
- Consumer rights/business accountability

**Keywords and Themes:**
- New York City business licenses
- Issued licenses
- License types
- License status
- Business categories
- Geographic distribution
- Urban regulation
- Economic analysis
- Compliance data
- Business demographics

**Additional Context:**
- This dataset is crucial for understanding the regulatory environment for businesses in New York City, which can inform both local government policy and business strategy.
- It provides insights into the economic landscape of NYC, highlighting the importance of business licenses in fostering a safe and compliant marketplace.
- The dataset can be integrated with other urban datasets to enhance research on socio-economic factors affecting business operations and community development.","Dataset Overview:
- This dataset contains detailed information on various business licenses in New York City, including license numbers, business names, categories, and statuses. It features 100 unique entries, with data spanning from 2001 to 2025 for license creation dates and up to 2028 for expiration dates. The dataset includes spatial information such as addresses, boroughs, and geographic coordinates, making it useful for mapping and analysis. It can be utilized for research on business compliance, market analysis, and urban planning, providing insights into the distribution and status of licensed businesses across the city.

Key Themes or Topics:
- Business licensing
- Urban development
- Economic activity
- Regulatory compliance
- Market research
- Geographic information systems (GIS)
- Public administration
- Entrepreneurship
- Local governance
- Business demographics

Applications and Use Cases:
- Analysis for urban planners and city officials
- Research for compliance officers and regulatory agencies
- Market analysis for entrepreneurs and business developers
- Statistical modeling for economic studies
- Geographic mapping for spatial analysis
- Policy formulation for business regulations
- Community development initiatives
- Risk assessment for business operations

Concepts and Synonyms:
- Business licenses/licensing
- License status/renewal
- Business categories/industry sectors
- Compliance monitoring/regulatory oversight
- Geographic coordinates/spatial data
- Address information/location data
- Boroughs/neighborhoods
- License expiration/validity
- Economic indicators/business metrics
- Urban planning/land use planning

Keywords and Themes:
- NYC business licenses
- License data
- Business compliance data
- Urban analysis
- Economic development
- Spatial analysis
- Business demographics NYC
- License creation and expiration
- Regulatory data
- Mapping business licenses

Additional Context:
- The dataset is relevant for addressing challenges in urban planning and economic development, providing insights into the distribution of licensed businesses and their compliance with local regulations. It can support interdisciplinary research that combines urban studies, economics, and public policy. The integration of spatial data enhances its utility for geographic analysis and visualization, making it a valuable resource for stakeholders involved in city planning and business development.","{'license_nbr': {'column_description': 'An identification number issued to a business or individual when their license application is approved by DCWP.'}, 'business_name': {'column_description': 'The legal business name as filed with the New York State Secretary of State or County Clerk or, if an individual, the person’s first name and last name.'}, 'dba_trade_name': {'column_description': 'The ""Doing Business As"" or ""Trade Name"" registered with the NYS Department of State.'}, 'business_unique_id': {'column_description': 'An identification number assigned by DCWP to track unique businesses across its systems.'}, 'business_category': {'column_description': 'The business activity or business category requiring a DCWP-issued license in order to operate legally within NYC.', 'expected_per_allowed_values': 'See Appendix 1 for a list of values'}, 'license_type': {'column_description': 'Indicates whether the license is issued to an individual or an organization.', 'expected_per_allowed_values': 'Organization, Individual'}, 'license_status': {'column_description': 'Indicates the current status of the license.', 'expected_per_allowed_values': 'Active - the license is active\nExpired - the license has expired\nFailed to Renew - the license has expired but is in a renewal grace period, which typically extends 65 days after the license has expired\nOut of Business - the business either self-reported or was found to be out of business upon inspection\nReady for Renewal - the license is active and the licensee has been sent a renewal notice, typically 90 days prior to the license expiration date\nRevoked - the license has been revoked\nSurrendered - the business voluntarily surrendered its license\nSuspended - the license has been suspended temporarily, either for a fixed term of, typically, between 30 and 90 days, or for non-payment of fines which typically remains in effect until all fines have been paid in full'}, 'detail': {'column_description': 'Additional information about the license for certain business categories.', 'expected_per_allowed_values': 'Garage & Parking Lot - the number of vehicle and bicycle parking spaces available\nGeneral Vendor - the type (or ""color"") of vending license\nSpecialized Vending License - MFV - the type (or ""color"") of vending license\nStoop Line Stand - the type of products sold and the size and number of stands\nTow Truck Company - whether the company is enrolled in the Directed Accident Response Program (DARP) and/or Rotation Tow (ROTOW) programs', 'field_limitations': 'This field is only populated for certain business categories.'}, 'contact_phone': {'column_description': 'The phone number of the business contact.  ', 'expected_per_allowed_values': 'Typically a ten-digit number. Various formats are accepted depending on international or regional coding.', 'field_limitations': 'This field is blank for individual licensees and businesses where providing a phone number was not required.'}, 'address_type': {'column_description': 'The type of address where the business is located.', 'expected_per_allowed_values': 'Complete Address, Cross Street (Intersection), Block, Place (Landmark), P.O. Box', 'field_limitations': 'This field is not reported for individual applicants.', 'additional_notes': 'Cross Street (Intersection) addresses can be read as, ""The business is located on the [Building Number] corner at the intersection of [Street1] and [Street2].\n\nBlock addresses can be read as, ""The business is located on [Street3] between [Street1] and [Street2]"".'}, 'address_building': {'column_description': 'The building number where the business is located.', 'field_limitations': 'This field is blank for individual licensees and can be blank for businesses whose location is described by a Landmark or Place Name, or by a street segment (blockface), and for P.O. Box addresses.', 'additional_notes': 'For businesses whose location is described by an intersection this field typically contains the specific corner of the intersection.\n\nNEC or N/E/C - Northeast Corner of the intersection\nNWC or N/W/C - Northwest Corner of the intersection\nSEC or S/E/C - Southeast Corner of the intersection\nSWC or S/W/C - Southwest Corner of the intersection'}, 'address_street_name_2': {'column_description': 'The name of the cross street where the business is located.', 'field_limitations': 'This field is not reported for individual licensees and will be blank unless the address type is Block or Cross Street (Intersection).', 'additional_notes': 'For business locations described by an intersection this will be the secondary or cross-street; for business locations described by a block-face or street segment this will be one of the cross streets that bounds a block.'}, 'street3': {'column_description': 'The name of the street where the business is located.', 'field_limitations': 'This field is not reported for individual licensees and will be blank unless the address type is Block.', 'additional_notes': 'For business locations described by a block-face or street segment, this will be the name of the street the business is on.'}, 'unit_type': {'column_description': ""The type of unit of the business' address."", 'field_limitations': 'This field is not reported for individual applicants.'}, 'apt_suite': {'column_description': ""The unit number of the business' address."", 'field_limitations': 'This field is not reported for individual applicants.'}, 'address_city': {'column_description': 'The city where the business is located.', 'field_limitations': 'For individual applicants this indicates the city of their mailing address.'}, 'address_zip': {'column_description': 'The ZIP Code where the business is located.', 'field_limitations': 'Null values can result when a business location is non-deliverable by the USPS. For individual applicants this indicates the city of their mailing address.'}, 'address_borough': {'column_description': 'The NYC Borough where the business is located.', 'expected_per_allowed_values': 'Manhattan, Bronx, Brooklyn, Queens, Staten Island, Outside of NYC', 'field_limitations': 'This field is not reported for individual licensees. P.O. Boxes and addresses outside of NYC will either show ""Outside NYC"" or be blank.'}, 'community_board': {'column_description': 'The NYC Community District where the business is located.', 'expected_per_allowed_values': 'Where available this is a three-digit number.', 'field_limitations': 'This field is not reported for individual licensees. P.O. Boxes and addresses outside of NYC will be blank.'}, 'council_district': {'column_description': 'The NYC City Council District where the business is located.', 'expected_per_allowed_values': 'Two-digit integer with a leading zero: 01, 02, 03 ... 51', 'field_limitations': 'This field is not reported for individual licensees. P.O. Boxes and addresses outside of NYC will be blank.'}, 'bin': {'column_description': 'The Building Identification Number where the business is located.', 'field_limitations': 'This field is not reported for individual licensees. P.O. Boxes and addresses outside of NYC will be blank.'}, 'bbl': {'column_description': 'The Borough-Block-Lot number where the business is located.', 'field_limitations': 'This field is not reported for individual licensees. P.O. Boxes and addresses outside of NYC will be blank.'}, 'nta': {'column_description': 'The Neighborhood Tabulation Area where the business is located.', 'field_limitations': 'This field is not reported for individual licensees. P.O. Boxes and addresses outside of NYC will be blank.'}, 'census_block_2010_': {'column_description': 'The 2010 Census Block where the business is located.', 'field_limitations': 'This field is not reported for individual licensees. P.O. Boxes and addresses outside of NYC will be blank.'}, 'census_tract': {'column_description': 'The 2010 Census Tract where the business is located.', 'field_limitations': 'This field is not reported for individual licensees. P.O. Boxes and addresses outside of NYC will be blank.'}, 'latitude': {'column_description': 'The latitudinal coordinate where the business is located.', 'field_limitations': 'This field is not reported for individual licensees. P.O. Boxes and addresses outside of NYC will be blank.'}, 'longitude': {'column_description': 'The longitudinal coordinate where the business is located.', 'field_limitations': 'This field is not reported for individual licensees. P.O. Boxes and addresses outside of NYC will be blank.'}}",69,31,1,1
ci93-uc8s,https://data.cityofnewyork.us/d/ci93-uc8s,"This dataset contains detailed information on certified minority-owned businesses, including their contact details, business descriptions, and contract experience. It features 11,516 unique entries, with data covering various aspects such as account numbers, vendor names, certifications, and project histories. The dataset includes temporal information, with establishment dates ranging from 1980 to 2023, and job experience dates extending to 2025. Spatial data is also provided, including addresses, boroughs, and geographic coordinates. This dataset can be utilized for research and analysis related to minority business participation in public contracts, helping organizations identify potential vendors for procurement opportunities. It serves as a valuable resource for policymakers, researchers, and businesses looking to engage with certified minority-owned enterprises, fostering economic empowerment and diversity in the marketplace.

Column constraints outlined in Data Dictionary:
account_number: integer; unique
vendor_formal_name: string; required
vendor_dba: string; optional
first_name: string; required
last_name: string; required
telephone: string; format: 10-digit number
business_description: string; required
certification: string; allowed values: MBE, WBE, NON-MINORITY; multiple values allowed
cert_renewal_date: date; format: MM/DD/YYYY; required
ethnicity: string; allowed values: BLACK, HISPANIC, ASIAN; required
address1: string; required
city: string; required
state: string; format: 2-letter state code; required
zip: string; format: 5-digit number; required
mailingaddress1: string; required
mailingcity: string; required
mailingstate: string; format: 2-letter state code; required
mailingzip: string; format: 5-digit number; required
website: string; optional; format: valid URL
date_of_establishment: date; format: YYYY-MM-DD; required
aggregate_bonding_limit: float; minimum: 0.0
signatory_to_union_contracts: string; allowed values: Yes, No; required
id6_digit_naics_code: string; format: 6-digit number; required
naics_sector: string; required
naics_subsector: string; required
naics_title: string; required
types_of_construction_projects_performed: string; optional
nigp_codes: string; optional; multiple values allowed
name_of_client_job_exp_1: string; required
largest_value_of_contract: float; minimum: 0.0
percent_self_performed_job_exp_1: float; range: 0.0 to 100.0; required
date_of_work_job_exp_1: date; format: YYYY-MM-DD; required
description_of_work_job_exp_1: string; required
name_of_client_job_exp_2: string; optional
value_of_contract_job_exp_2: float; minimum: 0.0; optional
percent_self_performed_job_exp_2: float; range: 0.0 to 100.0; optional
date_of_work_job_exp_2: date; format: YYYY-MM-DD; optional
description_of_work_job_exp_2: string; optional
name_of_client_job_exp_3: string; optional
value_of_contract_job_exp_3: float; minimum: 0.0; optional
percent_self_performed_job_exp_3: float; range: 0.0 to 100.0; optional
date_of_work_job_exp_3: date; format: YYYY-MM-DD; optional
description_of_work_job_exp_3: string; optional
capacity_building_programs: string; allowed values: Yes, No; required
enrolled_in_passport: string; allowed values: Yes, No; required
borough: string; required
latitude: float; range: -90.0 to 90.0; required
longitude: float; range: -180.0 to 180.0; required
community_board: float; required
council_district: float; required
bin: float; required
bbl: float; required
census_tract_2020_: float; required
neighborhood_tabulation_area_nta_2020_: string; required","This dataset focuses on Certified Minority Businesses, providing detailed information about various vendors, including their contact details, business descriptions, certifications, and project experiences. It encompasses a wide range of industries, from construction and educational services to food and technology. The dataset includes key attributes such as account numbers, business names, and geographic locations, allowing users to identify and connect with minority-owned enterprises across New York. This resource can be utilized for research, supplier diversity initiatives, and to promote economic empowerment within minority communities by facilitating access to these businesses for potential contracts and collaborations.","**Dataset Overview:**
- This dataset contains detailed information on certified minority-owned businesses, including their contact details, business descriptions, and contract experience. It features 11,516 unique entries, with data covering various aspects such as account numbers, vendor names, certifications, and project histories. The dataset includes temporal information, with establishment dates ranging from 1980 to 2023, and job experience dates extending to 2025. Spatial data is also provided, including addresses, boroughs, and geographic coordinates. This dataset can be utilized for research and analysis related to minority business participation in public contracts, helping organizations identify potential vendors for procurement opportunities. It serves as a valuable resource for policymakers, researchers, and businesses looking to engage with certified minority-owned enterprises, fostering economic empowerment and diversity in the marketplace.

**Key Themes or Topics:**
- Minority Business Enterprises (MBE)
- Women-Owned Business Enterprises (WBE)
- Economic Empowerment
- Diversity in Procurement
- Public Contracting
- Small Business Development
- Supplier Diversity
- Minority-Owned Business Participation
- Contract Experience Analysis
- Business Demographics
- Certification Processes
- Urban Economic Development

**Applications and Use Cases:**
- Facilitates analysis for procurement officers seeking to diversify vendor pools.
- Useful for researchers studying the impact of minority business certifications on economic growth.
- Enables policymakers to assess the effectiveness of programs aimed at supporting minority-owned businesses.
- Assists businesses in identifying certified minority vendors for subcontracting opportunities.
- Supports community organizations in advocating for minority business development initiatives.
- Provides insights into trends in minority business participation in public contracts over time.

**Potential Questions:**
- What is the distribution of certified minority-owned businesses by ethnicity?
- How does the contract experience of minority-owned businesses compare to non-minority businesses?
- What trends can be observed in the establishment dates of minority-owned businesses over the years?
- What percentage of contracts are self-performed by minority-owned businesses?
- How do the largest contract values differ among various minority-owned business sectors?
- What geographic areas have the highest concentration of certified minority businesses?

**Concepts and Synonyms:**
- Minority-Owned Businesses/Minority Business Enterprises
- Certification/Accreditation
- Economic Diversity/Inclusive Economy
- Public Procurement/Supplier Diversity Programs
- Contracting Opportunities/Business Opportunities
- Small Business Administration (SBA) Programs
- Business Demographics/Demographic Analysis
- Vendor Registration/Business Registration
- Community Development/Urban Development

**Keywords and Themes:**
- Certified Minority Businesses
- MBE/WBE Certification
- Economic Empowerment
- Supplier Diversity
- Public Contracts
- Business Contact Information
- Contract Experience
- Geographic Distribution
- Business Establishment Dates
- Job Experience

**Additional Context:**
- The dataset is relevant for addressing challenges related to economic inequality and access to public contracts for minority-owned businesses.
- It highlights the importance of supporting diverse suppliers in fostering a more inclusive economy.
- The dataset can be integrated with other economic datasets to provide a comprehensive view of minority business impacts on local economies.","Dataset Overview:
- This dataset focuses on Certified Minority Businesses, providing detailed information about various vendors, including their contact details, business descriptions, certifications, and project experiences. It encompasses a wide range of industries, from construction and educational services to food and technology. The dataset includes key attributes such as account numbers, business names, and geographic locations, allowing users to identify and connect with minority-owned enterprises across New York. This resource can be utilized for research, supplier diversity initiatives, and to promote economic empowerment within minority communities by facilitating access to these businesses for potential contracts and collaborations.

Key Themes or Topics:
- Certified Minority Businesses
- Supplier Diversity
- Economic Empowerment
- Minority-Owned Enterprises
- Business Certifications
- Vendor Management
- Project Experience
- Industry Diversity
- Geographic Distribution of Businesses
- Small Business Development
- Community Engagement
- Contract Opportunities

Applications and Use Cases:
- Supports supplier diversity initiatives for corporations and government agencies.
- Aids researchers in studying the impact of minority businesses on local economies.
- Facilitates networking and collaboration opportunities for minority-owned businesses.
- Assists policymakers in developing programs to support minority entrepreneurship.
- Enables businesses to identify potential vendors for procurement and contracting.
- Provides insights for economic development organizations focused on minority communities.

Concepts and Synonyms:
- Minority Business Enterprises (MBEs)
- Disadvantaged Business Enterprises (DBEs)
- Small and Minority-Owned Businesses
- Business Diversity
- Economic Inclusion
- Vendor Diversity
- Certification Programs
- Minority Supplier Development
- Business Networking
- Community-Based Enterprises
- Contracting Opportunities

Keywords and Themes:
- Certified Minority Businesses
- Supplier Diversity Programs
- Minority-Owned Vendors
- Business Certifications
- Economic Development
- Vendor Information
- Project Experience Data
- Geographic Business Distribution
- Minority Business Support
- Contracting and Procurement
- Small Business Resources

Additional Context:
- The dataset is crucial for addressing disparities in access to business opportunities for minority communities.
- It serves as a resource for enhancing supplier diversity in public and private sectors.
- The dataset can be integrated with other economic datasets to analyze the broader impact of minority businesses on regional economies.
- It highlights the importance of supporting minority entrepreneurship as a means to foster inclusive economic growth and community resilience.","{'account_number': {'column_description': 'Vendor Number'}, 'vendor_formal_name': {'column_description': 'Formal Name of the Company'}, 'vendor_dba': {'column_description': 'Name the Company goes by'}, 'first_name': {'column_description': ""First Name of the Company's Contact Person""}, 'last_name': {'column_description': ""Last Name of the Company's Contact Person""}, 'telephone': {'column_description': 'Telephone Number'}, 'business_description': {'column_description': 'A brief description of the type of service provided'}, 'certification': {'column_description': 'Type of Certification the company qualified for'}, 'cert_renewal_date': {'column_description': 'Date on which certification was renewed'}, 'ethnicity': {'column_description': 'Ethnicity of the Company owner(s)'}, 'address1': {'column_description': 'Company Address'}, 'address2': {'column_description': 'Company Address'}, 'city': {'column_description': 'City in which Company is located'}, 'state': {'column_description': 'State in which Company is located'}, 'zip': {'column_description': 'ZIP code '}, 'mailingaddress1': {'column_description': 'Company mailing address'}, 'mailingaddress2': {'column_description': 'Company mailing address2'}, 'mailingcity': {'column_description': 'City '}, 'mailingstate': {'column_description': 'State'}, 'mailingzip': {'column_description': 'ZIP code '}, 'website': {'column_description': 'Company Website '}, 'date_of_establishment': {'column_description': 'Date the Company was Established'}, 'aggregate_bonding_limit': {'column_description': 'Bonding Limit'}, 'signatory_to_union_contracts': {'column_description': 'Signatory to Union contracts'}, 'id6_digit_naics_code': {'column_description': 'North American Industry Classification System (NAICS) Code that identifies the type of business'}, 'naics_sector': {'column_description': 'NAICS sector (Industry)'}, 'naics_subsector': {'column_description': 'NAICS  Subsector'}, 'naics_title': {'column_description': 'Type of Business'}, 'types_of_construction_projects_performed': {'column_description': 'Type of jobs performed in the construction industry'}, 'nigp_codes': {'column_description': 'National Institute of Governmental Purchasing (NIGP) Codes'}, 'name_of_client_job_exp_1': {'column_description': 'The Business the vendor is working for'}, 'largest_value_of_contract': {'column_description': 'Value (in dollars) of the the contract'}, 'percent_self_performed_job_exp_1': {'column_description': 'Percent of the job performed by the vendor '}, 'date_of_work_job_exp_1': {'column_description': 'Date the work was done'}, 'description_of_work_job_exp_1': {'column_description': 'Description of the work done'}, 'name_of_client_job_exp_2': {'column_description': 'Name of second business the vendor is working for'}, 'value_of_contract_job_exp_2': {'column_description': 'Value (in dollars) of the the contract'}, 'percent_self_performed_job_exp_2': {'column_description': 'Percent of the job performed by the vendor '}, 'date_of_work_job_exp_2': {'column_description': 'Date the work was done'}, 'description_of_work_job_exp_2': {'column_description': 'Description of the work done'}, 'name_of_client_job_exp_3': {'column_description': 'Name of third business the vendor is working for'}, 'value_of_contract_job_exp_3': {'column_description': 'Value (in dollars) of the the contract'}, 'percent_self_performed_job_exp_3': {'column_description': 'Percent of the job performed by the vendor '}, 'date_of_work_job_exp_3': {'column_description': 'Date the work was done'}, 'description_of_work_job_exp_3': {'column_description': 'Description of the work done'}, 'capacity_building_programs': {}, 'enrolled_in_passport': {'column_description': ""Enrollment in the NYC's Procurement and Sourcing Solutions Portal (PASSPort)""}}",11,56,1,1
ptev-4hud,https://data.cityofnewyork.us/d/ptev-4hud,"This dataset contains detailed information on license applications submitted to the New York City Department of Consumer and Worker Protection (DCWP). It includes unique identifiers for each application, business names, and categories, as well as the status of applications, submission dates, and closure dates. The dataset spans from January 15, 2023, to March 26, 2026, providing a comprehensive view of the licensing process over time. It features various business types, including home improvement contractors, secondhand dealers, and sightseeing guides, among others. The dataset also includes spatial data such as addresses, boroughs, and geographic coordinates, allowing for geographic analysis of business locations. This information can be valuable for consumers seeking licensed services, researchers studying business trends, and city officials monitoring compliance with licensing regulations. Overall, it serves as a crucial resource for understanding the landscape of licensed businesses in New York City.

Column constraints outlined in Data Dictionary:
application_id: System generated alpha-numeric value; Unique identifier  
license_number: System generated alpha-numeric value; Can be null for pending, denied, or withdrawn applications  
business_unique_id: System generated alpha-numeric value; Unique identifier  
business_category: Allowed values as per Appendix 1: Business Categories  
application_type: Allowed values: New; Renewal  
license_type: Allowed values: Premises; Individual  
intake_channel: Allowed values: Phone, Email/Mail/Fax, Walk-In, Online, Hardcopy  
submission_date: Format: MM/DD/YYYY; System generated date  
date_closed: Format: MM/DD/YYYY  
status: Allowed values: Submitted; Additional Info Requested; Additional Info Received; FRU AIR Requested; FRU AIR Received; TOL Issued; Approved; Denied; Withdrawn; Closed  
temp_op_letter_issued: Format: MM/DD/YYYY; Not all license categories are eligible for Temporary Operating Letters  
temp_op_letter_expiration: Format: MM/DD/YYYY; Not all license categories are eligible for Temporary Operating Letters  
borough: Allowed values: Manhattan, Bronx, Brooklyn, Queens, Staten Island, Outside of NYC  
community_board: Expected to be a three-digit number where available  
council_district: Expected to be a two-digit integer with a leading zero: 01, 02, ..., 51  
zip: Can be null for non-deliverable business locations  
latitude: Can be null for businesses located outside of NYC  
longitude: Can be null for businesses located outside of NYC","This dataset contains detailed information on license applications, including unique identifiers, business names, and categories. It spans applications submitted from January 5, 2023, to March 19, 2026, with a variety of statuses such as approved and closed. The dataset includes spatial data like addresses, cities, and boroughs, as well as contact information for each business. It can be utilized for analyzing trends in business licensing, understanding the distribution of various business types across different regions, and assessing the efficiency of the application process. The semantic profile highlights the dataset's comprehensive coverage of both temporal and spatial dimensions, making it a valuable resource for researchers and policymakers.","Dataset Overview:
- This dataset contains detailed information on license applications submitted to the New York City Department of Consumer and Worker Protection (DCWP). It includes unique identifiers for each application, business names, and categories, as well as the status of applications, submission dates, and closure dates. The dataset spans from January 15, 2023, to March 26, 2026, providing a comprehensive view of the licensing process over time. It features various business types, including home improvement contractors, secondhand dealers, and sightseeing guides, among others. The dataset also includes spatial data such as addresses, boroughs, and geographic coordinates, allowing for geographic analysis of business locations. This information can be valuable for consumers seeking licensed services, researchers studying business trends, and city officials monitoring compliance with licensing regulations. Overall, it serves as a crucial resource for understanding the landscape of licensed businesses in New York City.

Key Themes or Topics:
- Licensing and Permitting
- Business Regulation and Compliance
- Consumer Protection
- Urban Economic Development
- Geographic Information Systems (GIS)
- Small Business Administration
- Public Policy and Administration
- Workforce Development
- Business Trends and Market Analysis

Applications and Use Cases:
- Facilitates analysis for city officials monitoring compliance with licensing regulations.
- Useful for researchers studying the impact of licensing on business growth and consumer access.
- Enables insights into geographic distribution of licensed businesses for urban planning.
- Assists policymakers in evaluating the effectiveness of licensing processes.
- Supports consumers in identifying licensed service providers in their area.
- Aids in statistical modeling of business trends over time.

Potential Questions:
- What is the distribution of license applications by business category?
- How does the status of applications differ across boroughs?
- What trends can be observed in the submission dates of license applications over time?
- How many applications were approved versus denied in a specific time frame?
- What is the average time taken for applications to be closed?
- How does the intake channel affect the approval rate of applications?

Concepts and Synonyms:
- License applications / Business licenses
- Consumer protection / Public safety
- Business categories / Industry sectors
- Application status / Processing status
- Geographic coordinates / Spatial data
- Business types / Service providers
- Licensing process / Regulatory framework
- Temporary Operating Letters / Provisional licenses

Keywords and Themes:
- NYC license applications
- Business licensing
- Consumer and Worker Protection
- Application status tracking
- Geographic analysis of businesses
- Business compliance
- Urban business landscape
- Licensing trends in NYC

Additional Context:
- The dataset is relevant for addressing challenges related to business regulation and consumer safety in urban environments.
- It provides valuable insights for interdisciplinary applications, including urban studies, public policy, and economic development.
- The dataset can be integrated with other datasets related to business performance, economic indicators, and demographic data for comprehensive analysis.","**Dataset Overview:**
- This dataset contains detailed information on license applications, including unique identifiers, business names, and categories. It spans applications submitted from January 5, 2023, to March 19, 2026, with a variety of statuses such as approved and closed. The dataset includes spatial data like addresses, cities, and boroughs, as well as contact information for each business. It can be utilized for analyzing trends in business licensing, understanding the distribution of various business types across different regions, and assessing the efficiency of the application process. The semantic profile highlights the dataset's comprehensive coverage of both temporal and spatial dimensions, making it a valuable resource for researchers and policymakers.

**Key Themes or Topics:**
- Business Licensing
- Regulatory Compliance
- Urban Development
- Economic Development
- Public Administration
- Spatial Analysis
- Geographic Information Systems (GIS)
- Business Demographics
- Application Processing
- Local Government Policies

**Applications and Use Cases:**
- Analyzing trends in business licensing over time
- Assessing the impact of licensing on local economies
- Evaluating the efficiency of the business application process
- Identifying geographic distribution of business types
- Supporting urban planning and zoning decisions
- Informing policy formulation for business regulations
- Conducting demographic studies related to business ownership
- Enhancing stakeholder engagement in local governance
- Facilitating research on business growth and sustainability

**Concepts and Synonyms:**
- License Applications / Business Permits
- Business Categories / Industry Classification
- Application Status / Processing Status
- Spatial Data / Geographic Data
- Business Names / Company Names
- Unique Identifiers / ID Numbers
- Contact Information / Business Contacts
- Trend Analysis / Data Analysis
- Regulatory Framework / Compliance Requirements

**Keywords and Themes:**
- License Application Data
- Business Licensing Trends
- Application Processing Efficiency
- Geographic Distribution of Businesses
- Business Types and Categories
- Local Business Regulations
- Economic Impact of Licensing
- Spatial Distribution Analysis
- Temporal Analysis of Applications

**Additional Context:**
- The dataset is relevant for addressing challenges in business regulation and compliance, providing insights into the effectiveness of licensing processes.
- It serves as a critical resource for interdisciplinary applications, integrating economic, geographic, and regulatory perspectives.
- The dataset can be used in conjunction with other datasets related to economic development, urban planning, and public policy to enhance understanding and decision-making.","{'application_id': {'column_description': 'An identification number assigned by DCWP to record each application received', 'field_limitations': 'System generated alpha-numeric value'}, 'license_number': {'column_description': 'An identification number issued to a business or individual when their license application is approved by DCWP.', 'field_limitations': 'System generated alpha-numeric value. Will be null for pending and denied or withdrawn applications.'}, 'dba_trade_name': {'column_description': 'The ""Doing Business As"" or ""Trade Name"" registered with the NYS Department of State.'}, 'business_unique_id': {'column_description': 'An identification number assigned by DCWP to track unique businesses across its systems.', 'field_limitations': 'System generated alpha-numeric value', 'additional_notes': 'The Business Unique ID can be used to link these data to other DCWO datasets on NYC Open Data.'}, 'business_category': {'column_description': 'The business activity or business category requiring a DCWP-issued license in order to operate legally within NYC.', 'expected_per_allowed_values': 'See Appendix 1: Business Categories'}, 'application_type': {'column_description': 'Indicates whether the applicant is submitting a new or renewal license application.', 'expected_per_allowed_values': 'New; Renewal'}, 'license_type': {'column_description': 'Indicates whether the applicant is submitting an application for a license to be issued to an individual or to business.', 'expected_per_allowed_values': 'Premises; Individual'}, 'intake_channel': {'column_description': 'The method the applicant used to submit their application to DCWP.', 'expected_per_allowed_values': 'Phone, Email/Mail/Fax, Walk-In, Online, Hardcopy'}, 'submission_date': {'column_description': 'The date an application was submitted in the system.', 'expected_per_allowed_values': 'MM/DD/YYYY', 'field_limitations': 'System generated date'}, 'date_closed': {'column_description': 'The date a final determination was made on an application.', 'expected_per_allowed_values': 'MM/DD/YYYY'}, 'status': {'column_description': 'The current status of the application.', 'expected_per_allowed_values': ""Submitted - the applicant submitted an application to DCWP. This does not mean that DCWP is processing the application\nAdditional Info Requested - the applicant must submit additional information before DCWP can complete its evaluation of the application\nAdditional Info Received - the DCWP received the required additional inforamtion submitted by the applicant\nFRU AIR Requested - DCWP's Fitness Review Unit (FRU) requested additional information required (AIR) from the applicant\nFRU AIR Received - DCWP's FRU received the required additional information submitted by the applicant\nTOL Issued - DCWP issued a Temporary Operating Letter (TOL) that allows the business to operate legally pending final approval of their license application\nApproved - DCWP approved the application and issued a new license or renewed an existing license\nDenied - DCWP denied the application\nWithdrawn - The applicant voluntarily withdrew their application\nClosed - the application was closed from a historical entry.""}, 'temp_op_letter_issued': {'column_description': 'The most recent date a Temporary Operating Letter (TOL) was issued.', 'expected_per_allowed_values': 'MM/DD/YYYY', 'field_limitations': 'Not all license categories are eligible for Temporary Operating Letters (TOL). Also, not all applications in eligible license categories need a TOL', 'additional_notes': 'DCWP may issue a Temporary Operating (Op) Letter to certain applicants while their license application is being reviewed. This allows the business to legally operate for a specific time period.'}, 'temp_op_letter_expiration': {'column_description': 'The current expiration date of a Temporary Operating Letter (TOL).', 'expected_per_allowed_values': 'MM/DD/YYYY', 'field_limitations': 'Not all license categories are eligible for Temporary Operating Letters, and not all applications in eligible categories need a TOL', 'additional_notes': 'TOL are typically issued for a period of 30, 60, or 90 days, depending on the business category and circumstances specific to the application.'}, 'contact_phone': {'column_description': 'The contact phone number of the applicant.', 'field_limitations': 'This field is not reported for individual applicants.'}, 'address_type': {'column_description': 'The type of address where the business is located.', 'expected_per_allowed_values': 'Complete Address; Cross Street (Intersection); Block', 'field_limitations': 'This field is not reported for individual applicants.'}, 'building_number': {'column_description': 'The building number where the business is located.', 'field_limitations': 'This field is not reported for individual applicants.', 'additional_notes': 'For businesses whose location is described by an intersection this field typically contains the specific corner of the intersection.\n\nNEC or N/E/C - Northeast Corner of the intersection\nNWC or N/W/C - Northwest Corner of the intersection\nSEC or S/E/C - Southeast Corner of the intersection\nSWC or S/W/C - Southwest Corner of the intersection'}, 'street': {'column_description': 'The name of the street where the business is located.', 'field_limitations': 'This field is not reported for individual applicants.', 'additional_notes': 'For Segment address types, this field contains the first street that bounds the block where the business is located.'}, 'street_2': {'column_description': 'The name of the cross street where the business is located.', 'field_limitations': 'This field is only populated for cross-street (Intersection) and Block address types. This field is not reported for individual applicants.', 'additional_notes': ""For Cross-Street (Intersection) address types, this field indicates the closest cross street to the business' location.  For Block address types, this field contains the second street that bounds the block where the business is located.""}, 'street3': {'column_description': 'The name of the street where the business is located.', 'field_limitations': 'This field is  only populated for Block address types and is not reported for individual applicants.'}, 'unit_type': {'column_description': ""The type of unit of the business' address."", 'field_limitations': 'This field is not reported for individual applicants.'}, 'city': {'column_description': 'The city where the business is located.', 'field_limitations': 'For individual applicants this indicates the city of their contact address.'}, 'state': {'column_description': 'The state where the business is located.', 'field_limitations': 'For individual applicants this indicates the state of their contact address.'}, 'zip': {'column_description': 'The ZIP Code where the business is located.', 'field_limitations': 'Null values can result when a business location is non-deliverable by the USPS.'}, 'borough': {'column_description': 'The NYC Borough where the business is located.', 'expected_per_allowed_values': 'Manhattan, Bronx, Brooklyn, Queens, Staten Island, Outside of NYC', 'field_limitations': 'This field is not reported for individual applicants.  Addresses outside of NYC will either show ""Outside NYC"" or be blank.'}, 'community_board': {'column_description': 'The NYC Community District where the business is located.', 'expected_per_allowed_values': 'Where available this is a three-digit number.', 'field_limitations': 'This field is not reported for individual applicants. This field is blank for businesses located outside of NYC or where address information is missing.'}, 'council_district': {'column_description': 'The NYC City Council District where the business is located.', 'expected_per_allowed_values': 'Two-digit integer with a leading zero: 01, 02, 03 ... 51', 'field_limitations': 'This field is not reported for individual applicants. This field is blank for businesses located outside of NYC or where address information is missing.'}, 'bin': {'column_description': 'The Building Identification Number where the business is located.', 'field_limitations': 'This field is not reported for individual applicants. This field is blank for businesses located outside of NYC or where address information is missing.'}, 'bbl': {'column_description': 'The Borough-Block-Lot number where the business is located.', 'field_limitations': 'This field is not reported for individual applicants. This field is blank for businesses located outside of NYC or where address information is missing.'}, 'nta': {'column_description': 'The Neighborhood Tabulation Area where the business is located.', 'field_limitations': 'This field is not reported for individual applicants. This field is blank for businesses located outside of NYC or where address information is missing.'}, 'census_block_2010_': {'column_description': 'The 2010 Census Block where the business is located.', 'field_limitations': 'This field is not reported for individual applicants. This field is blank for businesses located outside of NYC or where address information is missing.'}, 'census_tract_2010_': {'column_description': 'The 2010 Census Tract where the business is located.', 'field_limitations': 'This field is not reported for individual applicants. This field is blank for businesses located outside of NYC or where address information is missing.'}, 'latitude': {'column_description': 'The latitudinal coordinate where the business is located.', 'field_limitations': 'This field is not reported for individual applicants. This field is blank for businesses located outside of NYC or where address information is missing.'}, 'longitude': {'column_description': 'The longitudinal coordinate where the business is located.', 'field_limitations': 'This field is not reported for individual applicants. This field is blank for businesses located outside of NYC or where address information is missing.'}}",95,35,1,1
9a87-6m4x,https://data.cityofnewyork.us/d/9a87-6m4x,"This dataset focuses on Equal Opportunity Businesses, providing valuable insights into contracting opportunities across various locations. It includes detailed information such as the date of contract, contracting company, site address, borough, and representative contact details, with temporal coverage from December 18, 2022, to December 3, 2025. The dataset features 381 unique dates and 655 unique site addresses, ensuring a comprehensive overview of business activities. Spatial data is represented through latitude and longitude coordinates, allowing for precise geolocation. Additionally, the dataset includes various identifiers like zip codes, council districts, and census tracts, which can be useful for demographic analysis and aggregation. This information can aid in identifying potential partnerships and fostering inclusivity in the construction industry, aligning with initiatives like ICAP and SBS to promote equitable business practices. Overall, this dataset serves as a crucial resource for stakeholders seeking to engage with diverse contracting opportunities.","This dataset focuses on Equal Opportunity Compliance, providing valuable insights into contracting companies and their project locations across New York. It includes detailed information such as the date of contracts, company names, site addresses, boroughs, and contact details. The dataset spans from December 20, 2022, to October 29, 2025, with a wide range of unique values for each column, ensuring comprehensive coverage. It contains spatial data, including latitude and longitude coordinates, as well as demographic information through census tracts. This dataset can be utilized to analyze compliance with equal opportunity regulations and assess the distribution of contracts across different boroughs and districts.","**Dataset Overview:**
- This dataset focuses on Equal Opportunity Businesses, providing valuable insights into contracting opportunities across various locations. It includes detailed information such as the date of contract, contracting company, site address, borough, and representative contact details, with temporal coverage from December 18, 2022, to December 3, 2025. The dataset features 381 unique dates and 655 unique site addresses, ensuring a comprehensive overview of business activities. Spatial data is represented through latitude and longitude coordinates, allowing for precise geolocation. Additionally, the dataset includes various identifiers like zip codes, council districts, and census tracts, which can be useful for demographic analysis and aggregation. This information can aid in identifying potential partnerships and fostering inclusivity in the construction industry, aligning with initiatives like ICAP and SBS to promote equitable business practices. Overall, this dataset serves as a crucial resource for stakeholders seeking to engage with diverse contracting opportunities.

**Key Themes or Topics:**
- Equal Opportunity Businesses
- Contracting Opportunities
- Business Inclusivity
- Economic Development
- Diversity in Contracting
- Construction Industry Equity
- Supplier Diversity
- Minority-Owned Businesses
- Women-Owned Businesses
- Small Business Development
- Urban Development
- Community Engagement

**Applications and Use Cases:**
- Analysis for policymakers to promote equitable business practices.
- Research for stakeholders interested in supplier diversity initiatives.
- Planning for community development and economic growth strategies.
- Statistical modeling for understanding contracting trends and opportunities.
- Evaluation of the impact of initiatives like ICAP and SBS on business inclusivity.
- Identification of potential partnerships for minority and women-owned businesses.

**Potential Questions:**
- What is the distribution of contracting opportunities by borough?
- How do contracting opportunities for minority-owned businesses differ across various site addresses?
- What trends can be observed in the number of contracts awarded over the dataset's temporal coverage?
- How does the representation of women-owned businesses in contracting opportunities compare to that of minority-owned businesses?
- What are the geographic concentrations of Equal Opportunity Businesses based on latitude and longitude coordinates?

**Concepts and Synonyms:**
- Equal Opportunity/Equitable Business Practices
- Contracting Opportunities/Contract Awards
- Supplier Diversity/Diverse Suppliers
- Minority-Owned/Women-Owned Businesses
- Economic Equity/Business Equity
- Community Development/Urban Planning
- Demographic Analysis/Population Segmentation
- Business Partnerships/Collaborative Opportunities

**Keywords and Themes:**
- Equal Opportunity
- Contracting Data
- Business Opportunities
- Diversity and Inclusion
- Economic Development
- Construction Contracts
- Geographic Information
- Business Identification
- Demographic Data
- Community Engagement

**Additional Context:**
- This dataset is relevant for addressing challenges related to economic disparities in contracting practices.
- It supports interdisciplinary applications by linking economic development with social equity initiatives.
- The dataset can be integrated with other datasets focused on economic indicators, demographic trends, and urban planning to provide a comprehensive view of business opportunities in diverse communities.","Dataset Overview:
- This dataset focuses on Equal Opportunity Compliance, providing valuable insights into contracting companies and their project locations across New York. It includes detailed information such as the date of contracts, company names, site addresses, boroughs, and contact details. The dataset spans from December 20, 2022, to October 29, 2025, with a wide range of unique values for each column, ensuring comprehensive coverage. It contains spatial data, including latitude and longitude coordinates, as well as demographic information through census tracts. This dataset can be utilized to analyze compliance with equal opportunity regulations and assess the distribution of contracts across different boroughs and districts.

Key Themes or Topics:
- Equal Opportunity Compliance
- Contracting and Procurement
- Diversity and Inclusion in Contracting
- Urban Development and Planning
- Socio-economic Analysis
- Demographic Distribution
- Regulatory Compliance
- Public Policy and Administration
- Economic Equity
- Community Development

Applications and Use Cases:
- Facilitates analysis for compliance officers, legal professionals, and regulatory agencies.
- Useful for policymakers in formulating equitable contracting policies and practices.
- Enables researchers to study the impact of equal opportunity regulations on economic development.
- Assists in identifying disparities in contract distribution across boroughs and districts.
- Supports advocacy groups in monitoring compliance and promoting diversity in contracting.
- Aids in urban planning and development assessments related to equal opportunity initiatives.

Concepts and Synonyms:
- Equal Opportunity/Equal Access
- Compliance Monitoring/Regulatory Oversight
- Contract Awards/Procurement Contracts
- Minority-Owned Businesses/Women-Owned Businesses
- Affirmative Action/Equity Initiatives
- Spatial Analysis/Geospatial Data
- Demographic Analysis/Census Data
- Contracting Entities/Contractors
- Project Locations/Contract Sites
- Boroughs/Districts/Neighborhoods

Keywords and Themes:
- Equal Opportunity
- Compliance Data
- Contracting Information
- New York Contracts
- Spatial Data
- Demographic Insights
- Economic Disparities
- Contract Distribution
- Regulatory Framework
- Diversity in Contracting

Additional Context:
- Highlights the dataset's relevance to ongoing discussions about equity in public contracting and the importance of transparency in government procurement processes.
- Emphasizes its value for interdisciplinary applications, integrating insights from sociology, economics, urban studies, and public policy.
- Addresses challenges related to ensuring fair access to contracting opportunities for underrepresented groups and the need for data-driven decision-making in policy formulation.",,724,16,0,1
kf2b-aeh5,https://data.cityofnewyork.us/d/kf2b-aeh5,"This dataset contains information about recruitment events held at various Workforce1 Career Centers in New York City from March 15 to March 19, 2020. It includes details such as the event date, check-in times, job titles, job families, and the companies conducting the recruitment. Each entry provides the qualifications required for the positions, along with the specific borough and address of the event location. The dataset features a diverse range of job families, including customer service and healthcare, with a total of 180 unique event titles and 141 different companies represented. This dataset can be utilized by job seekers to identify employment opportunities, by researchers analyzing job market trends, or by organizations looking to understand recruitment patterns in the area. Overall, it serves as a valuable resource for anyone interested in the dynamics of job recruitment events in New York City.

Column constraints outlined in Data Dictionary:
event_date: Date field in Microsoft Excel date format; must represent a valid date
check_in_from: Time field in Microsoft Excel time format; must represent a valid time
check_in_to: Time field in Microsoft Excel time format; must represent a valid time; must be later than check_in_from
job_family: Job families are from the 2010 Standard Occupation Classification (SOC) occupational listing at the US Bureau of Labor Statistics; must be a valid job family
location_name_and_address: Text field; must represent a valid address format","This dataset provides a schedule of recruitment events, detailing various job opportunities across different locations in New York City. It includes essential information such as event dates, check-in times, job titles, and required qualifications. The dataset covers events from March 15 to March 18, 2020, and features locations primarily in Queens and Manhattan. Each entry specifies the company hosting the event and the qualifications needed for applicants. This dataset can be utilized by job seekers to identify potential employment opportunities and by organizations to promote their recruitment events effectively.","Dataset Overview:
- This dataset contains information about recruitment events held at various Workforce1 Career Centers in New York City from March 15 to March 19, 2020. It includes details such as the event date, check-in times, job titles, job families, and the companies conducting the recruitment. Each entry provides the qualifications required for the positions, along with the specific borough and address of the event location. The dataset features a diverse range of job families, including customer service and healthcare, with a total of 180 unique event titles and 141 different companies represented. This dataset can be utilized by job seekers to identify employment opportunities, by researchers analyzing job market trends, or by organizations looking to understand recruitment patterns in the area. Overall, it serves as a valuable resource for anyone interested in the dynamics of job recruitment events in New York City.

Key Themes or Topics:
- Recruitment events
- Workforce development
- Job market analysis
- Employment opportunities
- Career services
- Job fairs
- Labor market trends
- Human resources
- Job seeker resources
- Employer engagement

Applications and Use Cases:
- Facilitates analysis for job seekers identifying potential employment opportunities.
- Useful for researchers studying labor market trends and employment patterns.
- Enables organizations to understand recruitment strategies and employer needs.
- Assists policymakers in workforce development initiatives and planning.
- Supports career counselors in guiding job seekers towards relevant events.

Potential Questions:
- What types of job families are most represented in the recruitment events?
- How do the qualifications required for positions vary across different companies?
- What is the distribution of recruitment events by borough in New York City?
- How do check-in times correlate with the number of attendees at events?
- What trends can be observed in job titles offered during this specific time frame?

Concepts and Synonyms:
- Job recruitment/event recruitment
- Career fairs/job fairs
- Employment events/recruitment drives
- Job openings/employment vacancies
- Workforce1 Career Centers/Workforce development centers
- Job qualifications/position requirements
- Labor force/job market
- Employer recruitment strategies

Keywords and Themes:
- recruitment events
- job titles
- job families
- Workforce1
- New York City
- employment opportunities
- career centers
- job seekers
- labor market trends
- qualifications

Additional Context:
- This dataset is relevant for understanding the dynamics of job recruitment in urban settings, particularly in response to economic conditions.
- It provides insights into the types of jobs available during a specific period, which can be critical for workforce planning and development.
- The dataset can be integrated with other labor market datasets to provide a comprehensive view of employment trends and recruitment practices in New York City.","Dataset Overview:
- This dataset provides a schedule of recruitment events, detailing various job opportunities across different locations in New York City. It includes essential information such as event dates, check-in times, job titles, and required qualifications. The dataset covers events from March 15 to March 18, 2020, and features locations primarily in Queens and Manhattan. Each entry specifies the company hosting the event and the qualifications needed for applicants. This dataset can be utilized by job seekers to identify potential employment opportunities and by organizations to promote their recruitment events effectively.

Key Themes or Topics:
- Recruitment events
- Job opportunities
- Employment fairs
- Career development
- Workforce engagement
- Human resources
- Job market trends
- Employer branding
- Talent acquisition
- Networking events

Applications and Use Cases:
- Assists job seekers in finding employment opportunities
- Supports organizations in promoting recruitment initiatives
- Aids career counselors in advising clients on job search strategies
- Facilitates analysis for HR professionals in understanding recruitment patterns
- Useful for researchers studying labor market dynamics
- Enables companies to plan and execute effective recruitment strategies

Concepts and Synonyms:
- Recruitment/Recruiting
- Job fair/Career fair
- Employment event/Job event
- Candidate qualifications/Applicant requirements
- Event schedule/Timeline
- Job titles/Positions
- Check-in times/Registration times
- Host company/Recruiting organization
- Job seeker/Applicant
- Employment opportunities/Job openings

Keywords and Themes:
- recruitment events
- job opportunities
- New York City
- Queens
- Manhattan
- event schedule
- qualifications
- career opportunities
- job seekers
- employer events

Additional Context:
- Highlights the importance of recruitment events in connecting job seekers with potential employers in a competitive job market.
- Emphasizes the role of such datasets in enhancing the visibility of recruitment events and improving access to job opportunities for diverse populations.
- Relevant for understanding the impact of recruitment strategies on employment rates and workforce diversity in urban settings.","{'location': {'column_description': 'The name of the Workforce1 Career Center at which this recruitment event is taking place.', 'additional_notes': 'Text field'}, 'event_date': {'column_description': 'The date of the recruitment event.', 'additional_notes': 'Date field in Microsoft Excel date format'}, 'check_in_from': {'column_description': 'The earliest time that candidates can arrive to participate in the event.', 'additional_notes': 'Time field in Microsoft Excel time format'}, 'check_in_to': {'column_description': 'The latest time that candidates can arrive to participate in the event.', 'additional_notes': 'Time field in Microsoft Excel time format'}, 'event_title': {'column_description': 'The title of the event, which is usually one or more open positions being recruited for.', 'additional_notes': 'Text field'}, 'job_family': {'column_description': 'The Standard Occupation Classification (SOC) job family describing the position being recruited for.', 'term_acronym_or_code_definitions': 'Job families are from the 2010 Standard Occupation Classification (SOC) occupational listing at the US Bureau of Labor Statistics', 'additional_notes': 'Text field'}, 'company_name_or_type': {'column_description': 'The name of the company on whose behalf the recruitment is taking place, or a summary of the type of company with open positions.', 'additional_notes': 'Text field'}, 'qualifications': {'column_description': 'A summary of employer requirements being screened for.  For example, this field may indicate experience, education or license/certification requirements or preferences.', 'additional_notes': 'Text field'}, 'borough': {'column_description': 'The name of the borough in which recruitment takes place.', 'additional_notes': 'Text field'}, 'location_name_and_address': {'column_description': 'The physical address of the Workforce1 Career Center at which recruitment takes place.', 'additional_notes': 'Text field'}}",23,10,1,0
5fn4-dr26,https://data.cityofnewyork.us/d/5fn4-dr26,"This dataset contains detailed records of consumer protection violations related to various businesses in New York City, specifically focusing on enforcement charges issued by the Department of Consumer Affairs (DCA). It includes unique identifiers for each record, business names, categories, and inspection details, along with violation dates and specific charges. The dataset spans from July 18, 2023, to January 13, 2026, providing a comprehensive view of compliance issues over time. Users can analyze the frequency and types of violations, assess business compliance with regulations, and track outcomes of adjudications, such as guilty or not guilty findings. This information is valuable for researchers, policymakers, and consumer advocates aiming to enhance consumer protection and ensure businesses operate within legal standards. The dataset also allows for linking to other DCA datasets, facilitating broader analyses of business practices and regulatory enforcement in the city.

Column constraints outlined in Data Dictionary:
record_id: System generated alpha-numeric value; Unique identifier  
related_record_type: Allowed values: dcwp_inspectionrequest; dcwp_legal  
business_unique_id: System generated alpha-numeric value; Unique identifier  
certificate_of_inspection: System generated alpha-numeric value; Not populated for legal investigations  
inspection_number: System generated alpha-numeric value; Not usually populated for legal investigations  
noh_number: System generated alpha-numeric value  
violation_date: Format: MM/DD/YYYY  
cure_eligible: Allowed values: Yes; No; Null values interpreted as No  
cured: Allowed values: Yes; No; Blank values indicate pending resolution  
outcome: Allowed values: See Appendix 2: Outcomes; Blank values indicate pending resolution  
guilty: Expected value: Integer; Blank values indicate pending resolution  
not_guilty: Expected value: Integer; Blank values indicate pending resolution  
dismissed: Expected value: Integer; Blank values indicate pending resolution","This dataset focuses on consumer protection violations, specifically related to businesses in various categories, including tobacco and electronic cigarette dealers. It contains detailed records of inspections, including unique identifiers for businesses and inspection reports, violation dates, and specific charges related to non-compliance with health and safety regulations. The dataset spans from August 2023 to February 2026, providing a comprehensive view of enforcement actions over time. It can be utilized for analyzing trends in consumer protection violations, assessing compliance among businesses, and informing regulatory practices to enhance consumer safety and public health.","Dataset Overview:
- This dataset contains detailed records of consumer protection violations related to various businesses in New York City, specifically focusing on enforcement charges issued by the Department of Consumer Affairs (DCA). It includes unique identifiers for each record, business names, categories, and inspection details, along with violation dates and specific charges. The dataset spans from July 18, 2023, to January 13, 2026, providing a comprehensive view of compliance issues over time. Users can analyze the frequency and types of violations, assess business compliance with regulations, and track outcomes of adjudications, such as guilty or not guilty findings. This information is valuable for researchers, policymakers, and consumer advocates aiming to enhance consumer protection and ensure businesses operate within legal standards. The dataset also allows for linking to other DCA datasets, facilitating broader analyses of business practices and regulatory enforcement in the city.

Key Themes or Topics:
- Consumer protection
- Regulatory compliance
- Business violations
- Enforcement actions
- Legal adjudications
- Inspection processes
- Consumer rights
- Business accountability
- Public policy
- Urban consumer issues

Applications and Use Cases:
- Analyzing trends in consumer protection violations for policy development
- Assessing the effectiveness of enforcement actions by the DCA
- Evaluating business compliance with consumer protection laws
- Identifying patterns in types of violations across different business categories
- Supporting consumer advocacy efforts with data-driven insights
- Informing legal strategies for businesses facing consumer protection charges
- Conducting academic research on consumer behavior and business practices

Potential Questions:
- What is the distribution of consumer protection violations by business category?
- How do violation outcomes differ between businesses with and without prior infractions?
- What trends can be observed in the frequency of violations over time from July 2023 to January 2026?
- How many businesses were found guilty of consumer protection violations in a given year?
- What percentage of violations were cured versus those pending resolution?
- How do the types of violations vary across different neighborhoods in New York City?

Concepts and Synonyms:
- Consumer protection violations/consumer rights violations
- Regulatory enforcement/business compliance
- Legal outcomes/adjudication results
- Inspection reports/inspection findings
- Violation charges/enforcement charges
- Compliance issues/legal compliance
- Consumer advocacy/consumer rights advocacy
- Business accountability/market regulation

Keywords and Themes:
- consumer protection
- business violations
- enforcement actions
- legal adjudications
- inspection data
- compliance analysis
- consumer rights
- regulatory oversight
- DCA enforcement
- New York City business practices

Additional Context:
- This dataset is crucial for understanding the landscape of consumer protection in urban environments, particularly in New York City, where diverse business practices can lead to varying levels of compliance. It serves as a resource for interdisciplinary studies that intersect law, public policy, and consumer behavior, enabling stakeholders to address challenges in consumer protection effectively. The ability to link this dataset with other DCA datasets enhances its utility for comprehensive analyses of regulatory enforcement and business practices.","Dataset Overview:
- This dataset focuses on consumer protection violations, specifically related to businesses in various categories, including tobacco and electronic cigarette dealers. It contains detailed records of inspections, including unique identifiers for businesses and inspection reports, violation dates, and specific charges related to non-compliance with health and safety regulations. The dataset spans from August 2023 to February 2026, providing a comprehensive view of enforcement actions over time. It can be utilized for analyzing trends in consumer protection violations, assessing compliance among businesses, and informing regulatory practices to enhance consumer safety and public health.

Key Themes or Topics:
- Consumer protection
- Regulatory compliance
- Health and safety violations
- Business inspections
- Tobacco industry
- Electronic cigarette regulation
- Enforcement actions
- Public health and safety
- Consumer rights
- Violation trends

Applications and Use Cases:
- Analyzing compliance trends for businesses in the tobacco and electronic cigarette sectors
- Informing regulatory practices and policy formulation for consumer protection
- Assessing the effectiveness of health and safety regulations
- Supporting public health initiatives and consumer advocacy efforts
- Conducting statistical modeling of violation patterns over time
- Evaluating the impact of enforcement actions on business practices

Concepts and Synonyms:
- Consumer protection violations / consumer rights infringements
- Regulatory compliance / adherence to regulations
- Health and safety regulations / public health standards
- Business inspections / compliance audits
- Enforcement actions / regulatory enforcement
- Tobacco dealers / tobacco retailers
- Electronic cigarette dealers / vape shops
- Violation reports / inspection findings
- Non-compliance / failure to comply

Keywords and Themes:
- consumer protection
- health and safety
- regulatory compliance
- tobacco violations
- electronic cigarette violations
- business inspections
- enforcement actions
- public health
- consumer safety
- violation trends

Additional Context:
- The dataset is relevant for addressing challenges related to consumer safety in the tobacco and vaping industries.
- It provides valuable insights for policymakers and regulators aiming to enhance consumer protection measures.
- The dataset can be integrated with other public health datasets to analyze broader trends in consumer behavior and regulatory effectiveness.
- It supports interdisciplinary research involving public health, law, and business ethics.","{'record_id': {'column_name': 'Record ID', 'column_description': 'An identification number assigned by DCWP to record each application received', 'field_limitations': 'System generated alpha-numeric value'}, 'related_record_type': {'column_name': 'Related Record Type', 'column_description': 'Indicates whether the charges resulted from a business inspection conducted by the Enforcement division or from an investigation by the Office of General Counsel.', 'expected_per_allowed_values': 'dcwp_inspectionrequest; dcwp_legal', 'additional_notes': 'When dcwp_inspectionrequest, inspection details can be found in the DCWP Inspections dataset by matching on either Certificate of Inspection or Inspection Number.'}, 'business_unique_id': {'column_name': 'Business Unique ID', 'column_description': 'An identification number assigned by DCWP to track unique businesses across its systems.', 'field_limitations': 'System generated alpha-numeric value', 'additional_notes': 'The Business Unique ID can be used to link these data to other DCWP datasets on NYC Open Data.'}, 'business_name': {'column_name': 'Business Name', 'column_description': 'The name of the business.'}, 'dba_trade_name': {'column_name': 'DBA/Trade Name', 'column_description': 'The ""Doing Business As"" or ""Trade Name"" registered with the NYS Department of State.'}, 'business_category': {'column_name': 'Business Category', 'column_description': 'The business activity or business category requiring a DCWP-issued license in order to operate legally within NYC.', 'expected_per_allowed_values': 'See Appendix 1: Business Categories'}, 'certificate_of_inspection': {'column_name': 'Certificate of Inspection', 'column_description': ""An identification number assigned to track DCWP inspectors' visits to businesses"", 'field_limitations': 'System generated alpha-numeric value;  Is not populated for legal investigations.'}, 'inspection_number': {'column_name': 'Inspection Number', 'column_description': 'An identification number assigned to an inspection of a business.', 'field_limitations': 'System generated alpha-numeric value. Is not usually populated for legal investigations.', 'additional_notes': 'When an inspector visits a business to conduct an inspection it is possible for more than one inspection number to be generated. This most typically occurs when an inspection includes multiple business categories.'}, 'noh_number': {'column_name': 'NOH Number', 'column_description': 'The ""Notice of Hearing"" number, also referred to as ""Summons Number"".', 'field_limitations': 'System generated alpha-numeric value.'}, 'violation_date': {'column_name': 'Violation Date', 'column_description': 'The date the inspection that resulted in the charges was conducted.  For legal investigations, the date the charges were filed.', 'expected_per_allowed_values': 'MM/DD/YYYY'}, 'charge': {'column_name': 'Charge', 'column_description': 'The section of law or regulation that was not in compliance and description of the violation.'}, 'charge_count': {'column_name': 'Charge Count', 'column_description': 'The number of charges of this type.'}, 'cure_eligible': {'column_name': 'Cure Eligible', 'column_description': 'Indicates whether the specific charge is eligible for cure or zero-dollar fine.', 'expected_per_allowed_values': 'Yes; No', 'field_limitations': 'Cure-eligibility is determined by a review process and is not always populated.  Null values can be interpreted as ""No"".'}, 'cured': {'column_name': 'Cured', 'column_description': 'Indicates whether the respondent pled guilty to the charge and certified that the violation has been corrected.', 'expected_per_allowed_values': 'Yes; No', 'field_limitations': 'Blank values indicate the charges have not been adjudicated and are pending resolution.'}, 'outcome': {'column_name': 'Outcome', 'column_description': 'The outcome of the adjudication process', 'expected_per_allowed_values': 'See Appendix 2: Outcomes', 'field_limitations': 'Blank values indicate the charges have not been adjudicated and are pending resolution.'}, 'guilty': {'column_name': 'Guilty', 'column_description': 'Number of counts where the respondent was found guilty via decision.', 'expected_per_allowed_values': 'Integer', 'field_limitations': 'Blank values indicate the charges have not been adjudicated and are pending resolution.'}, 'not_guilty': {'column_name': 'Not Guilty', 'column_description': 'Number of counts where the respondent was found not guilty', 'expected_per_allowed_values': 'Integer', 'field_limitations': 'Blank values indicate the charges have not been adjudicated and are pending resolution.'}, 'dismissed': {'column_name': 'Dismissed', 'column_description': 'Number of counts dismissed.', 'expected_per_allowed_values': 'Integer', 'field_limitations': 'Blank values indicate the charges have not been adjudicated and are pending resolution.'}}",118,18,1,1
qcdj-rwhu,https://data.cityofnewyork.us/d/qcdj-rwhu,"This dataset contains detailed information on sidewalk café licenses issued by the Department of Consumer Affairs (DCA) in New York City. It includes unique identifiers for each license, the status of the licenses, and the names of the businesses involved, along with their locations, including building numbers, streets, cities, states, and zip codes. The dataset also provides measurements related to the café's size, such as square footage, number of tables, and chairs. Temporal data is included, covering application submission dates, status updates, and expiration dates, allowing for tracking of the licensing process over time. This dataset can be utilized by city government officials, researchers, and business owners to analyze trends in sidewalk café licensing, assess compliance with regulations, and support urban planning initiatives. It serves as a valuable resource for understanding the dynamics of outdoor dining spaces in the city.","This dataset contains information on Sidewalk Café Licenses, including details such as license numbers, business names, locations, and status updates. It features 100 unique entries, with data covering various aspects like the type of café, square footage, and seating arrangements. The dataset spans a temporal range from 2017 to 2022, providing insights into application statuses and expiration dates. It can be utilized for analyzing trends in sidewalk café licensing, understanding community impacts, and tracking compliance with local regulations. The semantic profile highlights key identifiers and measurements, making it a valuable resource for urban planning and business development studies.","Dataset Overview:
- This dataset contains detailed information on sidewalk café licenses issued by the Department of Consumer Affairs (DCA) in New York City. It includes unique identifiers for each license, the status of the licenses, and the names of the businesses involved, along with their locations, including building numbers, streets, cities, states, and zip codes. The dataset also provides measurements related to the café's size, such as square footage, number of tables, and chairs. Temporal data is included, covering application submission dates, status updates, and expiration dates, allowing for tracking of the licensing process over time. This dataset can be utilized by city government officials, researchers, and business owners to analyze trends in sidewalk café licensing, assess compliance with regulations, and support urban planning initiatives. It serves as a valuable resource for understanding the dynamics of outdoor dining spaces in the city.

Key Themes or Topics:
- Urban planning
- Outdoor dining
- Business licensing
- Regulatory compliance
- Economic development
- Public space utilization
- Hospitality industry
- City infrastructure
- Community engagement

Applications and Use Cases:
- Analysis of sidewalk café trends for urban planners
- Assessment of compliance with sidewalk café regulations for city officials
- Research on the economic impact of outdoor dining on local businesses
- Evaluation of public space usage and urban design
- Statistical modeling of café size and capacity in relation to city zoning laws
- Policy formulation for outdoor dining initiatives and regulations

Potential Questions:
- What is the distribution of sidewalk café licenses by neighborhood?
- How does the number of tables and chairs vary across different café sizes?
- What trends can be observed in the application submission dates over the past five years?
- How do sidewalk café license statuses differ between various business types?
- What is the average square footage of sidewalk cafés in different boroughs of New York City?

Concepts and Synonyms:
- Sidewalk café/outdoor café
- Café licensing/business permits
- Urban dining/public dining spaces
- Temporary outdoor seating/seasonal dining
- Business location/address
- License status/permit status
- Square footage/area measurement
- Tables and chairs/furniture count

Keywords and Themes:
- Sidewalk café licenses
- New York City DCA
- Outdoor dining regulations
- Business compliance
- Urban dining trends
- Café size metrics
- Licensing process
- Public space management

Additional Context:
- This dataset is relevant for addressing challenges related to urban density and outdoor dining regulations in metropolitan areas.
- It provides insights into the relationship between outdoor dining spaces and community engagement, as well as their impact on local economies.
- The dataset can be integrated with other urban planning datasets to enhance understanding of public space utilization and urban design strategies.","Dataset Overview:
- This dataset contains information on Sidewalk Café Licenses, including details such as license numbers, business names, locations, and status updates. It features 100 unique entries, with data covering various aspects like the type of café, square footage, and seating arrangements. The dataset spans a temporal range from 2017 to 2022, providing insights into application statuses and expiration dates. It can be utilized for analyzing trends in sidewalk café licensing, understanding community impacts, and tracking compliance with local regulations. The semantic profile highlights key identifiers and measurements, making it a valuable resource for urban planning and business development studies.

Key Themes or Topics:
- Urban Planning
- Business Development
- Public Space Management
- Local Government Regulations
- Community Development
- Economic Development
- Hospitality Industry
- Outdoor Dining Trends
- Compliance and Enforcement

Applications and Use Cases:
- Urban planning and design
- Policy formulation for outdoor dining regulations
- Business analysis for café owners and entrepreneurs
- Compliance tracking for local authorities
- Community impact assessments
- Statistical modeling of licensing trends
- Research on public space utilization
- Economic impact studies related to sidewalk cafés

Concepts and Synonyms:
- Sidewalk Café/Sidewalk Café License
- Outdoor Dining/Al Fresco Dining
- Business License/Permit
- Café/Restaurant
- Licensing Status/Permit Status
- Square Footage/Area Measurement
- Seating Capacity/Seating Arrangement
- Compliance/Regulatory Compliance
- Local Ordinances/City Regulations
- Expiration Date/Renewal Process

Keywords and Themes:
- Sidewalk Café
- Café Licensing
- Outdoor Dining Regulations
- Business Permits
- Urban Development
- Community Impact
- Local Business
- Public Space
- Compliance Tracking
- Economic Analysis

Additional Context:
- This dataset is relevant for addressing challenges related to urban space utilization and the integration of outdoor dining in city planning. It provides insights into the evolving landscape of sidewalk cafés, particularly in response to changing consumer preferences and public health considerations. The dataset can be integrated with other urban datasets to enhance understanding of the socio-economic impacts of sidewalk cafés on local communities and businesses.",,324,47,0,1
jzhd-m6uv,https://data.cityofnewyork.us/d/jzhd-m6uv,"This dataset contains detailed records of business inspections conducted by the Department of Consumer and Worker Protection (DCWP) in New York City. It includes essential information such as the unique identification numbers for inspections and businesses, the date of each inspection, and the business names and categories. The dataset spans from July 23, 2023, to March 3, 2026, and covers various locations across the city, with latitude and longitude coordinates provided for precise mapping. Each record indicates the inspection type and status, allowing users to track compliance with regulations and identify potential violations. This dataset is valuable for researchers, policymakers, and consumers interested in understanding business compliance, enforcement actions, and industry standards within New York City. It can also be used to analyze trends in business inspections and assess the effectiveness of regulatory measures in promoting consumer safety and fair practices.

Column constraints outlined in Data Dictionary:
certificate_of_inspection: System generated alpha-numeric value; Required  
inspection_number: System generated alpha-numeric value; Required  
date_of_occurrence: Format MM/DD/YYYY; Required  
business_unique_id: System generated alpha-numeric value; Required  
dba_trade_name: Nullable; Only populated for businesses with a registered DBA or Trade Name  
business_category: Expected values as per Appendix 1: Business Categories; Required  
dcwp_license_number: Nullable; Only populated when a license is associated with the business during inspection  
inspection_type: Expected values as per Appendix 2: Inspection Types; Required  
inspection_status: Expected values as per Appendix 3: Inspection Statuses; Required  
noh_number: Nullable; Only populated when an inspection results in a violation  
address_type: Expected values: Complete Address; Cross Street (Intersection); Block; Required  
building_number: Nullable; For Cross-Street (Intersection) address types, may contain a corner designation  
street_2: Nullable; Only populated for Cross-Street (Intersection) and Block address types  
borough: Expected values: Manhattan, Bronx, Brooklyn, Queens, Staten Island, Outside of NYC; Required  
community_district: Nullable; Expected to be blank for businesses located outside of NYC  
city_council_district: Nullable; Expected to be blank for businesses located outside of NYC; Format: Two-digit integer with leading zero  
bin: Nullable; Expected to be blank for businesses located outside of NYC and for Cross Street (Intersection) and Block address types  
bbl: Nullable; Expected to be blank for businesses located outside of NYC and for Cross Street (Intersection) and Block address types  
nta: Nullable; Expected to be blank for businesses located outside of NYC and for Cross Street (Intersection) and Block address types  
latitude: Nullable; Expected to be blank for businesses located outside of NYC  
longitude: Nullable; Expected to be blank for businesses located outside of NYC","This dataset contains detailed records of business inspections, including information such as the certificate of inspection, inspection number, date of occurrence, and business details like name and category. It covers a temporal range from August 2023 to March 2026 and includes spatial data with latitude and longitude coordinates for precise location tracking. The dataset can be utilized for analyzing compliance with regulations, identifying trends in business operations, and assessing the status of various establishments across New York City. It serves as a valuable resource for researchers, policymakers, and public health officials interested in business oversight and community safety.","Dataset Overview:
- This dataset contains detailed records of business inspections conducted by the Department of Consumer and Worker Protection (DCWP) in New York City. It includes essential information such as the unique identification numbers for inspections and businesses, the date of each inspection, and the business names and categories. The dataset spans from July 23, 2023, to March 3, 2026, and covers various locations across the city, with latitude and longitude coordinates provided for precise mapping. Each record indicates the inspection type and status, allowing users to track compliance with regulations and identify potential violations. This dataset is valuable for researchers, policymakers, and consumers interested in understanding business compliance, enforcement actions, and industry standards within New York City. It can also be used to analyze trends in business inspections and assess the effectiveness of regulatory measures in promoting consumer safety and fair practices.

Key Themes or Topics:
- Business Compliance
- Regulatory Inspections
- Consumer Protection
- Public Health and Safety
- Urban Regulation
- Enforcement Actions
- Industry Standards
- Business Operations
- Inspection Trends
- Geographic Information Systems (GIS) in Inspections

Applications and Use Cases:
- Facilitates analysis for public health officials, consumer advocates, and regulatory agencies.
- Useful for assessing compliance rates among various business categories.
- Enables insights into the effectiveness of regulatory measures in promoting consumer safety.
- Supports urban planning and policy formulation regarding business operations.
- Assists researchers in studying the impact of inspections on business practices and consumer trust.

Potential Questions:
- What is the distribution of inspection types across different business categories?
- How does the inspection status vary by borough in New York City?
- What trends can be observed in the frequency of inspections over time?
- How do inspection outcomes differ between businesses with and without a DCWP license?
- What are the common violations recorded in inspections, as indicated by the noh_number?

Concepts and Synonyms:
- Business Inspections/Business Audits
- Compliance Monitoring/Regulatory Compliance
- Consumer Safety/Public Safety
- Enforcement Actions/Regulatory Enforcement
- Inspection Records/Inspection Data
- Violation Tracking/Non-Compliance Reporting
- Business Categories/Industry Classification
- Geographic Coordinates/Location Data

Keywords and Themes:
- Business Inspections
- DCWP
- New York City
- Compliance
- Violations
- Inspection Types
- Consumer Protection
- Regulatory Measures
- Public Health
- Business Categories

Additional Context:
- This dataset is relevant for addressing challenges related to business compliance and consumer safety in urban environments.
- It provides valuable insights for interdisciplinary applications, including public policy, urban studies, and consumer advocacy.
- The dataset can be integrated with other datasets related to business operations, public health, and urban planning to enhance analysis and decision-making.","Dataset Overview:
- This dataset contains detailed records of business inspections, including information such as the certificate of inspection, inspection number, date of occurrence, and business details like name and category. It covers a temporal range from August 2023 to March 2026 and includes spatial data with latitude and longitude coordinates for precise location tracking. The dataset can be utilized for analyzing compliance with regulations, identifying trends in business operations, and assessing the status of various establishments across New York City. It serves as a valuable resource for researchers, policymakers, and public health officials interested in business oversight and community safety.

Key Themes or Topics:
- Business inspections
- Regulatory compliance
- Public health and safety
- Urban business operations
- Community safety and oversight
- Economic activity monitoring
- Spatial analysis of businesses
- Temporal trends in inspections

Applications and Use Cases:
- Compliance analysis for regulatory agencies
- Risk assessment for public health officials
- Trend analysis for business operations
- Policy formulation for urban planning
- Statistical modeling for economic research
- Geographic information system (GIS) applications
- Community safety assessments
- Business performance evaluations

Concepts and Synonyms:
- Business inspection/inspection records
- Compliance monitoring/regulatory oversight
- Public health inspections/safety inspections
- Business categories/industry classifications
- Inspection certificates/compliance certificates
- Spatial data/geolocation data
- Temporal data/time series data
- Establishment assessments/business evaluations

Keywords and Themes:
- business inspections
- regulatory compliance
- public health
- safety inspections
- New York City
- economic activity
- spatial data
- inspection trends
- community safety
- business operations

Additional Context:
- The dataset is crucial for addressing public health challenges related to business operations and compliance with safety regulations.
- It provides insights into the effectiveness of regulatory frameworks and their impact on community safety.
- The dataset can be integrated with other datasets related to urban planning, economic development, and public health to enhance interdisciplinary research and policy-making efforts.","{'certificate_of_inspection': {'column_description': 'An identification number assigned to track DCWP inspections at a business.', 'field_limitations': 'System generated alpha-numeric value'}, 'inspection_number': {'column_description': 'An identification number assigned to an inspection of a business.', 'field_limitations': 'System generated alpha-numeric value', 'additional_notes': 'When an inspector conducts an inspection at a business, more than one inspection number may be generated, usually when the inspection covers multiple business categories or inspection types.'}, 'date_of_occurrence': {'column_description': 'The date the inspection was conducted.', 'expected_per_allowed_values': 'MM/DD/YYYY'}, 'business_unique_id': {'column_description': 'An identification number assigned by DCWP to track unique businesses across its systems.', 'field_limitations': 'System generated alpha-numeric value', 'additional_notes': 'The Business Unique ID can be used to link these data to other DCWP datasets on NYC Open Data.'}, 'business_name': {'column_description': 'The legal business name as filed with the New York State Secretary of State or County Clerk.'}, 'dba_trade_name': {'column_description': 'If applicable, the Doing-Business-As (DBA), or trade name of the business.', 'field_limitations': ""This field is only populated for businesses having a DBA or Trade Name registered with the New York State's Department of State.""}, 'business_category': {'column_description': 'The business activity or business category requiring a DCWP-issued license in order to operate legally within NYC.', 'expected_per_allowed_values': 'See Appendix 1: Business Categories'}, 'dcwp_license_number': {'column_description': 'Where applicable, the DCWP-issued license associated with the business.', 'field_limitations': 'Only populated when a license is associated with the business during inspection.'}, 'inspection_type': {'column_description': 'The type of inspection being conducted.', 'expected_per_allowed_values': 'See Appendix 2: Inspection Types'}, 'inspection_status': {'column_description': 'The result of the inspection.', 'expected_per_allowed_values': 'See Appendix 3: Inspection Statuses'}, 'noh_number': {'column_description': 'The ""Notice of Hearing"" number.', 'field_limitations': 'System generated alpha-numeric value. This field is only populated when an inspection results in a violation.'}, 'address_type': {'column_description': 'The type of address where the inspection was conducted', 'expected_per_allowed_values': 'Complete Address; Cross Street (Intersection); Block'}, 'building_number': {'column_description': 'The building number where the inspection was conducted.', 'additional_notes': 'For Cross-Street (Intersection) address types, this field may contain a corner designation. See Appendix 4 for more information.'}, 'street_1': {'column_description': 'The name of the street where the inspection was conducted.', 'additional_notes': 'For Segment address types, this field contains the first street that bounds the block where the business is located.'}, 'street_2': {'column_description': 'The name of the cross street where the inspection was conducted.', 'field_limitations': 'This field is only populated for cross-street (Intersection) and Block address types.', 'additional_notes': ""For Cross-Street (Intersection) address types, this field indicates the closest cross street to the business' location. For Block address types, this field contains the second street that bounds the block where the business is located.""}, 'unit_type': {'column_description': 'The type of unit where the inspection was conducted.'}, 'city': {'column_description': 'The city where the inspection was conducted.'}, 'state': {'column_description': 'The state where the inspection was conducted.'}, 'borough': {'column_description': 'The NYC Borough where the inspection was conducted.', 'expected_per_allowed_values': 'Manhattan, Bronx, Brooklyn, Queens, Staten Island, Outside of NYC', 'field_limitations': 'Addresses outside of NYC will either show ""Outside NYC"" or be blank.'}, 'community_district': {'column_description': 'The NYC Community District where the inspection was conducted.', 'expected_per_allowed_values': 'Where available this is a three-digit number.', 'field_limitations': 'This field is blank for businesses located outside of NYC.'}, 'city_council_district': {'column_description': 'The NYC City Council District where the inspection was conducted.', 'expected_per_allowed_values': 'Two-digit integer with a leading zero: 01, 02, 03 ... 51', 'field_limitations': 'This field is blank for businesses located outside of NYC.'}, 'bin': {'column_description': 'The Building Identification Number where inspection was conducted', 'field_limitations': 'This field is blank for businesses located outside of NYC and for Cross Street (Intersection) and Block address types.'}, 'bbl': {'column_description': 'The Borough-Block-Lot number where the inspection was conducted', 'field_limitations': 'This field is blank for businesses located outside of NYC and for Cross Street (Intersection) and Block address types.'}, 'nta': {'column_description': 'The Neighborhood Tabulation Area where  inspection was conducted', 'field_limitations': 'This field is blank for businesses located outside of NYC and for Cross Street (Intersection) and Block address types.'}, 'latitude': {'column_description': 'The latitudinal coordinate where the  inspection was conducted', 'field_limitations': 'This field is blank for businesses located outside of NYC.'}, 'longitude': {'column_description': 'The longitudinal coordinate where the inspection was conducted', 'field_limitations': 'This field is blank for businesses located outside of NYC.'}}",247,28,1,1
nre2-6m2s,https://data.cityofnewyork.us/d/nre2-6m2s,"This dataset contains detailed records of consumer complaints submitted to the Department of Consumer Affairs (DCA) in New York City, covering various business practices across multiple categories. Each record includes a unique identifier, intake and result dates, complaint details, and the business involved, allowing for comprehensive tracking and analysis of consumer issues. The dataset spans from May 31, 2023, to January 13, 2026, and includes spatial data such as latitude and longitude for precise geolocation of businesses. With 114 business categories and 1,265 complaint codes, it provides insights into consumer experiences and regulatory compliance. This dataset can be utilized for research on consumer rights, business practices, and the effectiveness of complaint resolutions, making it a valuable resource for policymakers, researchers, and consumer advocacy groups. The information can help identify trends in consumer complaints and inform strategies for improving business accountability and consumer protection.

Column constraints outlined in Data Dictionary:
record_id: System generated alphanumeric value; Unique identifier  
intake_date: Format MM/DD/YYYY; Required  
_311_sr_number: System generated alphanumeric value; Populated only for complaints submitted through NYC311  
business_category: Allowed values as per Appendix 1; Required  
complaint_code: Allowed values as per Appendix 2; May have multiple selections; Missing values allowed  
result_date: Format MM/DD/YYYY; Required  
result: Allowed values as per Appendix 3; Required  
address_type: Allowed values: Complete Address, Cross Street (Intersection), Block, Place (Landmark), P.O. Box; Not reported for individual applicants  
building_nbr: Can be blank for businesses described by a Landmark or Place Name, or by a street segment; Typically contains specific corner for intersection addresses  
street2: Required only if address_type is Block or Cross Street (Intersection)  
street3: Required only if address_type is Block  
borough: Allowed values: Manhattan, Bronx, Brooklyn, Queens, Staten Island, Outside of NYC; Addresses outside of NYC will be blank  
community_board: Three-digit number where available; Blank for addresses outside of NYC or due to invalid address information  
council_district: Two-digit integer with leading zero (01, 02, ... 51); Blank for addresses outside of NYC or due to invalid address information  
bin: Blank for addresses outside of NYC or due to invalid address information  
bbl: Blank for addresses outside of NYC or due to invalid address information  
nta: Blank for addresses outside of NYC or due to invalid address information  
census_block_2010_: Blank for addresses outside of NYC or due to invalid address information  
census_tract_2010_: Blank for addresses outside of NYC or due to invalid address information  
latitude: Blank for addresses outside of NYC or due to invalid address information  
longitude: Blank for addresses outside of NYC or due to invalid address information","This dataset contains consumer complaints from New York City, specifically focusing on various business categories and complaint types. It includes detailed information such as intake and result dates, complaint codes, and business identifiers, allowing for comprehensive tracking and analysis of consumer issues. The dataset spans from June 2023 to March 2026, with spatial coverage across multiple boroughs in NYC, represented by latitude and longitude coordinates. It can be utilized for identifying trends in consumer complaints, assessing business compliance, and informing policy decisions to enhance consumer protection and service quality in the city.","Dataset Overview:
- This dataset contains detailed records of consumer complaints submitted to the Department of Consumer Affairs (DCA) in New York City, covering various business practices across multiple categories. Each record includes a unique identifier, intake and result dates, complaint details, and the business involved, allowing for comprehensive tracking and analysis of consumer issues. The dataset spans from May 31, 2023, to January 13, 2026, and includes spatial data such as latitude and longitude for precise geolocation of businesses. With 114 business categories and 1,265 complaint codes, it provides insights into consumer experiences and regulatory compliance. This dataset can be utilized for research on consumer rights, business practices, and the effectiveness of complaint resolutions, making it a valuable resource for policymakers, researchers, and consumer advocacy groups. The information can help identify trends in consumer complaints and inform strategies for improving business accountability and consumer protection.

Key Themes or Topics:
- Consumer complaints
- Business practices
- Regulatory compliance
- Consumer rights
- Complaint resolution
- Urban consumer issues
- Public policy
- Consumer advocacy
- Business accountability
- Geographic information systems (GIS) in consumer data

Applications and Use Cases:
- Analysis of consumer complaint trends for policymakers
- Research on business practices and consumer experiences
- Evaluation of the effectiveness of complaint resolution processes
- Identification of high-complaint business categories for regulatory focus
- Spatial analysis of consumer complaints by geographic area
- Development of consumer protection strategies
- Assessment of community-specific consumer issues
- Informing public awareness campaigns on consumer rights

Potential Questions:
- What are the most common business categories associated with consumer complaints?
- How do complaint resolution outcomes vary by borough in New York City?
- What trends can be observed in consumer complaints over the specified date range?
- How does the volume of complaints differ across various complaint codes?
- What is the geographic distribution of consumer complaints in NYC?
- How do complaint rates compare between different community boards?
- What is the average time taken for complaint resolution across different business categories?

Concepts and Synonyms:
- Consumer grievances/consumer complaints
- Business misconduct/business practices
- Regulatory oversight/compliance
- Complaint handling/issue resolution
- Consumer protection/consumer rights advocacy
- Geographic distribution/spatial analysis
- Public complaints/consumer feedback
- Urban consumer issues/urban studies
- Complaint tracking/monitoring

Keywords and Themes:
- consumer complaints
- business categories
- complaint codes
- complaint resolution
- consumer rights
- regulatory compliance
- New York City
- spatial data
- consumer advocacy
- public policy

Additional Context:
- This dataset is crucial for understanding the landscape of consumer issues in urban environments, particularly in New York City. It provides insights that can inform policy decisions, enhance consumer protection measures, and improve business practices. The integration of spatial data allows for a nuanced analysis of how consumer complaints are distributed geographically, which can be vital for targeted interventions and resource allocation. The dataset's relevance extends to interdisciplinary applications, including urban studies, public administration, and consumer behavior research.","Dataset Overview:
- This dataset contains consumer complaints from New York City, specifically focusing on various business categories and complaint types. It includes detailed information such as intake and result dates, complaint codes, and business identifiers, allowing for comprehensive tracking and analysis of consumer issues. The dataset spans from June 2023 to March 2026, with spatial coverage across multiple boroughs in NYC, represented by latitude and longitude coordinates. It can be utilized for identifying trends in consumer complaints, assessing business compliance, and informing policy decisions to enhance consumer protection and service quality in the city.

Key Themes or Topics:
- Consumer protection
- Business compliance
- Urban consumer issues
- Complaint management
- Service quality assessment
- Regulatory oversight
- Economic impact of consumer complaints
- Public policy and consumer rights
- Data-driven decision making in consumer affairs

Applications and Use Cases:
- Analysis for consumer advocacy groups
- Policy formulation for city officials and regulators
- Research for academic institutions studying consumer behavior
- Business performance evaluation for service providers
- Trend analysis for market researchers
- Development of consumer protection strategies
- Geographic analysis of complaint distribution
- Statistical modeling of complaint patterns

Concepts and Synonyms:
- Consumer complaints/consumer grievances
- Business categories/service sectors
- Complaint types/issue types
- Intake dates/filing dates
- Result dates/outcome dates
- Complaint codes/issue codes
- Business identifiers/company IDs
- Spatial analysis/geospatial data
- Trend identification/pattern recognition
- Regulatory compliance/business accountability

Keywords and Themes:
- NYC consumer complaints
- Business accountability
- Consumer rights
- Complaint tracking
- Service quality improvement
- Urban consumer data
- Complaint analysis
- Consumer advocacy
- Economic analysis of complaints
- Geographic distribution of complaints

Additional Context:
- The dataset is relevant for addressing challenges in consumer protection and enhancing service quality in urban environments.
- It provides valuable insights for interdisciplinary applications, including urban studies, public policy, and business management.
- The dataset can be integrated with other datasets related to business performance, economic indicators, and demographic data to provide a comprehensive view of consumer issues in NYC.","{'record_id': {'column_description': 'An identification number assigned to the complaint record for tracking purposes.', 'field_limitations': 'System generated alphanumeric value.  '}, 'intake_date': {'column_description': 'The date the complaint was received by DCWP.', 'expected_per_allowed_values': 'MM/DD/YYYY'}, 'intake_channel': {'column_description': 'The method by which the complaint was submitted.'}, '_311_sr_number': {'column_description': 'An identification number assigned by NYC311 for complaints they receive which are referred to DCWP for resolution.', 'field_limitations': 'System generated alphanumeric value.  Is only populated for complaints submitted through NYC311'}, 'business_category': {'column_description': 'The business activity or business category that is the subject of the complaint.', 'expected_per_allowed_values': 'See Appendix 1 for a list of values'}, 'complaint_code': {'column_description': 'Indicates the type of business practice that is the subject of the complaint.', 'expected_per_allowed_values': 'See Appendix 2 for a list of values', 'field_limitations': ""DCWP's online portal allows multiple selections and, in some circumstances, missing values.""}, 'business_unique_id': {'column_description': 'An identification number assigned by DCWP to track unique businesses across its systems.'}, 'business_name': {'column_description': 'The legal business name as filed with the New York State Secretary of State or County Clerk or, if an individual, the person’s first name and last name.'}, 'result_date': {'column_description': 'The date the complaint was resolved.', 'expected_per_allowed_values': 'MM/DD/YYYY'}, 'result': {'column_description': 'The type of resolution for the complaint.', 'expected_per_allowed_values': 'See Appendix 3 for a list of values'}, 'referred_to': {'column_description': 'The external agency to which the complainant was referred.', 'field_limitations': 'Only populated for complaints which were referred to external agencies.'}, 'contract_cancelled_amount': {'column_description': 'The amount of consumer restitution awarded in the form of the reduction of a contract amount, that DCWP negotiated on behalf of the consumer.'}, 'refund_amount': {'column_description': 'The amount of consumer restitution awarded in the form of a refund or reduction in fees that DCWP negotiated on behalf of the consumer.'}, 'address_type': {'column_description': 'The type of address where the business is located.', 'expected_per_allowed_values': 'Complete Address, Cross Street (Intersection), Block, Place (Landmark), P.O. Box', 'field_limitations': 'This field is not reported for individual applicants.', 'additional_notes': 'Cross Street (Intersection) addresses can be read as, ""The business is located on the [Building Nbr] corner at the intersection of [Street1] and [Street2].\n\nBlock addresses can be read as, ""The business is located on [Street3] between [Street1] and [Street2]"".'}, 'building_nbr': {'column_description': 'The building number where the business is located.', 'field_limitations': 'This field can be blank for businesses whose location is described by a Landmark or Place Name, or by a street segment (blockface)', 'additional_notes': 'For businesses whose location is described by an intersection this field typically contains the specific corner of the intersection.\n\nNEC or N/E/C - Northeast Corner of the intersection\nNWC or N/W/C - Northwest Corner of the intersection\nSEC or S/E/C - Southeast Corner of the intersection\nSWC or S/W/C - Southwest Corner of the intersection'}, 'street1': {'column_description': 'The name of the street where the business is located.', 'additional_notes': 'For business locations described by a Landmark or Place Name, the name of the location; for business locations described by an intersection this will be the primary facing street; for business locations described by a block-face or street segment this will be one of the cross streets that bounds a block.'}, 'street2': {'column_description': 'The name of the cross street where the business is located.', 'field_limitations': 'This field will be blank unless the address type is Block or Cross Street (Intersection).', 'additional_notes': 'For business locations described by an intersection this will be the secondary or cross-street; for business locations described by a block-face or street segment this will be one of the cross streets that bounds a block.'}, 'street3': {'column_description': 'The name of the street where the business is located.', 'field_limitations': 'This field will be blank unless the address type is Block.', 'additional_notes': 'For business locations described by a block-face or street segment, this will be the name of the street the business is on.'}, 'unit_type': {'column_description': ""The type of unit of the business' address.""}, 'apt_suite': {'column_description': ""The unit number of the business' address.""}, 'city': {'column_description': 'The city where the business is located.'}, 'state': {'column_description': 'The state where the business is located.'}, 'postcode': {'column_description': 'The ZIP Code where the business is located.'}, 'borough': {'column_description': 'The NYC Borough where the business is located.', 'expected_per_allowed_values': 'Manhattan, Bronx, Brooklyn, Queens, Staten Island, Outside of NYC', 'field_limitations': 'Addresses outside of NYC will either show ""Outside NYC"" or be blank.'}, 'community_board': {'column_description': 'The NYC Community District where the business is located.', 'expected_per_allowed_values': 'Where available this is a three-digit number.', 'field_limitations': 'Addresses outside of NYC will be blank.  Missing values are also due to invalid address information.'}, 'council_district': {'column_description': 'The NYC City Council District where the business is located.', 'expected_per_allowed_values': 'Two-digit integer with a leading zero: 01, 02, 03 ... 51', 'field_limitations': 'Addresses outside of NYC will be blank.  Missing values are also due to invalid address information.'}, 'bin': {'column_description': 'The Building Identification Number where the business is located.', 'field_limitations': 'Addresses outside of NYC will be blank.  Missing values are also due to invalid address information.'}, 'bbl': {'column_description': 'The Borough-Block-Lot number where the business is located.', 'field_limitations': 'Addresses outside of NYC will be blank.  Missing values are also due to invalid address information.'}, 'nta': {'column_description': 'The Neighborhood Tabulation Area where the business is located.', 'field_limitations': 'Addresses outside of NYC will be blank.  Missing values are also due to invalid address information.'}, 'census_block_2010_': {'column_description': 'The 2010 Census Block where the business is located.', 'field_limitations': 'Addresses outside of NYC will be blank.  Missing values are also due to invalid address information.'}, 'census_tract_2010_': {'column_description': 'The 2010 Census Tract where the business is located.', 'field_limitations': 'Addresses outside of NYC will be blank.  Missing values are also due to invalid address information.'}, 'latitude': {'column_description': 'The latitudinal coordinate where the business is located.', 'field_limitations': 'Addresses outside of NYC will be blank.  Missing values are also due to invalid address information.'}, 'longitude': {'column_description': 'The longitudinal coordinate where the business is located.', 'field_limitations': 'Addresses outside of NYC will be blank.  Missing values are also due to invalid address information.'}}",64,33,1,1
6y5g-5hkj,https://data.cityofnewyork.us/d/6y5g-5hkj,"This dataset contains information about applicants on the General Vendor Waiting List, including their unique identification numbers, application order, priority rankings, names, and locations. It features 11,926 entries, with a diverse range of applicants from various cities and states across the U.S. The dataset tracks the status of each application, indicating whether applicants are awaiting selection, have been selected, or did not appear for their scheduled appointments. Key columns include the waiting list application number, application order number, and priority number, which help in identifying and ranking applicants. The selection date provides temporal context, covering a range from January 19, 2017, to July 11, 2023. This dataset can be utilized for analyzing trends in vendor license applications, understanding applicant demographics, and assessing the efficiency of the waiting list process. It serves as a valuable resource for policymakers and researchers interested in vendor licensing and urban commerce.

Column constraints outlined in Data Dictionary:
priority_number: Null values indicate ineligibility for the waitlist; Numeric values must be non-negative.
waiting_list_status: Allowed values include ""Application Voided"", ""Application Withdrawn"", ""Application Denied"", ""Applied for License"", ""Did Not Appear"", ""Awaiting Waitlist Selection""; Null values are allowed.
selection_date: Null values are allowed; Valid date format is ISO 8601 (YYYY-MM-DDTHH:MM:SS.sss).
license_application_id: Null values are allowed; This field is blank for applicants who have not submitted an application.","This dataset focuses on the Vendor License Waitlist, providing insights into applicants seeking vendor licenses. It includes key information such as application order numbers, priority rankings, and the status of each application, which can be used to analyze trends in vendor licensing. The dataset features 100 unique applications from various cities in New York, with a temporal coverage for selection dates ranging from August 30, 2018, to July 11, 2023. Each entry includes details about the applicant's name, city, state, and postal code, allowing for geographic analysis. The waiting list status indicates whether applicants are awaiting selection, have been selected, or did not appear for their appointment.","Dataset Overview:
- This dataset contains information about applicants on the General Vendor Waiting List, including their unique identification numbers, application order, priority rankings, names, and locations. It features 11,926 entries, with a diverse range of applicants from various cities and states across the U.S. The dataset tracks the status of each application, indicating whether applicants are awaiting selection, have been selected, or did not appear for their scheduled appointments. Key columns include the waiting list application number, application order number, and priority number, which help in identifying and ranking applicants. The selection date provides temporal context, covering a range from January 19, 2017, to July 11, 2023. This dataset can be utilized for analyzing trends in vendor license applications, understanding applicant demographics, and assessing the efficiency of the waiting list process. It serves as a valuable resource for policymakers and researchers interested in vendor licensing and urban commerce.

Key Themes or Topics:
- Vendor licensing
- Urban commerce
- Application processes
- Public administration
- Regulatory frameworks
- Economic development
- Small business support
- Waitlist management
- Demographic analysis
- Policy evaluation

Applications and Use Cases:
- Facilitates analysis for policymakers in urban planning and vendor regulation.
- Useful for researchers studying the socio-economic impact of vendor licensing.
- Enables small business advocates to assess the accessibility of vendor licenses.
- Assists in evaluating the efficiency of application processing and waitlist management.
- Supports statistical modeling of applicant demographics and trends over time.

Potential Questions:
- What is the distribution of priority rankings among applicants on the General Vendor Waiting List?
- How does the waiting list status differ across various cities and states?
- What trends can be observed in the number of applications submitted over the years from 2017 to 2023?
- How many applicants did not appear for their scheduled appointments, and what are their demographics?
- What is the average time applicants spend on the waiting list before selection?

Concepts and Synonyms:
- Vendor license/application for vendor license
- General Vendor Waiting List/vendor waitlist
- Application status/application outcome
- Priority ranking/priority number
- Demographics/applicant demographics
- Urban commerce/urban market
- Public policy/vendor regulation
- Small business licensing/entrepreneurial licensing

Keywords and Themes:
- Vendor licensing
- Application waitlist
- Urban vendors
- Licensing process
- Applicant demographics
- Selection process
- Application trends
- Regulatory compliance
- Economic opportunities

Additional Context:
- The dataset is relevant for addressing challenges related to vendor licensing and urban commerce, particularly in understanding barriers to entry for small businesses.
- It provides insights into the effectiveness of current policies and practices surrounding vendor licensing, which can inform future regulatory changes.
- The dataset can be integrated with other datasets related to small business development, urban planning, and economic analysis for comprehensive research.","Dataset Overview:
- This dataset focuses on the Vendor License Waitlist, providing insights into applicants seeking vendor licenses. It includes key information such as application order numbers, priority rankings, and the status of each application, which can be used to analyze trends in vendor licensing. The dataset features 100 unique applications from various cities in New York, with a temporal coverage for selection dates ranging from August 30, 2018, to July 11, 2023. Each entry includes details about the applicant's name, city, state, and postal code, allowing for geographic analysis. The waiting list status indicates whether applicants are awaiting selection, have been selected, or did not appear for their appointment.

Key Themes or Topics:
- Vendor licensing
- Application processes
- Waitlist management
- Urban commerce
- Small business development
- Regulatory compliance
- Economic development
- Public administration
- Local government services
- Business permits and licenses

Applications and Use Cases:
- Facilitates analysis for policymakers in urban planning and economic development.
- Useful for researchers studying small business trends and regulatory impacts.
- Enables insights into vendor selection processes and waitlist dynamics.
- Assists local government officials in managing vendor licensing efficiently.
- Supports statistical modeling of application trends over time.
- Aids in understanding geographic distribution of vendor licenses across New York.

Concepts and Synonyms:
- Vendor license/application for vendor license
- Waitlist/application waitlist
- Selection status/application status
- Priority ranking/priority list
- Geographic analysis/spatial analysis
- Applicant information/applicant details
- Business licensing/permit licensing
- Urban vendor/market vendor
- Application order/application sequence

Keywords and Themes:
- vendor license
- waitlist
- application status
- priority ranking
- geographic distribution
- small business
- urban commerce
- New York vendor licensing
- regulatory processes
- economic analysis

Additional Context:
- Highlights the dataset's relevance to understanding the challenges faced by small businesses in obtaining necessary licenses.
- Emphasizes its value for analyzing the effectiveness of vendor licensing policies and their impact on local economies.
- Provides insights into the demographic and geographic factors influencing vendor license applications and wait times.
- Supports interdisciplinary research connecting urban studies, public policy, and economic development.","{'waiting_list_application': {'column_description': 'An identification number assigned by DCA to track applications for the General Vendor Waiting List'}, 'application_order_number': {'column_description': 'The sequential order number that the application for the General Vendor Waiting List was received by DCA'}, 'priority_number': {'column_description': ""Random number assigned to valid applications indicating the applicant's position on the waiting list"", 'additional_notes': 'Null values indicate the waitlist applicant was not eligible to be on the waitlist.'}, 'applicant_name': {'column_description': 'The name of the General Vendor Waiting List applicant'}, 'city': {'column_description': ""The City of the applicant's mailing address""}, 'state': {'column_description': ""The State of the applicant's mailing address""}, 'postcode': {'column_description': ""ZIP or Postal Code of the applicant's mailing address""}, 'waiting_list_status': {'column_description': 'Indicates the current status of the applicant on the waiting List', 'additional_notes': ""Application Voided - The application was voided, typically because of an applicant's ineligibility\nApplication Withdrawn - The applicant removed themselves from the waitlist\nApplication Denied - The applicant was selected from the Waitlist and their application for a General Vendor License was denied\nApplied for License - The applicant completed an application for a DCA-issued General Vendor License\nDid Not Appear - The applicant was selected from the Waitlist but did not submit an application for a DCA-issued General Vendor License\nAwaiting Waitlist Selection - The applicant is active on the Waitlist and has not yet been selected""}, 'selection_date': {'column_description': 'Date the applicant was selected from the Waiting List.', 'additional_notes': 'If the applicant has not yet been selected or, has withdrawn prior to being selected or otherwise found ineligible to be on the waitlist, this field will be blank.'}, 'license_application_id': {'column_description': 'The Record ID number assigned to the application for a general vendor license.', 'additional_notes': 'This field will be blank for applicants who have not yet submitted an application for a DCA-issued General Vendor License'}}",11,10,1,1
p2wf-m8zt,https://data.cityofnewyork.us/d/p2wf-m8zt,"This dataset provides detailed information on tobacco and electronic cigarette retail licenses across various community districts in New York City. It includes data on the maximum number of tobacco retail dealer licenses allowed, the number of active licenses, and the availability of new licenses under the established caps. The dataset covers five boroughs and 59 community districts, with temporal data ranging from April 2019 to March 2026. Each entry includes the borough, community district number, and descriptive names, allowing for easy identification and aggregation of data. The dataset can be utilized for analyzing trends in tobacco and electronic cigarette retail licensing, assessing compliance with local regulations, and informing public health initiatives aimed at tobacco control. It serves as a valuable resource for researchers, policymakers, and community organizations interested in understanding the dynamics of tobacco retail in New York City.

Column constraints outlined in Data Dictionary:
data_as_of: MM/DD/YYYY format; must be a valid date; cannot be in the future  
borough: Must be one of the five Boroughs comprising NYC  
community_district: Must be one of the 59 Community Districts in NYC  
community_district_name: Must be a concatenation of the Borough and Community District number  
tobacco_retail_dealer_cap: Integer; must be non-negative; calculated as 50 percent of the number of active non-pharmacy Tobacco Retail Dealer licenses as of February 24, 2018  
trd_available_under_cap: Integer; must be non-negative; calculated as the district's cap minus the number of active licenses in the district; values less than zero reported as zero  
electronic_cigarette_retail: Integer; must be non-negative; calculated as 50 percent of the number of active Electronic Cigarette Retail Dealer licenses as of August 23, 2018  
ecd_available_under_cap: Integer; must be non-negative; calculated as the district's cap minus the number of active licenses in the district; values less than zero reported as zero","This dataset focuses on Tobacco License Caps across various boroughs and community districts. It includes information on the maximum number of tobacco retail dealers allowed, the number of active dealers, and the availability of electronic cigarette retailers. The data spans from April 2019 to March 2026, providing a comprehensive view of tobacco retail dynamics over time. Each entry includes details such as borough, community district, and the number of active retailers, making it useful for analyzing tobacco retail trends and regulatory impacts. This dataset can aid policymakers, researchers, and public health officials in understanding tobacco retail landscapes and making informed decisions.","Dataset Overview:
- This dataset provides detailed information on tobacco and electronic cigarette retail licenses across various community districts in New York City. It includes data on the maximum number of tobacco retail dealer licenses allowed, the number of active licenses, and the availability of new licenses under the established caps. The dataset covers five boroughs and 59 community districts, with temporal data ranging from April 2019 to March 2026. Each entry includes the borough, community district number, and descriptive names, allowing for easy identification and aggregation of data. The dataset can be utilized for analyzing trends in tobacco and electronic cigarette retail licensing, assessing compliance with local regulations, and informing public health initiatives aimed at tobacco control. It serves as a valuable resource for researchers, policymakers, and community organizations interested in understanding the dynamics of tobacco retail in New York City.

Key Themes or Topics:
- Tobacco control
- Public health policy
- Urban licensing regulations
- Retail licensing
- Electronic cigarette regulation
- Community health initiatives
- Socioeconomic impact of tobacco sales
- Compliance and enforcement in tobacco retail
- Community district analysis

Applications and Use Cases:
- Analyzing trends in tobacco and electronic cigarette retail licensing for public health research
- Assessing compliance with tobacco retail dealer license caps for regulatory agencies
- Informing policy decisions regarding tobacco control measures
- Evaluating the impact of tobacco retail distribution on community health outcomes
- Supporting community organizations in advocacy for tobacco control initiatives
- Statistical modeling of tobacco retail dynamics across NYC boroughs and community districts

Potential Questions:
- What is the distribution of active tobacco retail dealer licenses across different community districts?
- How does the number of available tobacco retail licenses under the cap vary between boroughs?
- How has the number of electronic cigarette retail licenses changed from April 2019 to March 2026?
- What is the relationship between the number of active licenses and the tobacco retail dealer cap in each community district?
- How do the tobacco retail dealer caps compare across the five boroughs of New York City?

Concepts and Synonyms:
- Tobacco retail licensing/tobacco dealer licenses
- Electronic cigarette retail licensing/e-cigarette licenses
- Community district/community area
- Licensing caps/maximum licenses
- Public health initiatives/tobacco control programs
- Compliance assessment/regulatory compliance
- Active licenses/issued licenses
- Retail dealer cap/tobacco dealer limit

Keywords and Themes:
- Tobacco licenses
- Electronic cigarettes
- Retail dealer caps
- New York City
- Community health
- Public health data
- Licensing regulations
- Tobacco control policies
- Urban health analysis

Additional Context:
- This dataset is relevant for addressing public health challenges related to tobacco use and electronic cigarette consumption in urban settings.
- It provides insights into the regulatory landscape of tobacco sales, which is critical for understanding the implications of tobacco control policies.
- The dataset can be integrated with other public health datasets to analyze broader trends in health outcomes related to tobacco use and retail practices.","Dataset Overview:
- This dataset focuses on Tobacco License Caps across various boroughs and community districts. It includes information on the maximum number of tobacco retail dealers allowed, the number of active dealers, and the availability of electronic cigarette retailers. The data spans from April 2019 to March 2026, providing a comprehensive view of tobacco retail dynamics over time. Each entry includes details such as borough, community district, and the number of active retailers, making it useful for analyzing tobacco retail trends and regulatory impacts. This dataset can aid policymakers, researchers, and public health officials in understanding tobacco retail landscapes and making informed decisions.

Key Themes or Topics:
- Tobacco regulation
- Public health policy
- Retail licensing
- Community health
- Substance control
- Economic impact of tobacco sales
- Urban health disparities
- Tobacco control measures
- Electronic cigarette regulation
- Community district analysis

Applications and Use Cases:
- Supports public health research and analysis
- Aids in tobacco control policy formulation
- Facilitates urban planning and zoning decisions
- Assists in evaluating the impact of tobacco retail caps
- Useful for statistical modeling of tobacco retail trends
- Informs community health initiatives and interventions
- Guides regulatory compliance assessments for tobacco retailers

Concepts and Synonyms:
- Tobacco retail licensing/tobacco dealer licensing
- Tobacco control/tobacco regulation
- Retail dealer caps/retail limits
- Active tobacco retailers/active tobacco dealers
- Electronic cigarette retailers/e-cigarette vendors
- Community districts/boroughs
- Tobacco sales data/tobacco market analysis
- Public health implications/tobacco health impacts
- Regulatory frameworks/tobacco legislation

Keywords and Themes:
- Tobacco license caps
- Tobacco retail dealers
- Electronic cigarettes
- Public health
- Community health
- Tobacco sales
- Regulatory impact
- Urban planning
- Health policy
- Substance use

Additional Context:
- The dataset is relevant for addressing public health challenges related to tobacco use and its regulation.
- It provides insights into the effectiveness of tobacco control policies and their impact on community health.
- The dataset can be integrated with other health-related datasets to analyze broader trends in substance use and public health outcomes.
- It is valuable for interdisciplinary research involving public health, urban studies, and economic analysis related to tobacco retailing.","{'data_as_of': {'column_description': ""The date the data was pulled from DCWP's license tracking system."", 'expected_per_allowed_values': 'MM/DD/YYYY'}, 'borough': {'column_description': 'Borough where the business is located.', 'expected_per_allowed_values': 'Must be one of the five Boroughs comprising NYC'}, 'community_district': {'column_description': 'Community District number where the business is located.', 'expected_per_allowed_values': 'Must be one of the 59 Community Districts in NYC'}, 'community_district_name': {'column_description': 'Descriptive name of the Community District.', 'expected_per_allowed_values': 'Concatenation of the Borough and Community District number.'}, 'tobacco_retail_dealer_cap': {'column_description': 'Maximum number of Tobacco Retail Dealer (TRD) licenses allowed in the Community District.', 'expected_per_allowed_values': 'Integer', 'field_limitations': 'Calculated as 50 percent of the number of active non-pharmacy Tobacco Retail Dealer licenses as of the cutoff date (February 24, 2018).'}, 'trd_available_under_cap': {'column_description': 'Number of new Tobacco Retail Dealer licenses that can be issued in the Community District', 'expected_per_allowed_values': 'Integer', 'field_limitations': ""Number of active licenses in the district subtracted from the district's cap.  Values less than zero are reported as zero.""}, 'electronic_cigarette_retail': {'column_description': 'Maximum number of Electronic Cigarette Retail Dealer licenses (ECD) assigned to the Community District.', 'expected_per_allowed_values': 'Integer', 'field_limitations': 'Calculated as 50 percent of the number of active Electronic Cigarette Retail Dealer licenses as of the cutoff date (August 23, 2018).'}, 'ecd_available_under_cap': {'column_description': 'Number of new ECD licenses that can be issued in the Community District', 'expected_per_allowed_values': 'Integer', 'field_limitations': ""Number of active licenses in the district subtracted from the district's cap.  Values less than zero are reported as zero.""}}",697,10,1,1
9cw8-7heb,https://data.cityofnewyork.us/d/9cw8-7heb,"This dataset contains information on .nyc domain registrations, featuring a total of 53,173 unique domain names and 43,551 unique registration dates. The data includes the domain name, the date it was registered, and its associated nexus category, which classifies the domains into two types: organizations and individuals. The temporal coverage of the registration dates spans from October 3, 2014, to June 11, 2025, with a resolution down to the second. This dataset serves as a valuable resource for analyzing trends in domain registrations within New York City, providing insights into the growth of online presence for both individuals and organizations. It can be utilized for research in digital marketing, urban studies, and internet governance, as well as for identifying potential opportunities for web-based services in the city. Overall, this dataset is essential for understanding the landscape of .nyc domains and their registration patterns.","This dataset contains information on domain registrations in New York City, featuring 100 unique entries. Each entry includes the domain name, registration date, and nexus category, which classifies the domains as either organizations or individuals. The registration dates span from October 3, 2014, to July 14, 2025, providing a comprehensive temporal coverage for analysis. The dataset can be utilized for various purposes, such as tracking trends in domain registrations, identifying active organizations in NYC, and understanding the growth of online presence in the city. It serves as a valuable resource for researchers, marketers, and urban planners interested in the digital landscape of New York City.","Dataset Overview:
- This dataset contains information on .nyc domain registrations, featuring a total of 53,173 unique domain names and 43,551 unique registration dates. The data includes the domain name, the date it was registered, and its associated nexus category, which classifies the domains into two types: organizations and individuals. The temporal coverage of the registration dates spans from October 3, 2014, to June 11, 2025, with a resolution down to the second. This dataset serves as a valuable resource for analyzing trends in domain registrations within New York City, providing insights into the growth of online presence for both individuals and organizations. It can be utilized for research in digital marketing, urban studies, and internet governance, as well as for identifying potential opportunities for web-based services in the city. Overall, this dataset is essential for understanding the landscape of .nyc domains and their registration patterns.

Key Themes or Topics:
- Domain registration
- Internet governance
- Digital marketing
- Urban studies
- Online presence
- Nexus categories
- Web-based services
- E-commerce
- Local business development
- Technology adoption in urban areas

Applications and Use Cases:
- Facilitates analysis for digital marketers assessing online branding strategies.
- Useful for urban planners evaluating the digital footprint of New York City.
- Enables researchers to study the impact of domain registrations on local economies.
- Assists policymakers in understanding the growth of internet usage among residents and organizations.
- Supports businesses in identifying market opportunities based on domain registration trends.

Potential Questions:
- What is the distribution of .nyc domain registrations by nexus category (organizations vs. individuals)?
- How does the number of .nyc domain registrations vary across different years?
- What trends can be observed in the registration dates of .nyc domains over time?
- How do registration patterns differ between organizations and individuals in New York City?
- What is the average time between the first and last registration dates for .nyc domains?

Concepts and Synonyms:
- Domain names/.nyc domains
- Registration dates/registration timeline
- Nexus categories/domain classification
- Online presence/digital identity
- Urban digital landscape/cyber urbanism
- E-commerce/online business
- Internet usage/digital engagement
- Local SEO/search engine optimization
- Digital footprint/online visibility

Keywords and Themes:
- .nyc domain registrations
- domain name registration
- New York City domains
- digital marketing trends
- urban internet governance
- online business growth
- nexus category analysis
- temporal data analysis
- web services opportunities

Additional Context:
- This dataset is relevant for understanding the digital transformation of urban environments and the role of internet governance in shaping local economies.
- It provides insights into how individuals and organizations in New York City are establishing their online presence, which is crucial for digital marketing strategies and urban development initiatives.
- The dataset can be integrated with other datasets related to urban demographics, economic indicators, and technology adoption to provide a comprehensive view of the digital landscape in New York City.","Dataset Overview:
- This dataset contains information on domain registrations in New York City, featuring 100 unique entries. Each entry includes the domain name, registration date, and nexus category, which classifies the domains as either organizations or individuals. The registration dates span from October 3, 2014, to July 14, 2025, providing a comprehensive temporal coverage for analysis. The dataset can be utilized for various purposes, such as tracking trends in domain registrations, identifying active organizations in NYC, and understanding the growth of online presence in the city. It serves as a valuable resource for researchers, marketers, and urban planners interested in the digital landscape of New York City.

Key Themes or Topics:
- Digital economy
- Online presence
- Internet governance
- Urban digital infrastructure
- E-commerce trends
- Domain name system (DNS)
- Cybersecurity implications
- Local business development
- Digital marketing strategies
- Technology adoption in urban settings

Applications and Use Cases:
- Facilitates analysis for digital marketers assessing online competition in NYC.
- Useful for urban planners evaluating the impact of digital businesses on local economies.
- Enables researchers to study the evolution of domain registrations over time.
- Assists policymakers in understanding the digital landscape for regulatory purposes.
- Supports businesses in identifying potential partnerships or market opportunities.

Concepts and Synonyms:
- Domain registration/domain name registration
- Nexus category/classification of domains
- Online identity/digital identity
- Internet presence/web presence
- E-commerce/e-business
- Digital footprint/online footprint
- Cyber domain/virtual domain
- Registration date/creation date
- Organizational domains/individual domains
- New York City domains/NYC web domains

Keywords and Themes:
- NYC domain registrations
- Domain name trends
- Digital landscape NYC
- Online business growth
- Internet usage statistics
- Domain ownership
- Web development in NYC
- Digital entrepreneurship
- Urban digital economy
- Internet infrastructure NYC

Additional Context:
- Highlights the dataset's relevance to understanding the shift towards digital platforms in urban environments.
- Emphasizes its value for interdisciplinary applications, combining insights from technology, urban studies, and economics.
- Addresses the growing importance of online presence for businesses and individuals in a rapidly digitizing world.",,53,3,0,0
9d9t-bmk7,https://data.cityofnewyork.us/d/9d9t-bmk7,"This dataset provides detailed information about Benefits Access Centers located across various boroughs in New York City, including the Bronx, Brooklyn, Manhattan, Queens, and Staten Island. Each entry includes the facility name, street address, contact information, and operational hours, along with comments on available services, such as children's areas and supervision details. The dataset encompasses a range of spatial data, including latitude and longitude coordinates, which allows for precise mapping of each center. It also features unique identifiers like community board and census tract numbers, facilitating demographic analysis. This dataset is particularly useful for researchers and policymakers focused on economic mobility, as it highlights access points for essential services that support job seekers and individuals in need of assistance. By analyzing this data, stakeholders can better understand the distribution of resources and identify areas for improvement in service delivery.","This dataset provides detailed information about Benefits Access Centers located across various boroughs in New York City. It includes essential data such as facility names, addresses, contact numbers, and operational hours. The dataset covers multiple unique locations, with spatial data represented by latitude and longitude coordinates. Each entry also contains comments that describe specific features of the centers, such as children's areas and supervision availability. This dataset can be utilized for research, planning, and improving access to social services, helping individuals find the nearest support facilities based on their location and needs.","**Dataset Overview:**
- This dataset provides detailed information about Benefits Access Centers located across various boroughs in New York City, including the Bronx, Brooklyn, Manhattan, Queens, and Staten Island. Each entry includes the facility name, street address, contact information, and operational hours, along with comments on available services, such as children's areas and supervision details. The dataset encompasses a range of spatial data, including latitude and longitude coordinates, which allows for precise mapping of each center. It also features unique identifiers like community board and census tract numbers, facilitating demographic analysis. This dataset is particularly useful for researchers and policymakers focused on economic mobility, as it highlights access points for essential services that support job seekers and individuals in need of assistance. By analyzing this data, stakeholders can better understand the distribution of resources and identify areas for improvement in service delivery.

**Key Themes or Topics:**
- Economic mobility
- Social services access
- Urban resource distribution
- Community support services
- Public assistance programs
- Job seeker resources
- Demographic analysis
- Spatial data mapping
- Service delivery improvement

**Applications and Use Cases:**
- Facilitates analysis for urban planners and community organizers.
- Useful for policymakers in evaluating the effectiveness of social service programs.
- Enables researchers to study the impact of access to services on economic mobility.
- Assists in identifying gaps in service delivery across different boroughs.
- Supports statistical modeling of resource allocation and community needs.

**Potential Questions:**
- What is the distribution of Benefits Access Centers across New York City boroughs?
- How do operational hours of Benefits Access Centers vary by location?
- What services are most commonly available at Benefits Access Centers in different neighborhoods?
- How does the availability of children's areas differ among Benefits Access Centers?
- What demographic trends can be observed in relation to the location of Benefits Access Centers?

**Concepts and Synonyms:**
- Benefits Access Centers/Service Access Points
- Economic mobility/Financial assistance
- Social services/Public assistance
- Community resources/Support services
- Urban planning/Community development
- Spatial analysis/Geographic information systems (GIS)

**Keywords and Themes:**
- Benefits Access Centers
- New York City
- Social services
- Economic mobility
- Community support
- Resource distribution
- Job assistance
- Demographic data
- Spatial mapping

**Additional Context:**
- This dataset is relevant for addressing challenges related to economic inequality and access to essential services in urban environments.
- It provides valuable insights for interdisciplinary applications, including sociology, urban studies, and public policy.
- The dataset can be integrated with other datasets related to economic indicators, demographic statistics, and urban infrastructure to enhance analysis and decision-making.","Dataset Overview:
- This dataset provides detailed information about Benefits Access Centers located across various boroughs in New York City. It includes essential data such as facility names, addresses, contact numbers, and operational hours. The dataset covers multiple unique locations, with spatial data represented by latitude and longitude coordinates. Each entry also contains comments that describe specific features of the centers, such as children's areas and supervision availability. This dataset can be utilized for research, planning, and improving access to social services, helping individuals find the nearest support facilities based on their location and needs.

Key Themes or Topics:
- Social services access
- Community support facilities
- Urban social infrastructure
- Public assistance programs
- Welfare services
- Family support services
- Non-profit service organizations
- Local government services
- Health and human services
- Economic assistance programs

Applications and Use Cases:
- Assists social workers in locating resources for clients
- Aids policymakers in evaluating service accessibility
- Supports researchers studying urban social service distribution
- Facilitates community planning and resource allocation
- Enhances outreach efforts for social service organizations
- Provides data for geographic information system (GIS) analysis
- Informs public health initiatives related to social support
- Guides individuals seeking assistance in their local area

Concepts and Synonyms:
- Benefits Access Centers / Social service centers
- Community resource centers / Support facilities
- Public assistance / Welfare programs
- Economic support / Financial assistance
- Family services / Child and family support
- Outreach programs / Community engagement
- Service availability / Accessibility of services
- Social equity / Access to resources
- Non-profit organizations / Charitable services

Keywords and Themes:
- Benefits Access Centers
- New York City
- social services
- community support
- public assistance
- welfare programs
- facility information
- operational hours
- contact information
- spatial data
- service features
- children's areas
- supervision availability

Additional Context:
- The dataset is crucial for addressing disparities in access to social services across different neighborhoods in New York City.
- It highlights the importance of community-based support systems in enhancing the well-being of residents.
- The dataset can be integrated with demographic data to analyze the relationship between community resources and socio-economic factors.
- It serves as a valuable tool for advocacy groups aiming to improve service delivery and accessibility for vulnerable populations.",,29,16,0,0
r3dx-pew9,https://data.cityofnewyork.us/d/r3dx-pew9,"This dataset, published in 2020, provides a comprehensive overview of Neighborhood Financial Health across various areas in New York City. It includes key demographic and economic indicators such as poverty rates, median income, and racial composition, allowing for a nuanced understanding of financial well-being in different neighborhoods. The dataset features 55 unique Public Use Microdata Areas (PUMAs) and covers various goals related to financial services, goods and services, jobs and income, and financial shocks. Each goal is assessed through multiple indicators, such as homeownership opportunity and access to health insurance, with corresponding outcomes and rankings. This dataset can be utilized for research on economic disparities, policy-making, and community development initiatives aimed at improving financial health and equality in urban settings. It serves as a valuable resource for understanding the intersection of education, health, and financial stability within neighborhoods.

Column constraints outlined in Data Dictionary:
year_published: must be 2020; required  
goal: allowed values include Build Assets; Financial Services; Financial Shocks; Goods & Services; Jobs & Income  
goalname: allowed values include Goal 1: Financial Services; Goal 2: Goods & Services; Goal 3: Jobs & Income; Goal 4: Financial Shocks; Goal 5: Build Assets  
goalfullname: allowed values include Goal 1: Access to Affordable, High-Quality Financial Services; Goal 2: Access to Affordable, High-Quality Goods & Services; Goal 3: Access to Quality Jobs & Income Supports; Goal 4: Stable Housing & Capacity to Limit Financial Shocks; Goal 5: Opportunities to Build Assets & Plan for the Future  
indexscore: must be between 0 and 10, inclusive  
ind1: allowed values include Homeownership Opportunity; Bank / Credit Union-To-Nonbank Ratio; Ability To Borrow At Low Cost; Access To Groceries; Job Training And Placement Support  
ind2: allowed values include Neighborhood Tenure; Bank / Credit Union Density; Housing Stability; Child Care Capacity; Jobs With Health Insurance  
ind3: allowed values include IDNYC Acceptance; Health Insurance Access; Health Care Access; Labor Force Participation  
ind4: allowed values include Retirement Security; Mortgage Origination By Race; Rent Burden; Cost Of Transportation ($); Job Quality  
ind5: allowed values include Community Efficacy; Bank / Credit Union Utilization; Severe Rent Burden; Cost Of Transportation (%); Educational Attainment  
ind6: allowed values include Small Business Employment Opportunity; Affordable Products; Pre-foreclosure Notices; Journey To Work Time; Public Benefits Utilization  
ind7: allowed values include Participatory Budgeting; Mobile Banking Utilization; Financial Counseling; Tax Credit Utilization  
ind8: allowed values include Adults With High School Diploma","This dataset provides a comprehensive overview of neighborhood financial health across various areas in New York City, published in 2020. It includes key demographic and economic indicators such as poverty rates, median income, and racial composition, allowing for a nuanced understanding of financial disparities. The dataset features 52 unique geographic areas, including boroughs and neighborhoods, and encompasses various metrics related to financial services, job opportunities, and housing stability. It can be utilized for analyzing community needs, assessing the effectiveness of financial programs, and informing policy decisions aimed at improving economic conditions in specific neighborhoods.","Dataset Overview:
- This dataset, published in 2020, provides a comprehensive overview of Neighborhood Financial Health across various areas in New York City. It includes key demographic and economic indicators such as poverty rates, median income, and racial composition, allowing for a nuanced understanding of financial well-being in different neighborhoods. The dataset features 55 unique Public Use Microdata Areas (PUMAs) and covers various goals related to financial services, goods and services, jobs and income, and financial shocks. Each goal is assessed through multiple indicators, such as homeownership opportunity and access to health insurance, with corresponding outcomes and rankings. This dataset can be utilized for research on economic disparities, policy-making, and community development initiatives aimed at improving financial health and equality in urban settings. It serves as a valuable resource for understanding the intersection of education, health, and financial stability within neighborhoods.

Key Themes or Topics:
- Neighborhood Financial Health
- Economic Disparities
- Urban Economics
- Socioeconomic Indicators
- Community Development
- Financial Services Access
- Housing Stability
- Employment Opportunities
- Racial and Ethnic Composition
- Health Insurance Access
- Poverty and Income Levels
- Financial Shocks and Resilience
- Asset Building and Financial Literacy

Applications and Use Cases:
- Facilitates analysis for urban planners and policymakers focused on economic development.
- Useful for researchers studying socioeconomic factors affecting neighborhood health.
- Enables community organizations to identify areas for intervention and support.
- Assists in evaluating the effectiveness of financial services and programs.
- Supports statistical modeling of economic trends and disparities in urban settings.
- Aids in assessing the impact of demographic changes on financial health.

Potential Questions:
- What is the distribution of poverty rates across different neighborhoods in New York City?
- How does median income vary among the 55 unique Public Use Microdata Areas (PUMAs)?
- What are the indicators of financial health that correlate with homeownership opportunity?
- How does access to health insurance differ across neighborhoods with varying racial compositions?
- What trends can be observed in financial shocks and their impact on community stability over time?
- How do job training and placement support services affect labor force participation in different areas?

Concepts and Synonyms:
- Financial Health/Financial Well-Being
- Economic Indicators/Demographic Indicators
- Community Resilience/Neighborhood Resilience
- Asset Building/Wealth Accumulation
- Financial Services/Banking Services
- Housing Affordability/Affordable Housing
- Employment Support/Job Assistance
- Health Access/Healthcare Availability
- Racial Equity/Economic Equity
- Poverty Alleviation/Economic Empowerment

Keywords and Themes:
- Neighborhood Financial Health
- Economic Disparities
- Urban Development
- Financial Services Access
- Housing Stability
- Employment Opportunities
- Health Insurance Access
- Poverty Rates
- Median Income
- Racial Composition
- Community Development Initiatives
- Financial Literacy

Additional Context:
- This dataset is relevant for addressing challenges related to economic inequality and access to financial resources in urban environments.
- It highlights the importance of understanding the interplay between socioeconomic factors and community health.
- The dataset can be integrated with other datasets focusing on education, health, and urban planning to provide a comprehensive view of neighborhood dynamics.
- It serves as a critical resource for initiatives aimed at promoting financial equity and improving the overall quality of life in urban neighborhoods.","Dataset Overview:
- This dataset provides a comprehensive overview of neighborhood financial health across various areas in New York City, published in 2020. It includes key demographic and economic indicators such as poverty rates, median income, and racial composition, allowing for a nuanced understanding of financial disparities. The dataset features 52 unique geographic areas, including boroughs and neighborhoods, and encompasses various metrics related to financial services, job opportunities, and housing stability. It can be utilized for analyzing community needs, assessing the effectiveness of financial programs, and informing policy decisions aimed at improving economic conditions in specific neighborhoods.

Key Themes or Topics:
- Neighborhood financial health
- Socio-economic disparities
- Economic indicators
- Demographic analysis
- Community development
- Urban economics
- Financial services access
- Housing stability
- Employment opportunities
- Racial and ethnic composition
- Poverty and income inequality
- Economic resilience

Applications and Use Cases:
- Facilitates analysis for urban planners and community organizers.
- Useful for policymakers in developing targeted financial assistance programs.
- Enables researchers to study socio-economic trends and disparities.
- Assists non-profit organizations in identifying community needs and resource allocation.
- Supports statistical modeling for economic forecasting and impact assessment.
- Aids in evaluating the effectiveness of financial literacy programs.

Concepts and Synonyms:
- Financial health/neighborhood financial wellness
- Economic indicators/financial metrics
- Poverty rates/income poverty
- Median income/average income
- Racial composition/ethnic diversity
- Housing stability/housing security
- Job opportunities/employment access
- Community needs assessment/needs analysis
- Financial disparities/economic inequality

Keywords and Themes:
- neighborhood financial health
- socio-economic indicators
- demographic data
- economic disparities
- financial services
- housing stability
- poverty analysis
- income distribution
- employment statistics
- community development

Additional Context:
- Highlights the dataset's relevance to addressing economic challenges faced by marginalized communities.
- Emphasizes its value for interdisciplinary applications, integrating urban studies, economics, and social justice.
- Provides insights into the effectiveness of local policies aimed at reducing financial disparities and improving community well-being.","{'year_published': {'column_description': 'The year DCWP published the dataset.', 'additional_notes': 'The NFH Inidicators will updated periodically as new U.S. Census and other contributing datasets become available.'}, 'puma': {'column_description': 'Public Use Microdata Areas\xa0(PUMAs) are non-overlapping, statistical geographic areas that partition each state or equivalent entity into geographic areas containing no fewer than 100,000 people each'}, 'borough': {'column_description': 'NYC Borough'}, 'neighborhoods': {'column_description': 'Name of the Neighborhood Tabulation Area (NTA)'}, 'cd': {'column_description': 'Community District(s) that comprise the PUMA'}, 'join': {'column_description': 'A value included in the dataset for recursive processing for the map visulization - a self-join on the dataset by PUMA'}, 'nyc_poverty_rate': {'column_description': 'The poverty rate of the PUMA'}, 'median_income': {'column_description': 'The median income in the PUMA'}, 'perc_white': {'column_description': 'The percent of the population in the PUMA that is white'}, 'perc_black': {'column_description': 'The percent of the population in the PUMA that is black'}, 'perc_asian': {'column_description': 'The percent of the population in the PUMA that is Asian'}, 'perc_other': {'column_description': 'The percent of the population in the PUMA that is of other race/ethnicity'}, 'perc_hispanic': {'column_description': 'The percent of the population in the PUMA that is Hispanic'}, 'goal': {'column_description': 'The short name of the Financial Health goal.  ', 'term_acronym_or_code_definitions': 'Build Assets; Financial Services; Financial Shocks; Goods & Services; Jobs & Income.\n\n""Overall Index"" ""Majority Race/Ethnicity"" values are also stored in this column but they are not considered goals.'}, 'goalname': {'column_description': 'The short name of the goal with presentation label', 'term_acronym_or_code_definitions': 'Goal 1: Financial Services; Goal 2: Goods & Services; Goal 3: Jobs & Income; Goal 4: Financial Shocks; Goal 5: Build Assets'}, 'goalfullname': {'column_description': 'The full name of the goal with presentation label', 'term_acronym_or_code_definitions': 'Goal 1: Access to Affordable, High-Quality Financial Services; Goal 2: Access to Affordable, High-Quality Goods & Services; Goal 3: Access to Quality Jobs & Income Supports; Goal 4: Stable Housing & Capacity to Limit Financial Shocks; Goal 5: Opportunities to Build Assets & Plan for the Future; '}, 'totaloutcome': {'column_description': 'Also referred to as the indicator score.  '}, 'goalrank': {'column_description': ""The PUMA's total outcome ranked against all NYC PUMAs for the specified goal.""}, 'indexscore': {'column_description': 'The index score of the PUMA.', 'additional_notes': 'Every neighborhood is assidnged an index score from 0 to 10 (10 being the best) for each neighborhood financial health goal based on indicators for how well the neighborhood fulfills the goal.'}, 'scorerank': {'column_description': ""The index score's rank among all PUMAs""}, 'ind1': {'column_description': 'The name of the first indicator for each goal', 'term_acronym_or_code_definitions': 'Homeownership Opportunity\nBank / Credit Union-To-Nonbank Ratio\nAbility To Borrow At Low Cost\nAccess To Groceries\nJob Training And Placement Support'}, 'ind1outcome': {'column_description': 'The outcome, or raw score, for the first indicator for each goal'}, 'ind1rank': {'column_description': ""Where the PUMA's score for the goal's indicator ranks among all PUMAs for that indicator""}, 'ind1definition': {'column_description': 'Narrative definition of the first indicator for each goal', 'term_acronym_or_code_definitions': 'Percentage of housing units that are owner-occupied\nRatio of banks & credit unions to check cashers & pawnshops\nPercentage of residents with a prime or better credit score\nSupermarket square footage per 100 residents\nNumber of job training and placement programs per 10,000 unemployed residents'}, 'ind2': {'column_description': 'The name of the second indicator for each goal', 'term_acronym_or_code_definitions': 'Neighborhood Tenure\nBank / Credit Union Density\nHousing Stability\nChild Care Capacity\nJobs With Health Insurance'}, 'ind2outcome': {'column_description': 'The outcome, or raw score, for the second indicator for each goal'}, 'ind2rank': {'column_description': ""Where the PUMA's score for the goal's indicator ranks among all PUMAs for that indicator""}, 'ind2definition': {'column_description': 'Narrative definition of the second indicator for each goal', 'term_acronym_or_code_definitions': 'Percentage of residents who have lived in their homes for 10 or more years\nNumber of bank and credit union branches per 10,000 residents\nPercentage of rental housing units that are under regulatory protection\nPercentage of 3- and 4-year-olds enrolled in early education programs\nPercentage of the population that has health insurance coverage through their current or former employer or through their union'}, 'ind3': {'column_description': 'The name of the third indicator for each goal', 'term_acronym_or_code_definitions': 'IDNYC Acceptance\nHealth Insurance Access\nHealth Care Access\nLabor Force Participation'}, 'ind3outcome': {'column_description': 'The outcome, or raw score, for the third indicator for each goal'}, 'ind3rank': {'column_description': ""Where the PUMA's score for the goal's indicator ranks among all PUMAs for that indicator""}, 'ind3definition': {'column_description': 'Narrative definition of the third indicator for each goal', 'term_acronym_or_code_definitions': 'Number of NYC certified M/WBEs per 100,000 residents\nPercentage of bank & credit union branches that accept IDNYC as primary ID\nPercentage of residents with health insurance\nPercentage of adults who did not receive needed medical care in past year \nPercent of the non-institutionalized people age 16 or older who are employed or looking for work'}, 'ind4': {'column_description': 'The name of the fourth indicator for each goal', 'term_acronym_or_code_definitions': 'Retirement Security\nMortgage Origination By Race\nRent Burden\nCost Of Transportation ($)\nJob Quality'}, 'ind4outcome': {'column_description': 'The outcome, or raw score, for the fourth indicator for each goal'}, 'ind4rank': {'column_description': ""Where the PUMA's score for the goal's indicator ranks among all PUMAs for that indicator""}, 'ind4definition': {'column_description': 'Narrative definition of the fourth indicator for each goal', 'term_acronym_or_code_definitions': 'Median income-to-poverty line ratio of residents age 65 and older\nRacial/ethnic mix of mortgage loans originated in the past year\nPercentage of households that pay more than 30% of income on rent\nAverage (mean) amount of money spent monthly on transportation per household\nMedian income of neighborhood residents with 5 or more years housing tenure'}, 'ind5': {'column_description': 'The name of the fifth indicator for each goal', 'term_acronym_or_code_definitions': 'Community Efficacy\nBank / Credit Union Utilization\nSevere Rent Burden\nCost Of Transportation (%)\nEducational Attainment'}, 'ind5outcome': {'column_description': 'The outcome, or raw score, for the fifth indicator for each goal'}, 'ind5rank': {'column_description': ""Where the PUMA's score for the goal's indicator ranks among all PUMAs for that indicator""}, 'ind5definition': {'column_description': 'Narrative definition of the fifth indicator for each goal', 'term_acronym_or_code_definitions': 'Number of community and public institutions per 10,000 residents\nPercentage of residents with a bank or credit union account\nPercentage of households that pay more than 50% of income on rent\nPercentage of median household income spent on transportation\nPercentage of high school students who graduate on time (within 4 years)'}, 'ind6': {'column_description': 'The name of the sixth indicator for each goal', 'term_acronym_or_code_definitions': 'Small Business Employment Opportunity\nAffordable Products\nPre-foreclosure Notices\nJourney To Work Time\nPublic Benefits Utilization'}, 'ind6outcome': {'column_description': 'The outcome, or raw score, for the sixth indicator for each goal'}, 'ind6rank': {'column_description': ""Where the PUMA's score for the goal's indicator ranks among all PUMAs for that indicator""}, 'ind6definition': {'column_description': 'Narrative definition of the sixth indicator for each goal', 'term_acronym_or_code_definitions': 'Percentage of jobs in small businesses (less than 20 employees)\nPercentage of bank & credit union branches offering checking accounts that meet New York Basic Banking guidelines\nNumber of pre-foreclosure notices issued per 1,000 1-4 family homes and condominium units\nAverage (mean) travel time to work in minutes\nPercentage of people eligible for SNAP receiving the benefit'}, 'ind7': {'column_description': 'The name of the seventh indicator for each goal', 'term_acronym_or_code_definitions': 'Participatory Budgeting\nMobile Banking Utilization\nFinancial Counseling\nTax Credit Utilization'}, 'ind7outcome': {'column_description': 'The outcome, or raw score, for the seventh indicator for each goal'}, 'ind7rank': {'column_description': ""Where the PUMA's score for the goal's indicator ranks among all PUMAs for that indicator""}, 'ind7definition': {'column_description': 'Narrative definition of the seventh indicator for each goal', 'term_acronym_or_code_definitions': 'Percentage of eligible residents casting a vote in most recent participatory budgeting cycle\nEstimated percentage of residents that used mobile banking in past twelve months\nFull-Time Equivalent Financial Counselors per 100,000 residents aged 18-64 years\nPercentage of eligible Tax Units claiming EITC'}, 'ind8': {'column_description': 'The name of the eighth indicator for each goal', 'term_acronym_or_code_definitions': 'Adults With High School Diploma'}, 'ind8outcome': {'column_description': 'The outcome, or raw score, for the eighth indicator for each goal'}, 'ind8rank': {'column_description': ""Where the PUMA's score for the goal's indicator ranks among all PUMAs for that indicator""}, 'ind8definition': {'column_description': 'Narrative definition of the eighth indicator for each goal', 'term_acronym_or_code_definitions': 'Percentage of adults with a high school degree or equivalent'}}",385,52,1,1
dt2z-amuf,https://data.cityofnewyork.us/d/dt2z-amuf,"This dataset provides comprehensive information about Financial Empowerment Centers across New York City, detailing their locations, operating hours, and the services they offer. It includes data on various attributes such as the provider and host organization, building and street addresses, boroughs, and zip codes, ensuring users can easily identify and access these resources. The dataset features 23 unique building addresses and spans multiple boroughs, including Manhattan, Brooklyn, Queens, and the Bronx. It also highlights the languages spoken at these centers, primarily English and Spanish, catering to diverse communities. This dataset is valuable for researchers, policymakers, and community organizations aiming to enhance financial literacy and access to financial services for low-income individuals. By analyzing this data, stakeholders can identify service gaps, improve outreach efforts, and ultimately empower communities through financial education and counseling services.

Column constraints outlined in Data Dictionary:
building: may include a dash character as part of the number  
bbl: format must follow the structure of Borough, Block, Lot  
x_coordinates: unit of measure is Feet; must be in NAD 1983 StatePlane New York Long Island FIPS 3104  
y_coordinates: unit of measure is Feet; must be in NAD 1983 StatePlane New York Long Island FIPS 3104  
latitude: unit of measure is decimal degrees  
longitude: unit of measure is decimal degrees  
bin: Building Identification Number format  
location: unit of measure is decimal degrees","This dataset provides detailed information about financial empowerment services offered by various organizations across New York City. It includes data on the provider and host organization, location details such as building, street, city, borough, and zip code, as well as operational hours and days open. The dataset also captures the languages spoken, contact information, and unique identifiers for community boards and council districts. With spatial coordinates for each location, this dataset can be utilized to analyze access to financial services, identify service gaps, and support community outreach efforts aimed at enhancing financial literacy and empowerment.","**Dataset Overview:**
- This dataset provides comprehensive information about Financial Empowerment Centers across New York City, detailing their locations, operating hours, and the services they offer. It includes data on various attributes such as the provider and host organization, building and street addresses, boroughs, and zip codes, ensuring users can easily identify and access these resources. The dataset features 23 unique building addresses and spans multiple boroughs, including Manhattan, Brooklyn, Queens, and the Bronx. It also highlights the languages spoken at these centers, primarily English and Spanish, catering to diverse communities. This dataset is valuable for researchers, policymakers, and community organizations aiming to enhance financial literacy and access to financial services for low-income individuals. By analyzing this data, stakeholders can identify service gaps, improve outreach efforts, and ultimately empower communities through financial education and counseling services.

**Key Themes or Topics:**
- Financial empowerment
- Financial literacy
- Community services
- Economic development
- Social services
- Access to financial resources
- Low-income assistance
- Nonprofit organizations
- Urban community support
- Multilingual services

**Applications and Use Cases:**
- Analysis of financial service accessibility for low-income populations
- Policy formulation for enhancing financial literacy programs
- Research on the impact of financial empowerment services on community well-being
- Identification of service gaps in financial counseling and education
- Outreach strategy development for community organizations
- Evaluation of service utilization across different boroughs

**Potential Questions:**
- What are the operating hours of Financial Empowerment Centers in each borough?
- How many Financial Empowerment Centers are located in Manhattan compared to Brooklyn?
- What languages are offered at the Financial Empowerment Centers, and how do they cater to diverse communities?
- What is the distribution of services provided by different host organizations?
- How does the availability of financial services vary by zip code in New York City?

**Concepts and Synonyms:**
- Financial assistance/support
- Economic empowerment
- Financial counseling/advising
- Community financial services
- Financial education/training
- Social equity in finance
- Nonprofit financial services
- Community outreach programs
- Multilingual financial resources

**Keywords and Themes:**
- Financial empowerment services
- Financial literacy programs
- Community centers
- Economic support services
- New York City financial resources
- Low-income financial assistance
- Financial counseling centers
- Multilingual community services
- Urban financial education

**Additional Context:**
- This dataset is relevant for addressing challenges related to financial inequality and access to services in urban environments.
- It provides insights into the effectiveness of community-based financial education initiatives.
- The dataset can be integrated with demographic data to analyze the socio-economic factors influencing financial literacy and empowerment in New York City.","Dataset Overview:
- This dataset provides detailed information about financial empowerment services offered by various organizations across New York City. It includes data on the provider and host organization, location details such as building, street, city, borough, and zip code, as well as operational hours and days open. The dataset also captures the languages spoken, contact information, and unique identifiers for community boards and council districts. With spatial coordinates for each location, this dataset can be utilized to analyze access to financial services, identify service gaps, and support community outreach efforts aimed at enhancing financial literacy and empowerment.

Key Themes or Topics:
- Financial empowerment
- Financial literacy
- Community services
- Economic development
- Social services
- Access to financial resources
- Nonprofit organizations
- Community outreach
- Urban services
- Economic inequality
- Financial counseling
- Financial education
- Social equity

Applications and Use Cases:
- Supports analysis for financial service providers, community organizations, and policymakers.
- Useful for planning community outreach programs and financial literacy workshops.
- Enables assessment of service accessibility and identification of underserved areas.
- Facilitates research on the impact of financial services on economic mobility.
- Assists in the development of targeted interventions to improve financial literacy.
- Aids in evaluating the effectiveness of financial empowerment initiatives.

Concepts and Synonyms:
- Financial empowerment services/financial assistance programs
- Financial literacy education/financial education
- Community organizations/nonprofit organizations
- Economic empowerment/economic self-sufficiency
- Access to financial services/financial service accessibility
- Outreach programs/community engagement
- Social services/economic support services
- Financial counseling/financial advisory services
- Multilingual services/language access

Keywords and Themes:
- financial empowerment
- financial literacy
- community services
- economic development
- nonprofit organizations
- financial counseling
- access to services
- outreach programs
- urban planning
- social equity
- economic inequality
- community engagement

Additional Context:
- Highlights the importance of financial empowerment in addressing economic disparities in urban settings.
- Emphasizes the role of community organizations in providing essential financial services to diverse populations.
- Relevant for interdisciplinary studies involving economics, social work, urban studies, and public policy.
- Supports initiatives aimed at improving financial literacy among marginalized communities and enhancing overall economic well-being.","{'provider': {'column_description': 'Financial counseling service provider that operates the Financial Empowerment Center.'}, 'host_organization': {'column_description': 'The organization that hosts the Financial Empowerment Center.'}, 'building': {'column_description': 'The building number for the address where the Financial Empowerment Center is located.', 'additional_notes': 'Note, some building numbers in Queens may include a dash character as part of the number. '}, 'street': {'column_description': 'The street name where the Financial Empowerment Center is located.'}, 'city': {'column_description': 'USPS preferred city name for the address where the Financial Empowerment Center is located.'}, 'borough': {'column_description': 'The name of the NYC Borough where the Financial Empowerment Center is located.'}, 'site_location_address': {'column_description': 'The Financial Empowerment Center address with unit information.'}, 'days_open': {'column_description': 'Weekdays when the Financial Empowerment Center financial counseling services are regularly provided.'}, 'hours': {'column_description': 'Financial Empowerment Center typical hours of operation.'}, 'language_s': {'column_description': 'Language spoken by financial counselors at the Financial Empowerment Center.'}, 'telephone': {'column_description': 'Phone number for booking an appointment at a Financial Empowerment Center.'}, 'community_board': {'column_description': 'Community Board number which represents the Community District or joint interest area where the Financial Empowerment Center is located.'}, 'council_district': {'column_description': 'Council District number where Financial Empowerment Center is located.'}, 'bbl': {'column_description': 'A concatenation of the borough, block, and lot numbers where Financial Empowerment Center is located.  Identifies a parcel of real property in New York City.', 'term_acronym_or_code_definitions': 'Borough, Block, Lot'}, 'nta': {'column_description': 'Neighborhood Tabulation Area (NTA) where Financial Empowerment Center is located.', 'term_acronym_or_code_definitions': 'Neighborhood Tabulation Area'}, 'x_coordinates': {'column_description': 'The X Coordinate of the XY coordinate pair where the Financial Empowerment Center is located.', 'additional_notes': 'NAD 1983 StatePlane New York Long Island FIPS 3104, Unit of measure: Feet'}, 'y_coordinates': {'column_description': 'The Y Coordinate of the XY coordinate pair where the Financial Empowerment Center is located.', 'additional_notes': 'NAD 1983 StatePlane New York Long Island FIPS 3104, Unit of measure: Feet'}, 'latitude': {'column_description': 'Latitude of the Financial Empowerment Center location.', 'additional_notes': 'In unit of decimal degree'}, 'longitude': {'column_description': 'Longitude of the Financial Empowerment Center location.', 'additional_notes': 'In unit of decimal degree'}, 'census_tract': {'column_description': 'The 2010 US Census Tract where the Financial Empowerment Center is located.'}, 'bin': {'column_description': 'Building Identification Number (BIN) for the building in which the Financial Empowerment Center is located. The BIN is a seven-digit numerical identifier unique to each building in the City of New York. The first digit is the Borough Code. If the borough code is followed by all zeroes (commonly referred to as a ‘million BIN’, this indicates that a BIN has not been assigned.', 'term_acronym_or_code_definitions': 'Building Identification Number'}, 'location': {'column_description': 'Concatenated Latitude and Longitude coordinate location where Financial Empowerment Center is located.', 'additional_notes': 'In unit of decimal degree'}}",23,23,1,1
9b9u-8989,https://data.cityofnewyork.us/d/9b9u-8989,"This dataset provides a comprehensive overview of various businesses in New York City, focusing on their establishment details, including the name, address, borough, business sector, category, type of cuisine, number of employees, and actual opening date. With 4,938 unique business names and 5,050 unique street addresses, it captures a diverse range of establishments across the five boroughs: Bronx, Brooklyn, Manhattan, Queens, and Staten Island. The dataset spans from June 2010 to November 2018, offering insights into the growth and evolution of the local business landscape. It categorizes businesses into sectors such as Accommodations and Food, Finance and Insurance, and Healthcare, while also detailing the types of cuisine offered. This information can be invaluable for analyzing business trends, supporting small business initiatives, and fostering economic development in NYC.

Column constraints outlined in Data Dictionary:
establishment_record_establishment_borough: Allowed values are limited to Bronx, Brooklyn, Manhattan, Queens, Staten Island  
establishment_record_business_sector: Allowed values are Accommodations and Food, Finance and Insurance, Healthcare/Social Assistance, Information, Manufacturing, Retail Trade, Services (except Public Admin), Other  
establishment_record_establishment_category: Allowed values are dependent on Business Sector; options include Automotive Parts, Accessories And Tire Stores, Banks and Credit Unions, Beer, Wine, and Liquor Stores, Beverage Manufacturing, Book Stores and News Dealers, Child Day Care Services, Clothing Stores, Department Stores, Drinking Places (Alcoholic Beverages), Drycleaning and Laundry Services, Florists, Furniture Stores, Grocery Stores, Health And Personal Care Stores, Hotels, Jewelry, Luggage and Leather Goods Stores, Office Supplies, Stationery, and Gift Stores, Personal Care Services (hair, nail and skin care services), Restaurants and Other Eating Places, Shoe Stores, Specialty Food Stores, Sporting Goods, Hobby, and Musical Instrument Stores, Wireless Telecommunications Carriers, Other Miscellaneous Store Retailers, Other  
establishment_record_type_of_cuisine: Multi-select picklist options include Afghani, African, American, Asian, Bagels, Baked Goods, BBQ, Breakfast, Burgers, Cajun, Cakes, Caribbean, Chinese, Coffee House, Columbian, Croatian, Cuban, Czech, Deli Foods, Desserts, Diner, Dominican, Donuts, English Pub, European, Fast Food, Filipino, Fish, French, Fusion, German, Greek, Halal, Healthfood, Ice Cream/Yogurt, Indian, Indian (North), Indian (South), Irish, Italian, Japanese, Juice Bar, Korean, Kosher, Latin American, Mediterranean, Mexican, Middle Eastern, New American, Noodles, Organic, Patisserie, Peruvian, Pho, Pizza, Polish, Russian, Sandwich, Seafood, Small Plates, Soul, Soups, South Asian, Southern, Spanish, Steak House, Sushi, Tacos, Tex-Mex, Thai, Tibetan, Turkish, Vegetarian, Vietnamese, West African (Ghanian), West Indian, Wholesale  
number_of_employees: Integer value with a maximum of 6 digits; no decimals allowed  
establishment_record_actual_opening_date: Date field in the format YYYY-MM-DDTHH:MM:SS.SSS","This dataset provides detailed information about various establishments in New York City, focusing on their business growth. It includes key attributes such as the establishment's name, address, borough, business sector, category, type of cuisine, number of employees, and actual opening date. The dataset spans from 2010 to 2018, capturing a diverse range of 36 unique cuisine types and 5 boroughs. It can be utilized to analyze trends in the NYC food and hospitality industry, assess employment patterns, and understand the growth dynamics of local businesses. This rich dataset serves as a valuable resource for researchers, policymakers, and entrepreneurs interested in urban economic development.","Dataset Overview:
- This dataset provides a comprehensive overview of various businesses in New York City, focusing on their establishment details, including the name, address, borough, business sector, category, type of cuisine, number of employees, and actual opening date. With 4,938 unique business names and 5,050 unique street addresses, it captures a diverse range of establishments across the five boroughs: Bronx, Brooklyn, Manhattan, Queens, and Staten Island. The dataset spans from June 2010 to November 2018, offering insights into the growth and evolution of the local business landscape. It categorizes businesses into sectors such as Accommodations and Food, Finance and Insurance, and Healthcare, while also detailing the types of cuisine offered. This information can be invaluable for analyzing business trends, supporting small business initiatives, and fostering economic development in NYC.

Key Themes or Topics:
- Business establishment and growth
- Economic development in urban areas
- Local business landscape analysis
- Sector-specific business trends
- Culinary diversity and restaurant industry
- Employment trends in NYC businesses
- Geographic distribution of businesses in NYC

Applications and Use Cases:
- Supports economic analysis for city planners and policymakers
- Assists researchers in studying urban business dynamics
- Aids small business support organizations in identifying growth opportunities
- Facilitates market research for entrepreneurs and investors
- Enables trend analysis for the hospitality and food service industries
- Provides insights for community development initiatives

Potential Questions:
- What is the distribution of businesses by borough in NYC?
- How does the number of employees vary across different business sectors?
- What trends can be observed in the opening dates of new businesses over time?
- How does the type of cuisine offered differ among various neighborhoods?
- What is the relationship between business sector and establishment category?
- How many businesses fall under the Healthcare/Social Assistance sector?

Concepts and Synonyms:
- Business growth/expansion
- Urban entrepreneurship/startups
- Economic indicators/business metrics
- Sector analysis/industry classification
- Culinary arts/food culture
- Employment statistics/workforce data
- Geographic information systems (GIS)/spatial analysis

Keywords and Themes:
- NYC businesses
- Business establishment data
- Economic development
- Business sectors
- Restaurant and food industry
- Employment data
- Borough-specific analysis
- Business trends over time

Additional Context:
- This dataset is relevant for understanding the economic landscape of New York City, particularly in the context of urban development and business sustainability. It can be integrated with demographic data to analyze the impact of population changes on business growth. The dataset also serves as a resource for comparative studies with other metropolitan areas, enhancing its value for interdisciplinary research in urban studies, economics, and social sciences.","Dataset Overview:
- This dataset provides detailed information about various establishments in New York City, focusing on their business growth. It includes key attributes such as the establishment's name, address, borough, business sector, category, type of cuisine, number of employees, and actual opening date. The dataset spans from 2010 to 2018, capturing a diverse range of 36 unique cuisine types and 5 boroughs. It can be utilized to analyze trends in the NYC food and hospitality industry, assess employment patterns, and understand the growth dynamics of local businesses. This rich dataset serves as a valuable resource for researchers, policymakers, and entrepreneurs interested in urban economic development.

Key Themes or Topics:
- Urban Economic Development
- Business Growth and Sustainability
- Food and Hospitality Industry Trends
- Employment Patterns in Urban Areas
- Entrepreneurship and Small Business Dynamics
- Urban Planning and Development
- Socio-Economic Factors in NYC
- Local Business Ecosystems

Applications and Use Cases:
- Analyzing trends in the NYC food and hospitality sector
- Assessing the impact of local businesses on employment rates
- Informing policymakers on urban economic strategies
- Supporting entrepreneurs in identifying growth opportunities
- Conducting market research for new business ventures
- Evaluating the effectiveness of business support programs
- Understanding demographic influences on business success

Concepts and Synonyms:
- Business establishment/enterprise
- Economic growth/business expansion
- Employment statistics/workforce data
- Culinary diversity/type of cuisine
- Boroughs/administrative divisions
- Business sector/industry classification
- Opening date/start date
- Hospitality sector/food service industry
- Urban development/city growth

Keywords and Themes:
- NYC business growth
- food industry trends
- hospitality employment
- urban entrepreneurship
- small business analysis
- economic development data
- restaurant openings
- culinary market research
- local business trends

Additional Context:
- This dataset is relevant for addressing challenges related to urban economic disparities and the sustainability of local businesses in NYC.
- It provides insights into the interplay between culinary diversity and economic growth, making it valuable for interdisciplinary research in urban studies, economics, and sociology.
- The dataset can be integrated with other urban datasets to enhance understanding of the broader economic landscape and inform strategic planning initiatives.","{'establishment_record_establishment_street': {'column_description': 'Building number + street name of the business location'}, 'establishment_record_establishment_zip': {'column_description': 'ZIP code of the business location'}, 'establishment_record_establishment_borough': {'column_description': 'NYC borough where the business is located', 'additional_notes': 'Since we only help businesses within NYCs five boroughs, the values are limited to: Bronx\nBrooklyn\nManhattan\nQueens\nStaten Island'}, 'establishment_record_business_sector': {'column_description': 'Business Industry/Sector', 'additional_notes': 'Accommodations and Food\nFinance and Insurance\nHealthcare/Social Assistance\nInformation\nManufacturing\nRetail Trade\nServices (except Public Admin)\nOther'}, 'establishment_record_establishment_category': {'column_description': 'Detailed business industry/sub-sector', 'additional_notes': 'This picklist is dependent on the Business Sector picklist. All options are listed below:\nAutomotive Parts, Accessories And Tire Stores\nBanks and Credit Unions\nBeer, Wine, and Liquor Stores\nBeverage Manufacturing\nBook Stores and News Dealers\nChild Day Care Services\nClothing Stores\nDepartment Stores\nDrinking Places (Alcoholic Beverages)\nDrycleaning and Laundry Services\nFlorists\nFurniture Stores\nGrocery Stores\nHealth And Personal Care Stores\nHotels\nJewelry, Luggage and Leather Goods Stores\nOffice Supplies, Stationery, and Gift Stores\nPersonal Care Services (hair, nail and skin care services)\nRestaurants and Other Eating Places\nShoe Stores\nSpecialty Food Stores\nSporting Goods, Hobby, and Musical Instrument Stores\nWireless Telecommunications Carriers\nOther Miscellaneous Store Retailers\nOther'}, 'establishment_record_type_of_cuisine': {'column_description': 'If the business is a food establishment, the type of food(s) offered', 'additional_notes': 'Multi-select picklist options:\nAfghani\nAfrican\nAmerican\nAsian\nBagels\nBaked Goods\nBBQ\nBreakfast\nBurgers\nCajun\nCakes\nCaribbean\nChinese\nCoffee House\nColumbian\nCroatian\nCuban\nCzech\nDeli Foods\nDesserts\nDiner\nDominican\nDonuts\nEnglish Pub\nEuropean\nFast Food\nFilipino\nFish\nFrench\nFusion\nGerman\nGreek\nHalal\nHealthfood\nIce Cream/Yogurt\nIndian\nIndian (North)\nIndian (South)\nIrish\nItalian\nJapanese\nJuice Bar\nKorean\nKosher\nLatin American\nMediterranean\nMexican\nMiddle Eastern\nNew American\nNoodles\nOrganic\nPatisserie\nPeruvian\nPho\nPizza\nPolish\nRussian\nSandwich\nSeafood\nSmall Plates\nSoul\nSoups\nSouth Asian\nSouthern\nSpanish\nSteak House\nSushi\nTacos\nTex-Mex\nThai\nTibetan\nTurkish\nVegetarian\nVietnamese\nWest African (Ghanian)\nWest Indian\nWholesale'}, 'number_of_employees': {'column_description': 'Actual number of employees reported by the business owner at the time of opening', 'additional_notes': 'Max 6 digits, no decimals'}, 'establishment_record_actual_opening_date': {'column_description': 'Date that the doors of the brick and mortar location open to the public', 'additional_notes': 'Date field'}}","5,226",9,1,0
ay9k-vznm,https://data.cityofnewyork.us/d/ay9k-vznm,"The Job Opportunities Dataset provides a comprehensive overview of various job positions available across New York City, categorized by boroughs such as Bronx, Brooklyn, Manhattan, Queens, and Staten Island. It includes essential details like job titles, sector and subsector names, wage ranges, and required qualifications, making it a valuable resource for job seekers and employers alike. Each entry outlines the position description, candidate experience, and educational requirements, ensuring clarity for potential applicants. The dataset also highlights the minimum and maximum hours expected per week, along with the type of position, whether full-time or part-time. This dataset can be utilized for recruitment purposes, helping small businesses and organizations identify talent and fill vacancies efficiently. Additionally, it serves as a tool for analyzing job market trends and opportunities within the healthcare, food services, and other sectors, ultimately aiding in workforce development and planning.

Column constraints outlined in Data Dictionary:
boroughbronx: Allowed values are Yes, No; Null values are allowed  
boroughbrooklyn: Allowed values are Yes, No; Null values are allowed  
boroughmanhattan: Allowed values are Yes, No; Null values are allowed  
boroughqueens: Allowed values are Yes, No; Null values are allowed  
boroughstatenisland: Allowed values are Yes, No; Null values are allowed  
boroughnonnyc: Allowed values are Yes, No; Null values are allowed  
sectorname: Must correspond to sectors and subsectors from the NAICS, 2007 version  
subsectorname: Must correspond to sectors and subsectors from the NAICS, 2007 version  
wagemin: Decimal; Must be less than or equal to wagemax  
wagemax: Decimal; Must be greater than or equal to wagemin  
minhoursperweek: Integer; Must be less than or equal to maxhoursperweek  
maxhoursperweek: Integer; Must be greater than or equal to minhoursperweek  
jobfamilyname: Must correspond to job families, occupational codes, and occupation names from the 2010 SOC  
sococcupationcode: Must correspond to job families, occupational codes, and occupation names from the 2010 SOC  
sococcupationname: Must correspond to job families, occupational codes, and occupation names from the 2010 SOC","This Job Openings Dataset provides detailed information on various job positions across New York City, including titles, locations, sectors, and wage ranges. It features 19 unique job titles and covers multiple boroughs, such as Bronx, Brooklyn, Manhattan, Queens, and Staten Island. Each entry includes descriptions of job responsibilities, required qualifications, and education levels, making it a valuable resource for job seekers and employers alike. The dataset can be utilized for analyzing job market trends, understanding wage distributions, and identifying skill requirements in different sectors. It serves as a comprehensive tool for workforce development and employment research.","Dataset Overview:
- The Job Opportunities Dataset provides a comprehensive overview of various job positions available across New York City, categorized by boroughs such as Bronx, Brooklyn, Manhattan, Queens, and Staten Island. It includes essential details like job titles, sector and subsector names, wage ranges, and required qualifications, making it a valuable resource for job seekers and employers alike. Each entry outlines the position description, candidate experience, and educational requirements, ensuring clarity for potential applicants. The dataset also highlights the minimum and maximum hours expected per week, along with the type of position, whether full-time or part-time. This dataset can be utilized for recruitment purposes, helping small businesses and organizations identify talent and fill vacancies efficiently. Additionally, it serves as a tool for analyzing job market trends and opportunities within the healthcare, food services, and other sectors, ultimately aiding in workforce development and planning.

Key Themes or Topics:
- Employment opportunities
- Job market analysis
- Workforce development
- Economic trends
- Labor market dynamics
- Sector-specific employment (e.g., healthcare, food services)
- Geographic employment distribution
- Job qualifications and requirements
- Full-time vs. part-time employment
- Wage analysis

Applications and Use Cases:
- Recruitment and hiring strategies for employers
- Job search assistance for job seekers
- Labor market trend analysis for researchers
- Policy formulation for workforce development agencies
- Economic impact studies related to employment
- Sector-specific employment analysis for businesses
- Educational program development based on job requirements
- Statistical modeling of employment trends
- Geographic analysis of job availability

Potential Questions:
- What is the distribution of job opportunities across different boroughs in NYC?
- How do wage ranges vary between full-time and part-time positions?
- What are the most common qualifications required for jobs in the healthcare sector?
- How has the number of job openings changed over the past year in Brooklyn?
- What is the average minimum wage for jobs in the food services sector?
- How do job opportunities differ between sectors such as healthcare and food services?
- What percentage of job positions are part-time versus full-time across different boroughs?
- What are the trends in required educational qualifications for various job titles?

Concepts and Synonyms:
- Job vacancies/Job openings
- Employment positions/Job roles
- Labor force/Workforce
- Job seekers/Applicants
- Hiring/recruitment
- Wage/salary
- Qualifications/credentials
- Full-time employment/Part-time employment
- Sector/subsector
- Geographic distribution/Location-based employment

Keywords and Themes:
- Job opportunities
- New York City employment
- Job market trends
- Wage ranges
- Employment qualifications
- Full-time jobs
- Part-time jobs
- Sector analysis
- Workforce planning
- Economic development

Additional Context:
- The dataset is relevant for understanding the employment landscape in urban settings, particularly in a diverse and economically vibrant city like New York City. It can inform policymakers about the needs of the labor market and help educational institutions align their programs with industry demands. Additionally, it serves as a critical resource for small businesses looking to navigate the competitive job market and attract qualified candidates. The dataset's insights can also contribute to broader discussions on economic inequality and workforce development strategies.","Dataset Overview:
- This Job Openings Dataset provides detailed information on various job positions across New York City, including titles, locations, sectors, and wage ranges. It features 19 unique job titles and covers multiple boroughs, such as Bronx, Brooklyn, Manhattan, Queens, and Staten Island. Each entry includes descriptions of job responsibilities, required qualifications, and education levels, making it a valuable resource for job seekers and employers alike. The dataset can be utilized for analyzing job market trends, understanding wage distributions, and identifying skill requirements in different sectors. It serves as a comprehensive tool for workforce development and employment research.

Key Themes or Topics:
- Labor market analysis
- Employment trends
- Job market dynamics
- Workforce development
- Economic indicators
- Sector-specific employment
- Geographic employment distribution
- Skills and qualifications analysis
- Wage analysis
- Job title categorization

Applications and Use Cases:
- Job market analysis for researchers and economists
- Workforce development strategies for policymakers
- Recruitment and hiring practices for employers
- Educational program development based on skill requirements
- Labor market forecasting and trend analysis
- Economic development initiatives
- Career counseling and job placement services
- Statistical modeling of employment patterns
- Analysis of wage disparities across sectors and boroughs

Concepts and Synonyms:
- Job openings/vacancies
- Employment positions/job roles
- Job titles/occupations
- Wage ranges/salary bands
- Qualifications/credentials
- Education levels/academic requirements
- Job responsibilities/duties
- Labor force participation
- Sector/industry classification
- Geographic distribution/location analysis

Keywords and Themes:
- job openings
- employment data
- New York City jobs
- labor market trends
- wage distribution
- job responsibilities
- qualifications
- workforce analysis
- economic research
- employment sectors

Additional Context:
- The dataset is relevant for addressing challenges in workforce development and employment policy formulation in urban settings.
- It provides insights into the evolving job market, which is crucial for adapting educational programs to meet industry needs.
- The dataset can be integrated with other economic datasets to enhance understanding of socio-economic factors influencing employment in New York City.","{'positiontitle': {'column_description': 'Job title of the position', 'additional_notes': 'text field'}, 'boroughbronx': {'column_description': 'Indicator whether this job has a location in the Bronx (jobs may have one or more location)', 'term_acronym_or_code_definitions': 'Yes/No field', 'additional_notes': 'text field'}, 'boroughbrooklyn': {'column_description': 'Indicator whether this job has a location in Brooklyn (jobs may have one or more location)', 'term_acronym_or_code_definitions': 'Yes/No field', 'additional_notes': 'text field'}, 'boroughmanhattan': {'column_description': 'Indicator whether this job has a location in Manhattan (jobs may have one or more location)', 'term_acronym_or_code_definitions': 'Yes/No field', 'additional_notes': 'text field'}, 'boroughqueens': {'column_description': 'Indicator whether this job has a location in Queens (jobs may have one or more location)', 'term_acronym_or_code_definitions': 'Yes/No field', 'additional_notes': 'text field'}, 'boroughstatenisland': {'column_description': 'Indicator whether this job has a location in Staten Island (jobs may have one or more location)', 'term_acronym_or_code_definitions': 'Yes/No field', 'additional_notes': 'text field'}, 'boroughnonnyc': {'column_description': 'Indicator whether this job has a location outside NYC (jobs may have one or more location)', 'term_acronym_or_code_definitions': 'Yes/No field', 'additional_notes': 'text field'}, 'sectorname': {'column_description': 'High level sector name of the hiring business', 'term_acronym_or_code_definitions': 'Sectors and subsectors are from the North American Industry Classification System (NAICS), 2007 version, from the US Census Bureau', 'additional_notes': 'text field'}, 'subsectorname': {'column_description': 'Lower level subsector name of the hiring business', 'term_acronym_or_code_definitions': 'Sectors and subsectors are from the North American Industry Classification System (NAICS), 2007 version, from the US Census Bureau', 'additional_notes': 'text field'}, 'wagemin': {'column_description': 'Minimum wage', 'additional_notes': 'Decimal'}, 'wagemax': {'column_description': 'Maximum wage', 'additional_notes': 'Decimal'}, 'hourlyannual': {'column_description': 'Wage type: hourly or annual', 'additional_notes': 'text field'}, 'positiondescription': {'column_description': 'Description of the position, generally listing common duties', 'additional_notes': 'text field'}, 'candidateexperiencequalificationsskills': {'column_description': 'Experience or qualifications required of candidates applying to the position', 'additional_notes': 'text field'}, 'educationrequired': {'column_description': 'Education required for position', 'additional_notes': 'text field'}, 'minhoursperweek': {'column_description': 'Minimum expected hours per week', 'additional_notes': 'integer'}, 'maxhoursperweek': {'column_description': 'Maximum expected hours per week', 'additional_notes': 'integer'}, 'leadfulfillmentcenter': {'column_description': 'Workforce1 Career Center that is leading the recruitment effort', 'additional_notes': 'text field'}, 'jobfamilyname': {'column_description': 'Job family description of the position', 'term_acronym_or_code_definitions': 'Job families, occupational codes and occupation names are from the 2010 Standard Occupation Classification (SOC) occupational listing at the US Bureau of Labor Statistics', 'additional_notes': 'text field'}, 'sococcupationcode': {'column_description': 'Standard Occupation Classification (SOC) occupational code number of the position', 'term_acronym_or_code_definitions': 'Job families, occupational codes and occupation names are from the 2010 Standard Occupation Classification (SOC) occupational listing at the US Bureau of Labor Statistics', 'additional_notes': 'text field'}, 'sococcupationname': {'column_description': 'Standard Occupation Classification (SOC) occupational name of the system', 'term_acronym_or_code_definitions': 'Job families, occupational codes and occupation names are from the 2010 Standard Occupation Classification (SOC) occupational listing at the US Bureau of Labor Statistics', 'additional_notes': 'text field'}, 'positiontype': {'column_description': 'Describes position as full-time or part-time', 'additional_notes': 'text field'}}",197,22,1,0
upii-frjc,https://data.cityofnewyork.us/d/upii-frjc,"This dataset contains detailed records of trade waste violations issued by the Business Integrity Commission (BIC) from April 23, 2014, to November 18, 2025. It includes 13,439 unique violation numbers, with various attributes such as account names, violation types, and dispositions. The dataset features a range of financial metrics, including maximum fines and actual fine amounts, alongside temporal data on violation dates, issuance dates, and settlement dates. Geospatial information is also provided, including latitude and longitude coordinates for violation addresses, as well as community board and council district identifiers. This dataset can be utilized for analyzing compliance trends, assessing the effectiveness of regulatory measures, and identifying patterns in trade waste management practices. It serves as a valuable resource for researchers, policymakers, and organizations interested in environmental regulations and waste management compliance.

Column constraints outlined in Data Dictionary:
violation_number: required; Plain Text format; unique identifier  
type_of_violation: required; allowed values: OATH  
violation_phase: required; allowed values: Issued  
violation_disposition: required; allowed values: Barred by CPLR, Settled, Settled - Pending, Judgement - Dismissed, Rescheduled, Default - Dismissed, Default - Granted, Docketed, Early Settlement  
date_of_violation: required; Date & Time format  
early_settlement_violation: required; allowed values: TRUE, FALSE  
rule_code: required; Plain Text format  
description_of_rule: required; Plain Text format  
export_date: required; Date & Time format","This dataset contains detailed records of trade waste violations, including unique identifiers for each violation, the names of the involved organizations, and the types of violations committed. It covers a range of temporal data from 2008 to 2025, detailing the dates of violations, issuance of violations, and fine payments. The dataset includes spatial information such as addresses, cities, and boroughs, allowing for geographic analysis. It can be utilized for compliance monitoring, regulatory enforcement, and understanding patterns in trade waste management. This information is crucial for stakeholders aiming to improve waste management practices and ensure adherence to regulations.","Dataset Overview:
- This dataset contains detailed records of trade waste violations issued by the Business Integrity Commission (BIC) from April 23, 2014, to November 18, 2025. It includes 13,439 unique violation numbers, with various attributes such as account names, violation types, and dispositions. The dataset features a range of financial metrics, including maximum fines and actual fine amounts, alongside temporal data on violation dates, issuance dates, and settlement dates. Geospatial information is also provided, including latitude and longitude coordinates for violation addresses, as well as community board and council district identifiers. This dataset can be utilized for analyzing compliance trends, assessing the effectiveness of regulatory measures, and identifying patterns in trade waste management practices. It serves as a valuable resource for researchers, policymakers, and organizations interested in environmental regulations and waste management compliance.

Key Themes or Topics:
- Environmental compliance
- Waste management regulations
- Trade waste oversight
- Regulatory enforcement
- Public health and safety
- Urban environmental policy
- Financial penalties in environmental law
- Community impact of waste violations

Applications and Use Cases:
- Analyzing compliance trends in trade waste management
- Assessing the effectiveness of the Business Integrity Commission's regulatory measures
- Identifying patterns in violation types and their geographical distribution
- Evaluating financial impacts of trade waste violations on businesses
- Informing policy formulation for waste management practices
- Supporting research on environmental law and compliance
- Facilitating community awareness and engagement regarding waste management issues

Potential Questions:
- What is the distribution of violation types across different community boards?
- How do maximum fines for trade waste violations vary by violation disposition?
- What trends can be observed in the number of violations issued over time?
- How does the rate of early settlements compare to other dispositions?
- What are the geographical patterns of trade waste violations based on latitude and longitude coordinates?
- How have actual fine amounts changed since the dataset's inception in 2014?

Concepts and Synonyms:
- Trade waste violations/illegal waste disposal
- Business Integrity Commission/regulatory authority
- Violation types/infraction categories
- Compliance trends/regulatory compliance
- Environmental regulations/waste management laws
- Financial penalties/fines
- Violation disposition/outcome of violations
- Geospatial analysis/location-based data

Keywords and Themes:
- Trade waste
- Environmental compliance
- Waste management
- Regulatory enforcement
- Violation records
- Financial penalties
- Community impact
- Urban policy

Additional Context:
- This dataset is crucial for understanding the intersection of environmental regulations and business practices, particularly in urban settings. It provides insights into how trade waste violations affect community health and safety, as well as the financial implications for businesses. The dataset can be integrated with other environmental datasets to enhance research on urban sustainability and regulatory effectiveness. It also serves as a tool for advocacy groups aiming to improve waste management practices and compliance in their communities.","Dataset Overview:
- This dataset contains detailed records of trade waste violations, including unique identifiers for each violation, the names of the involved organizations, and the types of violations committed. It covers a range of temporal data from 2008 to 2025, detailing the dates of violations, issuance of violations, and fine payments. The dataset includes spatial information such as addresses, cities, and boroughs, allowing for geographic analysis. It can be utilized for compliance monitoring, regulatory enforcement, and understanding patterns in trade waste management. This information is crucial for stakeholders aiming to improve waste management practices and ensure adherence to regulations.

Key Themes or Topics:
- Environmental compliance
- Waste management
- Regulatory enforcement
- Trade waste management
- Pollution control
- Urban environmental issues
- Public health and safety
- Industrial waste regulation
- Compliance monitoring
- Environmental policy

Applications and Use Cases:
- Facilitates analysis for environmental regulators, compliance officers, and waste management professionals.
- Useful for specific applications such as environmental impact assessments, regulatory compliance audits, and policy formulation.
- Enables insights into patterns, trends, and relationships relevant to trade waste violations and management practices.
- Supports research in environmental science, public policy, and urban planning.
- Assists in the development of strategies for improving waste management practices and reducing violations.

Concepts and Synonyms:
- Trade waste violations / industrial waste infractions
- Compliance monitoring / regulatory oversight
- Environmental regulations / waste management laws
- Fine payments / penalty assessments
- Violation issuance / citation issuance
- Spatial analysis / geographic information systems (GIS)
- Temporal data / time-series data
- Stakeholder engagement / community involvement
- Pollution prevention / waste reduction strategies

Keywords and Themes:
- trade waste
- waste violations
- environmental compliance
- regulatory enforcement
- fine payments
- spatial data
- temporal analysis
- compliance audits
- pollution control
- waste management practices

Additional Context:
- Highlights the dataset's relevance to addressing challenges in environmental sustainability and public health.
- Emphasizes its value for interdisciplinary applications, integrating insights from environmental science, law, and urban studies.
- Supports efforts to enhance regulatory frameworks and improve compliance rates among organizations handling trade waste.","{'violation_number': {'order': 2, 'description': 'Violation ID number generated by Business Integrity Commission', 'geocoded': False, 'required': True, 'data_type': 'Plain Text', 'number_longer_in_use': False}, 'bic_number': {'order': 3, 'longform_name': 'Business Integrity Commission', 'description': ""Trade waste license or registrant applicant's BIC File number (if licensed)"", 'geocoded': False, 'required': False, 'data_type': 'Plain Text', 'number_longer_in_use': False}, 'account_name': {'order': 4, 'description': 'Company name who received violation', 'geocoded': False, 'required': False, 'data_type': 'Plain Text', 'number_longer_in_use': False}, 'type_of_violation': {'order': 5, 'description': 'Division that adjudicates violation issued by BIC', 'geocoded': False, 'required': True, 'data_type': 'Plain Text', 'expected_per_allowed_values': 'OATH', 'number_longer_in_use': False}, 'violation_phase': {'order': 6, 'description': 'Current stage of violation. In this dataset, all marked ""issued""', 'geocoded': False, 'required': True, 'data_type': 'Plain Text', 'expected_per_allowed_values': 'Issued', 'number_longer_in_use': False}, 'violation_disposition': {'order': 7, 'description': 'Final determination of violation', 'geocoded': False, 'required': True, 'data_type': 'Plain Text', 'expected_per_allowed_values': 'Barred by CPLR, Settled, Settled - Pending, Judgement - Dismissed, Rescheduled, Default - Dismissed, Default - Granted, Docketed, Early Settlement', 'number_longer_in_use': False}, 'account_type': {'order': 8, 'description': 'Trade Waste company class who received violation if approved company; blank if unknown; unlicensed - if BIC never issued a license or registration to a company\n', 'geocoded': False, 'required': False, 'data_type': 'Plain Text', 'expected_per_allowed_values': 'License, CL1, CL2 - Broker, CL2 - Exempt, Unlicensed, [blank]', 'number_longer_in_use': False}, 'violation_account_address': {'order': 9, 'description': 'Mailing address of a company who received violation', 'geocoded': False, 'required': False, 'data_type': 'Plain Text', 'number_longer_in_use': False}, 'violation_account_city': {'order': 10, 'description': 'Mailing city of a company who received violation', 'geocoded': False, 'required': False, 'data_type': 'Plain Text', 'number_longer_in_use': False}, 'violation_account_state': {'order': 11, 'description': 'Mailing state of a company who received violation', 'geocoded': False, 'required': False, 'data_type': 'Plain Text', 'number_longer_in_use': False}, 'violation_account_postcode': {'order': 12, 'description': 'Mailing zip code of a company who received violation', 'geocoded': False, 'required': False, 'data_type': 'Plain Text', 'number_longer_in_use': False}, 'borough_of_violation': {'order': 13, 'description': 'Mailing borough of a company who received violation', 'geocoded': False, 'required': False, 'data_type': 'Plain Text', 'number_longer_in_use': False}, 'date_of_violation': {'order': 14, 'description': 'Date violation occurred', 'geocoded': False, 'required': True, 'data_type': 'Date & Time', 'number_longer_in_use': False}, 'date_violation_issued': {'order': 15, 'description': 'Date violation was issued', 'geocoded': False, 'required': False, 'data_type': 'Date & Time', 'number_longer_in_use': False}, 'maximum_fine': {'order': 16, 'description': 'Total maximum fine for violation', 'geocoded': False, 'required': False, 'data_type': 'Number', 'number_longer_in_use': False}, 'fine_amount': {'order': 17, 'description': 'Fine amount issued as a result of violation', 'geocoded': False, 'required': False, 'data_type': 'Number', 'number_longer_in_use': False}, 'date_fine_paid': {'order': 18, 'description': 'Date fine was paid', 'geocoded': False, 'required': False, 'data_type': 'Date & Time', 'number_longer_in_use': False}, 'early_settlement_violation': {'order': 19, 'description': 'Indicates whether a legal resolution reached before trial', 'geocoded': False, 'required': True, 'data_type': 'Plain Text', 'expected_per_allowed_values': 'TRUE, FALSE', 'number_longer_in_use': False}, 'settlement_date': {'order': 20, 'description': 'Date legal resolution reached', 'geocoded': False, 'required': False, 'data_type': 'Date & Time', 'number_longer_in_use': False}, 'rule_code': {'order': 21, 'description': 'Rule code that was violated', 'geocoded': False, 'required': True, 'data_type': 'Plain Text', 'number_longer_in_use': False}, 'number_of_counts': {'order': 22, 'description': 'Number of times the rule was violated', 'geocoded': False, 'required': False, 'data_type': 'Number', 'number_longer_in_use': False}, 'description_of_rule': {'order': 23, 'description': 'Written description of violated rule', 'geocoded': False, 'required': True, 'data_type': 'Plain Text', 'number_longer_in_use': False}, 'export_date': {'order': 24, 'description': 'Date data is exported from BIC', 'geocoded': False, 'required': True, 'data_type': 'Date & Time', 'number_longer_in_use': False}, 'latitude': {'order': 25, 'description': 'Latitude of mailing address', 'geocoded': False, 'required': False, 'data_type': 'Plain Text', 'number_longer_in_use': False}, 'longitude': {'order': 26, 'description': 'Longitude of mailing address', 'geocoded': False, 'required': False, 'data_type': 'Plain Text', 'number_longer_in_use': False}, 'community_board': {'order': 27, 'description': 'Community board based on  mailing address', 'geocoded': False, 'required': False, 'data_type': 'Plain Text', 'number_longer_in_use': False}, 'council_district': {'order': 28, 'description': 'Council district based on mailing address', 'geocoded': False, 'required': False, 'data_type': 'Plain Text', 'number_longer_in_use': False}, 'census_tract': {'order': 29, 'description': 'Census tract based on mailing address', 'geocoded': False, 'required': False, 'data_type': 'Plain Text', 'number_longer_in_use': False}, 'bin': {'order': 30, 'longform_name': 'Building Identification Number', 'description': 'BIN of mailing address', 'geocoded': False, 'required': False, 'data_type': 'Plain Text', 'number_longer_in_use': False}, 'bbl': {'order': 31, 'longform_name': 'Borough Block & Lot', 'description': 'BBL of mailing address', 'geocoded': False, 'required': False, 'data_type': 'Plain Text', 'number_longer_in_use': False}, 'nta': {'order': 32, 'longform_name': 'Neighborhood Tabulation Areas', 'description': 'NTA of mailing address', 'geocoded': False, 'required': False, 'data_type': 'Plain Text', 'number_longer_in_use': False}}",17,31,1,0
355w-xvp2,https://data.cityofnewyork.us/d/355w-xvp2,"This dataset provides detailed information on various properties, including their block and lot numbers, building classifications, tax classes, and gross square footage. It contains 5 boroughs and features unique addresses, making it a valuable resource for urban planning and real estate analysis. The dataset includes an energy star score, which ranks buildings based on their energy efficiency, and a letter score that categorizes their sustainability compliance. With 5917 unique block values and 567 unique lot values, it offers a comprehensive overview of property characteristics across the city. The building class and tax class fields allow for effective categorization and financial analysis. This dataset is particularly useful for researchers and policymakers focused on sustainability compliance, as it can help identify energy-efficient buildings and assess their impact on urban environments. Overall, it serves as a critical tool for promoting sustainable practices in urban development.","This dataset focuses on Sustainability Compliance Data, providing insights into various buildings across New York City. It includes key attributes such as block, lot, building class, tax class, building count, gross square footage, address, borough, and energy efficiency scores. The dataset features 100 unique entries, with diverse building classifications and tax classifications, allowing for comprehensive analysis. The energy star score and letter grade offer a ranking system for assessing sustainability compliance. This dataset can be utilized for evaluating energy efficiency, understanding building classifications, and supporting urban planning and sustainability initiatives in the city.","**Dataset Overview:**
- This dataset provides detailed information on various properties, including their block and lot numbers, building classifications, tax classes, and gross square footage. It contains 5 boroughs and features unique addresses, making it a valuable resource for urban planning and real estate analysis. The dataset includes an energy star score, which ranks buildings based on their energy efficiency, and a letter score that categorizes their sustainability compliance. With 5917 unique block values and 567 unique lot values, it offers a comprehensive overview of property characteristics across the city. The building class and tax class fields allow for effective categorization and financial analysis. This dataset is particularly useful for researchers and policymakers focused on sustainability compliance, as it can help identify energy-efficient buildings and assess their impact on urban environments. Overall, it serves as a critical tool for promoting sustainable practices in urban development.

**Key Themes or Topics:**
- Sustainability Compliance
- Urban Planning
- Real Estate Analysis
- Energy Efficiency
- Environmental Sustainability
- Building Performance
- Urban Development
- Property Characteristics
- Taxation and Financial Analysis

**Applications and Use Cases:**
- Facilitates analysis for urban planners and city officials in assessing property sustainability.
- Useful for real estate developers in identifying energy-efficient buildings for investment.
- Enables researchers to study the impact of sustainability compliance on urban environments.
- Assists policymakers in formulating regulations and incentives for energy-efficient buildings.
- Supports statistical modeling of property characteristics and their correlation with sustainability scores.

**Potential Questions:**
- What is the distribution of energy star scores across different building classifications?
- How does sustainability compliance vary between different boroughs?
- What is the relationship between gross square footage and energy efficiency ratings?
- How many properties fall into each tax class and what are their corresponding sustainability scores?
- What trends can be observed in energy efficiency scores over the past years?

**Concepts and Synonyms:**
- Sustainability Compliance/Sustainability Standards
- Energy Efficiency/Energy Performance
- Urban Planning/City Planning
- Real Estate Analysis/Property Analysis
- Building Classifications/Building Types
- Tax Classes/Tax Categories
- Gross Square Footage/Building Size
- Environmental Impact/Environmental Assessment

**Keywords and Themes:**
- Sustainability
- Energy Star Score
- Urban Development
- Property Data
- Building Efficiency
- Compliance Metrics
- Real Estate Sustainability
- Environmental Compliance
- Urban Property Analysis

**Additional Context:**
- This dataset is relevant for addressing challenges related to urban sustainability and compliance with environmental regulations.
- It provides a foundation for interdisciplinary research that combines urban studies, environmental science, and economics.
- The dataset can be integrated with other datasets related to urban infrastructure, demographic data, and environmental impact assessments to enhance analysis and insights.","Dataset Overview:
- This dataset focuses on Sustainability Compliance Data, providing insights into various buildings across New York City. It includes key attributes such as block, lot, building class, tax class, building count, gross square footage, address, borough, and energy efficiency scores. The dataset features 100 unique entries, with diverse building classifications and tax classifications, allowing for comprehensive analysis. The energy star score and letter grade offer a ranking system for assessing sustainability compliance. This dataset can be utilized for evaluating energy efficiency, understanding building classifications, and supporting urban planning and sustainability initiatives in the city.

Key Themes or Topics:
- Sustainability
- Energy Efficiency
- Urban Planning
- Environmental Compliance
- Building Regulations
- Green Building Standards
- Urban Sustainability
- Real Estate Development
- Climate Change Mitigation
- Public Policy and Regulation

Applications and Use Cases:
- Energy efficiency analysis for buildings
- Urban planning and development assessments
- Policy formulation for sustainability initiatives
- Compliance monitoring for environmental regulations
- Statistical modeling of energy performance
- Research on urban sustainability practices
- Evaluation of building classifications and tax implications
- Assessment of energy star ratings and sustainability compliance

Concepts and Synonyms:
- Sustainability Compliance/Sustainability Adherence
- Energy Efficiency Scores/Energy Performance Ratings
- Building Classifications/Building Categories
- Tax Classifications/Tax Categories
- Gross Square Footage/Total Floor Area
- Urban Development/City Planning
- Environmental Impact/Carbon Footprint
- Energy Star Score/Energy Star Rating
- Letter Grade/Performance Grade
- Building Code Compliance/Regulatory Compliance

Keywords and Themes:
- Sustainability Data
- Energy Efficiency
- Building Compliance
- New York City Buildings
- Urban Sustainability Initiatives
- Environmental Data
- Energy Performance
- Building Regulations
- Green Building Certification
- Urban Infrastructure

Additional Context:
- This dataset is relevant for addressing challenges related to urban sustainability and energy consumption in metropolitan areas. It provides valuable insights for policymakers and urban planners aiming to enhance energy efficiency and compliance with environmental standards. The dataset can also support interdisciplinary research that integrates urban studies, environmental science, and public policy, facilitating a comprehensive understanding of sustainability practices in urban settings.",,21,11,0,1
2k3g-r445,https://data.cityofnewyork.us/d/2k3g-r445,"This dataset contains detailed records of fines and fees associated with various businesses and individuals, primarily focusing on licensing and compliance within different industries. It includes unique identifiers for each record, such as record_id and fee_sequence_id, which facilitate tracking and management of fees issued by the Department of Consumer Affairs (DCA). The dataset spans from June 14, 1995, to February 27, 2023, capturing a wide range of fee types and amounts, with descriptions that clarify the nature of each fee. The data can be utilized for analyzing trends in business compliance, understanding the financial implications of licensing, and assessing the impact of regulatory changes. Additionally, it provides insights into the operational status of businesses through fee statuses like invoiced and credited, making it a valuable resource for researchers, policymakers, and industry stakeholders interested in the financial landscape of fines and fees.

Column constraints outlined in Data Dictionary:
fee_date: date format must be in ISO 8601 (YYYY-MM-DDTHH:MM:SS.sss); must not be null  
fee_status: allowed values are ""INVOICED"", ""CREDITED"", ""VOIDED"", ""WITHDRAWN""","This dataset contains detailed records of fines and fees associated with various businesses, categorized by record type, such as renewals, applications, and enforcement actions. Each entry includes a unique identifier, business name, industry classification, fee type, and description, along with the corresponding fee amount and date. The dataset spans from April 1996 to May 2022, providing a comprehensive view of financial obligations for businesses across different sectors. It can be utilized for analyzing trends in fines and fees, understanding compliance within industries, and assessing the financial impact on businesses.","Dataset Overview:
- This dataset contains detailed records of fines and fees associated with various businesses and individuals, primarily focusing on licensing and compliance within different industries. It includes unique identifiers for each record, such as record_id and fee_sequence_id, which facilitate tracking and management of fees issued by the Department of Consumer Affairs (DCA). The dataset spans from June 14, 1995, to February 27, 2023, capturing a wide range of fee types and amounts, with descriptions that clarify the nature of each fee. The data can be utilized for analyzing trends in business compliance, understanding the financial implications of licensing, and assessing the impact of regulatory changes. Additionally, it provides insights into the operational status of businesses through fee statuses like invoiced and credited, making it a valuable resource for researchers, policymakers, and industry stakeholders interested in the financial landscape of fines and fees.

Key Themes or Topics:
- Fines and Fees
- Licensing Compliance
- Regulatory Compliance
- Business Operations
- Financial Penalties
- Consumer Affairs
- Industry Regulations
- Fee Management
- Economic Impact of Fines
- Compliance Trends

Applications and Use Cases:
- Analyzing trends in business compliance with licensing requirements
- Evaluating the financial implications of regulatory changes on businesses
- Assessing the operational status of businesses based on fee statuses
- Informing policy decisions related to consumer affairs and business regulations
- Conducting research on the economic impact of fines and fees on various industries
- Understanding the distribution of fees across different business sectors

Potential Questions:
- What is the distribution of fee amounts across different industries?
- How does the fee status (invoiced, credited, voided, withdrawn) vary by year?
- What trends can be observed in the issuance of fines and fees over the dataset's time span?
- How do fines and fees correlate with business compliance rates?
- What types of fees are most commonly issued by the Department of Consumer Affairs?

Concepts and Synonyms:
- Penalties/fines
- Fees/charges
- Compliance/adhesion
- Licensing/authorization
- Regulatory oversight/supervision
- Financial implications/economic consequences
- Business operations/enterprise activities
- Consumer protection/advocacy
- Fee tracking/management

Keywords and Themes:
- fines
- fees
- compliance
- licensing
- regulatory
- consumer affairs
- business operations
- financial penalties
- economic impact
- fee status

Additional Context:
- This dataset is relevant for understanding the financial landscape of fines and fees in relation to business compliance and regulatory frameworks.
- It can be integrated with other datasets related to business performance, economic indicators, and regulatory changes to provide a comprehensive view of the impact of fines and fees on various sectors.
- The dataset serves as a critical resource for interdisciplinary research involving economics, public policy, and business management.","Dataset Overview:
- This dataset contains detailed records of fines and fees associated with various businesses, categorized by record type, such as renewals, applications, and enforcement actions. Each entry includes a unique identifier, business name, industry classification, fee type, and description, along with the corresponding fee amount and date. The dataset spans from April 1996 to May 2022, providing a comprehensive view of financial obligations for businesses across different sectors. It can be utilized for analyzing trends in fines and fees, understanding compliance within industries, and assessing the financial impact on businesses.

Key Themes or Topics:
- Financial compliance
- Regulatory enforcement
- Business operations
- Economic impact of fines
- Industry-specific fees
- Administrative penalties
- Fee structures and classifications
- Business licensing and permits

Applications and Use Cases:
- Analyzing trends in regulatory compliance for businesses
- Assessing the financial burden of fines and fees on different industries
- Informing policy decisions regarding business regulations
- Evaluating the effectiveness of enforcement actions
- Supporting research on economic impacts of fines and fees
- Assisting businesses in understanding their financial obligations
- Guiding stakeholders in compliance strategy development

Concepts and Synonyms:
- Fines/penalties
- Fees/charges
- Enforcement actions/regulatory actions
- Compliance/adhesion to regulations
- Business licensing/permits
- Financial obligations/financial responsibilities
- Industry classification/business sector
- Fee types/fee categories
- Renewal fees/application fees
- Administrative costs/compliance costs

Keywords and Themes:
- fines
- fees
- business compliance
- regulatory fees
- enforcement actions
- financial impact
- industry analysis
- economic trends
- administrative penalties
- business operations

Additional Context:
- The dataset is relevant for understanding the financial landscape of businesses in relation to regulatory frameworks and compliance requirements. It can be particularly valuable for policymakers aiming to reform fee structures or for researchers studying the economic implications of regulatory practices. Additionally, it may serve as a resource for businesses seeking to navigate their financial obligations and improve compliance strategies. The dataset's historical span allows for longitudinal studies on the evolution of fines and fees over time.","{'record_id': {'column_description': 'An identification number assigned by DCA for internal tracking purposes'}, 'record_type': {'column_description': 'The type of record used by DCA to track internal operations'}, 'business_name': {'column_description': 'Primary business or Individual name'}, 'business_name2': {'column_description': 'If applicable, the Doing-Business-As (DBA), or trade name'}, 'industry': {'column_description': 'The category that describes the business'}, 'fee_sequence_id': {'column_description': 'The unique system-generated identification number for the DCA fine or fee'}, 'fee_type': {'column_description': 'The code associated with the DCA fine or fee'}, 'fee_description': {'column_description': 'The description \xa0associated with the DCA fine or fee'}, 'fee_amount': {'column_description': 'Dollar amount issued for the DCA fine or fee'}, 'fee_date': {'column_description': 'Date when the DCA fine or fee was applied to the record', 'additional_notes': 'Can be triggered by a new fee being issued or a change in status to an existing fee.'}, 'fee_status': {'column_description': 'Status for the DCA fine or fee', 'additional_notes': 'Invoiced, Credited, Voided, Withdrawn'}}",2,11,1,1
fgq8-am2v,https://data.cityofnewyork.us/d/fgq8-am2v,"This dataset contains comprehensive information on vocational training programs offered by various educational organizations across New York. It includes details such as the organization name, address, contact information, course names, descriptions, costs, duration, prerequisites, and available financial aid services. The dataset highlights the diverse range of courses available, from medical and technical training to security and driving programs, making it a valuable resource for individuals seeking to enhance their skills or start a new career. Additionally, it provides insights into the availability of job placement services and instructor credentials, ensuring that prospective students can make informed decisions. This dataset can be utilized by job seekers, educational institutions, and policymakers to understand the vocational training landscape, assess funding opportunities, and identify potential career paths in various fields. Overall, it serves as a vital tool for anyone interested in pursuing vocational education and training.

Column constraints outlined in Data Dictionary:
cost_total: Currency; must be a positive value  
duration: Integer; must be a positive value  
duration_unit: Allowed values are ""Hour(s)""  
numhours: Integer; must be a positive value  
max_class_size: Integer; must be a positive value  
years_course_offered: Nullable; generally ""blank""  
delivery_method: Allowed values are ""Classroom Training"", ""Distance Learning"", ""Web-Based""  
is_hra: Allowed values are ""Yes"", ""No""  
is_sbs: Allowed values are ""Yes"" with a maximum dollar amount for voucher, ""No""","This dataset contains comprehensive information about vocational training courses offered by various organizations in New York. It includes details such as organization names, addresses, contact information, course names, descriptions, costs, and financial aid services. The dataset is valuable for individuals seeking vocational training opportunities, as it provides insights into course offerings, prerequisites, and potential job placement services. Additionally, it highlights the delivery methods and class sizes, making it easier for prospective students to find suitable programs. This dataset can be used for research, analysis, and decision-making in the field of vocational education and training.","Dataset Overview:
- This dataset contains comprehensive information on vocational training programs offered by various educational organizations across New York. It includes details such as the organization name, address, contact information, course names, descriptions, costs, duration, prerequisites, and available financial aid services. The dataset highlights the diverse range of courses available, from medical and technical training to security and driving programs, making it a valuable resource for individuals seeking to enhance their skills or start a new career. Additionally, it provides insights into the availability of job placement services and instructor credentials, ensuring that prospective students can make informed decisions. This dataset can be utilized by job seekers, educational institutions, and policymakers to understand the vocational training landscape, assess funding opportunities, and identify potential career paths in various fields. Overall, it serves as a vital tool for anyone interested in pursuing vocational education and training.

Key Themes or Topics:
- Vocational Training
- Career Development
- Skill Enhancement
- Adult Education
- Workforce Development
- Technical Training
- Educational Programs
- Job Placement Services
- Financial Aid for Education
- Certification Programs

Applications and Use Cases:
- Assists job seekers in identifying suitable vocational training programs.
- Supports educational institutions in evaluating program offerings and market needs.
- Aids policymakers in assessing the effectiveness of vocational training initiatives.
- Facilitates research on trends in vocational education and labor market demands.
- Enables analysis of financial aid options available for vocational training.

Potential Questions:
- What are the costs associated with different vocational training programs?
- How does the duration of vocational training programs vary across different fields?
- What prerequisites are commonly required for medical and technical training courses?
- Which organizations offer job placement services alongside their vocational training programs?
- How does the availability of financial aid differ between programs that are HRA or SBS approved?

Concepts and Synonyms:
- Vocational Education/Occupational Training
- Career Skills/Job Skills
- Training Programs/Skill Development Courses
- Educational Institutions/Training Providers
- Financial Assistance/Scholarships
- Job Readiness/Employment Preparation
- Certification/Accreditation
- Adult Learning/Continuing Education

Keywords and Themes:
- Vocational Training Programs
- Educational Organizations
- Course Descriptions
- Training Costs
- Program Duration
- Financial Aid Services
- Job Placement
- Instructor Credentials
- Distance Learning
- Classroom Training

Additional Context:
- This dataset is crucial for understanding the landscape of vocational training in New York, particularly in the context of economic development and workforce readiness.
- It provides insights into the alignment of training programs with industry needs, which is essential for enhancing employability.
- The dataset can be integrated with labor market data to analyze the effectiveness of vocational training in reducing unemployment rates and improving job outcomes.","**Dataset Overview:**
- This dataset contains comprehensive information about vocational training courses offered by various organizations in New York. It includes details such as organization names, addresses, contact information, course names, descriptions, costs, and financial aid services. The dataset is valuable for individuals seeking vocational training opportunities, as it provides insights into course offerings, prerequisites, and potential job placement services. Additionally, it highlights the delivery methods and class sizes, making it easier for prospective students to find suitable programs. This dataset can be used for research, analysis, and decision-making in the field of vocational education and training.

**Key Themes or Topics:**
- Vocational education
- Workforce development
- Adult education
- Career training
- Skill development
- Technical training
- Job readiness programs
- Apprenticeships
- Certification programs
- Continuing education

**Applications and Use Cases:**
- Supports career counseling and guidance for individuals seeking vocational training.
- Aids educational institutions in curriculum development and program evaluation.
- Assists policymakers in assessing the effectiveness of vocational training initiatives.
- Facilitates labor market analysis and workforce planning for employers.
- Enables researchers to study trends in vocational education and its impact on employment.

**Concepts and Synonyms:**
- Vocational training/coursework
- Career education/professional training
- Skill acquisition/skills training
- Job training/workforce training
- Educational programs/learning opportunities
- Financial aid/scholarships
- Course delivery methods (online, in-person, hybrid)
- Class size/enrollment numbers
- Job placement services/employment assistance

**Keywords and Themes:**
- vocational training
- career development
- training programs
- educational institutions
- financial assistance
- course descriptions
- job placement
- adult learners
- New York vocational courses
- training costs

**Additional Context:**
- The dataset addresses the growing demand for skilled labor in various industries and the importance of vocational training in bridging the skills gap.
- It is relevant for understanding the landscape of vocational education in New York and its role in economic development.
- The dataset can be integrated with labor market data to analyze the effectiveness of vocational training programs in improving employment outcomes.","{'organization_name': {'column_description': 'Name of Training Provider Organization'}, 'address1': {'column_description': 'Number & Street Address for Training Provider'}, 'city': {'column_description': 'City where Training Provider is located'}, 'state': {'column_description': 'State where Training Provider is located'}, 'zip_code': {'column_description': 'Zip Code where Training Provider is located'}, 'borough': {'column_description': 'Borough where the Training Provider is located'}, 'neighborhood': {'column_description': 'Neighborhood where the Training Provider is located'}, 'phone1': {'column_description': 'Telephone Number of Training Provider'}, 'fax': {'column_description': 'Fax Number of Training Provider'}, 'website': {'column_description': 'Training Provider Website'}, 'job_placement_services': {'column_description': 'Are Job Placement Services Available'}, 'financial_aid_services': {'column_description': 'Are Financial Aid Services Available'}, 'contact_firstname': {'column_description': 'First Name of Training Provider Contact'}, 'contact_lastname': {'column_description': 'Last Name of Training Provider Contact'}, 'course_name': {'column_description': 'Course Name'}, 'coursedescription': {'column_description': 'Course Description'}, 'keywords': {'column_description': 'Keywords for the Course'}, 'cost_total': {'column_description': 'Total Price of Course', 'additional_notes': 'Currency'}, 'cost_includes': {'column_description': 'What is included in the Course Price'}, 'cost_does_not_include': {'column_description': 'What is not included in the Course Price'}, 'duration': {'column_description': 'Duration of Course', 'additional_notes': 'Integer'}, 'duration_unit': {'column_description': 'Timeframe that Duration is based upon', 'additional_notes': 'Generally ""Hour(s)""'}, 'numhours': {'column_description': 'Number of Hours', 'additional_notes': 'Integer'}, 'prerequisites': {'column_description': 'Prerequisites'}, 'max_class_size': {'column_description': 'Maximum Class Size', 'additional_notes': 'Integer'}, 'years_course_offered': {'column_description': 'Years that the course has been offered', 'additional_notes': 'Generally ""blank""'}, 'instructor_credentials': {'column_description': 'Instructor Credentials'}, 'delivery_method': {'column_description': 'Delivery Method for Course', 'additional_notes': 'Classroom Training, Distance Learning, Web-Based'}, 'schedule': {'column_description': 'Schedule', 'additional_notes': 'Check with School to receive an updated schedule'}, 'is_hra': {'column_description': 'Will HRA provide vouchers for course', 'additional_notes': 'Yes/No'}, 'is_sbs': {'column_description': 'Will SBS provide vouchers for course', 'additional_notes': 'No, or Yes with maximum dollar amount for voucher.'}}",385,31,1,0
5kqf-fg3n,https://data.cityofnewyork.us/d/5kqf-fg3n,"This dataset provides comprehensive information on free tax preparation services available across New York City. It includes details such as the site name, provider organization, address, contact information, and operational hours, making it a valuable resource for individuals seeking assistance with their income tax returns. The dataset features 184 unique service sites, each with specific eligibility criteria, including income limits and language support, ensuring accessibility for diverse communities. Users can find sites that are ADA accessible and learn about appointment requirements. The dataset also includes temporal coverage, detailing the opening and closing dates for services, as well as spatial coordinates for mapping locations. This information can be utilized by consumers, community organizations, and policymakers to enhance financial empowerment and improve access to essential tax services, ultimately supporting individuals in navigating their tax obligations effectively.

Column constraints outlined in Data Dictionary:
sitestatus: Allowed values are 'Active', 'Concluded'; Required field  
show311: Allowed values are 'Yes', 'No'; Required field  
showonmap: Allowed values are 'Yes', 'No'; Required field  
ada_accessible: Allowed values are 'Yes', 'No'; Required field  
itin: Allowed values are 'Yes', 'No'; Required field  
s1: Allowed values include 'In Person', 'Drop-off', 'Assisted Self-Preparation'; Required field  
amendedreturn: Allowed values are 'Yes', 'No'; Required field  
prioryear: Allowed values are 'Yes', 'No'; Required field  
aarp: Allowed values are 'Yes', 'No'; Required field  
selfemployed: Allowed values are 'Yes', 'No'; Required field","This dataset provides information on various locations offering free tax preparation services across New York City. It includes details such as the provider name, site status, address, contact information, and operational hours. The dataset covers a range of organizations, including food banks and community centers, and specifies income eligibility criteria for services. It features spatial data, allowing users to locate services by borough, city, and specific addresses. This dataset is valuable for individuals seeking assistance with tax preparation, particularly those with incomes below specified thresholds, and can help connect them with accessible resources in their communities.","Dataset Overview:
- This dataset provides comprehensive information on free tax preparation services available across New York City. It includes details such as the site name, provider organization, address, contact information, and operational hours, making it a valuable resource for individuals seeking assistance with their income tax returns. The dataset features 184 unique service sites, each with specific eligibility criteria, including income limits and language support, ensuring accessibility for diverse communities. Users can find sites that are ADA accessible and learn about appointment requirements. The dataset also includes temporal coverage, detailing the opening and closing dates for services, as well as spatial coordinates for mapping locations. This information can be utilized by consumers, community organizations, and policymakers to enhance financial empowerment and improve access to essential tax services, ultimately supporting individuals in navigating their tax obligations effectively.

Key Themes or Topics:
- Free tax preparation services
- Income tax assistance
- Community financial services
- Accessibility in tax services
- Tax filing support
- Low-income tax assistance
- Volunteer Income Tax Assistance (VITA)
- Tax education and outreach
- Financial empowerment initiatives
- Nonprofit tax services

Applications and Use Cases:
- Facilitates analysis for community organizations seeking to improve access to tax services.
- Useful for policymakers aiming to enhance financial literacy and support for low-income individuals.
- Enables researchers to study the impact of free tax preparation services on community financial health.
- Assists in planning outreach programs for underserved populations.
- Supports statistical modeling of tax service utilization across different demographics.

Potential Questions:
- What is the distribution of free tax preparation sites by operational hours?
- How does the availability of ADA accessible sites differ across New York City neighborhoods?
- What percentage of tax preparation services offer assistance for self-employed individuals?
- How has the number of active tax preparation sites changed over the past few years?
- What are the eligibility criteria for accessing free tax preparation services in different locations?

Concepts and Synonyms:
- Free tax preparation/complimentary tax filing
- Income tax assistance/tax help
- Community tax services/local tax support
- Accessibility/ADA compliance
- Tax filing options/in-person, drop-off, assisted self-preparation
- Volunteer tax assistance/volunteer tax preparers
- Low-income tax services/income-limited tax help
- Tax return preparation/tax filing assistance
- Financial literacy/financial education

Keywords and Themes:
- Free tax preparation
- Tax assistance services
- New York City tax help
- Community resources for taxes
- Income eligibility for tax services
- Tax service accessibility
- Volunteer Income Tax Assistance (VITA)
- Tax filing options
- Financial empowerment
- Tax return support

Additional Context:
- This dataset is relevant for addressing the challenges faced by low-income individuals in accessing tax preparation services.
- It highlights the importance of community-based resources in promoting financial literacy and tax compliance.
- The dataset can be integrated with other social service datasets to provide a comprehensive view of community support systems.","Dataset Overview:
- This dataset provides information on various locations offering free tax preparation services across New York City. It includes details such as the provider name, site status, address, contact information, and operational hours. The dataset covers a range of organizations, including food banks and community centers, and specifies income eligibility criteria for services. It features spatial data, allowing users to locate services by borough, city, and specific addresses. This dataset is valuable for individuals seeking assistance with tax preparation, particularly those with incomes below specified thresholds, and can help connect them with accessible resources in their communities.

Key Themes or Topics:
- Free tax preparation services
- Community assistance programs
- Financial literacy and education
- Low-income support services
- Nonprofit organizations and community outreach
- Tax assistance and preparation
- Social services and public assistance
- Economic empowerment and financial stability

Applications and Use Cases:
- Assists individuals in need of tax filing assistance
- Supports community organizations in outreach and service provision
- Aids policymakers in understanding access to financial services
- Facilitates research on the impact of free tax services on low-income populations
- Enables analysis of service distribution across urban areas
- Helps identify gaps in service availability and accessibility

Concepts and Synonyms:
- Free tax filing/complimentary tax preparation
- Volunteer income tax assistance (VITA)
- Tax clinics/community tax services
- Income eligibility criteria/financial thresholds
- Community centers/social service organizations
- Tax preparation resources/financial assistance programs
- Tax filing support/assistance programs
- Economic assistance/tax relief services

Keywords and Themes:
- Free tax preparation
- Tax assistance NYC
- Community tax services
- Low-income tax help
- Volunteer tax preparation
- Tax filing resources
- Financial assistance programs
- Economic support services

Additional Context:
- Highlights the importance of accessible tax preparation services for low-income individuals and families, particularly in urban settings.
- Emphasizes the role of community organizations in providing essential financial services and education.
- Addresses the challenges faced by underserved populations in accessing tax preparation resources, contributing to broader discussions on economic equity and social justice.","{'sitekey': {'column_description': 'An Identification Number assigned to tax preparation sites for internal tracking.'}, 'sitestatus': {'column_description': 'Indicator of whether the site is active as of the data date.', 'additional_notes': ""Active = Site is currently active\nConcluded = The site is not currently providing services\n\nSites will only display on the map when SiteStatus = 'Active' and ShowOnMap = 'Yes'.""}, 'providername': {'column_description': 'Name of the organization providing free tax preparation services'}, 'sitename': {'column_description': 'Name of the specific site where services can be obtained'}, 'building': {'column_description': ""The building number of the service site's physical location""}, 'street': {'column_description': ""The street name of the service site's physical address""}, 'unit': {'column_description': ""Floor, Suite, or sub-unit of the service site's physical address.""}, 'borough': {'column_description': ""The borough of the service site's physical address""}, 'city': {'column_description': ""The City of the service site's physical address""}, 'mappedaddress': {'column_description': ""A concatenation of the service site's physical address used for map display purposes ""}, 'phone': {'column_description': 'Primary phone number of the service provider'}, 'extension': {'column_description': 'Phone Extension'}, 'show311': {'column_description': 'Indicator of whether to display the location to 311 operators', 'additional_notes': 'Yes; No'}, 'showonmap': {'column_description': 'Indicator of whether the site should be displayed on the map', 'additional_notes': ""Yes; No\n\nSites will only display on the map when SiteStatus = 'Active' and ShowOnMap = 'Yes'.""}, 'website': {'column_description': 'Website of the service provider'}, 'ada_accessible': {'column_description': 'Indicator of whether the service site is ADA accessible', 'additional_notes': 'Yes; No'}, 'incomelimit': {'column_description': 'Income limit, if any, to qualify for NYC Free Tax Prep service.'}, 'l1': {'column_description': 'The languages available at the NYC Free Tax Prep site.'}, 'itin': {'column_description': 'Indicator for whether the NYC Free Tax Prep site can help you with your Individual Taxpayer Identification Number (ITIN) application.', 'additional_notes': 'Yes; No'}, 's1': {'column_description': 'The tax preparation service options available at the NYC Free Tax Prep site.', 'additional_notes': 'In Person = An IRS certified VITA/TCE volunteer preparer will help you complete your return;\nDrop-off = You can drop off your tax documents and pick up the completed return later;\nAssisted Self-Preparation = Complete your tax return online with help from an IRS certified VITA/TCE preparer.'}, 'amendedreturn': {'column_description': 'Indicator for whether the NYC Free Tax Prep site can help you with filing amended returns.', 'additional_notes': 'Yes; No'}, 'prioryear': {'column_description': 'Indicator for whether the NYC Free Tax Prep site can help you with filing returns for previous tax years.', 'additional_notes': 'Yes; No'}, 'aarp': {'column_description': 'Indicator for whether the NYC Free Tax Prep site can help if you are a senior over age 60 years with pension or retirement-related questions.', 'additional_notes': 'Yes; No'}, 'selfemployed': {'column_description': 'Indicator for whether the NYC Free Tax Prep site can help if you are self-employed.', 'additional_notes': 'Yes; No'}, 'opendatestr': {'column_description': 'The starting date the NYC Free Tax Prep site opens to eligible New Yorkers.'}, 'opendateiso': {'column_description': 'The starting date the NYC Free Tax Prep site opens to eligible New Yorkers, in International Organization for Standardization (ISO-8601) format.'}, 'closedatestr': {'column_description': 'The closing date for the NYC Free Tax Prep site.'}, 'closedateiso': {'column_description': 'The closing date for the NYC Free Tax Prep site, in International Organization for Standardization (ISO-8601) format.'}, 'apptorwalkin': {'column_description': 'Indicator of whether NYC Free Tax Prep site requires appointment, accepts walk-ins, or both.'}, 'mondayopen': {'column_description': 'Opening time in regular time format'}, 'imondayopen': {'column_description': 'Number representing the hour the site opens (24-hour clock)'}, 'mondayclose': {'column_description': 'Closing time in regular time format'}, 'imondayclose': {'column_description': 'Number representing the hour the site closes (24-hour clock)'}, 'tuesdayopen': {'column_description': 'Opening time in regular time format'}, 'ituesdayopen': {'column_description': 'Number representing the hour the site opens (24-hour clock)'}, 'tuesdayclose': {'column_description': 'Closing time in regular time format'}, 'ituesdayclose': {'column_description': 'Number representing the hour the site closes (24-hour clock)'}, 'wednesdayopen': {'column_description': 'Opening time in regular time format'}, 'iwednesdayopen': {'column_description': 'Number representing the hour the site opens (24-hour clock)'}, 'wednesdayclose': {'column_description': 'Closing time in regular time format'}, 'iwednesdayclose': {'column_description': 'Number representing the hour the site closes (24-hour clock)'}, 'thursdayopen': {'column_description': 'Opening time in regular time format'}, 'ithursdayopen': {'column_description': 'Number representing the hour the site opens (24-hour clock)'}, 'thursdayclose': {'column_description': 'Closing time in regular time format'}, 'ithursdayclose': {'column_description': 'Number representing the hour the site closes (24-hour clock)'}, 'fridayopen': {'column_description': 'Opening time in regular time format'}, 'ifridayopen': {'column_description': 'Number representing the hour the site opens (24-hour clock)'}, 'fridayclose': {'column_description': 'Closing time in regular time format'}, 'ifridayclose': {'column_description': 'Number representing the hour the site closes (24-hour clock)'}, 'saturdayopen': {'column_description': 'Opening time in regular time format'}, 'isaturdayopen': {'column_description': 'Number representing the hour the site opens (24-hour clock)'}, 'saturdayclose': {'column_description': 'Closing time in regular time format'}, 'isaturdayclose': {'column_description': 'Number representing the hour the site closes (24-hour clock)'}, 'sundayopen': {'column_description': 'Opening time in regular time format'}, 'isundayopen': {'column_description': 'Number representing the hour the site opens (24-hour clock)'}, 'sundayclose': {'column_description': 'Closing time in regular time format'}, 'isundayclose': {'column_description': 'Number representing the hour the site closes (24-hour clock)'}, 'ianydayopen': {'column_description': 'Minumum opening hour including all days of operation supporting map-filtering logic'}, 'ianydayclose': {'column_description': 'Maximum closing hour including all days of operation supporting map-filtering logic'}, 'scheduleexceptions': {'column_description': 'Exceptions to the posted schedule, typically holidays where services are not available'}, 'notes': {}, 'citycouncildistrict': {'column_description': ""Council District of the service site's physical location""}, 'communitydistrict': {'column_description': ""Community District of the service site's physical location""}, 'bbl': {'column_description': ""Borough-Block-Lot number of the service site's physical location""}, 'nta': {'column_description': ""Neighborhood Tabulation Area of the service site's physical location""}, 'xcoordinate': {'column_description': ""Mapping Xcoordinate of the service site's physical location""}, 'ycoordinate': {'column_description': ""Mapping Ycoordinate of the service site's physical location""}, 'latitude': {'column_description': ""Latitude of the service site's physical location""}, 'longitude': {'column_description': ""Longitude of the service site's physical loation""}, 'icon': {'column_description': 'Type of icon to display on the map - supports front-end rendering on the map'}}",184,72,1,1
n84m-kx4j,https://data.cityofnewyork.us/d/n84m-kx4j,"This dataset provides comprehensive information on vehicle fleets, specifically focusing on organizations registered with the Business Integrity Commission (BIC). It includes details such as account names, vehicle types, makes, models, years, engine specifications, fuel types, and ownership statuses. Each entry indicates whether the vehicle is currently active and if all required vehicle information has been completed. The dataset spans a wide range of vehicle years, from 1982 to 2027, and covers various vehicle body types and weights. It can be utilized for analyzing fleet composition, assessing vehicle performance, and ensuring compliance with regulatory standards. The semantic profile highlights key attributes such as vehicle identification, ownership types, and operational metrics, making it a valuable resource for fleet management, transportation planning, and environmental impact assessments. Overall, this dataset serves as a vital tool for organizations looking to optimize their vehicle operations and enhance sustainability efforts.

Column constraints outlined in Data Dictionary:
account_name: required; data_type: Plain Text  
active: required; allowed_values: TRUE  
vehicle_information_complete: required; allowed_values: TRUE, FALSE  
bic_number: required; data_type: Plain Text  
bic_plate_number: required; format: starts with ""L"" or ""R"" followed by 5-6 character number combination  
vehicle_fuel_type: allowed_values: Diesel, Gas, Flex, Compressed Natural Gas, Electric, [blank]  
vehicle_has_side_guard: allowed_values: Yes, No, [blank]  
vehicle_ownership_type: allowed_values: Owned, Financed, Leased, [blank]  
export_date: required; data_type: Date & Time; format: YYYY-MM-DDTHH:MM:SS.sss","This dataset contains comprehensive information on fleet vehicles, including details such as account names, vehicle types, makes, models, and ownership statuses. It features 100 unique entries, with data covering various vehicle attributes like engine horsepower, fuel type, and gross vehicle weight. The dataset is particularly useful for analyzing fleet composition and performance, as it includes metrics like annual miles traveled and whether vehicles are equipped with side guards. Additionally, the dataset's temporal coverage allows for tracking changes over time, making it valuable for fleet management and operational assessments in the transportation industry.","Dataset Overview:
- This dataset provides comprehensive information on vehicle fleets, specifically focusing on organizations registered with the Business Integrity Commission (BIC). It includes details such as account names, vehicle types, makes, models, years, engine specifications, fuel types, and ownership statuses. Each entry indicates whether the vehicle is currently active and if all required vehicle information has been completed. The dataset spans a wide range of vehicle years, from 1982 to 2027, and covers various vehicle body types and weights. It can be utilized for analyzing fleet composition, assessing vehicle performance, and ensuring compliance with regulatory standards. The semantic profile highlights key attributes such as vehicle identification, ownership types, and operational metrics, making it a valuable resource for fleet management, transportation planning, and environmental impact assessments. Overall, this dataset serves as a vital tool for organizations looking to optimize their vehicle operations and enhance sustainability efforts.

Key Themes or Topics:
- Vehicle Fleet Management
- Transportation and Logistics
- Regulatory Compliance
- Environmental Impact Assessment
- Fleet Composition Analysis
- Vehicle Performance Evaluation
- Sustainable Transportation Solutions
- Urban Mobility and Planning

Applications and Use Cases:
- Analyzing fleet composition for transportation agencies and logistics companies
- Assessing vehicle performance metrics for fleet optimization
- Ensuring compliance with regulatory standards for vehicle operations
- Supporting environmental impact assessments related to vehicle emissions
- Informing policy formulation for sustainable transportation initiatives
- Facilitating research on vehicle ownership trends and fuel type usage
- Enhancing operational efficiency in fleet management practices

Potential Questions:
- What is the distribution of vehicle types within the fleet?
- How does the age of vehicles correlate with their fuel types?
- What percentage of vehicles are currently active versus inactive?
- How does vehicle ownership type vary across different organizations?
- What trends can be observed in vehicle fuel type usage over the years?
- How many vehicles have completed all required information in the dataset?
- What is the average weight of vehicles by body type in the fleet?

Concepts and Synonyms:
- Vehicle Fleet/Automobile Fleet
- Fleet Management/Vehicle Management
- Transportation/Logistics
- Regulatory Compliance/Legal Compliance
- Environmental Impact/Sustainability
- Vehicle Performance/Operational Metrics
- Ownership Types/Vehicle Ownership
- Fuel Types/Fuel Sources

Keywords and Themes:
- Vehicle Fleet Data
- Business Integrity Commission (BIC)
- Vehicle Types
- Fleet Composition
- Vehicle Performance Metrics
- Regulatory Standards
- Sustainable Transportation
- Environmental Compliance

Additional Context:
- This dataset is relevant for addressing challenges in urban transportation planning and fleet management, particularly in the context of regulatory compliance and sustainability efforts. It can be integrated with other datasets related to traffic patterns, emissions data, and urban infrastructure to provide a comprehensive view of transportation dynamics. The dataset's focus on organizations registered with the BIC highlights its importance for ensuring ethical and compliant vehicle operations within the industry.","Dataset Overview:
- This dataset contains comprehensive information on fleet vehicles, including details such as account names, vehicle types, makes, models, and ownership statuses. It features 100 unique entries, with data covering various vehicle attributes like engine horsepower, fuel type, and gross vehicle weight. The dataset is particularly useful for analyzing fleet composition and performance, as it includes metrics like annual miles traveled and whether vehicles are equipped with side guards. Additionally, the dataset's temporal coverage allows for tracking changes over time, making it valuable for fleet management and operational assessments in the transportation industry.

Key Themes or Topics:
- Fleet management
- Vehicle performance analysis
- Transportation logistics
- Fleet composition
- Operational assessments
- Vehicle ownership and leasing
- Environmental impact of fleet vehicles
- Safety features in fleet vehicles
- Fuel efficiency and consumption
- Regulatory compliance in transportation

Applications and Use Cases:
- Assists fleet managers in optimizing vehicle utilization and performance.
- Supports transportation analysts in evaluating fleet efficiency and cost-effectiveness.
- Aids policymakers in understanding the impact of fleet vehicles on urban planning and environmental regulations.
- Facilitates research on vehicle safety features and their effectiveness.
- Enables businesses to assess their fleet's operational metrics for better decision-making.
- Useful for insurance companies in evaluating risk based on vehicle types and usage.

Concepts and Synonyms:
- Fleet vehicles/fleet automobiles
- Vehicle types/vehicle categories
- Makes/models/manufacturers
- Ownership status/leasing status
- Engine specifications/engine attributes
- Fuel types/fuel categories
- Gross vehicle weight/GVW
- Annual mileage/annual miles traveled
- Side guards/safety equipment
- Fleet composition/vehicle inventory

Keywords and Themes:
- fleet vehicle data
- transportation data
- vehicle performance metrics
- fleet analysis
- operational efficiency
- vehicle safety
- environmental impact assessment
- transportation industry trends
- vehicle attributes
- fleet management systems

Additional Context:
- The dataset is relevant for addressing challenges in fleet optimization and sustainability in the transportation sector.
- It provides insights into the evolving landscape of fleet management, particularly in relation to regulatory changes and technological advancements.
- The dataset can be integrated with other transportation datasets for comprehensive analysis of urban mobility and infrastructure planning.","{'account_name': {'order': 2, 'description': 'Name of BIC approved license or registrant company', 'geocoded': False, 'required': True, 'data_type': 'Plain Text', 'number_longer_in_use': False}, 'active': {'order': 3, 'description': 'Indicates whether vehicle is currently active. In this dataset, all vehicles are marked ""TRUE,"" for active', 'geocoded': False, 'required': True, 'data_type': 'Plain Text', 'expected_per_allowed_values': True, 'number_longer_in_use': False}, 'vehicle_information_complete': {'order': 4, 'description': 'Indicates whether BIC approved license or registrant company completed all the questions on the vehicle management portal for this particular vehicle', 'geocoded': False, 'required': True, 'data_type': 'Plain Text', 'expected_per_allowed_values': 'TRUE, FALSE', 'number_longer_in_use': False}, 'bic_number': {'order': 5, 'longform_name': 'Business Integrity Commission', 'description': ""Approved Trade Waste license or registrant applicant's BIC File Number"", 'geocoded': False, 'required': True, 'data_type': 'Plain Text', 'number_longer_in_use': False}, 'bic_plate_number': {'order': 6, 'longform_name': 'Business Integrity Commission', 'description': 'Starts with ""L"" (if plate belongs to a Licensee) or ""R"" (if plate belongs to a registrant) letter continued by 5-6 character number combination plate number issued by BIC', 'geocoded': False, 'required': True, 'data_type': 'Plain Text', 'number_longer_in_use': False}, 'vehicle_body_type': {'order': 9, 'description': 'Vehicle body type', 'geocoded': False, 'required': False, 'data_type': 'Plain Text', 'number_longer_in_use': False}, 'vehicle_make': {'order': 10, 'description': 'Vehicle manufacturer name', 'geocoded': False, 'required': False, 'data_type': 'Plain Text', 'number_longer_in_use': False}, 'vehicle_model': {'order': 11, 'description': 'Vehicle model name', 'geocoded': False, 'required': False, 'data_type': 'Plain Text', 'number_longer_in_use': False}, 'vehicle_year': {'order': 12, 'description': 'Year vehicle was manufactured', 'geocoded': False, 'required': False, 'data_type': 'Plain Text', 'number_longer_in_use': False}, 'vehicle_engine_make': {'order': 13, 'description': 'Vehicle engine manufacturer', 'geocoded': False, 'required': False, 'data_type': 'Plain Text', 'number_longer_in_use': False}, 'vehicle_engine_horsepower': {'order': 14, 'description': 'Vehicle engine horsepower', 'geocoded': False, 'required': False, 'data_type': 'Plain Text', 'number_longer_in_use': False}, 'vehicle_fuel_type': {'order': 15, 'description': 'Fuel type used to provide power to vehicle', 'geocoded': False, 'required': False, 'data_type': 'Plain Text', 'expected_per_allowed_values': 'Diesel, Gas, Flex, Compressed Natural Gas, Electric, [blank]', 'number_longer_in_use': False}, 'vehicle_gross_vehicle_weight': {'order': 16, 'description': ""A vehicle's actual weight"", 'geocoded': False, 'required': False, 'data_type': 'Plain Text', 'number_longer_in_use': False}, 'vehicle_gross_vehicle_weight_1': {'order': 17, 'description': ""GVWR is the maximum operating weight/mass of a vehicle as specified by the manufacturer including the vehicle's chassis, body, engine, engine fluids, fuel, accessories, driver, passengers and cargo but excluding that of any trailers. GVWR can typically be found on a label inside the vehicle's door frame, often in the area where the driver's door latches."", 'geocoded': False, 'required': False, 'data_type': 'Plain Text', 'number_longer_in_use': False}, 'vehicle_has_side_guard': {'order': 18, 'description': 'Indicates whether vehicle has a side guard or not', 'geocoded': False, 'required': False, 'data_type': 'Plain Text', 'expected_per_allowed_values': 'Yes, No, [blank]', 'number_longer_in_use': False}, 'vehicle_ownership_type': {'order': 19, 'description': 'Indicates whether vehicle is owned by entity, financed or leased', 'geocoded': False, 'required': False, 'data_type': 'Plain Text', 'expected_per_allowed_values': 'Owned, Financed, Leased, [blank]', 'number_longer_in_use': False}, 'vehicle_annual_miles_traveled': {'order': 20, 'description': 'Number of miles vehicle traveled in a previous year', 'geocoded': False, 'required': False, 'data_type': 'Plain Text', 'number_longer_in_use': False}, 'export_date': {'order': 18, 'description': 'Date data is exported from Business Integrity Commission', 'geocoded': False, 'required': True, 'data_type': 'Date & Time', 'number_longer_in_use': False}}","7,093",18,1,0
y52e-hp89,https://data.cityofnewyork.us/d/y52e-hp89,"This dataset provides a comprehensive overview of small business standards, featuring 1,031 unique NAICS codes that classify various industries, ranging from agriculture to manufacturing and services. Each entry includes a description of the industry, along with size standards measured in millions of dollars and the number of employees, which can help businesses understand the financial and workforce benchmarks relevant to their sector. The size standards in millions of dollars vary from 0.75 to 38.5, while the employee count ranges from 50 to 1,500, offering valuable insights into the scale of operations typical for different industries. Additionally, the dataset includes footnotes that provide further context for specific entries. This information is essential for entrepreneurs, policymakers, and researchers who are analyzing small business viability and compliance with industry standards, making it a vital resource for understanding the landscape of small businesses in the economy.","This dataset provides a comprehensive overview of small business standards, featuring various industries classified by their NAICS codes and descriptions. It includes size standards measured in millions of dollars and the number of employees, which are essential for understanding the financial and operational benchmarks for small businesses. The dataset contains 100 unique entries, with coverage of NAICS codes ranging from 0 to 813930. It serves as a valuable resource for researchers, policymakers, and entrepreneurs looking to analyze industry standards and assess the viability of small business ventures. Additionally, footnotes provide further context for specific entries, enhancing the dataset's usability.","**Dataset Overview:**
- This dataset provides a comprehensive overview of small business standards, featuring 1,031 unique NAICS codes that classify various industries, ranging from agriculture to manufacturing and services. Each entry includes a description of the industry, along with size standards measured in millions of dollars and the number of employees, which can help businesses understand the financial and workforce benchmarks relevant to their sector. The size standards in millions of dollars vary from 0.75 to 38.5, while the employee count ranges from 50 to 1,500, offering valuable insights into the scale of operations typical for different industries. Additionally, the dataset includes footnotes that provide further context for specific entries. This information is essential for entrepreneurs, policymakers, and researchers who are analyzing small business viability and compliance with industry standards, making it a vital resource for understanding the landscape of small businesses in the economy.

**Key Themes or Topics:**
- Small Business Standards
- NAICS Codes
- Industry Classification
- Economic Viability
- Business Size Standards
- Employment Metrics
- Financial Benchmarks
- Sector Analysis
- Entrepreneurship
- Policy Compliance

**Applications and Use Cases:**
- Analyzing small business viability for entrepreneurs and startups
- Informing policymakers on industry standards and regulations
- Assisting researchers in studying economic trends and workforce dynamics
- Evaluating compliance with small business regulations
- Supporting business development strategies and funding applications
- Conducting market research for specific industries
- Benchmarking performance against industry standards

**Potential Questions:**
- What are the size standards for small businesses in the manufacturing sector?
- How does the employee count vary across different NAICS codes?
- What is the distribution of financial benchmarks for small businesses in agriculture?
- How do size standards differ between service-oriented and goods-producing industries?
- What trends can be observed in small business standards over the past decade?

**Concepts and Synonyms:**
- Small Business/Entrepreneurial Ventures
- NAICS/North American Industry Classification System
- Industry Standards/Business Norms
- Size Standards/Business Size Criteria
- Employment Standards/Workforce Metrics
- Economic Analysis/Financial Assessment
- Compliance/Regulatory Adherence
- Sector Classification/Industry Segmentation

**Keywords and Themes:**
- Small Business
- NAICS Codes
- Industry Standards
- Size Standards
- Employment Numbers
- Financial Metrics
- Economic Viability
- Business Classification
- Policy Analysis
- Entrepreneurship

**Additional Context:**
- This dataset is crucial for understanding the regulatory landscape affecting small businesses and their operational benchmarks.
- It serves as a foundational resource for interdisciplinary studies involving economics, business administration, and public policy.
- The dataset can be integrated with other economic datasets to provide a more comprehensive view of small business impacts on the economy.","Dataset Overview:
- This dataset provides a comprehensive overview of small business standards, featuring various industries classified by their NAICS codes and descriptions. It includes size standards measured in millions of dollars and the number of employees, which are essential for understanding the financial and operational benchmarks for small businesses. The dataset contains 100 unique entries, with coverage of NAICS codes ranging from 0 to 813930. It serves as a valuable resource for researchers, policymakers, and entrepreneurs looking to analyze industry standards and assess the viability of small business ventures. Additionally, footnotes provide further context for specific entries, enhancing the dataset's usability.

Key Themes or Topics:
- Small Business Standards
- NAICS Codes
- Industry Classification
- Size Standards
- Financial Benchmarks
- Operational Benchmarks
- Entrepreneurship
- Economic Development
- Business Viability
- Regulatory Compliance

Applications and Use Cases:
- Facilitates analysis for small business owners and entrepreneurs assessing market opportunities.
- Useful for policymakers in formulating regulations and support programs for small businesses.
- Enables researchers to study the impact of size standards on economic growth and employment.
- Assists in statistical modeling for economic forecasts related to small business performance.
- Supports industry analysis for investment and funding decisions.

Concepts and Synonyms:
- Small Business/SME (Small and Medium Enterprises)
- NAICS (North American Industry Classification System)
- Size Standards/Size Criteria
- Industry Standards/Benchmarking
- Financial Metrics/Operational Metrics
- Business Classification/Industry Segmentation
- Economic Indicators/Business Indicators
- Compliance Standards/Regulatory Standards
- Entrepreneurship Development/Business Development

Keywords and Themes:
- Small Business
- NAICS Codes
- Size Standards
- Industry Analysis
- Economic Policy
- Business Metrics
- Entrepreneurship
- Regulatory Compliance
- Market Viability
- Employment Standards

Additional Context:
- Highlights the dataset's relevance to understanding the challenges faced by small businesses in various industries.
- Emphasizes its value for interdisciplinary applications, including economics, business studies, and public policy.
- Provides insights into the relationship between industry standards and small business success rates.
- Supports integration with other datasets related to economic development and business performance metrics.",,"1,159",5,0,0
2xab-argn,https://data.cityofnewyork.us/d/2xab-argn,"This dataset provides a comprehensive overview of business payments related to various fees and fines processed by the Department of Consumer Affairs (DCA) in New York City. It includes unique identifiers for each payment, record types, and detailed descriptions of fees, such as license processing and inspection fees. The dataset spans from July 19, 2023, to March 10, 2026, capturing a wide range of payment statuses, including invoiced, credited, and voided transactions. With over 160,000 unique payment sequence numbers and 108,000 record IDs, it allows for in-depth analysis of financial transactions associated with businesses. This dataset can be utilized for tracking compliance, understanding fee structures, and analyzing trends in business payments, making it a valuable resource for researchers, policymakers, and industry stakeholders interested in the financial interactions between businesses and city government.

Column constraints outlined in Data Dictionary:
payment_sequence_number: System generated alpha-numeric value; Null values are allowed due to functional issues; Duplicates are allowed as a single payment can be applied to more than one fee.  
record_id: Duplicates are allowed as records can contain multiple fees and payments.  
record_type: Allowed values are defined in Appendix 1.  
inspection: System generated alpha-numeric value; Only applicable to dcwp_devicepayments record type.  
fee_sequence_number: System generated alpha-numeric value; Duplicates are allowed as multiple payment transactions can be applied to the same fee.  
fee_code_name: Allowed values are defined in Appendix 2.  
fee_status: Allowed values are Invoiced, Credited, Void, New.  
payment_date: Format is MM/DD/YYYY.  
payment_type: Allowed values are Payment Applied, Refund Applied, Void Payment Applied.  
business_unique_id: System generated alpha-numeric value; Can be used to link to other DCWP datasets.","This dataset contains detailed records of business payments, including various fees associated with licenses and adjudications. It features unique identifiers for each payment and business, along with information on payment dates, amounts, and statuses. The dataset spans from August 28, 2023, to March 17, 2026, providing a comprehensive view of financial transactions over this period. It can be utilized for analyzing business compliance, tracking payment trends, and assessing the financial health of businesses within specific sectors. The semantic profile highlights the dataset's focus on categorization and measurement of financial transactions, making it a valuable resource for financial analysis and reporting.","Dataset Overview:
- This dataset provides a comprehensive overview of business payments related to various fees and fines processed by the Department of Consumer Affairs (DCA) in New York City. It includes unique identifiers for each payment, record types, and detailed descriptions of fees, such as license processing and inspection fees. The dataset spans from July 19, 2023, to March 10, 2026, capturing a wide range of payment statuses, including invoiced, credited, and voided transactions. With over 160,000 unique payment sequence numbers and 108,000 record IDs, it allows for in-depth analysis of financial transactions associated with businesses. This dataset can be utilized for tracking compliance, understanding fee structures, and analyzing trends in business payments, making it a valuable resource for researchers, policymakers, and industry stakeholders interested in the financial interactions between businesses and city government.

Key Themes or Topics:
- Business payments
- Financial transactions
- Fees and fines
- Compliance tracking
- Payment processing
- Urban economic analysis
- Government revenue collection
- Consumer affairs
- Business regulation
- Payment status analysis

Applications and Use Cases:
- Facilitates analysis for financial analysts and accountants in understanding business payment behaviors.
- Useful for policymakers in assessing the impact of fees on business operations and compliance.
- Enables researchers to study trends in business payments over time and their implications for urban economics.
- Assists in auditing and regulatory compliance for businesses interacting with city government.
- Supports the development of financial models related to business fees and fines.

Potential Questions:
- What is the distribution of payment statuses (Invoiced, Credited, Void, New) across different fee types?
- How do payment amounts vary by fee code name within the dataset?
- What trends can be observed in business payments from July 2023 to March 2026?
- How many unique payment sequence numbers are associated with each record type?
- What is the frequency of voided payments compared to total payments processed?

Concepts and Synonyms:
- Business payments/financial transactions
- Fees/fines/charges
- Payment status/payment condition
- Compliance tracking/regulatory compliance
- Payment processing/payment management
- Consumer affairs/business regulation
- Revenue collection/government fees
- Financial analysis/economic analysis

Keywords and Themes:
- Business payments
- Department of Consumer Affairs
- Payment processing
- Fee structures
- Financial transactions
- Compliance
- Urban economics
- Payment statuses
- Business regulation
- New York City

Additional Context:
- This dataset is relevant for understanding the financial interactions between businesses and government entities, particularly in urban settings.
- It provides insights into how fees and fines impact business operations and compliance with local regulations.
- The dataset can be integrated with other datasets related to business performance, economic indicators, and urban development for comprehensive analysis.","Dataset Overview:
- This dataset contains detailed records of business payments, including various fees associated with licenses and adjudications. It features unique identifiers for each payment and business, along with information on payment dates, amounts, and statuses. The dataset spans from August 28, 2023, to March 17, 2026, providing a comprehensive view of financial transactions over this period. It can be utilized for analyzing business compliance, tracking payment trends, and assessing the financial health of businesses within specific sectors. The semantic profile highlights the dataset's focus on categorization and measurement of financial transactions, making it a valuable resource for financial analysis and reporting.

Key Themes or Topics:
- Business payments
- Financial transactions
- Payment records
- Compliance and regulation
- Licensing fees
- Adjudication fees
- Financial health assessment
- Payment trends analysis
- Sector-specific financial analysis

Applications and Use Cases:
- Facilitates analysis for financial analysts, accountants, and auditors.
- Useful for compliance monitoring and regulatory reporting.
- Enables insights into payment behavior for businesses and sectors.
- Assists in financial forecasting and budgeting for businesses.
- Supports research on economic impacts of business payments.
- Aids in identifying trends in business expenditures and revenue streams.

Concepts and Synonyms:
- Business transactions/payment transactions
- Payment processing/payment management
- Financial compliance/regulatory compliance
- Fee structures/fee analysis
- Payment status/payment history
- Transaction amounts/financial amounts
- Business identifiers/unique business IDs
- Payment dates/transaction dates
- Adjudication processes/legal fees

Keywords and Themes:
- business payments
- financial records
- payment analysis
- compliance tracking
- transaction data
- financial reporting
- payment trends
- business fees
- economic analysis

Additional Context:
- Highlights the dataset's relevance to understanding the financial landscape of businesses in various sectors.
- Emphasizes its value for policymakers in assessing the impact of fees and regulations on business operations.
- Supports interdisciplinary research by providing insights into the intersection of finance, law, and business management.","{'payment_sequence_number': {'column_description': 'Unique Identifier for each payment on a fee.', 'expected_per_allowed_values': 'System generated alpha-numeric value.', 'field_limitations': 'Null values are due to functional issues in the payment processing system that have been resolved.', 'additional_notes': 'There can be duplicate values as a single payment can be applied to more than one fee.'}, 'record_id': {'column_description': 'An identification number assigned by DCWP to record inspections, applications, adjudication cases, etc. For DCWP office tracking purposes.', 'additional_notes': 'There may be duplicate values as records can contain multiple fees and payments.'}, 'record_type': {'column_description': 'Identifies the record type that the fee is being applied towards.', 'expected_per_allowed_values': 'See Appendix 1 for information on how to interpret values. '}, 'inspection': {'column_description': 'The number of the inspection that incurred the device fee.', 'expected_per_allowed_values': 'System generated alpha-numeric value.', 'field_limitations': 'Only applicable to dcwp_devicepayments record type.'}, 'fee_sequence_number': {'column_description': 'Unique system generated identification number for the fee item.', 'field_limitations': 'System generated alpha-numeric value', 'additional_notes': 'There may be duplicate values as multiple payment transactions can be applied to the same fee.'}, 'fee_code_name': {'column_description': 'Description of the fee item.', 'expected_per_allowed_values': 'See Appendix 2 for a list of values.'}, 'fee_status': {'column_description': 'The status of the fee.', 'expected_per_allowed_values': 'Invoiced, Credited, Void, New'}, 'payment_date': {'column_description': 'Date when the payment was applied to the record.', 'expected_per_allowed_values': 'MM/DD/YYYY'}, 'fee_amount': {'column_description': 'The total amount of the fee.'}, 'payment_type': {'column_description': 'The type of transaction indicating whether payment was received, refunded, or voided.', 'expected_per_allowed_values': 'Payment Applied, Refund Applied, Void Payment Applied'}, 'payment_amount': {'column_description': 'Dollar amount of the payment being applied towards the fee.'}, 'business_unique_id': {'column_description': 'An identification number assigned by DCWP to track unique businesses across its systems.', 'expected_per_allowed_values': 'System generated alpha-numeric value', 'additional_notes': 'The Business Unique ID can be used to link these data to other DCWP datasets on NYC Open Data.'}, 'business_name': {'column_description': 'The legal business name as filed with the New York State Secretary of State or County Clerk.'}, 'dba_trade_name': {'column_description': 'If applicable, the Doing-Business-As (DBA), or trade name of the business.'}}",174,14,1,1
5vi6-xdpy,https://data.cityofnewyork.us/d/5vi6-xdpy,"This dataset contains information about businesses that have received the EO50 certificate of approval from the Small Business Services (SBS) in New York City. It includes key details such as the business name, contact phone number, address, and geographic coordinates, allowing for precise location identification. The dataset spans from December 14, 2022, to December 7, 2025, and features a wide range of businesses across various boroughs and community districts. Each entry is associated with unique identifiers like the Business Identification Number (BIN) and Borough, Block, and Lot (BBL) numbers, which facilitate geocoding and data aggregation. This dataset is valuable for analyzing the distribution of equal opportunity businesses, supporting initiatives aimed at promoting diversity and inclusion in the local economy, and providing insights for policymakers and researchers interested in community development and business support programs.

Column constraints outlined in Data Dictionary:
borough: allowed values include ""Manhattan"", ""Brooklyn"", ""Queens"", ""Bronx"", ""Staten Island""; null values are allowed  
latitude: value range is between -90 and 90; null values are allowed  
longitude: value range is between -180 and 180; null values are allowed  
community_board: numeric values; null values are allowed  
council_district: numeric values; null values are allowed  
bin: numeric values; null values are allowed  
bbl: numeric values; null values are allowed","This dataset focuses on Equal Opportunity Businesses, providing valuable insights into various organizations across New York and beyond. It includes essential information such as business names, contact details, and locations, with data spanning from December 15, 2022, to December 16, 2025. The dataset features 84 unique approval dates and covers 52 cities and 12 states, ensuring a comprehensive view of the business landscape. It also includes spatial data, such as latitude and longitude, allowing for precise geographic analysis. This dataset can be utilized for research, policy-making, and promoting equal opportunity initiatives within the business community.","Dataset Overview:
- This dataset contains information about businesses that have received the EO50 certificate of approval from the Small Business Services (SBS) in New York City. It includes key details such as the business name, contact phone number, address, and geographic coordinates, allowing for precise location identification. The dataset spans from December 14, 2022, to December 7, 2025, and features a wide range of businesses across various boroughs and community districts. Each entry is associated with unique identifiers like the Business Identification Number (BIN) and Borough, Block, and Lot (BBL) numbers, which facilitate geocoding and data aggregation. This dataset is valuable for analyzing the distribution of equal opportunity businesses, supporting initiatives aimed at promoting diversity and inclusion in the local economy, and providing insights for policymakers and researchers interested in community development and business support programs.

Key Themes or Topics:
- Equal Opportunity Businesses
- Diversity and Inclusion in Business
- Small Business Development
- Economic Empowerment
- Community Development
- Urban Economic Analysis
- Minority-Owned Businesses
- Certification Programs
- Local Economic Initiatives

Applications and Use Cases:
- Supports analysis for policymakers focused on economic development and diversity initiatives.
- Useful for researchers studying the impact of equal opportunity certifications on business success.
- Enables local government agencies to identify and support minority-owned businesses.
- Facilitates community organizations in outreach and support for certified businesses.
- Assists in urban planning and resource allocation based on business distribution.

Potential Questions:
- What is the distribution of EO50 certified businesses across different boroughs?
- How does the number of certified businesses vary by community board?
- What trends can be observed in the growth of equal opportunity businesses from 2022 to 2025?
- How do geographic coordinates correlate with the density of certified businesses in New York City?
- What is the relationship between the Business Identification Number (BIN) and the Borough, Block, and Lot (BBL) numbers for certified businesses?

Concepts and Synonyms:
- Equal Opportunity/EO50 Certification
- Minority Business Enterprises (MBE)
- Women-Owned Business Enterprises (WBE)
- Small Business Services (SBS)
- Business Identification Number (BIN)
- Borough, Block, and Lot (BBL) Numbers
- Geographic Information Systems (GIS)
- Economic Diversity
- Inclusion Initiatives

Keywords and Themes:
- Equal Opportunity Businesses
- EO50 Certification
- Small Business Support
- Diversity in Business
- Economic Development
- New York City Businesses
- Community Boards
- Business Location Data
- Minority-Owned Enterprises

Additional Context:
- This dataset is relevant for addressing challenges related to economic inequality and promoting equitable access to business opportunities.
- It provides a foundation for interdisciplinary research combining economics, urban studies, and social justice.
- The dataset can be integrated with other datasets on demographics, economic indicators, and urban development to enhance analysis and policy formulation.","**Dataset Overview:**
- This dataset focuses on Equal Opportunity Businesses, providing valuable insights into various organizations across New York and beyond. It includes essential information such as business names, contact details, and locations, with data spanning from December 15, 2022, to December 16, 2025. The dataset features 84 unique approval dates and covers 52 cities and 12 states, ensuring a comprehensive view of the business landscape. It also includes spatial data, such as latitude and longitude, allowing for precise geographic analysis. This dataset can be utilized for research, policy-making, and promoting equal opportunity initiatives within the business community.

**Key Themes or Topics:**
- Equal Opportunity Employment
- Diversity and Inclusion in Business
- Minority-Owned Businesses
- Women-Owned Businesses
- Small Business Development
- Economic Empowerment
- Social Justice in Business
- Affirmative Action Policies
- Business Equity
- Community Development
- Corporate Social Responsibility
- Economic Disparities
- Business Regulation and Compliance

**Applications and Use Cases:**
- Supports research for policymakers focused on economic equity and diversity initiatives.
- Aids in the development of programs aimed at promoting minority and women-owned businesses.
- Facilitates analysis for organizations working on social justice and community empowerment.
- Useful for economic development agencies assessing the impact of equal opportunity policies.
- Enables businesses to identify potential partnerships and networking opportunities within the equal opportunity sector.
- Assists in evaluating the effectiveness of affirmative action programs and diversity training.

**Concepts and Synonyms:**
- Equal Opportunity/Equal Access
- Diversity/Diverse Workforce
- Inclusion/Inclusion Strategies
- Minority Business Enterprises (MBE)/Minority-Owned Enterprises
- Women Business Enterprises (WBE)/Women-Owned Enterprises
- Affirmative Action/Affirmative Policies
- Economic Justice/Social Equity
- Business Development/Entrepreneurship
- Community Engagement/Public Participation
- Social Responsibility/Corporate Responsibility

**Keywords and Themes:**
- Equal Opportunity Businesses
- Diversity in Business
- Minority-Owned Enterprises
- Women-Owned Enterprises
- Economic Equity
- Business Location Data
- Spatial Analysis
- Business Contact Information
- Approval Dates
- Geographic Distribution
- Business Landscape
- Policy Research

**Additional Context:**
- The dataset is relevant for addressing challenges related to economic inequality and access to business opportunities for underrepresented groups.
- It provides a foundation for interdisciplinary research that intersects economics, sociology, and public policy.
- The dataset can be integrated with other datasets focusing on economic development, demographic studies, and social impact assessments to enhance understanding of the business environment.","{'eo50_approval_date': {'column_description': 'The date when the Business received EO50 certificate of approval from SBS'}, 'business_name': {'column_description': 'Name of the Businesses that received EO50 certificate of approval from SBS'}, 'business_phone': {'column_description': 'Contact Phone of the Businesses that received EO50 certificate of approval from SBS'}, 'city': {'column_description': 'City in which Company is located'}, 'state': {'column_description': 'State in which Company is located'}, 'postcode': {'column_description': 'Zip code where the Business is located'}, 'borough': {'column_description': 'Borough in which the Business is located', 'additional_notes': 'This column was generated by the Open Data team (Office of Technology and Innovation) as part of the geocoding process.'}, 'latitude': {'column_description': 'Latitude of the Business location', 'additional_notes': 'This column was generated by the Open Data team (Office of Technology and Innovation) as part of the geocoding process.'}, 'longitude': {'column_description': 'Longitude of the Business location', 'additional_notes': 'This column was generated by the Open Data team (Office of Technology and Innovation) as part of the geocoding process.'}, 'community_board': {'column_description': 'The Community Board field indicates the New York City Community District where the Business is located', 'additional_notes': 'This column was generated by the Open Data team (Office of Technology and Innovation) as part of the geocoding process.'}, 'council_district': {'column_description': 'The Council District field indicates the New York City Council District where the Business is located', 'additional_notes': 'This column was generated by the Open Data team (Office of Technology and Innovation) as part of the geocoding process.'}, 'bin': {'column_description': 'The BIN (site Identification Number) is a unique identifier for each Business in the City', 'additional_notes': 'This column was generated by the Open Data team (Office of Technology and Innovation) as part of the geocoding process.'}, 'bbl': {'column_description': 'The BBL (Borough, Block, and Lot) is a unique identifier for each tax lot in the City', 'additional_notes': 'This column was generated by the Open Data team (Office of Technology and Innovation) as part of the geocoding process.'}}","1,388",16,1,1
x9i6-ckbm,https://data.cityofnewyork.us/d/x9i6-ckbm,"This dataset provides detailed information on Fiber Optic Conduits across various neighborhoods in New York City, specifically focusing on the Bronx and Manhattan. It includes unique identifiers for Neighborhood Tabulation Areas (NTAs) and their corresponding names, along with borough and borough codes. The dataset captures essential measurements such as conduit route mileage, total street mileage, and the total and available conduit mileage, which are crucial for understanding the infrastructure supporting broadband services. Additionally, it highlights community district overlaps, offering insights into the geographic distribution of these conduits. This data can be utilized by urban planners, telecommunications companies, and researchers to assess the availability of fiber optic infrastructure, plan for future expansions, and improve internet access in underserved areas. The dataset serves as a valuable resource for analyzing the connectivity landscape and making informed decisions regarding broadband deployment.

Column constraints outlined in Data Dictionary:
nta: Four (4) digit code; required
nta_name: plain text; required
borough: plain text; required
boro_code: One (1) digit code; required
company: plain text; required
conduit_route_mileage: number; non-negative; required
street_mileage: number; non-negative; required
conduit_mileage_total: number; non-negative; required
conduit_mileage_available: number; non-negative; required
conduit_mileage_available_1: percent; range 0 to 1; required
cd_overlap_1: Three (3) digit code; required
cd_overlap_2: Three (3) digit code; optional
cd_overlap_3: Three (3) digit code; optional
cd_overlap_4: Three (3) digit code; optional
cd_overlap_5: Three (3) digit code; optional
cd_overlap_6: Three (3) digit code; optional","This dataset provides detailed information on the ECS Conduit Infrastructure across various neighborhoods in the Bronx and Manhattan. It includes unique identifiers for neighborhoods (nta and nta_name), borough classifications, and measurements related to conduit and street mileage. The dataset features a total of 66 unique neighborhoods, with conduit route mileage ranging from 0 to 43.3 miles and street mileage from 0 to 60.36 miles. This data can be utilized for urban planning, infrastructure development, and maintenance assessments, helping organizations identify areas for improvement and optimize resource allocation in the conduit system.","Dataset Overview:
- This dataset provides detailed information on Fiber Optic Conduits across various neighborhoods in New York City, specifically focusing on the Bronx and Manhattan. It includes unique identifiers for Neighborhood Tabulation Areas (NTAs) and their corresponding names, along with borough and borough codes. The dataset captures essential measurements such as conduit route mileage, total street mileage, and the total and available conduit mileage, which are crucial for understanding the infrastructure supporting broadband services. Additionally, it highlights community district overlaps, offering insights into the geographic distribution of these conduits. This data can be utilized by urban planners, telecommunications companies, and researchers to assess the availability of fiber optic infrastructure, plan for future expansions, and improve internet access in underserved areas. The dataset serves as a valuable resource for analyzing the connectivity landscape and making informed decisions regarding broadband deployment.

Key Themes or Topics:
- Fiber Optic Infrastructure
- Telecommunications
- Urban Planning
- Broadband Access
- Geographic Information Systems (GIS)
- Community Development
- Digital Divide
- Infrastructure Measurement
- Connectivity Analysis

Applications and Use Cases:
- Urban planning and development
- Telecommunications infrastructure assessment
- Broadband service expansion planning
- Policy formulation for internet access
- Research on digital equity and access
- Statistical modeling of infrastructure distribution
- Community resource allocation
- Geographic analysis of conduit distribution

Potential Questions:
- What is the total conduit mileage available in each neighborhood?
- How does the conduit route mileage compare between the Bronx and Manhattan?
- What percentage of conduit mileage is available for use in different neighborhoods?
- How do community district overlaps affect the distribution of fiber optic conduits?
- What is the relationship between total street mileage and conduit mileage in various neighborhoods?

Concepts and Synonyms:
- Fiber Optic Cables/Fiber Optic Lines
- Broadband Infrastructure/High-Speed Internet Infrastructure
- Telecommunications Networks/Telecom Infrastructure
- Neighborhood Tabulation Areas (NTAs)/Community Districts
- Conduit Route Mileage/Conduit Length
- Street Mileage/Road Length
- Digital Connectivity/Internet Connectivity
- Urban Infrastructure/City Infrastructure

Keywords and Themes:
- Fiber Optic Conduits
- Broadband Services
- Telecommunications Data
- Urban Infrastructure Analysis
- Connectivity Mapping
- Internet Access Equity
- Geographic Distribution of Infrastructure
- Community District Overlaps

Additional Context:
- This dataset is crucial for addressing the challenges of digital equity and access to high-speed internet in urban areas, particularly in underserved neighborhoods. It provides a foundation for interdisciplinary research that combines urban planning, telecommunications, and social equity. The insights derived from this dataset can inform strategies to enhance broadband deployment and improve overall connectivity in New York City.","Dataset Overview:
- This dataset provides detailed information on the ECS Conduit Infrastructure across various neighborhoods in the Bronx and Manhattan. It includes unique identifiers for neighborhoods (nta and nta_name), borough classifications, and measurements related to conduit and street mileage. The dataset features a total of 66 unique neighborhoods, with conduit route mileage ranging from 0 to 43.3 miles and street mileage from 0 to 60.36 miles. This data can be utilized for urban planning, infrastructure development, and maintenance assessments, helping organizations identify areas for improvement and optimize resource allocation in the conduit system.

Key Themes or Topics:
- Urban Infrastructure
- Transportation Networks
- Urban Planning
- Civil Engineering
- Public Works
- Geographic Information Systems (GIS)
- Infrastructure Maintenance
- Urban Development
- Neighborhood Analysis
- Conduit Systems
- Street and Road Networks

Applications and Use Cases:
- Urban planning and development
- Infrastructure assessment and maintenance
- Resource allocation optimization
- Policy formulation for urban infrastructure
- Engineering analysis for conduit systems
- Geographic analysis of neighborhood infrastructure
- Environmental impact assessments
- Transportation planning and management
- Community development initiatives
- Data-driven decision-making for public works

Concepts and Synonyms:
- Conduit infrastructure/conduit systems
- Street mileage/road mileage
- Neighborhood identifiers/nta, nta_name
- Borough classifications/boroughs
- Urban infrastructure/urban systems
- Infrastructure development/public works
- Maintenance assessments/infrastructure evaluations
- Geographic analysis/spatial analysis
- Urban planning/urban design
- Resource allocation/optimization

Keywords and Themes:
- ECS Conduit Infrastructure
- Bronx neighborhoods
- Manhattan neighborhoods
- Conduit route mileage
- Street mileage
- Urban infrastructure data
- Infrastructure development data
- Neighborhood infrastructure analysis
- Public works data
- Urban planning datasets

Additional Context:
- This dataset is relevant for addressing urban infrastructure challenges, particularly in densely populated areas like the Bronx and Manhattan. It provides critical insights for urban planners, engineers, and policymakers to enhance the efficiency and effectiveness of urban infrastructure systems. The data can also support interdisciplinary research that combines urban studies, civil engineering, and environmental science, facilitating a comprehensive understanding of urban infrastructure dynamics.","{'nta': {'column_description': 'Neighborhood Tabulation Area #', 'term_acronym_or_code_definitions': ""Four (4) digit code assigned to neighborhoods as created by the NYC Department of City Planning using whole census tracts from the 2010 Census as building blocks. These aggregations of census tracts are subsets of New York City's 55 Public Use Microdata Areas (PUMAs). Source: https://data.cityofnewyork.us/City-Government/Neighborhood-Tabulation-Areas/cpf4-rkhq."", 'additional_notes': 'plain text'}, 'nta_name': {'column_description': 'Neighborhood Tabulation Area Name', 'term_acronym_or_code_definitions': ""Name assigned to neighborhoods as created by the NYC Department of City Planning using whole census tracts from the 2010 Census as building blocks. These aggregations of census tracts are subsets of New York City's 55 Public Use Microdata Areas (PUMAs). Source: https://data.cityofnewyork.us/City-Government/NTA-map/d3qk-pfyz. "", 'additional_notes': 'plain text'}, 'borough': {'column_description': 'Borough', 'term_acronym_or_code_definitions': 'The New York City borough where the conduits are located.', 'additional_notes': 'plain text'}, 'boro_code': {'column_description': 'Borough Code', 'term_acronym_or_code_definitions': ""One (1) digit code assigned to differentiate NYC's five boroughs"", 'additional_notes': 'plain text'}, 'company': {'column_description': 'Company Name', 'term_acronym_or_code_definitions': 'name of the company that holds an agreement with the City of New York', 'additional_notes': 'plain text'}, 'conduit_route_mileage': {'column_description': 'Route MiIeage', 'term_acronym_or_code_definitions': 'The mileage of the streets in the NTA through or under which conduit has been installed.', 'additional_notes': 'number'}, 'street_mileage': {'column_description': 'Street Mileage', 'term_acronym_or_code_definitions': 'The total mileage of the streets in the NTA. ', 'additional_notes': 'number'}, 'conduit_mileage_total': {'column_description': 'Total Conduit Mileage', 'term_acronym_or_code_definitions': 'The length of any pipe, tube or passageway, including but not limited to, PVC, iron, concrete, tile or wooden ducts entering or leaving a Manhole through which a Cable can be placed. Unless otherwise stated herein, the term ""Conduit"" shall mean one Section of Mainline Conduit.', 'additional_notes': 'number'}, 'conduit_mileage_available': {'column_description': 'Available Conduit MiIeage', 'term_acronym_or_code_definitions': 'The length of the Total Conduit Mileage that is unoccupied and through which a Cable can be placed. ', 'additional_notes': 'number'}, 'conduit_mileage_available_1': {'column_description': '% of Available Conduit MiIeage', 'term_acronym_or_code_definitions': 'Available Conduit Mileage divided by Total Conduit Mileage', 'additional_notes': 'percent'}, 'cd_overlap_1': {'column_description': 'Community District Overlap 1', 'term_acronym_or_code_definitions': 'Three (3) digit code of a Community District that overlaps with the NTA. Community District boundaries are maintained by the NYC Department of City Planning. Data Source: https://data.cityofnewyork.us/City-Government/Community-Districts/yfnk-k7r4. ', 'additional_notes': 'plain text'}, 'cd_overlap_2': {'column_description': 'Community District Overlap 2', 'term_acronym_or_code_definitions': 'Three (3) digit code of a Community District that overlaps with the NTA. Community District boundaries are maintained by the NYC Department of City Planning. Data Source: https://data.cityofnewyork.us/City-Government/Community-Districts/yfnk-k7r4. ', 'additional_notes': 'plain text'}, 'cd_overlap_3': {'column_description': 'Community District Overlap 3', 'term_acronym_or_code_definitions': 'Three (3) digit code of a Community District that overlaps with the NTA. Community District boundaries are maintained by the NYC Department of City Planning. Data Source: https://data.cityofnewyork.us/City-Government/Community-Districts/yfnk-k7r4. ', 'additional_notes': 'plain text'}, 'cd_overlap_4': {'column_description': 'Community District Overlap 4', 'term_acronym_or_code_definitions': 'Three (3) digit code of a Community District that overlaps with the NTA. Community District boundaries are maintained by the NYC Department of City Planning. Data Source: https://data.cityofnewyork.us/City-Government/Community-Districts/yfnk-k7r4. ', 'additional_notes': 'plain text'}, 'cd_overlap_5': {'column_description': 'Community District Overlap 5', 'term_acronym_or_code_definitions': 'Three (3) digit code of a Community District that overlaps with the NTA. Community District boundaries are maintained by the NYC Department of City Planning. Data Source: https://data.cityofnewyork.us/City-Government/Community-Districts/yfnk-k7r4. ', 'additional_notes': 'plain text'}, 'cd_overlap_6': {'column_description': 'Community District Overlap 6', 'term_acronym_or_code_definitions': 'Three (3) digit code of a Community District that overlaps with the NTA. Community District boundaries are maintained by the NYC Department of City Planning. Data Source: https://data.cityofnewyork.us/City-Government/Community-Districts/yfnk-k7r4. ', 'additional_notes': 'plain text'}}",66,16,1,1
rpeq-j89e,https://data.cityofnewyork.us/d/rpeq-j89e,"This dataset provides detailed information on license status changes for various businesses and individuals operating in New York City. It includes 27,499 unique license numbers, representing a wide range of industries, with 59 distinct categories such as Tobacco Retail Dealers, Electronics Stores, and Home Improvement Contractors. The dataset captures key events related to licenses, including whether they were suspended, revoked, surrendered, or reinstated, with event dates ranging from September 11, 2002, to March 19, 2023. Each entry includes the legal business name and, if applicable, a Doing-Business-As (DBA) name. The status of each license is categorized as either active or inactive, providing a clear snapshot of the operational status of these entities. This dataset can be utilized for research on business compliance, industry trends, and the impact of regulatory changes on various sectors.

Column constraints outlined in Data Dictionary:
event_type: Allowed values are Suspended, Revoked, Surrendered, Reinstated; Required field  
status: Allowed values are Active, Inactive; Required field","This dataset provides detailed information on license status changes for various businesses, including their unique license numbers, names, and industries. It covers a wide range of industries, such as tobacco retail, electronics, and home improvement, with event types indicating whether licenses were surrendered, suspended, or reinstated. The dataset spans from 1990 to 2023, offering a comprehensive view of temporal changes in business licensing. It can be utilized for analyzing trends in business compliance, understanding industry dynamics, and assessing the impact of regulatory changes on different sectors. The data is essential for researchers, policymakers, and industry stakeholders.","Dataset Overview:
- This dataset provides detailed information on license status changes for various businesses and individuals operating in New York City. It includes 27,499 unique license numbers, representing a wide range of industries, with 59 distinct categories such as Tobacco Retail Dealers, Electronics Stores, and Home Improvement Contractors. The dataset captures key events related to licenses, including whether they were suspended, revoked, surrendered, or reinstated, with event dates ranging from September 11, 2002, to March 19, 2023. Each entry includes the legal business name and, if applicable, a Doing-Business-As (DBA) name. The status of each license is categorized as either active or inactive, providing a clear snapshot of the operational status of these entities. This dataset can be utilized for research on business compliance, industry trends, and the impact of regulatory changes on various sectors.

Key Themes or Topics:
- License status changes
- Business compliance
- Regulatory enforcement
- Industry-specific licensing
- Operational status of businesses
- Urban business dynamics
- Economic activity in New York City
- Public safety and health regulations
- Business operations and management

Applications and Use Cases:
- Facilitates analysis for compliance officers, regulatory agencies, and business owners.
- Useful for assessing the impact of regulatory changes on specific industries.
- Enables researchers to study trends in business operations and license management.
- Assists policymakers in understanding the effects of licensing on public safety and economic health.
- Supports market analysis for businesses entering or operating in regulated sectors.

Potential Questions:
- What is the distribution of license statuses (active vs. inactive) across different industries?
- How do license suspension rates vary among different categories of businesses?
- What trends can be observed in license reinstatement over the years?
- How does the number of revoked licenses correlate with specific regulatory changes?
- What is the average duration of license suspension for businesses in the Tobacco Retail Dealers category?

Concepts and Synonyms:
- License status/operational status
- License changes/changes in licensing
- Business licenses/operating licenses
- Regulatory compliance/business compliance
- License revocation/license suspension
- Industry categories/business sectors
- Doing-Business-As (DBA)/trade name
- Regulatory enforcement/public regulation

Keywords and Themes:
- License status changes
- Business compliance
- Regulatory changes
- License revocation
- License suspension
- Active licenses
- Inactive licenses
- New York City business licenses
- Industry trends
- Compliance research

Additional Context:
- This dataset is relevant for understanding the regulatory landscape affecting businesses in New York City, particularly in how licensing impacts operational viability and compliance. It can be integrated with other datasets related to economic activity, public health, and safety regulations to provide a comprehensive view of the business environment. The insights derived from this dataset can inform both academic research and practical applications in business strategy and public policy.","Dataset Overview:
- This dataset provides detailed information on license status changes for various businesses, including their unique license numbers, names, and industries. It covers a wide range of industries, such as tobacco retail, electronics, and home improvement, with event types indicating whether licenses were surrendered, suspended, or reinstated. The dataset spans from 1990 to 2023, offering a comprehensive view of temporal changes in business licensing. It can be utilized for analyzing trends in business compliance, understanding industry dynamics, and assessing the impact of regulatory changes on different sectors. The data is essential for researchers, policymakers, and industry stakeholders.

Key Themes or Topics:
- Business licensing
- Regulatory compliance
- License status changes
- Industry dynamics
- Temporal analysis of licensing
- Business operations
- Compliance trends
- Event-driven licensing changes

Applications and Use Cases:
- Analyzing trends in business compliance and regulatory adherence
- Assessing the impact of licensing changes on industry sectors
- Informing policy decisions related to business regulations
- Supporting research on industry-specific licensing practices
- Evaluating the effectiveness of regulatory frameworks
- Understanding market dynamics in various industries
- Identifying patterns in license suspensions and reinstatements

Concepts and Synonyms:
- License status/permit status
- Business license/operating license
- License surrender/license revocation
- License suspension/license hold
- License reinstatement/license renewal
- Regulatory changes/compliance changes
- Industry sectors/business sectors
- Temporal changes/chronological changes

Keywords and Themes:
- License changes
- Business compliance
- Regulatory impact
- Industry analysis
- Licensing trends
- Event types in licensing
- Business sectors
- Temporal data analysis

Additional Context:
- The dataset is relevant for addressing challenges related to business compliance and regulatory oversight in various industries.
- It provides insights into how changes in licensing affect business operations and industry stability.
- The dataset can be integrated with other datasets related to economic performance, regulatory frameworks, and industry-specific studies for a more comprehensive analysis.","{'dca_license_number': {'column_description': 'An identification number issued to businesses/individuals to operate legally for the duration of their license term or until the license is revoked.'}, 'business_name': {'column_description': ""The legal business name as filed with the New York State Secretary of State or County Clerk or, if an Individual license, the individual's first name and last name.""}, 'business_name_2': {'column_description': 'If applicable, the Doing-Business-As (DBA) or trade name.'}, 'industry': {'column_description': 'The category of business activity that requires a DCA license. '}, 'event_type': {'column_description': 'Indicates if the license was suspended, revoked, surrendered, or reinstated.', 'additional_notes': 'Suspended\nRevoked\nSurrendered\nReinstated'}, 'event_date': {'column_description': 'Date when the license was suspended, revoked, surrendered, or reinstated.'}, 'status': {'column_description': 'The status of the license as of the data extract date.', 'additional_notes': 'Active/Inactive'}}",34,7,1,1
w49t-5gha,https://data.cityofnewyork.us/d/w49t-5gha,"This dataset focuses on storefront vacancies along Broadway in Manhattan, providing valuable insights into the retail landscape. It includes detailed information such as business addresses, storefront statuses, and whether storefronts are boarded up or vacant. The dataset features 345 unique business addresses and 199 unique business names, highlighting the diversity of retail options in the area. Spatial data is included, with latitude and longitude coordinates for precise location mapping, as well as community board and council district identifiers. This dataset can be utilized for urban planning, real estate analysis, and economic development studies, helping stakeholders understand trends in retail vacancies and the overall health of the commercial sector. By analyzing this data, users can identify areas with high vacancy rates, assess the impact of closures, and strategize on potential business opportunities in the vibrant Broadway corridor.","This dataset provides detailed information on storefront vacancies along Broadway in Manhattan, including business addresses, names, and current statuses such as ""For Rent"" or ""Closed."" It features spatial data, including latitude and longitude coordinates, which allows for precise location mapping. The dataset also categorizes storefronts by their community board, council district, and neighborhood, offering insights into the geographic distribution of vacancies. This information can be valuable for urban planners, real estate developers, and local businesses looking to understand market trends and opportunities in the area. Overall, it serves as a comprehensive resource for analyzing Broadway's retail landscape.","Dataset Overview:
- This dataset focuses on storefront vacancies along Broadway in Manhattan, providing valuable insights into the retail landscape. It includes detailed information such as business addresses, storefront statuses, and whether storefronts are boarded up or vacant. The dataset features 345 unique business addresses and 199 unique business names, highlighting the diversity of retail options in the area. Spatial data is included, with latitude and longitude coordinates for precise location mapping, as well as community board and council district identifiers. This dataset can be utilized for urban planning, real estate analysis, and economic development studies, helping stakeholders understand trends in retail vacancies and the overall health of the commercial sector. By analyzing this data, users can identify areas with high vacancy rates, assess the impact of closures, and strategize on potential business opportunities in the vibrant Broadway corridor.

Key Themes or Topics:
- Urban planning
- Retail economics
- Commercial real estate
- Economic development
- Spatial analysis
- Community development
- Business dynamics
- Urban vacancy trends

Applications and Use Cases:
- Urban planning and zoning analysis
- Retail market analysis and forecasting
- Economic development strategy formulation
- Real estate investment decision-making
- Community revitalization initiatives
- Policy development for commercial districts
- Statistical modeling of vacancy trends
- Impact assessment of business closures

Potential Questions:
- What is the distribution of storefront vacancies along Broadway?
- How do vacancy rates differ across various community boards in Manhattan?
- What percentage of storefronts are boarded up versus vacant?
- How has the number of unique business names changed over time in the Broadway corridor?
- What are the geographic patterns of retail vacancies based on latitude and longitude coordinates?
- Which areas along Broadway have the highest concentration of vacant storefronts?

Concepts and Synonyms:
- Storefront vacancy/storefront emptiness
- Retail space availability/retail space occupancy
- Commercial vacancy/commercial real estate vacancy
- Business closure/business shutdown
- Urban retail landscape/urban commercial environment
- Economic indicators/retail health metrics
- Spatial data/geographic information
- Community board/council district

Keywords and Themes:
- Broadway storefront vacancies
- Manhattan retail landscape
- Commercial vacancy rates
- Urban economic analysis
- Retail business dynamics
- Spatial mapping of vacancies
- Economic development data
- Retail trends and patterns

Additional Context:
- This dataset is relevant for addressing challenges related to urban retail sustainability and economic resilience in metropolitan areas. It provides insights that can inform interdisciplinary research combining urban studies, economics, and geography. The dataset can also be integrated with other datasets related to demographic changes, transportation access, and urban infrastructure to enhance understanding of the factors influencing retail vacancies.","Dataset Overview:
- This dataset provides detailed information on storefront vacancies along Broadway in Manhattan, including business addresses, names, and current statuses such as ""For Rent"" or ""Closed."" It features spatial data, including latitude and longitude coordinates, which allows for precise location mapping. The dataset also categorizes storefronts by their community board, council district, and neighborhood, offering insights into the geographic distribution of vacancies. This information can be valuable for urban planners, real estate developers, and local businesses looking to understand market trends and opportunities in the area. Overall, it serves as a comprehensive resource for analyzing Broadway's retail landscape.

Key Themes or Topics:
- Urban planning
- Retail economics
- Commercial real estate
- Vacancy analysis
- Neighborhood dynamics
- Economic development
- Spatial analysis
- Community development
- Business trends
- Real estate market trends

Applications and Use Cases:
- Facilitates analysis for urban planners and city officials in assessing retail health.
- Useful for real estate developers in identifying potential investment opportunities.
- Enables local businesses to strategize based on vacancy trends and market conditions.
- Assists researchers in studying urban vacancy patterns and their socio-economic impacts.
- Supports policymakers in formulating strategies to revitalize commercial corridors.

Concepts and Synonyms:
- Storefront vacancies / retail vacancies
- Commercial properties / business properties
- For Rent / Available for lease
- Closed / Vacant
- Geographic distribution / Spatial distribution
- Community board / Local governance
- Council district / Political district
- Neighborhood / Local area
- Urban landscape / Cityscape
- Retail landscape / Commercial landscape

Keywords and Themes:
- Broadway storefronts
- Manhattan vacancies
- Retail space availability
- Urban vacancy rates
- Commercial leasing
- Business closures
- Economic indicators
- Spatial data analysis
- Geographic information systems (GIS)
- Real estate analytics

Additional Context:
- Highlights the dataset's relevance to understanding the impact of economic shifts on retail spaces.
- Emphasizes its value for interdisciplinary applications, including urban studies, economics, and geography.
- Provides insights into the effects of policy changes on storefront occupancy and community vitality.
- Can be integrated with demographic data to analyze the relationship between population changes and storefront vacancies.",,385,15,0,1
v5w4-adxa,https://data.cityofnewyork.us/d/v5w4-adxa,"This dataset focuses on unbanked communities in New York City, providing insights into financial access and demographic characteristics across various neighborhoods. It includes key metrics such as the percentage of unbanked and underbanked residents from 2011 and 2013, as well as data on prepaid mobile service usage, foreign-born populations, poverty rates, median household income, and unemployment rates. The dataset features 61 unique neighborhood names and spans eight boroughs, with FIPS codes for identification. It serves as a valuable resource for researchers and policymakers aiming to understand financial empowerment and health within communities, highlighting disparities in access to banking services. By analyzing this data, stakeholders can develop targeted strategies to improve financial security and support for unbanked and underbanked populations, ultimately fostering greater economic inclusion and community well-being.

Column constraints outlined in Data Dictionary:
sub_boro_name: string; not null  
borough: string; not null  
fips: numeric; nullable; must be a valid identifier format (integer or float)  
unbanked_2011: numeric; range: [0, 1]  
underbanked_2011: numeric; range: [0, 1]  
unbanked_2013: numeric; range: [0, 1]  
underbanked_2013: numeric; range: [0, 1]  
prepaid_2011: numeric; range: [0, 1]  
prepaid_2013: numeric; range: [0, 1]  
foreign_born_2011: numeric; range: [0, 1]  
poor_2011: numeric; range: [0, 1]  
median_income_2011: numeric; must be a positive integer  
unemployment_2011: numeric; range: [0, 1]  
poor_2013: numeric; range: [0, 1]  
foreign_born_2013: numeric; range: [0, 1]  
median_income_2013: numeric; must be a positive integer  
unemployment_2013: numeric; range: [0, 1]","This dataset provides insights into the unbanked and underbanked populations across various neighborhoods in New York City, covering data from 2011 and 2013. It includes key metrics such as the percentage of unbanked individuals, median income, and unemployment rates, allowing for a comprehensive analysis of financial access and economic conditions. The dataset features 61 unique neighborhood names and spans multiple boroughs, with data on demographic factors like foreign-born populations and poverty rates. This information can be valuable for researchers, policymakers, and organizations aiming to address financial inclusion and improve economic opportunities in underserved communities.","Dataset Overview:
- This dataset focuses on unbanked communities in New York City, providing insights into financial access and demographic characteristics across various neighborhoods. It includes key metrics such as the percentage of unbanked and underbanked residents from 2011 and 2013, as well as data on prepaid mobile service usage, foreign-born populations, poverty rates, median household income, and unemployment rates. The dataset features 61 unique neighborhood names and spans eight boroughs, with FIPS codes for identification. It serves as a valuable resource for researchers and policymakers aiming to understand financial empowerment and health within communities, highlighting disparities in access to banking services. By analyzing this data, stakeholders can develop targeted strategies to improve financial security and support for unbanked and underbanked populations, ultimately fostering greater economic inclusion and community well-being.

Key Themes or Topics:
- Financial inclusion
- Economic disparities
- Socioeconomic status
- Urban demographics
- Community health
- Access to banking services
- Poverty and income inequality
- Immigrant populations
- Neighborhood analysis
- Financial literacy

Applications and Use Cases:
- Analyzing financial access for unbanked and underbanked populations
- Developing policies to enhance economic inclusion
- Assessing the impact of socioeconomic factors on financial behavior
- Identifying neighborhoods in need of financial services
- Evaluating trends in prepaid mobile service usage among demographics
- Informing community development initiatives
- Supporting research on poverty alleviation strategies
- Guiding financial education programs

Potential Questions:
- What is the percentage of unbanked residents in each neighborhood in 2011 and 2013?
- How does the rate of underbanked individuals vary across different boroughs?
- What trends can be observed in median household income from 2011 to 2013?
- How do unemployment rates correlate with the percentage of unbanked residents?
- What is the relationship between foreign-born populations and financial access in NYC neighborhoods?
- How has the usage of prepaid mobile services changed among unbanked communities over the years?

Concepts and Synonyms:
- Unbanked/underbanked
- Financial access/financial services
- Economic inclusion/economic empowerment
- Socioeconomic factors/financial disparities
- Neighborhood demographics/community characteristics
- Poverty rates/income levels
- Immigrant communities/foreign-born residents
- Prepaid services/mobile financial solutions
- Financial literacy/education

Keywords and Themes:
- unbanked communities
- financial access
- socioeconomic status
- poverty rates
- median household income
- unemployment rates
- prepaid mobile services
- foreign-born populations
- underbanked residents
- neighborhood analysis

Additional Context:
- This dataset is crucial for understanding the financial challenges faced by unbanked communities, particularly in urban settings like New York City. It highlights the intersection of socioeconomic factors and access to financial services, making it relevant for interdisciplinary studies in economics, public policy, and social work. The insights derived from this dataset can inform targeted interventions aimed at improving financial literacy and access to banking services, ultimately contributing to the economic well-being of marginalized populations.","Dataset Overview:
- This dataset provides insights into the unbanked and underbanked populations across various neighborhoods in New York City, covering data from 2011 and 2013. It includes key metrics such as the percentage of unbanked individuals, median income, and unemployment rates, allowing for a comprehensive analysis of financial access and economic conditions. The dataset features 61 unique neighborhood names and spans multiple boroughs, with data on demographic factors like foreign-born populations and poverty rates. This information can be valuable for researchers, policymakers, and organizations aiming to address financial inclusion and improve economic opportunities in underserved communities.

Key Themes or Topics:
- Financial inclusion
- Economic disparities
- Socio-economic status
- Urban demographics
- Community development
- Access to banking services
- Poverty and income inequality
- Employment and unemployment trends
- Neighborhood analysis
- Immigrant financial access

Applications and Use Cases:
- Supports research on financial literacy and access to banking
- Aids policymakers in developing strategies for financial inclusion
- Assists non-profit organizations in targeting interventions for unbanked populations
- Facilitates urban planning and community development initiatives
- Enables statistical modeling of economic conditions in urban areas
- Informs studies on the impact of socio-economic factors on banking access

Concepts and Synonyms:
- Unbanked population/financially excluded
- Underbanked population/partially banked
- Financial access/banking access
- Economic opportunity/financial opportunity
- Neighborhood demographics/community demographics
- Median income/average income
- Unemployment rate/joblessness
- Poverty rate/low-income population
- Foreign-born population/immigrant population
- Economic conditions/financial conditions

Keywords and Themes:
- unbanked
- underbanked
- financial inclusion
- economic inequality
- New York City
- neighborhoods
- demographic data
- income statistics
- unemployment statistics
- poverty analysis
- community resources
- banking services

Additional Context:
- The dataset is crucial for understanding the barriers faced by unbanked and underbanked individuals in accessing financial services, particularly in urban settings like New York City. It highlights the intersection of socio-economic factors and banking access, providing a foundation for targeted interventions aimed at improving financial literacy and inclusion. This dataset can also be integrated with other socio-economic datasets to enhance analyses of urban poverty and economic mobility.","{'sub_boro_name': {'column_description': 'New York City neighborhood name based on US Census geographic unit, Public Use Microdata Area'}, 'borough': {'column_description': 'New York City Borough Name'}, 'fips': {'column_description': 'Federal Information Processing Standard code corresponding to the neigborhood'}, 'unbanked_2011': {'column_description': 'Percent of residencts having no access to banking or other personal financial services in 2011'}, 'underbanked_2011': {'column_description': 'Percent of residencts having very limited access to or substantive obstacles to attaining banking or other personal financial services in 2011'}, 'unbanked_2013': {'column_description': 'Percent of residencts having no access to banking or other personal financial services in 2013'}, 'underbanked_2013': {'column_description': 'Percent of residencts having very limited access to or substantive obstacles to attaining banking or other personal financial services in 2013'}, 'prepaid_2011': {'column_description': 'Percent of respondents using a pre-paid mobile service plan in 2011'}, 'prepaid_2013': {'column_description': 'Percent of respondents using a pre-paid mobile service plan in 2013'}, 'foreign_born_2011': {'column_description': 'Percent of foreign born residents in 2011'}, 'poor_2011': {'column_description': 'Percent of poor residents in 2011'}, 'median_income_2011': {'column_description': 'Median household income in 2011'}, 'unemployment_2011': {'column_description': 'Unemployment rate in 2011'}, 'foreign_born_2013': {'column_description': 'Percent of foreign born residents in 2013'}, 'poor_2013': {'column_description': 'Percent of poor residents in 2013'}, 'median_income_2013': {'column_description': 'Median household income in 2013'}, 'unemployment_2013': {'column_description': 'Unemployment rate in 2013'}}",61,17,1,0
ymvu-4x4s,https://data.cityofnewyork.us/d/ymvu-4x4s,"This dataset provides detailed information on NYC domain registrations, capturing the number of registrations by zip code and borough. It includes 243 unique zip codes, covering a range from 10001 to 11697, and categorizes data across five boroughs: Manhattan, Bronx, Brooklyn, Queens, and Staten Island. The total number of registrations varies significantly, with values ranging from 1 to 1901. The zip_code and borough fields represent spatial data, allowing for geolocation analysis, while the total field serves as an aggregation key for understanding domain registration trends. This dataset can be utilized for various purposes, such as analyzing the distribution of domain registrations across different neighborhoods, identifying areas with high online presence, and informing local businesses and policymakers about digital engagement in their communities. Overall, it serves as a valuable resource for researchers and stakeholders interested in the digital landscape of New York City.","This dataset provides detailed information on NYC domain registrations, including the zip codes, boroughs, and total registrations for each area. It contains 100 unique zip codes and covers five boroughs, with total registrations ranging from 0 to 1717. The zip_code and borough columns represent specific locations, while the total column measures the number of registrations, making this dataset valuable for analyzing domain registration trends across different neighborhoods in New York City. Researchers and policymakers can use this data to understand the distribution of domain registrations and identify areas with high or low digital engagement.","Dataset Overview:
- This dataset provides detailed information on NYC domain registrations, capturing the number of registrations by zip code and borough. It includes 243 unique zip codes, covering a range from 10001 to 11697, and categorizes data across five boroughs: Manhattan, Bronx, Brooklyn, Queens, and Staten Island. The total number of registrations varies significantly, with values ranging from 1 to 1901. The zip_code and borough fields represent spatial data, allowing for geolocation analysis, while the total field serves as an aggregation key for understanding domain registration trends. This dataset can be utilized for various purposes, such as analyzing the distribution of domain registrations across different neighborhoods, identifying areas with high online presence, and informing local businesses and policymakers about digital engagement in their communities. Overall, it serves as a valuable resource for researchers and stakeholders interested in the digital landscape of New York City.

Key Themes or Topics:
- Digital economy
- Urban digital infrastructure
- E-commerce and online presence
- Geographic information systems (GIS)
- Internet usage trends
- Local business engagement
- Socio-economic digital disparities
- Community digital footprint

Applications and Use Cases:
- Analyzing the distribution of domain registrations across NYC neighborhoods
- Identifying boroughs with the highest online business presence
- Informing local government policy on digital engagement strategies
- Supporting market research for businesses targeting specific areas
- Evaluating the impact of digital presence on local economies
- Guiding urban planning and development initiatives related to technology

Potential Questions:
- What is the distribution of domain registrations by borough in NYC?
- How do domain registration numbers vary across different zip codes in New York City?
- Which borough has the highest total number of domain registrations?
- How has the number of domain registrations changed over the past years in NYC?
- Are there significant differences in domain registrations between urban and suburban areas within NYC?

Concepts and Synonyms:
- Domain registration/website registration
- Online presence/digital presence
- Geographic distribution/spatial analysis
- Borough/neighborhood
- Zip code/postal code
- Digital engagement/online engagement
- E-commerce/online business
- Internet infrastructure/digital infrastructure

Keywords and Themes:
- NYC domain registrations
- digital landscape
- online business statistics
- geographic data
- urban analysis
- digital economy trends
- community engagement
- local business statistics

Additional Context:
- This dataset is relevant for understanding the digital divide in urban areas and can inform strategies to enhance digital literacy and access in underserved communities. It also provides insights into the relationship between domain registrations and local economic activity, making it valuable for interdisciplinary research that intersects urban studies, economics, and technology. The dataset can be integrated with other datasets related to business activity, population demographics, and internet access to provide a comprehensive view of the digital ecosystem in New York City.","Dataset Overview:
- This dataset provides detailed information on NYC domain registrations, including the zip codes, boroughs, and total registrations for each area. It contains 100 unique zip codes and covers five boroughs, with total registrations ranging from 0 to 1717. The zip_code and borough columns represent specific locations, while the total column measures the number of registrations, making this dataset valuable for analyzing domain registration trends across different neighborhoods in New York City. Researchers and policymakers can use this data to understand the distribution of domain registrations and identify areas with high or low digital engagement.

Key Themes or Topics:
- Digital engagement
- Urban digital infrastructure
- E-commerce and online presence
- Geographic information systems (GIS)
- Internet accessibility and usage
- Socio-economic factors in digital registration
- Neighborhood digital trends
- Technology adoption in urban areas

Applications and Use Cases:
- Facilitates analysis for urban planners and city officials
- Useful for digital marketing strategists and businesses targeting specific neighborhoods
- Supports researchers studying the correlation between domain registrations and socio-economic indicators
- Aids policymakers in understanding digital equity and access issues
- Enables insights into local business development and online entrepreneurship trends

Concepts and Synonyms:
- Domain registration/website registration
- Zip code/postal code
- Borough/neighborhood
- Digital footprint/online presence
- Internet domain/website domain
- Registration trends/registration statistics
- Geographic distribution/location analysis
- Digital engagement metrics/online engagement

Keywords and Themes:
- NYC domain registrations
- Digital engagement in New York City
- Zip code analysis
- Borough-level domain statistics
- Online business presence
- Internet usage trends
- E-commerce registration data
- Urban digital landscape

Additional Context:
- Highlights the dataset's relevance to understanding the digital divide in urban settings
- Emphasizes its value for interdisciplinary applications, including urban studies, economics, and information technology
- Provides insights into how domain registrations can reflect broader trends in community engagement and economic development in New York City",,243,3,0,0
uxsz-6j5j,https://data.cityofnewyork.us/d/uxsz-6j5j,"This dataset provides comprehensive information on worker cooperatives across New York City, featuring 66 unique business names and various attributes such as addresses, boroughs, and community boards. It includes key metrics like the number of worker owners and non-member workers, as well as the types of services offered, categorized under 15 unique subtypes. The dataset spans multiple boroughs, with spatial data represented by latitude and longitude coordinates, allowing for precise geolocation. Each entry is associated with a unique NAICS code for classification purposes. This dataset can be utilized for market research, strategic planning, and understanding the cooperative business landscape, making it a valuable resource for policymakers, researchers, and community organizers interested in promoting cooperative economics and supporting local businesses. Overall, it serves as a vital tool for analyzing the impact and growth of worker cooperatives in urban settings.","This dataset serves as a comprehensive directory of worker cooperatives, detailing essential information such as business names, addresses, and operational specifics. It includes 100 unique entries, showcasing a variety of cooperative types across New York City, with a focus on their locations, worker ownership, and services offered. The dataset features spatial data, including latitude and longitude coordinates, which can be utilized for geographic analysis. Additionally, it categorizes cooperatives by industry using NAICS codes, making it a valuable resource for researchers, policymakers, and community organizers interested in cooperative business models and their impact on local economies.","**Dataset Overview:**
This dataset provides comprehensive information on worker cooperatives across New York City, featuring 66 unique business names and various attributes such as addresses, boroughs, and community boards. It includes key metrics like the number of worker owners and non-member workers, as well as the types of services offered, categorized under 15 unique subtypes. The dataset spans multiple boroughs, with spatial data represented by latitude and longitude coordinates, allowing for precise geolocation. Each entry is associated with a unique NAICS code for classification purposes. This dataset can be utilized for market research, strategic planning, and understanding the cooperative business landscape, making it a valuable resource for policymakers, researchers, and community organizers interested in promoting cooperative economics and supporting local businesses. Overall, it serves as a vital tool for analyzing the impact and growth of worker cooperatives in urban settings.

**Key Themes or Topics:**
- Worker cooperatives
- Cooperative economics
- Community development
- Social enterprises
- Labor ownership
- Economic democracy
- Urban economics
- Local business ecosystems
- Alternative business models
- Community-supported enterprises
- Economic resilience
- Social justice and equity
- Entrepreneurship in urban settings
- Cooperative governance
- Workforce development

**Applications and Use Cases:**
- Market research for cooperative businesses
- Strategic planning for community organizers
- Policy formulation for local government
- Economic analysis for researchers
- Assessment of cooperative business impact
- Community engagement initiatives
- Support for local economic development
- Evaluation of labor ownership models
- Comparative studies of cooperative versus traditional businesses
- Mapping and spatial analysis of cooperatives

**Potential Questions:**
- What is the distribution of worker owners across different boroughs?
- How do the types of services offered by worker cooperatives vary by community board?
- What is the average number of non-member workers in worker cooperatives in NYC?
- How does the presence of worker cooperatives correlate with local economic indicators?
- What trends can be observed in the growth of worker cooperatives over the past decade?
- How do worker cooperatives differ in terms of size and service offerings?

**Concepts and Synonyms:**
- Worker cooperatives/cooperative businesses
- Economic democracy/worker ownership
- Community-supported enterprises/social enterprises
- Cooperative governance/collective decision-making
- Labor ownership/employee ownership
- Social justice/economic equity
- Urban cooperatives/urban business models
- Cooperative development/community development
- Local economies/alternative economies

**Keywords and Themes:**
- Worker cooperatives
- Cooperative economics
- NYC cooperatives
- Labor ownership
- Community boards
- Economic development
- Social enterprises
- NAICS codes
- Business metrics
- Urban planning
- Cooperative business models
- Community engagement

**Additional Context:**
- This dataset is relevant for addressing challenges related to economic inequality and promoting sustainable local economies.
- It provides insights into the role of worker cooperatives in fostering community resilience and economic empowerment.
- The dataset can be integrated with other urban studies datasets to explore broader socio-economic trends and impacts in New York City.","Dataset Overview:
- This dataset serves as a comprehensive directory of worker cooperatives, detailing essential information such as business names, addresses, and operational specifics. It includes 100 unique entries, showcasing a variety of cooperative types across New York City, with a focus on their locations, worker ownership, and services offered. The dataset features spatial data, including latitude and longitude coordinates, which can be utilized for geographic analysis. Additionally, it categorizes cooperatives by industry using NAICS codes, making it a valuable resource for researchers, policymakers, and community organizers interested in cooperative business models and their impact on local economies.

Key Themes or Topics:
- Worker cooperatives
- Cooperative business models
- Economic democracy
- Community development
- Social enterprises
- Labor rights
- Local economies
- Employee ownership
- Cooperative governance
- Urban economics
- Alternative business structures
- Social justice
- Economic resilience

Applications and Use Cases:
- Facilitates analysis for researchers studying cooperative economics and business models.
- Useful for policymakers aiming to promote worker ownership and cooperative development.
- Enables community organizers to identify and connect with local cooperatives for collaboration.
- Assists in geographic analysis of cooperative distribution and accessibility.
- Supports economic development initiatives focused on sustainable and equitable business practices.
- Provides data for academic studies on labor relations and cooperative governance.

Concepts and Synonyms:
- Worker cooperatives/worker-owned cooperatives
- Cooperative directory/cooperative database
- NAICS codes/industry classification
- Spatial data/geographic information
- Economic impact/community impact
- Cooperative types/varieties of cooperatives
- Local businesses/community businesses
- Employee-owned businesses/worker-owned enterprises
- Cooperative principles/values of cooperation
- Social economy/solidarity economy

Keywords and Themes:
- worker cooperatives
- cooperative directory
- employee ownership
- economic democracy
- community development
- NAICS codes
- spatial data
- New York City cooperatives
- cooperative business models
- local economies
- social enterprises
- labor rights

Additional Context:
- Highlights the dataset's relevance to the growing interest in alternative economic models and the role of cooperatives in fostering sustainable communities.
- Emphasizes its value for interdisciplinary applications, integrating insights from economics, sociology, urban studies, and labor relations.
- Addresses challenges related to economic inequality and the need for innovative business solutions that empower workers and communities.",,298,19,0,0
b9yk-4pzk,https://data.cityofnewyork.us/d/b9yk-4pzk,"This dataset provides detailed information on actions taken against process servers, including their names, license numbers, and the specific actions such as denials of renewal, suspensions, and penalties. It contains 232 unique process server names and 240 unique license numbers, with actions recorded from November 2019 to August 2024. Each entry includes the date the action took effect and the reason for the action, which can range from failure to comply with licensing requirements to penalties for non-compliance with process server laws. The dataset serves as a valuable resource for legal professionals, regulatory bodies, and researchers interested in monitoring compliance and enforcement actions within the process server domain. By analyzing this data, users can gain insights into trends in licensing issues and the effectiveness of regulatory measures in maintaining standards within the profession.

Column constraints outlined in Data Dictionary:
process_server_name: required; format: string  
license_number: required; format: alphanumeric with pattern: XXXXXXX-DCA or XXXXXXX-DCWP  
action_taken: required; allowed values: Denial of Renewal, Suspension Pending Compliance, Issuance of Penalty in the Amount of $X, Appeal Decision Processed issuance of penalty in the amount of $X, Suspension until MM/DD/YYYY  
date: required; format: ISO 8601 date-time (YYYY-MM-DDTHH:MM:SS.sss)  
reason: required; format: string","This dataset focuses on Process Server Compliance, providing insights into the actions taken against individuals in the process serving profession. It includes records of denial of renewal, suspension pending compliance, and penalties issued, along with the reasons for these actions. The dataset spans from November 6, 2019, to August 21, 2024, capturing 96 unique process server names and 97 unique license numbers. Each entry details the action taken, the date of the action, and the reason behind it, facilitating analysis of compliance trends and regulatory enforcement in the process serving field.","Dataset Overview:
- This dataset provides detailed information on actions taken against process servers, including their names, license numbers, and the specific actions such as denials of renewal, suspensions, and penalties. It contains 232 unique process server names and 240 unique license numbers, with actions recorded from November 2019 to August 2024. Each entry includes the date the action took effect and the reason for the action, which can range from failure to comply with licensing requirements to penalties for non-compliance with process server laws. The dataset serves as a valuable resource for legal professionals, regulatory bodies, and researchers interested in monitoring compliance and enforcement actions within the process server domain. By analyzing this data, users can gain insights into trends in licensing issues and the effectiveness of regulatory measures in maintaining standards within the profession.

Key Themes or Topics:
- Process Server Actions
- Licensing Compliance
- Regulatory Enforcement
- Legal Profession Standards
- Compliance Monitoring
- Penalties and Disciplinary Actions
- Process Server Regulations
- Legal Accountability
- Professional Licensing Issues

Applications and Use Cases:
- Facilitates analysis for legal professionals assessing compliance among process servers.
- Useful for regulatory bodies in monitoring and enforcing licensing standards.
- Enables researchers to study trends in process server actions and regulatory effectiveness.
- Assists in identifying patterns of non-compliance and areas for policy improvement.
- Supports legal practitioners in understanding the implications of licensing actions on their practice.

Potential Questions:
- What are the most common reasons for actions taken against process servers?
- How many process servers faced denial of renewal in a specific year?
- What trends can be observed in the issuance of penalties over the recorded period?
- How do suspension actions vary across different process server names?
- What is the distribution of actions taken against process servers by month and year?

Concepts and Synonyms:
- Process Server/Process Serving
- Licensing/License
- Compliance/Non-compliance
- Regulatory Actions/Enforcement Actions
- Denial of Renewal/License Denial
- Suspension/Suspension of License
- Penalty/Fine
- Legal Standards/Professional Standards
- Disciplinary Actions/Enforcement Measures

Keywords and Themes:
- process server actions
- licensing issues
- compliance enforcement
- regulatory compliance
- legal penalties
- disciplinary measures
- process server regulations
- licensing trends
- enforcement actions

Additional Context:
- The dataset is relevant for addressing challenges in maintaining professional standards within the legal domain.
- It provides insights into the effectiveness of regulatory frameworks governing process servers.
- The dataset can be integrated with other legal datasets to enhance understanding of compliance and enforcement in the legal profession.","Dataset Overview:
- This dataset focuses on Process Server Compliance, providing insights into the actions taken against individuals in the process serving profession. It includes records of denial of renewal, suspension pending compliance, and penalties issued, along with the reasons for these actions. The dataset spans from November 6, 2019, to August 21, 2024, capturing 96 unique process server names and 97 unique license numbers. Each entry details the action taken, the date of the action, and the reason behind it, facilitating analysis of compliance trends and regulatory enforcement in the process serving field.

Key Themes or Topics:
- Process Serving
- Compliance and Regulatory Enforcement
- Professional Licensing
- Legal Profession Standards
- Accountability in Process Serving
- Disciplinary Actions in Legal Professions
- Regulatory Compliance Trends
- License Renewal and Suspension

Applications and Use Cases:
- Facilitates analysis for legal professionals, compliance officers, regulatory bodies, and policymakers.
- Useful for monitoring compliance trends in the process serving industry.
- Enables insights into the effectiveness of regulatory measures and enforcement actions.
- Assists in identifying patterns of non-compliance and areas for improvement in the process serving profession.
- Supports research on the impact of compliance actions on the legal system and public trust.

Concepts and Synonyms:
- Process Server/Process Serving
- Compliance/Adherence
- Regulatory Actions/Enforcement Actions
- License Denial/License Suspension
- Disciplinary Measures/Penalties
- Non-compliance/Violation
- Renewal Denial/Suspension Pending Compliance
- Legal Compliance/Professional Standards

Keywords and Themes:
- Process Server Compliance
- Regulatory Compliance
- Disciplinary Actions
- License Management
- Legal Accountability
- Compliance Trends
- Enforcement Actions
- Professional Ethics in Process Serving

Additional Context:
- Highlights the dataset's relevance to ongoing discussions about accountability and transparency in the legal profession.
- Emphasizes its value for legal scholars, compliance researchers, and regulatory agencies seeking to improve standards in process serving.
- Provides insights into the relationship between compliance actions and the overall integrity of the legal process, contributing to broader discussions on legal reform and professional ethics.","{'process_server_name': {'column_description': 'Name of the Process Server Individual licensee.'}, 'license_number': {'column_description': 'An identification number issued to businesses/individuals to operate legally for the duration of their license term.'}, 'action_taken': {'column_description': 'Type of action taken against process server.'}, 'date': {'column_description': 'The date action against process server went into effect.'}, 'reason': {'column_description': 'Explanation why the action was taken against process server.'}}",277,5,1,0
j46y-iqiq,https://data.cityofnewyork.us/d/j46y-iqiq,"This dataset focuses on mobile financial inclusion, capturing the banking status and financial behaviors of individuals across various demographics. It includes unique identifiers for each survey response, along with key variables such as banking status, age group, and income level. The dataset features responses regarding mobile phone usage, financial product engagement, and perceptions of mobile banking security. It categorizes respondents into three banking statuses: banked, underbanked, and unbanked, providing insights into their financial habits and barriers to accessing banking services. The data can be utilized to analyze trends in mobile banking adoption, understand the challenges faced by different income groups, and inform policies aimed at enhancing financial inclusion for underserved populations. This comprehensive dataset serves as a valuable resource for researchers, policymakers, and financial institutions seeking to improve access to financial services through mobile technology.

Column constraints outlined in Data Dictionary:
bank_status_num: Allowed values are 1, 2, 3; Required
income_group_num: Allowed values are 1, 2, 3, 4, 5, 6; Required
q2: Allowed values are 1, 2; Required
q4: Allowed values are 1, 2; Required; Conditional on q2=1
q12: Allowed values are 1, 2, 3; Required
q24: Allowed values are 1, 2, 3, 4, 5, 6, 7, 8, 9, 10, 11; Required
q25_6: Allowed values are 1, 2; Required
q25_7: Allowed values are 1, 2; Required
q25_8: Allowed values are 1, 2; Required
q25_9: Allowed values are 1, 2; Required
q25_10: Allowed values are 1, 2; Required
q25_11: Allowed values are 1, 2; Required
q27: Allowed values are 1, 2, 3; Required; Conditional on q2=1
q28: Allowed values are 1, 2; Required; Conditional on q27=1
q30: Allowed values are 1, 2, 3, 4, 5; Required
q32: Allowed values are 1, 2, 3, 4, 5, 6, 7, 8, 9, 10, 11; Required; Conditional on q28=1
q34_1: Allowed values are 1, 2; Required
q34_2: Allowed values are 1, 2; Required
q34_3: Allowed values are 1, 2; Required
q34_4: Allowed values are 1, 2; Required
q34_5: Allowed values are 1, 2; Required
q35_1: Allowed values are 1, 2; Required
q35_2: Allowed values are 1, 2; Required
q35_3: Allowed values are 1, 2; Required
q35_4: Allowed values are 1, 2; Required
q35_5: Allowed values are 1, 2; Required
q37_1: Allowed values are 1, 2; Required; Conditional on q28=2
q37_2: Allowed values are 1, 2; Required; Conditional on q28=2
q37_3: Allowed values are 1, 2; Required; Conditional on q28=2
q37_4: Allowed values are 1, 2; Required; Conditional on q28=2
q37_5: Allowed values are 1, 2; Required; Conditional on q28=2
q37_6: Allowed values are 1, 2; Required; Conditional on q28=2
q37_7: Allowed values are 1, 2; Required; Conditional on q28=2
q37_8: Allowed values are 1, 2; Required; Conditional on q28=2
q37_9: Allowed values are 1, 2; Required; Conditional on q28=2
q37_11: Allowed values are 1, 2; Required; Conditional on q28=2
q41: Allowed values are 1, 2; Required; Conditional on q2=1
q45: Allowed values are 1, 2, 3, 4, 5, 6, 7; Required; Conditional on q41=1
q45_text: Required; Conditional on q45=7
q46_1: Allowed values are 1, 2; Required
q46_2: Allowed values are 1, 2; Required
q46_3: Allowed values are 1, 2; Required
q46_4: Allowed values are 1, 2; Required
q46_5: Allowed values are 1, 2; Required
q46_6: Allowed values are 1, 2; Required
q46_7: Allowed values are 1, 2; Required
q46_8: Allowed values are 1, 2; Required
q46_9: Allowed values are 1, 2; Required
q46_10: Allowed values are 1, 2; Required
q46_11: Allowed values are 1, 2; Required
q46_12: Required; Conditional on q46=12
q46_text: Required; Conditional on q46=12
q50: Allowed values are 1, 2; Required
q52: Allowed values are 1, 2, 3, 4; Required
q52a: Required; Conditional on q52=1 OR 2
q52b: Allowed values are 1, 2, 3, 4; Required; Conditional on q52=1 OR 2
q52c: Allowed values are 1, 2; Required; Conditional on q52=3 OR 4
q52_chart: Allowed values are 0, 1; Required
q49_1: Allowed values are 0, 1; Required
q49_2: Allowed values are 0, 1; Required
q49_3: Allowed values are 0, 1; Required
q49_4: Allowed values are 0, 1; Required
q49_5: Allowed values are 0, 1; Required
q49_6: Allowed values are 0, 1; Required
q49_refused: Allowed values are 0, 1; Required
q49a_1: Allowed values are 0, 1; Required; Conditional on q49=6
q49a_2: Allowed values are 0, 1; Required; Conditional on q49=6
q49a_3: Allowed values are 0, 1; Required; Conditional on q49=6
q49a_4: Allowed values are 0, 1; Required; Conditional on q49=6
q49a_5: Allowed values are 0, 1; Required; Conditional on q49=6
q49a_6: Allowed values are 0, 1; Required; Conditional on q49=6
q49a_refused: Allowed values are 0, 1; Required; Conditional on q49=6","This dataset focuses on mobile financial inclusion, providing insights into the banking status of individuals across various age and income groups. It includes key identifiers such as case IDs and banking status indicators, allowing for effective segmentation and analysis. The dataset captures demographic information, including age and income groups, which can be used to understand financial behaviors and access to banking services. With a range of survey questions, it offers valuable measurements related to financial habits and preferences. This dataset is essential for researchers and policymakers aiming to enhance financial inclusion through mobile banking solutions.","**Dataset Overview:**
- This dataset focuses on mobile financial inclusion, capturing the banking status and financial behaviors of individuals across various demographics. It includes unique identifiers for each survey response, along with key variables such as banking status, age group, and income level. The dataset features responses regarding mobile phone usage, financial product engagement, and perceptions of mobile banking security. It categorizes respondents into three banking statuses: banked, underbanked, and unbanked, providing insights into their financial habits and barriers to accessing banking services. The data can be utilized to analyze trends in mobile banking adoption, understand the challenges faced by different income groups, and inform policies aimed at enhancing financial inclusion for underserved populations. This comprehensive dataset serves as a valuable resource for researchers, policymakers, and financial institutions seeking to improve access to financial services through mobile technology.

**Key Themes or Topics:**
- Mobile Financial Inclusion
- Banking Status
- Financial Behaviors
- Demographic Analysis
- Mobile Banking Adoption
- Financial Technology (FinTech)
- Digital Financial Services
- Economic Empowerment
- Access to Banking Services
- Financial Literacy
- Income Disparities
- Security Perceptions in Mobile Banking

**Applications and Use Cases:**
- Analyzing trends in mobile banking usage among different demographic groups
- Informing policy decisions aimed at improving financial inclusion
- Evaluating the impact of mobile technology on financial behaviors
- Understanding barriers to banking access for underbanked and unbanked populations
- Conducting research on financial literacy and its correlation with mobile banking adoption
- Assessing the effectiveness of financial products in reaching underserved communities

**Potential Questions:**
- What is the distribution of banking status (banked, underbanked, unbanked) across different income groups?
- How does mobile phone usage correlate with financial product engagement among various demographics?
- What are the perceptions of mobile banking security among different age groups?
- How have trends in mobile banking adoption changed over the past few years?
- What barriers do underbanked individuals face in accessing mobile financial services?
- How does financial literacy impact the likelihood of using mobile banking services?

**Concepts and Synonyms:**
- Mobile Banking/Digital Banking
- Financial Inclusion/Financial Accessibility
- Underbanked/Unbanked
- Economic Inclusion/Economic Access
- Financial Services/Banking Services
- Mobile Technology/Digital Technology
- Financial Behavior/Financial Practices
- Demographic Segmentation/Population Analysis
- Security Concerns/Trust in Mobile Banking

**Keywords and Themes:**
- Mobile Financial Inclusion
- Banking Status
- Financial Behavior
- Demographics
- Mobile Technology
- Financial Literacy
- Economic Empowerment
- Digital Financial Services
- Access to Banking
- Security in Mobile Banking
- Income Groups
- Survey Data

**Additional Context:**
- This dataset is particularly relevant in addressing the challenges of financial exclusion in developing economies where mobile technology can bridge the gap in access to financial services.
- It provides insights that can be integrated with other datasets related to economic development, technology adoption, and social equity.
- The findings from this dataset can inform targeted interventions by governments and NGOs aimed at enhancing financial literacy and access to banking services for marginalized populations.","Dataset Overview:
- This dataset focuses on mobile financial inclusion, providing insights into the banking status of individuals across various age and income groups. It includes key identifiers such as case IDs and banking status indicators, allowing for effective segmentation and analysis. The dataset captures demographic information, including age and income groups, which can be used to understand financial behaviors and access to banking services. With a range of survey questions, it offers valuable measurements related to financial habits and preferences. This dataset is essential for researchers and policymakers aiming to enhance financial inclusion through mobile banking solutions.

Key Themes or Topics:
- Mobile Financial Inclusion
- Digital Banking
- Financial Access
- Economic Empowerment
- Financial Literacy
- Mobile Payment Systems
- Banking Status Analysis
- Demographic Segmentation
- Income Inequality and Financial Services
- Age-related Financial Behavior
- Survey-based Financial Research

Applications and Use Cases:
- Supports research for financial inclusion initiatives
- Aids policymakers in developing mobile banking regulations
- Assists NGOs in targeting financial literacy programs
- Facilitates analysis of consumer behavior in mobile finance
- Enables financial institutions to tailor services to diverse demographics
- Provides insights for academic research on economic disparities
- Informs strategies for enhancing access to banking services

Concepts and Synonyms:
- Mobile Banking/Cellular Banking
- Financial Inclusion/Financial Accessibility
- Demographic Analysis/Population Segmentation
- Economic Participation/Financial Engagement
- Banking Status/Account Ownership
- Financial Habits/Spending Patterns
- Income Groups/Economic Classes
- Survey Data/Questionnaire Responses
- Digital Financial Services/Fintech Solutions
- Access to Finance/Financial Services Accessibility

Keywords and Themes:
- Mobile Financial Services
- Banking Accessibility
- Financial Behavior Analysis
- Economic Development
- Financial Technology (FinTech)
- Consumer Financial Protection
- Financial Services for the Underserved
- Age Demographics in Finance
- Income Disparities in Banking
- Mobile Payment Adoption

Additional Context:
- Highlights the importance of mobile financial inclusion in reducing poverty and enhancing economic opportunities.
- Emphasizes the role of technology in bridging the gap between underserved populations and financial services.
- Relevant for interdisciplinary studies combining economics, technology, and social sciences to address financial disparities.","{'caseid': {'column_description': 'A unique ID attached to each survey response to preserve anonymity'}, 'banking_status': {'column_description': ""Respondent's banking status""}, 'bank_status_num': {'column_description': 'Banking status numeric identifier', 'term_acronym_or_code_definitions': '1-Banked\n2-Underbanked\n3-Unbanked'}, 'age_group': {'column_description': ""Respondent's age group""}, 'income_group': {'column_description': ""Respondent's income group""}, 'income_group_num': {'column_description': 'Income group numeric identifier corresponding to an income group', 'term_acronym_or_code_definitions': '1: $0 \n2: <$200\n3: $200 - $399\n4: $400 - $599\n5: $600+\n6: NA'}, 'weight': {'column_description': 'Weight assigned to the individual response for the purpose of creating weighted averages and the normalization of other calculations'}, 'q2': {'column_description': 'Do you own or use a mobile phone?', 'term_acronym_or_code_definitions': '1: Yes\n2: No'}, 'q4': {'column_description': 'A smartphone is a mobile phone with features that may enable it to access the web, send emails, and download apps. Is your mobile phone a smartphone?', 'term_acronym_or_code_definitions': '1: Yes\n2: No', 'additional_notes': '[IF Q2=1]'}, 'q12': {'column_description': 'Do you have a monthly contract (postpaid mobile phone) or a prepaid mobile phone?', 'term_acronym_or_code_definitions': '1: A monthly contract/postpaid\n2: Prepaid—monthly\n3: Prepaid—add additional\nminutes/text/data when I need it'}, 'q24': {'column_description': ""Please choose the most important reason why you don't have any accounts:"", 'term_acronym_or_code_definitions': ""1: I wouldn't use an account enough to make it worthwhile\n2: I can't open an account due to ID/documentation problems \n3: I can’t open an account due to credit or banking problems (e.g.,Chexsystems)\n4: I don't like dealing with or don't trust banks\n5: I don’t feel comfortable or welcome in a bank\n6: The account fees and service charges are too high or unpredictable\n7: Banks don’t have convenient hours or locations\n8: Banks don’t offer the products or services I need\n9: I can’t manage or balance an account\n10: I don't have enough money to keep in an account or meet a minimum balance\n11: Other, specify:""}, 'q25_6': {'column_description': 'Have you used each of the following financial products or services in the past 12 months?\n\nCheck cashing services ', 'term_acronym_or_code_definitions': '1: Yes\n2: No'}, 'q25_7': {'column_description': 'Have you used each of the following financial products or services in the past 12 months?\n\nMoney order', 'term_acronym_or_code_definitions': '1: Yes\n2: No'}, 'q25_8': {'column_description': 'Have you used each of the following financial products or services in the past 12 months?\n\nPayday loan (including internet payday loan)', 'term_acronym_or_code_definitions': '1: Yes\n2: No'}, 'q25_9': {'column_description': 'Have you used each of the following financial products or services in the past 12 months?\n\nPawn shop loan (do not include permanent sales to a pawnshop)', 'term_acronym_or_code_definitions': '1: Yes\n2: No'}, 'q25_10': {'column_description': 'Have you used each of the following financial products or services in the past 12 months?\n\nReloadable pre-paid debit card (from a check cashier or other, e.g., RushCard)', 'term_acronym_or_code_definitions': '1: Yes\n2: No'}, 'q25_11': {'column_description': 'Have you used each of the following financial products or services in the past 12 months?\n\nPayroll card provided by employer', 'term_acronym_or_code_definitions': '1: Yes\n2: No'}, 'q27': {'column_description': 'Does your bank or credit union offer mobile banking?', 'term_acronym_or_code_definitions': ""1: Yes\n2: No\n3: Don't know"", 'additional_notes': '[IF Q2=1]'}, 'q28': {'column_description': 'Have you used mobile banking in the past 12 months?', 'term_acronym_or_code_definitions': '1: Yes\n2: No', 'additional_notes': '[IF Q27=1]'}, 'q30': {'column_description': ""How safe do you believe people's personal information is when they use mobile banking?"", 'term_acronym_or_code_definitions': ""1: Very safe\n2: Somewhat safe\n3: Somewhat unsafe\n4: Very unsafe\n5: Don't know""}, 'q32': {'column_description': 'What was the main reason why you started using mobile banking?', 'term_acronym_or_code_definitions': '1: I got a smartphone\n2: I recently opened a bank account\n3: My bank started offering the service\n4: There is no bank branch or ATM near my home or work\n5: I became comfortable with the security of mobile banking\n6: I liked the convenience of mobile banking\n7: To receive fraud alerts or check my account for fraudulent transactions\n8: I overdrew my account or had a transaction denied and wanted to keep on top of balances\n9: I needed to deposit a check\n10: I wanted to monitor a budget\n11: Other, specify:', 'additional_notes': '[IF Q28=1]'}, 'q34_1': {'column_description': 'Would you be more likely to use your mobile phone for banking if:\n\nYou had a friend who was satisfied with their experience using mobile banking features', 'term_acronym_or_code_definitions': '1: Yes\n2: No'}, 'q34_2': {'column_description': 'Would you be more likely to use your mobile phone for banking if:\n\nYou trusted the institution that developed the service', 'term_acronym_or_code_definitions': '1: Yes\n2: No'}, 'q34_3': {'column_description': 'Would you be more likely to use your mobile phone for banking if:\n\nSomeone walked you through the process of using it', 'term_acronym_or_code_definitions': '1: Yes\n2: No'}, 'q34_4': {'column_description': 'Would you be more likely to use your mobile phone for banking if:\n\nThe transaction fees were lowered', 'term_acronym_or_code_definitions': '1: Yes\n2: No'}, 'q34_5': {'column_description': 'Would you be more likely to use your mobile phone for banking if:\n\nA cheaper mobile phone data plan was available', 'term_acronym_or_code_definitions': '1: Yes\n2: No'}, 'q35_1': {'column_description': 'Would you be less likely to use your mobile phone for banking if:\n\nA brick and mortar establishment such as a bank branch were more convenient', 'term_acronym_or_code_definitions': '1: Yes\n2: No'}, 'q35_2': {'column_description': 'Would you be less likely to use your mobile phone for banking if:\n\nThe hours of alternatives (phone, shop) were convenient', 'term_acronym_or_code_definitions': '1: Yes\n2: No'}, 'q35_3': {'column_description': 'Would you be less likely to use your mobile phone for banking if:\n\nCustomer service at a bank branch was reasonable (e.g., friendliness, wait time, etc.)', 'term_acronym_or_code_definitions': '1: Yes\n2: No'}, 'q35_4': {'column_description': 'Would you be less likely to use your mobile phone for banking if:\n\nIf you had heard about security breaches whether related to that product or not', 'term_acronym_or_code_definitions': '1: Yes\n2: No'}, 'q35_5': {'column_description': 'Would you be less likely to use your mobile phone for banking if:\n\nHigher transaction fees', 'term_acronym_or_code_definitions': '1: Yes\n2: No'}, 'q37_1': {'column_description': 'Some of the reasons why people might not use mobile banking are listed below. For each, please indicate whether this is a reason why you don’t use mobile banking.\n\nMy banking needs are being met without mobile banking ', 'term_acronym_or_code_definitions': '1: Yes\n2: No', 'additional_notes': '[IF Q28=2]'}, 'q37_2': {'column_description': ""Some of the reasons why people might not use mobile banking are listed below. For each, please indicate whether this is a reason why you don’t use mobile banking.\n\nI don't see any reason to use mobile banking"", 'term_acronym_or_code_definitions': '1: Yes\n2: No', 'additional_notes': '[IF Q28=2]'}, 'q37_3': {'column_description': 'Some of the reasons why people might not use mobile banking are listed below. For each, please indicate whether this is a reason why you don’t use mobile banking.\n\nThe mobile phone screen is too small or it is too hard to type on the phone', 'term_acronym_or_code_definitions': '1: Yes\n2: No', 'additional_notes': '[IF Q28=2]'}, 'q37_4': {'column_description': ""Some of the reasons why people might not use mobile banking are listed below. For each, please indicate whether this is a reason why you don’t use mobile banking.\n\nI don't have a smartphone or data plan for my phone"", 'term_acronym_or_code_definitions': '1: Yes\n2: No', 'additional_notes': '[IF Q28=2]'}, 'q37_5': {'column_description': 'Some of the reasons why people might not use mobile banking are listed below. For each, please indicate whether this is a reason why you don’t use mobile banking.\n\nMy bank charges a fee for using mobile banking ', 'term_acronym_or_code_definitions': '1: Yes\n2: No', 'additional_notes': '[IF Q28=2]'}, 'q37_6': {'column_description': ""Some of the reasons why people might not use mobile banking are listed below. For each, please indicate whether this is a reason why you don’t use mobile banking.\n\nI don't do the banking in my household "", 'term_acronym_or_code_definitions': '1: Yes\n2: No', 'additional_notes': '[IF Q28=2]'}, 'q37_7': {'column_description': 'Some of the reasons why people might not use mobile banking are listed below. For each, please indicate whether this is a reason why you don’t use mobile banking.\n\nI don’t trust that my information is safe', 'term_acronym_or_code_definitions': '1: Yes\n2: No', 'additional_notes': '[IF Q28=2]'}, 'q37_8': {'column_description': ""Some of the reasons why people might not use mobile banking are listed below. For each, please indicate whether this is a reason why you don’t use mobile banking.\n\nI don't have a bank account "", 'term_acronym_or_code_definitions': '1: Yes\n2: No', 'additional_notes': '[IF Q28=2]'}, 'q37_9': {'column_description': ""Some of the reasons why people might not use mobile banking are listed below. For each, please indicate whether this is a reason why you don’t use mobile banking.\n\nIt's too difficult to use mobile banking "", 'term_acronym_or_code_definitions': '1: Yes\n2: No', 'additional_notes': '[IF Q28=2]'}, 'q37_11': {'column_description': 'Some of the reasons why people might not use mobile banking are listed below. For each, please indicate whether this is a reason why you don’t use mobile banking.\n\nI don’t trust that my money is secure', 'term_acronym_or_code_definitions': '1: Yes\n2: No', 'additional_notes': '[IF Q28=2]'}, 'q37_12': {'column_description': 'Some of the reasons why people might not use mobile banking are listed below. For each, please indicate whether this is a reason why you don’t use mobile banking.\n\nOther, specify:', 'additional_notes': '[IF Q28=2]'}, 'q41': {'column_description': 'Have you made a mobile payment in the past 12 months?', 'term_acronym_or_code_definitions': '1: Yes\n2: No', 'additional_notes': '[IF Q2=1]'}, 'q45': {'column_description': 'What was the main reason why you started using mobile payments when you did?', 'term_acronym_or_code_definitions': '1: I got a smartphone\n2: The ability to make mobile payments became available \n3: I became comfortable with the security of mobile payments\n4: I liked the convenience of mobile payments\n5: My friends and family were using these services\n6: Saw advertisements (e.g., TV, radio, billboards, bus ads, subway ads)\n7: Other, specify:', 'additional_notes': '[IF Q41=1]'}, 'q45_text': {'column_description': 'Text response to Q45\n', 'additional_notes': '[IF Q45=7]'}, 'q46_1': {'column_description': 'Please tell us if reasons listed below are why you do not use mobile payments.\n\nMy banking needs are being met without mobile banking', 'term_acronym_or_code_definitions': '1: Yes\n2: No'}, 'q46_2': {'column_description': ""Please tell us if reasons listed below are why you do not use mobile payments.\n\nI don't see any reason to use mobile banking "", 'term_acronym_or_code_definitions': '1: Yes\n2: No'}, 'q46_3': {'column_description': 'Please tell us if reasons listed below are why you do not use mobile payments.\n\nThe mobile phone screen is too small or it is too hard to type on the phone', 'term_acronym_or_code_definitions': '1: Yes\n2: No'}, 'q46_4': {'column_description': ""Please tell us if reasons listed below are why you do not use mobile payments.\n\nI don't have a smartphone or data plan for my phone"", 'term_acronym_or_code_definitions': '1: Yes\n2: No'}, 'q46_5': {'column_description': 'Please tell us if reasons listed below are why you do not use mobile payments.\n\nMy bank charges a fee for using mobile banking', 'term_acronym_or_code_definitions': '1: Yes\n2: No'}, 'q46_6': {'column_description': ""Please tell us if reasons listed below are why you do not use mobile payments.\n\nI don't do the banking in my household"", 'term_acronym_or_code_definitions': '1: Yes\n2: No'}, 'q46_7': {'column_description': ""Please tell us if reasons listed below are why you do not use mobile payments.\n\nI don't trust the technology"", 'term_acronym_or_code_definitions': '1: Yes\n2: No'}, 'q46_8': {'column_description': ""Please tell us if reasons listed below are why you do not use mobile payments.\n\nI don't have a bank account"", 'term_acronym_or_code_definitions': '1: Yes\n2: No'}, 'q46_9': {'column_description': ""Please tell us if reasons listed below are why you do not use mobile payments.\n\nIt's too difficult to use mobile banking"", 'term_acronym_or_code_definitions': '1: Yes\n2: No'}, 'q46_10': {'column_description': 'Please tell us if reasons listed below are why you do not use mobile payments.\n\nIt is hard or inconvenient to remember my user name or password', 'term_acronym_or_code_definitions': '1: Yes\n2: No'}, 'q46_11': {'column_description': ""Please tell us if reasons listed below are why you do not use mobile payments.\n\nI'm concerned about the security of mobile banking"", 'term_acronym_or_code_definitions': '1: Yes\n2: No'}, 'q46_12': {'column_description': 'Please tell us if reasons listed below are why you do not use mobile payments.\n\nOther, specify:', 'term_acronym_or_code_definitions': '1: Yes\n2: No'}, 'q46_text': {'column_description': 'Text response to Q46', 'additional_notes': '[IF Q46=12]'}, 'q50': {'column_description': 'Do you use your mobile phone to track purchases or other expenses (e.g., a mobile app, a website, a spreadsheet, a mobile notepad)?', 'term_acronym_or_code_definitions': '1: Yes\n2: No'}, 'q52': {'column_description': 'Do you currently use your mobile phone to manage other financial behaviors, such as tracking or building savings, bill due dates, or progress in paying down debt?', 'term_acronym_or_code_definitions': '1: Yes, through an app not related to my bank\n2: Yes, through an app provided by my bank\n3: No, because I don’t need it\n4: No, because I haven’t found the right one'}, 'q52a': {'column_description': 'What is the name of the app?', 'additional_notes': '[IF Q52=1 OR 2]'}, 'q52b': {'column_description': 'How frequently do you use it?', 'term_acronym_or_code_definitions': '1: Several times a day\n2: Several times a week\n3: Several times a month\n4: Hardly ever or never', 'additional_notes': '[IF Q52=1 OR 2]'}, 'q52c': {'column_description': 'Would you be interested in using an app to manage your financial behaviors?', 'term_acronym_or_code_definitions': '1: Yes, that is something that interests me\n2: No, I’m not interested in using my phone to manage other financial behaviors', 'additional_notes': '[IF Q52=3 OR 4]'}, 'q52_chart': {'column_description': 'Chart indicator', 'term_acronym_or_code_definitions': '0: Unchecked\n1: Checked'}, 'q49_1': {'column_description': 'Do you use your mobile phone for any of the following purposes?\n\nTrack and manage your finances', 'term_acronym_or_code_definitions': '0: Unchecked\n1: Checked'}, 'q49_2': {'column_description': 'Do you use your mobile phone for any of the following purposes?\n\nOrganize, track, and store gift cards, memberships, loyalty, and reward points', 'term_acronym_or_code_definitions': '0: Unchecked\n1: Checked'}, 'q49_3': {'column_description': 'Do you use your mobile phone for any of the following purposes?\n\nCompare prices when shopping', 'term_acronym_or_code_definitions': '0: Unchecked\n1: Checked'}, 'q49_4': {'column_description': 'Do you use your mobile phone for any of the following purposes?\n\nReceive and manage discount offers\nand coupons', 'term_acronym_or_code_definitions': '0: Unchecked\n1: Checked'}, 'q49_5': {'column_description': 'Do you use your mobile phone for any of the following purposes?\n\nReceive offers and promotions based\non your location', 'term_acronym_or_code_definitions': '0: Unchecked\n1: Checked'}, 'q49_6': {'column_description': 'Do you use your mobile phone for any of the following purposes?\n\nNone of the above', 'term_acronym_or_code_definitions': '0: Unchecked\n1: Checked'}, 'q49_refused': {'column_description': 'Refusal to answer question #49 indicator', 'term_acronym_or_code_definitions': '0: Unchecked\n1: Checked'}, 'q49a_1': {'column_description': 'Would you like to use your mobile phone for any of the following purposes?\n\nTrack and manage your finances', 'term_acronym_or_code_definitions': '0: Unchecked\n1: Checked', 'additional_notes': '[IF Q49=6]'}, 'q49a_2': {'column_description': 'Would you like to use your mobile phone for any of the following purposes?\n\nOrganize, track, and store gift cards,\nmemberships, loyalty, and reward\npoints', 'term_acronym_or_code_definitions': '0: Unchecked\n1: Checked', 'additional_notes': '[IF Q49=6]'}, 'q49a_3': {'column_description': 'Would you like to use your mobile phone for any of the following purposes?\n\nCompare prices when shopping', 'term_acronym_or_code_definitions': '0: Unchecked\n1: Checked', 'additional_notes': '[IF Q49=6]'}, 'q49a_4': {'column_description': 'Would you like to use your mobile phone for any of the following purposes?\n\nReceive and manage discount offers\nand coupons', 'term_acronym_or_code_definitions': '0: Unchecked\n1: Checked', 'additional_notes': '[IF Q49=6]'}, 'q49a_5': {'column_description': 'Would you like to use your mobile phone for any of the following purposes?\n\nReceive offers and promotions based\non your location', 'term_acronym_or_code_definitions': '0: Unchecked\n1: Checked', 'additional_notes': '[IF Q49=6]'}, 'q49a_6': {'column_description': 'Would you like to use your mobile phone for any of the following purposes?\n\nNone of the above', 'term_acronym_or_code_definitions': '0: Unchecked\n1: Checked', 'additional_notes': '[IF Q49=6]'}, 'q49a_refused': {'column_description': 'Refusal to answer question #49a indicator', 'term_acronym_or_code_definitions': '0: Unchecked\n1: Checked', 'additional_notes': '[IF Q49=6]'}}",881,79,1,0
feuq-due4,https://data.cityofnewyork.us/d/feuq-due4,"This dataset provides detailed information on library locations across New York City, including geographic coordinates, names, street addresses, and unique identifiers for each library. It contains 216 unique entries, with data covering various attributes such as city, street name, house number, and zip code, allowing for comprehensive geolocation analysis. The dataset includes spatial data represented as points, which can be utilized for mapping and navigation purposes. Each library is linked to a specific URL for further interaction, enhancing user engagement. The dataset also features unique identifiers like bin and bbl, which serve as essential references for library locations. With a focus on library services, this dataset can be used by researchers, urban planners, and community organizations to analyze library accessibility, plan outreach programs, and improve public services in the city. Overall, it serves as a valuable resource for understanding and enhancing library access in New York City.","This dataset provides detailed information about library locations across various boroughs, including geographic coordinates, names, street addresses, and zip codes. It features 100 unique entries, each representing a specific library, with associated URLs for further exploration. The dataset includes spatial data that allows users to visualize library locations on a map, making it useful for planning visits or analyzing accessibility. Additionally, the dataset can support research on library distribution and community resources. With a variety of unique identifiers and location details, it serves as a valuable resource for both residents and researchers interested in library services.","Dataset Overview:
- This dataset provides detailed information on library locations across New York City, including geographic coordinates, names, street addresses, and unique identifiers for each library. It contains 216 unique entries, with data covering various attributes such as city, street name, house number, and zip code, allowing for comprehensive geolocation analysis. The dataset includes spatial data represented as points, which can be utilized for mapping and navigation purposes. Each library is linked to a specific URL for further interaction, enhancing user engagement. The dataset also features unique identifiers like bin and bbl, which serve as essential references for library locations. With a focus on library services, this dataset can be used by researchers, urban planners, and community organizations to analyze library accessibility, plan outreach programs, and improve public services in the city. Overall, it serves as a valuable resource for understanding and enhancing library access in New York City.

Key Themes or Topics:
- Library services
- Geographic information systems (GIS)
- Urban planning
- Community development
- Public services
- Accessibility analysis
- Spatial analysis
- Urban geography
- Information science

Applications and Use Cases:
- Analyzing library accessibility for underserved communities
- Planning outreach programs for library services
- Mapping library locations for navigation and public awareness
- Evaluating the distribution of libraries in relation to population density
- Supporting urban planning initiatives related to public resources
- Enhancing community engagement through library services
- Conducting research on library usage patterns and trends

Potential Questions:
- What is the distribution of library locations across different neighborhoods in New York City?
- How does library accessibility vary by zip code in New York City?
- What are the geographic coordinates of each library, and how do they relate to public transportation routes?
- How many libraries are located within a specific radius of a given point in the city?
- What unique identifiers (bin and bbl) are associated with each library, and how can they be used for further research?

Concepts and Synonyms:
- Library locations/library sites
- Geographic coordinates/latitude and longitude
- Street addresses/street names
- Unique identifiers/identification numbers
- Public libraries/community libraries
- Urban accessibility/urban resource distribution
- Spatial data/geospatial information
- Mapping/navigation tools

Keywords and Themes:
- Library access
- New York City libraries
- Public library system
- Community resources
- Urban infrastructure
- Geolocation data
- Library outreach
- Spatial distribution

Additional Context:
- This dataset is relevant for addressing challenges related to equitable access to library services in urban environments. It can be integrated with demographic data to analyze the relationship between library locations and community needs. The dataset also supports interdisciplinary research that combines urban studies, information science, and public policy, making it a valuable resource for various stakeholders, including city planners, researchers, and community organizations.","Dataset Overview:
- This dataset provides detailed information about library locations across various boroughs, including geographic coordinates, names, street addresses, and zip codes. It features 100 unique entries, each representing a specific library, with associated URLs for further exploration. The dataset includes spatial data that allows users to visualize library locations on a map, making it useful for planning visits or analyzing accessibility. Additionally, the dataset can support research on library distribution and community resources. With a variety of unique identifiers and location details, it serves as a valuable resource for both residents and researchers interested in library services.

Key Themes or Topics:
- Library services
- Geographic information systems (GIS)
- Urban planning
- Community resources
- Accessibility analysis
- Public services
- Educational resources
- Cultural institutions
- Local government services

Applications and Use Cases:
- Facilitates analysis for urban planners and local government officials in assessing library accessibility.
- Useful for researchers studying the distribution of public resources in urban areas.
- Supports community engagement initiatives by identifying library locations for outreach programs.
- Aids in the development of educational programs and services based on library accessibility.
- Enables statistical modeling of library usage patterns and demographic studies.

Concepts and Synonyms:
- Library locations/library sites
- Geographic coordinates/latitude and longitude
- Street addresses/physical addresses
- Zip codes/postal codes
- Spatial data/geospatial data
- Community libraries/public libraries
- Library distribution/library accessibility
- Resource mapping/location mapping
- Urban libraries/city libraries

Keywords and Themes:
- library dataset
- library locations
- geographic data
- community resources
- public libraries
- urban planning
- accessibility analysis
- spatial visualization
- library services

Additional Context:
- Highlights the dataset's relevance to addressing challenges in public service accessibility and resource allocation.
- Emphasizes its value for interdisciplinary applications, including urban studies, sociology, and education.
- Supports integration with other datasets related to demographics, urban infrastructure, and community services for comprehensive analysis.",,216,13,0,0
exsg-kpya,https://data.cityofnewyork.us/d/exsg-kpya,"This dataset contains information on denied business licenses related to Trade Waste and Public Wholesale Markets, specifically from the Business Integrity Commission. It includes 289 unique entries, detailing the account names, trade names, application types, and statuses of applicants, all of whom have faced denial or revocation. The dataset spans various locations across New York, with data points including street addresses, cities, states, and postal codes, as well as geographic coordinates (latitude and longitude). The application status dates range from 1997 to 2025, providing a temporal context for the data. This dataset can be utilized for research on business compliance, understanding trends in license denials, and analyzing the impact of regulatory decisions on specific industries. It serves as a valuable resource for policymakers, researchers, and businesses seeking insights into the licensing landscape and the factors influencing application outcomes.

Column constraints outlined in Data Dictionary:
bic_number: required; format: alphanumeric with a prefix followed by a hyphen and numeric characters  
account_name: required; format: plain text  
application_type: required; allowed values: CL1, CL2 - Exempt, License, Public Wholesale Market, CL2 - Broker, Wholesale Seafood Delivery  
application_industry: required; allowed values: Markets, Trade Waste  
application_status: required; allowed values: Denied, Revocation  
renewal_application: required; allowed values: TRUE, FALSE  
export_date: required; format: date & time  
application_status_date: format: date & time","This dataset contains information on denied business licenses, specifically focusing on trade waste applications. It includes key details such as the business identifier (bic_number), account and trade names, application types, and statuses, along with their respective dates. The dataset spans a temporal range from December 1997 to February 2026, providing insights into the application process over time. Geographically, it covers various locations across New York, with data on street addresses, cities, boroughs, and coordinates. This dataset can be utilized for analyzing trends in business license denials, understanding regulatory impacts, and identifying patterns in trade waste applications across different neighborhoods.","Dataset Overview:
- This dataset contains information on denied business licenses related to Trade Waste and Public Wholesale Markets, specifically from the Business Integrity Commission. It includes 289 unique entries, detailing the account names, trade names, application types, and statuses of applicants, all of whom have faced denial or revocation. The dataset spans various locations across New York, with data points including street addresses, cities, states, and postal codes, as well as geographic coordinates (latitude and longitude). The application status dates range from 1997 to 2025, providing a temporal context for the data. This dataset can be utilized for research on business compliance, understanding trends in license denials, and analyzing the impact of regulatory decisions on specific industries. It serves as a valuable resource for policymakers, researchers, and businesses seeking insights into the licensing landscape and the factors influencing application outcomes.

Key Themes or Topics:
- Business Licensing
- Regulatory Compliance
- Trade Waste Management
- Public Wholesale Markets
- Business Integrity and Ethics
- Urban Regulation and Policy
- Economic Impact of Licensing Decisions
- Industry-Specific Licensing Trends

Applications and Use Cases:
- Analyzing trends in business license denials for Trade Waste and Public Wholesale Markets.
- Informing policymakers about the impact of licensing regulations on businesses.
- Conducting research on compliance issues within specific industries.
- Evaluating the effectiveness of the Business Integrity Commission's regulatory framework.
- Identifying geographic patterns in license denials across New York.

Potential Questions:
- What is the distribution of denied business licenses by application type?
- How do denial rates differ between Trade Waste and Public Wholesale Markets?
- What trends can be observed in application status dates from 1997 to 2025?
- How does the renewal application status correlate with the application status?
- What geographic areas in New York have the highest rates of license denials?

Concepts and Synonyms:
- Business License Denial / License Refusal
- Regulatory Compliance / Adherence to Regulations
- Trade Waste / Waste Management
- Public Wholesale Market / Wholesale Trade
- Application Status / License Outcome
- Revocation / License Cancellation
- Geographic Coordinates / Location Data
- Business Integrity Commission / Regulatory Authority

Keywords and Themes:
- Denied Licenses
- Business Compliance
- Trade Waste Regulations
- Public Market Licensing
- Application Types
- License Revocation
- Geographic Analysis
- Temporal Trends in Licensing

Additional Context:
- This dataset is crucial for understanding the regulatory landscape affecting businesses in New York, particularly in the Trade Waste and Public Wholesale Market sectors.
- It provides insights into the challenges faced by businesses in obtaining licenses and the implications of regulatory decisions on industry practices.
- The dataset can be integrated with other datasets related to business performance, economic indicators, and urban development to provide a comprehensive view of the business environment in New York.","Dataset Overview:
- This dataset contains information on denied business licenses, specifically focusing on trade waste applications. It includes key details such as the business identifier (bic_number), account and trade names, application types, and statuses, along with their respective dates. The dataset spans a temporal range from December 1997 to February 2026, providing insights into the application process over time. Geographically, it covers various locations across New York, with data on street addresses, cities, boroughs, and coordinates. This dataset can be utilized for analyzing trends in business license denials, understanding regulatory impacts, and identifying patterns in trade waste applications across different neighborhoods.

Key Themes or Topics:
- Business regulation
- Trade waste management
- Urban licensing processes
- Environmental compliance
- Public health and safety
- Economic development
- Local government policies
- Business operations and entrepreneurship
- Regulatory enforcement

Applications and Use Cases:
- Analyzing trends in business license denials for regulatory compliance
- Informing policymakers on the impact of trade waste regulations
- Supporting urban planners in assessing business viability in neighborhoods
- Assisting researchers in studying the relationship between business licenses and environmental factors
- Evaluating the effectiveness of local government policies on business operations
- Identifying patterns in denied applications to improve future licensing processes

Concepts and Synonyms:
- Denied business licenses/failed business applications
- Trade waste applications/trade waste permits
- Business identifier/business ID
- Application status/application outcome
- Regulatory impacts/compliance issues
- Licensing trends/business permit trends
- Geographic information/location data
- Urban neighborhoods/communities
- Business operations/enterprise activities

Keywords and Themes:
- denied licenses
- trade waste
- business applications
- regulatory compliance
- New York business data
- application trends
- environmental regulations
- urban planning
- business identification
- licensing data

Additional Context:
- The dataset is relevant for addressing challenges related to business compliance with environmental regulations and public health standards.
- It provides valuable insights for interdisciplinary applications, including urban studies, environmental science, and public policy.
- The temporal range allows for longitudinal studies on the evolution of business licensing practices and their socio-economic impacts over time.","{'bic_number': {'order': 2, 'longform_name': 'Business Integrity Commission', 'description': ""Denied applicant's BIC File Number"", 'geocoded': False, 'required': True, 'data_type': 'Plain Text', 'number_longer_in_use': False}, 'account_name': {'order': 3, 'description': 'Name of denied Trade Waste or Market applicant', 'geocoded': False, 'required': True, 'data_type': 'Plain Text', 'number_longer_in_use': False}, 'trade_name': {'order': 4, 'description': 'Doing Business As of Entity', 'geocoded': False, 'required': False, 'data_type': 'Plain Text', 'number_longer_in_use': False}, 'application_type': {'order': 5, 'description': 'Class of Trade Waste or Wholesale market Application', 'geocoded': False, 'required': True, 'data_type': 'Plain Text', 'expected_per_allowed_values': 'CL1, CL2 - Exempt, License, Public Wholesale Market, CL2 - Broker, Wholesale Seafood Delivery', 'number_longer_in_use': False}, 'application_industry': {'order': 6, 'description': 'Industry an applicant wishes to operate a business within', 'geocoded': False, 'required': True, 'data_type': 'Plain Text', 'expected_per_allowed_values': 'Markets, Trade Waste', 'number_longer_in_use': False}, 'application_status': {'order': 7, 'description': 'The most recent application status of the applicant. There are only two statuses ""Denied"" or ""Revocation"" in this dataset', 'geocoded': False, 'required': True, 'data_type': 'Plain Text', 'expected_per_allowed_values': 'Denied, Revocation', 'number_longer_in_use': False}, 'application_status_date': {'order': 8, 'description': 'Date when the most recent application status changed', 'geocoded': False, 'required': False, 'data_type': 'Date & Time', 'number_longer_in_use': False}, 'street': {'order': 9, 'description': 'Mailing street address of applicant', 'geocoded': False, 'required': False, 'data_type': 'Plain Text', 'number_longer_in_use': False}, 'city': {'order': 10, 'description': 'Mailing city of applicant', 'geocoded': False, 'required': False, 'data_type': 'Plain Text', 'number_longer_in_use': False}, 'state': {'order': 11, 'description': 'Mailing state of applicant', 'geocoded': False, 'required': False, 'data_type': 'Plain Text', 'number_longer_in_use': False}, 'renewal_application': {'order': 13, 'description': 'Indicates whether the most recent application submitted was a renewal application', 'geocoded': False, 'required': True, 'data_type': 'Plain Text', 'expected_per_allowed_values': 'TRUE, FALSE', 'number_longer_in_use': False}, 'export_date': {'order': 14, 'description': 'Date data is exported from Business Integrity Commission', 'geocoded': False, 'required': True, 'data_type': 'Date & Time', 'number_longer_in_use': False}, 'latitude': {'order': 15, 'description': 'Latitude of mailing address', 'geocoded': False, 'required': False, 'data_type': 'Plain Text', 'number_longer_in_use': False}, 'longitude': {'order': 16, 'description': 'Longitude of mailing address', 'geocoded': False, 'required': False, 'data_type': 'Plain Text', 'number_longer_in_use': False}, 'community_board': {'order': 17, 'description': 'Community board based on  mailing address', 'geocoded': False, 'required': False, 'data_type': 'Plain Text', 'number_longer_in_use': False}, 'council_district': {'order': 18, 'description': 'Council district based on mailing address', 'geocoded': False, 'required': False, 'data_type': 'Plain Text', 'number_longer_in_use': False}, 'census_tract': {'order': 19, 'description': 'Census tract based on mailing address', 'geocoded': False, 'required': False, 'data_type': 'Plain Text', 'number_longer_in_use': False}, 'bin': {'order': 20, 'longform_name': 'Building Identification Number', 'description': 'BIN of mailing address', 'geocoded': False, 'required': False, 'data_type': 'Plain Text', 'number_longer_in_use': False}, 'bbl': {'order': 21, 'longform_name': 'Borough Block & Lot', 'description': 'BBL of mailing address', 'geocoded': False, 'required': False, 'data_type': 'Plain Text', 'number_longer_in_use': False}, 'nta': {'order': 22, 'longform_name': 'Neighborhood Tabulation Areas', 'description': 'NTA of mailing address', 'geocoded': False, 'required': False, 'data_type': 'Plain Text', 'number_longer_in_use': False}}",289,22,1,0
p2d7-vcsb,https://data.cityofnewyork.us/d/p2d7-vcsb,"This dataset contains detailed records of complaints and inquiries related to waste hauling, specifically focusing on trade waste. It includes 18,901 unique complaint inquiry numbers, with data spanning from November 20, 2013, to March 3, 2026. Each entry provides information such as the account name, license type, nature of the complaint, and the status of the inquiry, allowing for comprehensive tracking and analysis of waste management issues. The dataset features various attributes, including the geographic location of complaints, response times, and the methods used to contact complainants. It can be utilized by city officials, researchers, and waste management companies to identify trends, assess service quality, and improve waste management practices. Additionally, the dataset's semantic profile highlights the categorization of complaints, enabling users to analyze specific issues such as illegal dumping, noise complaints, and service-related inquiries effectively.

Column constraints outlined in Data Dictionary:
complaint_inquiry_number: required; unique identifier  
license_type: allowed values: Trade Waste, License, Trade Waste;Transfer Station, Transfer Station, [blank]  
industry_type: required; allowed values: Trade Waste  
complaint_inquiry_status: allowed values: Closed, Open, Unassigned, Violation, [blank]  
complaint_or_inquiry: required; allowed values: Complaint, Inquiry  
contacted_complainant: required; allowed values: TRUE, FALSE  
unable_to_contact_complainant: required; allowed values: TRUE, FALSE  
method_used_to_contact: allowed values: In Person, Phone Call, E-Mail, Letter, [blank]  
export_date: required; format: Date & Time  
total_response_time: number; non-negative  
account_phone: format: Number  
vehicle_year: format: Plain Text; valid year range: 1886 to current year  
latitude: format: Plain Text; valid range: -90 to 90  
longitide: format: Plain Text; valid range: -180 to 180","This dataset contains information on waste hauling complaints, including details such as complaint inquiry numbers, license types, account names, and the nature of the complaints. It spans a temporal coverage from October 21, 2013, to April 6, 2026, providing insights into various complaint types related to trade waste. The dataset includes unique identifiers for organizations and locations, as well as response times and complaint dispositions. It can be utilized for analyzing trends in waste management issues, assessing the effectiveness of complaint resolutions, and improving service delivery in the waste hauling industry.","Dataset Overview:
- This dataset contains detailed records of complaints and inquiries related to waste hauling, specifically focusing on trade waste. It includes 18,901 unique complaint inquiry numbers, with data spanning from November 20, 2013, to March 3, 2026. Each entry provides information such as the account name, license type, nature of the complaint, and the status of the inquiry, allowing for comprehensive tracking and analysis of waste management issues. The dataset features various attributes, including the geographic location of complaints, response times, and the methods used to contact complainants. It can be utilized by city officials, researchers, and waste management companies to identify trends, assess service quality, and improve waste management practices. Additionally, the dataset's semantic profile highlights the categorization of complaints, enabling users to analyze specific issues such as illegal dumping, noise complaints, and service-related inquiries effectively.

Key Themes or Topics:
- Waste Management
- Environmental Health
- Urban Infrastructure
- Public Service Quality
- Regulatory Compliance
- Community Engagement
- Trade Waste Management
- Complaint Resolution Processes
- Service Delivery in Waste Management

Applications and Use Cases:
- Analysis of waste management service quality for city officials and policymakers.
- Identification of trends in waste hauling complaints for researchers and environmental analysts.
- Assessment of response times and effectiveness of waste management practices for waste management companies.
- Evaluation of community concerns related to waste disposal and hauling services.
- Development of strategies to improve waste management services based on complaint data.

Potential Questions:
- What is the distribution of complaint types (Complaint vs. Inquiry) in the dataset?
- How does the response time vary across different license types (Trade Waste, Transfer Station)?
- What trends can be observed in the nature of complaints over the years from 2013 to 2026?
- How many complaints were resolved (Closed) versus those that remain open or unassigned?
- What geographic areas have the highest frequency of waste hauling complaints?

Concepts and Synonyms:
- Waste Disposal/Waste Management
- Complaints/Inquiries
- Trade Waste/Commercial Waste
- Service Quality/Customer Satisfaction
- Illegal Dumping/Environmental Violations
- Noise Complaints/Service-Related Issues
- Complaint Tracking/Inquiry Management
- Response Time/Service Response

Keywords and Themes:
- Waste Hauling
- Trade Waste Complaints
- Environmental Complaints
- Urban Waste Management
- Complaint Resolution
- Service Quality Assessment
- Geographic Analysis of Complaints
- Waste Management Trends

Additional Context:
- The dataset is relevant for addressing challenges in urban waste management and improving public service delivery.
- It provides insights into community concerns regarding waste disposal, which can inform policy and regulatory frameworks.
- The dataset can be integrated with other urban planning datasets to enhance understanding of waste management's impact on public health and environmental sustainability.","Dataset Overview:
- This dataset contains information on waste hauling complaints, including details such as complaint inquiry numbers, license types, account names, and the nature of the complaints. It spans a temporal coverage from October 21, 2013, to April 6, 2026, providing insights into various complaint types related to trade waste. The dataset includes unique identifiers for organizations and locations, as well as response times and complaint dispositions. It can be utilized for analyzing trends in waste management issues, assessing the effectiveness of complaint resolutions, and improving service delivery in the waste hauling industry.

Key Themes or Topics:
- Waste Management
- Environmental Health
- Urban Infrastructure
- Public Services
- Trade Waste Regulation
- Customer Service in Waste Management
- Complaint Resolution Processes
- Waste Collection and Disposal
- Municipal Services

Applications and Use Cases:
- Analyzing trends in waste hauling complaints for municipal planning
- Evaluating the effectiveness of waste management policies and regulations
- Assessing customer satisfaction and service delivery in waste hauling
- Identifying common issues and areas for improvement in waste collection services
- Supporting research on environmental impacts of waste management practices
- Informing stakeholders about service performance and complaint handling

Concepts and Synonyms:
- Waste hauling/garbage collection
- Complaints/grievances
- Trade waste/commercial waste
- Complaint inquiry number/reference number
- License types/permit types
- Response times/turnaround times
- Complaint dispositions/resolution outcomes
- Service delivery/customer service
- Waste management issues/waste disposal problems

Keywords and Themes:
- waste hauling complaints
- trade waste complaints
- waste management trends
- complaint resolution effectiveness
- municipal waste services
- environmental complaints
- service delivery in waste management
- waste collection issues
- customer feedback in waste services

Additional Context:
- The dataset is relevant for addressing challenges in urban waste management and improving public service delivery.
- It provides valuable insights for policymakers and waste management professionals to enhance operational efficiency and customer satisfaction.
- The dataset can be integrated with other environmental datasets to analyze broader impacts of waste management practices on community health and sustainability.","{'complaint_inquiry_number': {'order': 2, 'description': 'Complaint/inquiry ID number generated by Business Integrity Commission', 'geocoded': False, 'required': True, 'data_type': 'Plain Text', 'number_longer_in_use': False}, 'license_type': {'order': 3, 'description': 'Industry type of entity complaint/inquiry related to; blank if unknown\n', 'geocoded': False, 'required': False, 'data_type': 'Plain Text', 'expected_per_allowed_values': 'Trade Waste,  License, Trade Waste;Transfer Station, Transfer Station, [blank]', 'number_longer_in_use': False}, 'account_name': {'order': 4, 'description': 'Name of trade waste license or registrant company complaint/inquiry related to', 'geocoded': False, 'required': False, 'data_type': 'Plain Text', 'number_longer_in_use': False}, 'bic_number': {'order': 5, 'description': ""Trade waste license or registrant applicant's BIC File Number complaint/inquiry related to"", 'geocoded': False, 'required': False, 'data_type': 'Plain Text', 'number_longer_in_use': False}, 'date_complaint_inquiry': {'order': 6, 'description': 'Date complaint/inquiry was received', 'geocoded': False, 'required': False, 'data_type': 'Plain Text', 'number_longer_in_use': False}, 'industry_type': {'order': 7, 'description': 'Industry type trade waste license or registrant company related to complaint/inquiry operates in', 'geocoded': False, 'required': True, 'data_type': 'Plain Text', 'expected_per_allowed_values': 'Trade Waste', 'number_longer_in_use': False}, 'account_status': {'order': 8, 'description': 'Application status of the entity complaint/inquiry related to at the time when complaint/inquiry was received', 'geocoded': False, 'required': False, 'data_type': 'Plain Text', 'number_longer_in_use': False}, 'source_of_complaint_inquiry': {'order': 9, 'description': 'How BIC received complaint/inquiry', 'geocoded': False, 'required': False, 'data_type': 'Plain Text', 'number_longer_in_use': False}, 'complaint_inquiry_disposition': {'order': 10, 'description': 'Final determination of complaint/inquiry', 'geocoded': False, 'required': False, 'data_type': 'Plain Text', 'number_longer_in_use': False}, 'complaint_inquiry_status': {'order': 11, 'description': 'Current stage of complaint/inquiry', 'geocoded': False, 'required': False, 'data_type': 'Plain Text', 'expected_per_allowed_values': 'Closed, Open, Unassigned, Violation,  [blank]', 'number_longer_in_use': False}, 'total_response_time': {'order': 12, 'description': 'Number of days it took to resolve complaint/inquiry', 'geocoded': False, 'required': False, 'data_type': 'Number', 'number_longer_in_use': False}, 'complaint_or_inquiry': {'order': 13, 'description': ""Indicates whether it's a complaint or an inquiry"", 'geocoded': False, 'required': True, 'data_type': 'Plain Text', 'expected_per_allowed_values': 'Complaint, Inquiry', 'number_longer_in_use': False}, 'nature_of_complaint_inquiry': {'order': 14, 'description': 'The topic of complaint/inquiry', 'geocoded': False, 'required': False, 'data_type': 'Plain Text', 'number_longer_in_use': False}, 'complaint_inquiry_street': {'order': 15, 'description': 'Complaint/inquiry location street address provided by complainant', 'geocoded': False, 'required': False, 'data_type': 'Plain Text', 'number_longer_in_use': False}, 'complaint_inquiry_city': {'order': 16, 'description': 'Complaint/inquiry location city provided by complainant', 'geocoded': False, 'required': False, 'data_type': 'Plain Text', 'number_longer_in_use': False}, 'complaint_inquiry_state': {'order': 17, 'description': 'Complaint/inquiry location state provided by complainant', 'geocoded': False, 'required': False, 'data_type': 'Plain Text', 'number_longer_in_use': False}, 'complaint_inquiry_zip': {'order': 18, 'description': 'Complaint/inquiry location zip code provided by complainant', 'geocoded': False, 'required': False, 'data_type': 'Plain Text', 'number_longer_in_use': False}, 'complaint_inquiry_borough': {'order': 19, 'description': 'Complaint/inquiry location borough provided by complainant', 'geocoded': False, 'required': False, 'data_type': 'Plain Text', 'number_longer_in_use': False}, 'account_focus_of_complaint': {'order': 20, 'description': 'Name of unlicensed company, trade waste licensee or registrant applicant complaint/inquiry related to', 'geocoded': False, 'required': False, 'data_type': 'Plain Text', 'number_longer_in_use': False}, 'account_address': {'order': 21, 'description': 'Mailing street address of entity complaint/inquiry related to', 'geocoded': False, 'required': False, 'data_type': 'Plain Text', 'number_longer_in_use': False}, 'account_city': {'order': 22, 'description': 'Mailing city of entity complaint/inquiry related to', 'geocoded': False, 'required': False, 'data_type': 'Plain Text', 'number_longer_in_use': False}, 'account_state': {'order': 23, 'description': 'Mailing state of entity complaint/inquiry related to', 'geocoded': False, 'required': False, 'data_type': 'Plain Text', 'number_longer_in_use': False}, 'account_zip': {'order': 24, 'description': 'Mailing zip code of entity complaint/inquiry related to', 'geocoded': False, 'required': False, 'data_type': 'Plain Text', 'number_longer_in_use': False}, 'account_phone': {'order': 25, 'description': 'Contact phone number of entitty complaint/inquiry related to', 'geocoded': False, 'required': False, 'data_type': 'Number', 'number_longer_in_use': False}, 'vehicle_make': {'order': 26, 'description': 'Vehicle manufacturer if available and relates to complaint/inquiry', 'geocoded': False, 'required': False, 'data_type': 'Plain Text', 'number_longer_in_use': False}, 'vehicle_model': {'order': 27, 'description': 'Vehicle model if available and relates to complaint/inquiry', 'geocoded': False, 'required': False, 'data_type': 'Plain Text', 'number_longer_in_use': False}, 'vehicle_type': {'order': 28, 'description': 'Type of vehicle if available and relates to complaint/inquiry', 'geocoded': False, 'required': False, 'data_type': 'Plain Text', 'number_longer_in_use': False}, 'vehicle_year': {'order': 29, 'description': 'Vehicle year if available and relates to complaint/inquiry', 'geocoded': False, 'required': False, 'data_type': 'Plain Text', 'number_longer_in_use': False}, 'vehicle_color': {'order': 30, 'description': 'Vehicle color if available and relates to complaint/inquiry', 'geocoded': False, 'required': False, 'data_type': 'Plain Text', 'number_longer_in_use': False}, 'contacted_complainant': {'order': 31, 'description': 'Indicates whether complainant was contacted by BIC staff regarding his complaint/inquiry', 'geocoded': False, 'required': True, 'data_type': 'Plain Text', 'expected_per_allowed_values': 'TRUE, FALSE', 'number_longer_in_use': False}, 'unable_to_contact_complainant': {'order': 32, 'description': ""Indicated whether BIC staff wasn't able to contact complainant"", 'geocoded': False, 'required': True, 'data_type': 'Plain Text', 'expected_per_allowed_values': 'TRUE, FALSE', 'number_longer_in_use': False}, 'method_used_to_contact': {'order': 33, 'description': 'Method used to contact the complainant regarding his complaint/inquiry', 'geocoded': False, 'required': False, 'data_type': 'Plain Text', 'expected_per_allowed_values': 'In Person, Phone Call, E-Mail, Letter, [blank]', 'number_longer_in_use': False}, 'export_date': {'order': 34, 'description': 'Date data is exported from Business Integrity Commission', 'geocoded': False, 'required': True, 'data_type': 'Date & Time', 'number_longer_in_use': False}, 'latitude': {'order': 35, 'description': 'Latitude of mailing address', 'geocoded': False, 'required': False, 'data_type': 'Plain Text', 'number_longer_in_use': False}, 'longitide': {'order': 36, 'description': 'Longitude of mailing address', 'geocoded': False, 'required': False, 'data_type': 'Plain Text', 'number_longer_in_use': False}, 'community_board': {'order': 37, 'description': 'Community board based on  mailing address', 'geocoded': False, 'required': False, 'data_type': 'Plain Text', 'number_longer_in_use': False}, 'council_district': {'order': 38, 'description': 'Council district based on mailing address', 'geocoded': False, 'required': False, 'data_type': 'Plain Text', 'number_longer_in_use': False}, 'census_tract': {'order': 39, 'description': 'Census tract based on mailing address', 'geocoded': False, 'required': False, 'data_type': 'Plain Text', 'number_longer_in_use': False}, 'bin': {'order': 40, 'longform_name': 'Building Identification Number', 'description': 'BIN of mailing address', 'geocoded': False, 'required': False, 'data_type': 'Plain Text', 'number_longer_in_use': False}, 'bbl': {'order': 41, 'longform_name': 'Borough Block & Lot', 'description': 'BBL of mailing address', 'geocoded': False, 'required': False, 'data_type': 'Plain Text', 'number_longer_in_use': False}, 'nta': {'order': 42, 'longform_name': 'Neighborhood Tabulation Areas', 'description': 'NTA of mailing address', 'geocoded': False, 'required': False, 'data_type': 'Plain Text', 'number_longer_in_use': False}}",18,42,1,0
2z24-2htf,https://data.cityofnewyork.us/d/2z24-2htf,"This dataset, titled ""Workplace Inquiries Data,"" contains detailed records of inquiries related to labor policies, including topics such as Paid Safe and Sick Leave, Wage & Hour, and Freelance Isn't Free. It spans from September 11, 2014, to February 22, 2024, with a total of 2,915 unique intake dates. The inquiries are categorized by their source, language, request type, and outcome, providing insights into consumer interactions with labor regulations. While the dataset includes various languages and request types, it primarily focuses on ""Information Requests."" The industry and location data, although often missing, can offer context about the workplaces involved. This dataset can be utilized for analyzing trends in workplace inquiries, understanding consumer needs regarding labor standards, and informing policy decisions related to employee rights and protections. It serves as a valuable resource for researchers, policymakers, and advocates in the labor sector.

Column constraints outlined in Data Dictionary:
request_type: allowed values are ""Information Request"" and ""Outreach Request""; required field  
topic: allowed values include Commuter Benefits, Discrimination/Harassment, Fair Scheduling - Fast Food, Fair Scheduling - Retail, Fair Workweek, Freelance Isn't Free, Grocery Worker Retention, Health & Safety, Living Wage, Other, Paid Safe and Sick Leave, Prevailing Wage, Temporary Leave, Unemployment Insurance, Wage & Hour, Workers' Compensation; inquiries about more than one topic are reported as ""Multiple Topics (n)"" where n is the number of topics; required field","This dataset, titled ""Workplace Inquiries Data,"" captures information related to various workplace inquiries, primarily focusing on topics such as Paid Safe and Sick Leave and Wage & Hour issues. It includes records from 2014 to 2024, detailing the date of inquiry, source of communication, language used, and the outcome of each request. The dataset features a range of industries and outcomes, providing valuable insights into workplace-related concerns. It can be utilized for analyzing trends in workplace inquiries, understanding the effectiveness of responses, and identifying areas needing improvement in workplace policies and support services.","Dataset Overview:
- This dataset, titled ""Workplace Inquiries Data,"" contains detailed records of inquiries related to labor policies, including topics such as Paid Safe and Sick Leave, Wage & Hour, and Freelance Isn't Free. It spans from September 11, 2014, to February 22, 2024, with a total of 2,915 unique intake dates. The inquiries are categorized by their source, language, request type, and outcome, providing insights into consumer interactions with labor regulations. While the dataset includes various languages and request types, it primarily focuses on ""Information Requests."" The industry and location data, although often missing, can offer context about the workplaces involved. This dataset can be utilized for analyzing trends in workplace inquiries, understanding consumer needs regarding labor standards, and informing policy decisions related to employee rights and protections. It serves as a valuable resource for researchers, policymakers, and advocates in the labor sector.

Key Themes or Topics:
- Labor Policies
- Employee Rights
- Workplace Regulations
- Paid Safe and Sick Leave
- Wage & Hour Laws
- Freelance Work Protections
- Labor Standards
- Consumer Inquiries
- Labor Advocacy
- Employment Law

Applications and Use Cases:
- Analyzing trends in workplace inquiries related to labor policies
- Informing policy decisions regarding employee rights and protections
- Understanding consumer needs and concerns about labor standards
- Supporting labor advocacy efforts and initiatives
- Evaluating the effectiveness of labor regulations and outreach programs

Potential Questions:
- What is the distribution of inquiries by request type (Information Request vs. Outreach Request)?
- How do inquiries about Paid Safe and Sick Leave differ across various languages?
- What trends can be observed in inquiries related to Wage & Hour laws over the dataset's time span?
- How many inquiries pertain to multiple topics, and what are the most common combinations?
- What are the outcomes of inquiries related to Freelance Isn't Free?

Concepts and Synonyms:
- Labor Rights/Employee Rights
- Workplace Safety/Health & Safety
- Sick Leave/Health Leave
- Wage Laws/Wage Regulations
- Freelance Protections/Freelance Rights
- Employment Standards/Workplace Standards
- Consumer Advocacy/Worker Advocacy
- Inquiry Data/Request Data
- Labor Regulations/Employment Regulations

Keywords and Themes:
- Workplace Inquiries
- Labor Policy Analysis
- Employee Protections
- Inquiry Trends
- Labor Market Research
- Consumer Rights
- Employment Data
- Labor Statistics
- Policy Development

Additional Context:
- The dataset is relevant for addressing challenges related to labor rights and workplace protections in various industries.
- It can be integrated with other datasets on employment trends, economic factors, and demographic information to provide a comprehensive view of labor issues.
- The insights derived from this dataset can support interdisciplinary research involving sociology, economics, and public policy.","Dataset Overview:
- This dataset, titled ""Workplace Inquiries Data,"" captures information related to various workplace inquiries, primarily focusing on topics such as Paid Safe and Sick Leave and Wage & Hour issues. It includes records from 2014 to 2024, detailing the date of inquiry, source of communication, language used, and the outcome of each request. The dataset features a range of industries and outcomes, providing valuable insights into workplace-related concerns. It can be utilized for analyzing trends in workplace inquiries, understanding the effectiveness of responses, and identifying areas needing improvement in workplace policies and support services.

Key Themes or Topics:
- Workplace inquiries
- Labor rights
- Employee benefits
- Paid leave policies
- Sick leave regulations
- Wage and hour laws
- Employment law
- Workplace compliance
- Human resources management
- Labor relations
- Occupational health and safety
- Employee support services
- Industry-specific workplace issues

Applications and Use Cases:
- Facilitates analysis for human resource professionals, labor advocates, policymakers, and researchers.
- Useful for specific applications such as labor policy formulation, workplace compliance audits, and employee rights advocacy.
- Enables insights into patterns, trends, and relationships relevant to workplace inquiries and employee support mechanisms.
- Assists in evaluating the effectiveness of workplace policies and identifying gaps in employee support services.
- Supports research on the impact of workplace inquiries on employee satisfaction and organizational performance.

Concepts and Synonyms:
- Workplace inquiries/investigations
- Paid Safe Leave/ Paid Sick Leave
- Wage and Hour issues/ Wage and Hour disputes
- Employee rights/ Labor rights
- Compliance issues/ Regulatory compliance
- Inquiry outcomes/ Resolution outcomes
- Communication sources/ Inquiry channels
- Multilingual inquiries/ Language diversity
- Industry trends/ Sector-specific issues
- Employee support/ Workplace assistance

Keywords and Themes:
- workplace inquiries
- labor laws
- employee benefits
- sick leave
- paid leave
- wage disputes
- compliance
- human resources
- employee rights
- workplace policies
- inquiry outcomes
- labor relations

Additional Context:
- Highlights the dataset's relevance to ongoing discussions about labor rights and workplace equity.
- Emphasizes its value for interdisciplinary applications, including sociology, economics, and public policy.
- Provides insights into the effectiveness of workplace policies in various industries and their impact on employee well-being.
- Addresses the need for improved workplace support services in response to employee inquiries and concerns.","{'intake_date': {'column_description': 'Date inquiry was entered into the system\xa0\xa0\xa0'}, 'source': {'column_description': 'Identifies how inquiry was received'}, 'language': {'column_description': 'Preferred language of the customer'}, 'request_type': {'column_description': 'Type of the inquiry received', 'additional_notes': 'In order to protect the identities of individuals and to avoid the potential release of information relating to ongoing enforcement matters the dataset only includes ""Information Request"" and ""Outreach Request"".'}, 'topic': {'column_description': 'Law or rule that is the subject of the inquiry.', 'term_acronym_or_code_definitions': ""Commuter Benefits, Discrimination/Harassment, Fair Scheduling - Fast Food, Fair Scheduling - Retail, Fair Workweek, \xa0\xa0\xa0Freelance Isn't Free, Grocery Worker Retention, Health & Safety, Living Wage, Other, Paid Safe and Sick Leave, Prevailing Wage, Temporary Leave, Unemployment Insurance, Wage & Hour, Workers' Compensation"", 'additional_notes': 'Inquiries about more than one topic are reported as Multiple Topics with the number of topics provided in parentheses.'}, 'outcome': {'column_description': 'Result of the inquiry'}, 'industry': {'column_description': 'Where available, the general industry name of the workplace that is the subject of inquiry.'}, 'city': {'column_description': 'Where available, the city where the workplace that is subject to inquiry was based.'}, 'state': {'column_description': 'Where available, the state where the workplace that is subject to inquiry was based.'}, 'zip': {'column_description': 'Where available, the ZIP Code where the workplace that is subject to inquiry was based.'}, 'borough_name': {'column_description': 'Where available, the Borough where the workplace that is subject to inquiry was based.'}, 'community_district': {'column_description': 'Where available, the two-digit Community District where the workplace that is subject to inquiry was based.'}, 'council_district': {'column_description': 'Where available, the City Council district where the workplace that is subject to inquiry was based.\xa0\xa0\xa0'}}",19,13,1,1
azp6-hepu,https://data.cityofnewyork.us/d/azp6-hepu,"This dataset provides insights into customer service metrics from licensing offices, specifically focusing on the performance of the 42 Broadway location and Queens. It includes data on the number of customers served, average wait times, average transaction times, and average satisfaction ratings over a period from July 2015 to May 2016. The dataset features two unique licensing office locations and spans 11 months, with customer counts ranging from 249 to 9,072. Average wait times vary from 1.0 to 14.9 minutes, while transaction times range from 10.5 to 19.2 minutes. The average satisfaction ratings are consistently high, between 4.84 and 4.9. This dataset can be utilized by city government agencies, businesses, and researchers to analyze customer service efficiency, identify trends, and improve service delivery in the Department of Consumer Affairs. It serves as a valuable resource for understanding customer experiences and operational performance in licensing services.","This dataset provides insights into customer service metrics at licensing offices, specifically focusing on two locations: 42 Broadway and Queens. It includes data from July 2015 to May 2016, capturing monthly statistics such as the number of customers served, average wait times, average transaction times, and average satisfaction ratings. The dataset features 16 unique values for customers served, with a maximum of 9,072, and covers average wait times ranging from 0 to 14.9 minutes. This information can be utilized to analyze service efficiency, customer satisfaction, and operational performance, helping to identify areas for improvement in customer service delivery.","Dataset Overview:
- This dataset provides insights into customer service metrics from licensing offices, specifically focusing on the performance of the 42 Broadway location and Queens. It includes data on the number of customers served, average wait times, average transaction times, and average satisfaction ratings over a period from July 2015 to May 2016. The dataset features two unique licensing office locations and spans 11 months, with customer counts ranging from 249 to 9,072. Average wait times vary from 1.0 to 14.9 minutes, while transaction times range from 10.5 to 19.2 minutes. The average satisfaction ratings are consistently high, between 4.84 and 4.9. This dataset can be utilized by city government agencies, businesses, and researchers to analyze customer service efficiency, identify trends, and improve service delivery in the Department of Consumer Affairs. It serves as a valuable resource for understanding customer experiences and operational performance in licensing services.

Key Themes or Topics:
- Customer service metrics
- Licensing office performance
- Customer experience analysis
- Service delivery efficiency
- Wait time analysis
- Transaction time evaluation
- Satisfaction rating assessment
- Public service performance
- Consumer affairs metrics

Applications and Use Cases:
- Analysis of customer service efficiency for government agencies
- Evaluation of service delivery in public licensing offices
- Research on customer satisfaction trends in public services
- Identification of operational performance improvements
- Benchmarking service metrics across different locations
- Policy formulation for enhancing customer service in government agencies
- Statistical modeling of customer service data

Potential Questions:
- What is the distribution of average wait times at the 42 Broadway location compared to Queens?
- How does the number of customers served vary between the two licensing office locations?
- What trends can be observed in average satisfaction ratings over the 11-month period?
- How do average transaction times correlate with customer satisfaction ratings?
- What is the average wait time for customers served during peak hours versus off-peak hours?

Concepts and Synonyms:
- Customer service/consumer service
- Licensing office/public service office
- Wait time/queue time
- Transaction time/service time
- Satisfaction rating/customer satisfaction
- Performance metrics/service metrics
- Public sector efficiency/service efficiency
- Customer experience/user experience

Keywords and Themes:
- customer service metrics
- licensing office performance
- average wait times
- average transaction times
- customer satisfaction ratings
- public service analysis
- consumer affairs
- operational performance
- service delivery improvement

Additional Context:
- This dataset is relevant for addressing challenges in public service delivery and enhancing customer experiences in government agencies.
- It provides valuable insights for interdisciplinary applications, including public administration, business management, and social research.
- The dataset can be integrated with other datasets related to public service performance to provide a comprehensive view of customer service dynamics in urban settings.","Dataset Overview:
- This dataset provides insights into customer service metrics at licensing offices, specifically focusing on two locations: 42 Broadway and Queens. It includes data from July 2015 to May 2016, capturing monthly statistics such as the number of customers served, average wait times, average transaction times, and average satisfaction ratings. The dataset features 16 unique values for customers served, with a maximum of 9,072, and covers average wait times ranging from 0 to 14.9 minutes. This information can be utilized to analyze service efficiency, customer satisfaction, and operational performance, helping to identify areas for improvement in customer service delivery.

Key Themes or Topics:
- Customer service metrics
- Service efficiency analysis
- Customer satisfaction evaluation
- Operational performance assessment
- Licensing office operations
- Public service delivery
- Wait time analysis
- Transaction time metrics
- Customer experience measurement

Applications and Use Cases:
- Facilitates analysis for customer service managers, operational analysts, and public administrators.
- Useful for specific applications, such as service improvement initiatives, performance benchmarking, and customer feedback analysis.
- Enables insights into patterns, trends, and relationships relevant to customer service delivery and operational efficiency.
- Supports decision-making for resource allocation and staffing in customer service environments.
- Assists in developing strategies for enhancing customer satisfaction and reducing wait times.

Concepts and Synonyms:
- Customer service/consumer service
- Service quality/customer experience
- Wait time/queue time
- Transaction time/service duration
- Customer feedback/satisfaction ratings
- Performance metrics/service indicators
- Operational efficiency/service productivity
- Public sector service delivery/government services

Keywords and Themes:
- customer service metrics
- customer satisfaction
- wait times
- transaction times
- operational performance
- licensing offices
- service efficiency
- public service metrics
- customer experience

Additional Context:
- Highlights the dataset's relevance to improving customer service in public sector environments, particularly in licensing offices.
- Emphasizes its value for analyzing trends over time, which can inform policy decisions and operational improvements.
- Supports interdisciplinary applications by integrating insights from customer service, public administration, and operational research.",,16,6,0,1
de8q-estm,https://data.cityofnewyork.us/d/de8q-estm,"This dataset contains information about various business education courses offered by the NYC Department of Small Business Services. It includes details such as event names, descriptions, URLs for registration, local start and end times, capacity, status, and ticket information. The dataset spans events from September to December 2020, providing a comprehensive overview of educational opportunities for entrepreneurs and small business owners. Each entry includes semantic details like the course format, location, and organizer information, making it a valuable resource for individuals seeking to enhance their business knowledge and skills. Users can leverage this dataset to identify relevant courses, understand the educational offerings available, and access resources that can help them navigate the complexities of starting and managing a business. Overall, this dataset serves as a vital tool for anyone interested in business education and professional development in New York City.

Column constraints outlined in Data Dictionary:
status: Must be ""live"" for all current courses
ticket_name: Allowed values are: General Admission, Register, RSVP
ticket_on_sale_status: Allowed values are: Available, Unavailable, Sold Out","This dataset contains information about various business education courses offered by the NYC Department of Small Business Services. It includes details such as event names, descriptions, URLs, start and end times, capacities, and ticket sales information. The dataset spans events from September to December 2020, providing insights into the types of courses available, their locations, and the organizations hosting them. This data can be utilized for analyzing trends in business education, understanding community needs, and enhancing access to resources for entrepreneurs and small business owners. It serves as a valuable resource for anyone interested in business development and education initiatives.","Dataset Overview:
- This dataset contains information about various business education courses offered by the NYC Department of Small Business Services. It includes details such as event names, descriptions, URLs for registration, local start and end times, capacity, status, and ticket information. The dataset spans events from September to December 2020, providing a comprehensive overview of educational opportunities for entrepreneurs and small business owners. Each entry includes semantic details like the course format, location, and organizer information, making it a valuable resource for individuals seeking to enhance their business knowledge and skills. Users can leverage this dataset to identify relevant courses, understand the educational offerings available, and access resources that can help them navigate the complexities of starting and managing a business. Overall, this dataset serves as a vital tool for anyone interested in business education and professional development in New York City.

Key Themes or Topics:
- Business Education
- Entrepreneurial Training
- Small Business Development
- Professional Development
- Adult Education
- Workforce Development
- Continuing Education
- Skill Enhancement
- Course Offerings
- Event Management

Applications and Use Cases:
- Facilitates analysis for entrepreneurs seeking educational resources.
- Useful for small business owners looking to improve their business acumen.
- Enables policymakers to assess the availability of business education resources.
- Supports researchers studying the impact of education on small business success.
- Assists educators in developing relevant course content based on community needs.

Potential Questions:
- What is the distribution of course formats offered in the dataset?
- How does the capacity of courses vary across different locations?
- What percentage of courses are currently live versus those that are unavailable?
- How has the status of ticket availability changed over the course of the dataset?
- What are the most common ticket types offered for business education courses?

Concepts and Synonyms:
- Business Training/Business Courses
- Entrepreneurial Education/Entrepreneurship Training
- Small Business Support/Small Business Assistance
- Professional Skills Development/Workplace Skills
- Course Registration/Event Registration
- Educational Opportunities/Learning Opportunities
- Capacity Management/Participant Limits
- Course Status/Event Status
- Ticketing Information/Admission Details

Keywords and Themes:
- Business Education
- NYC Department of Small Business Services
- Entrepreneur Courses
- Small Business Workshops
- Professional Development Programs
- Course Registration URLs
- Event Timing and Scheduling
- Ticket Availability Status
- Educational Resources for Entrepreneurs

Additional Context:
- This dataset is relevant for understanding the landscape of business education in New York City, particularly during the specified timeframe of 2020.
- It highlights the importance of accessible education for small business owners and entrepreneurs in navigating economic challenges.
- The dataset can be integrated with other datasets related to economic development, workforce training, and community resources to provide a comprehensive view of support systems for small businesses.","Dataset Overview:
- This dataset contains information about various business education courses offered by the NYC Department of Small Business Services. It includes details such as event names, descriptions, URLs, start and end times, capacities, and ticket sales information. The dataset spans events from September to December 2020, providing insights into the types of courses available, their locations, and the organizations hosting them. This data can be utilized for analyzing trends in business education, understanding community needs, and enhancing access to resources for entrepreneurs and small business owners. It serves as a valuable resource for anyone interested in business development and education initiatives.

Key Themes or Topics:
- Business Education
- Small Business Development
- Entrepreneurial Training
- Workforce Development
- Community Education
- Adult Learning
- Professional Development
- Economic Empowerment
- Skills Training
- Business Workshops

Applications and Use Cases:
- Analyzing trends in business education offerings
- Understanding community needs for business resources
- Enhancing access to entrepreneurial training programs
- Supporting policymakers in workforce development initiatives
- Informing stakeholders about available business education opportunities
- Evaluating the effectiveness of business courses
- Identifying gaps in business education for small business owners
- Facilitating partnerships between organizations and educational institutions

Concepts and Synonyms:
- Business Courses/Business Training
- Entrepreneurship Education/Entrepreneurial Courses
- Professional Development/Continuing Education
- Skills Development/Skill Enhancement
- Business Workshops/Training Sessions
- Community Resources/Local Business Support
- Economic Development/Business Growth
- Adult Education/Workforce Training
- Course Offerings/Event Listings

Keywords and Themes:
- Business education
- Small business courses
- Entrepreneurial training
- NYC Department of Small Business Services
- Event details
- Course descriptions
- Ticket sales
- Community needs assessment
- Business development resources
- Educational initiatives

Additional Context:
- The dataset is relevant for addressing challenges in small business growth and sustainability.
- It provides insights into the effectiveness of educational programs in fostering entrepreneurship.
- The data can be integrated with other datasets related to economic development and workforce training for comprehensive analysis.
- It highlights the importance of accessible business education in urban settings, particularly for underserved communities.","{'event_name': {'column_description': 'Name of Course'}, 'event_description': {'column_description': 'Description of Course'}, 'event_url': {'column_description': 'Link to Course Resistration'}, 'local_start_time': {'column_description': 'Start Time for Course'}, 'local_end_time': {'column_description': 'End Time for Course'}, 'capacity': {'column_description': 'Maximum Number of Attendees'}, 'status': {'column_description': 'Status of Course', 'additional_notes': 'Will be ""Live"" for all current courses'}, 'category_name': {'column_description': 'Eventbrite Category Name'}, 'subcategory_name': {'column_description': 'Eventbrite subcategory Name'}, 'format_name': {'column_description': 'Course Format'}, 'address_1': {'column_description': 'Address Line 1 for Course Location'}, 'address_2': {'column_description': 'Address Line 2 for Course Location'}, 'city': {'column_description': 'City for Course Location'}, 'region': {'column_description': 'State for Course Location'}, 'postal_code': {'column_description': 'Zip Code for Course Location'}, 'country': {'column_description': 'Country for Course Location'}, 'venue_name': {'column_description': 'Venue Name'}, 'ticket_name': {'column_description': 'Eventbrite Ticket Type', 'additional_notes': 'Possible Values are: General Admission, Register, RSVP'}, 'ticket_description': {'column_description': 'Eventbrite Ticket Information'}, 'ticket_on_sale_status': {'column_description': 'Eventbrite Ticket Status', 'additional_notes': 'Possible Values are: Available, Unavailable, Sold Out'}, 'ticket_quantity_total': {'column_description': 'Total Ticket Quantity'}, 'ticket_quantity_sold': {'column_description': 'Tickets Sold'}, 'ticket_sales_start': {'column_description': 'Tickets Available Start Date'}, 'ticket_sales_end': {'column_description': 'Tickets Available End Date'}, 'organizer_name': {'column_description': 'Name of Event Organizer'}, 'organizer_description': {'column_description': 'Description of Event Organizer'}, 'organizer_url': {'column_description': 'Eventbrite Organizer Page'}}",112,27,1,0
u42f-se8e,https://data.cityofnewyork.us/d/u42f-se8e,"This dataset contains information on lottery license applications for Tobacco Retail Dealers in New York City, covering submissions from May 3, 2022, to November 29, 2022. Each record includes details such as the applicant's name, submission date, lottery application order, and selection status, allowing for tracking and analysis of the lottery process. The dataset features 26 unique record IDs and includes various attributes like the applicant's city, state, borough, and community district, providing a comprehensive view of the applicants' locations. The lottery selection date spans from June 7, 2022, to December 14, 2022, with applicants being selected based on a randomly assigned priority number. This dataset can be utilized for research on tobacco retail licensing trends, understanding community impacts, and evaluating the distribution of licenses across different boroughs and community districts in NYC.

Column constraints outlined in Data Dictionary:
record_id: System generated; Unique identifier  
record_type_category: Must be ""Lottery Application""  
record_type_sub_type: Must be ""Tobacco Retail Dealer"" or ""Electronic Cigarette Dealer""  
application_submission_date: Must be a valid date in ISO 8601 format (YYYY-MM-DDTHH:MM:SS)  
lottery_application_order: Must be a positive integer  
lottery_priority_number: Must be a positive integer  
lottery_selection_date: Must be a valid date in ISO 8601 format (YYYY-MM-DDTHH:MM:SS)  
selected_from_lottery: Must be ""Yes"" or ""No""  
license_application_number: Text; Can be blank until an applicant is selected  
city: Text; Required field  
state: Text; Required field  
zip_code: Text; Required field  
borough: Must be one of ""Manhattan"", ""Brooklyn"", ""Bronx"", ""Queens"", ""Staten Island"", or ""Outside NYC""  
community_district: Must be one of the 59 Community Districts in NYC","This dataset contains information on lottery applications for tobacco retail dealer licenses submitted in New York City. It includes details such as the applicant's name, submission and selection dates, and the lottery application order. The dataset spans from May 3, 2022, to November 29, 2022, with selection dates ranging from June 7, 2022, to December 14, 2022. It features unique identifiers for each application and categorizes applicants by city, borough, and community district. This dataset can be used to analyze trends in tobacco licensing, assess the distribution of licenses across different neighborhoods, and evaluate the lottery process's fairness and effectiveness.","Dataset Overview:
- This dataset contains information on lottery license applications for Tobacco Retail Dealers in New York City, covering submissions from May 3, 2022, to November 29, 2022. Each record includes details such as the applicant's name, submission date, lottery application order, and selection status, allowing for tracking and analysis of the lottery process. The dataset features 26 unique record IDs and includes various attributes like the applicant's city, state, borough, and community district, providing a comprehensive view of the applicants' locations. The lottery selection date spans from June 7, 2022, to December 14, 2022, with applicants being selected based on a randomly assigned priority number. This dataset can be utilized for research on tobacco retail licensing trends, understanding community impacts, and evaluating the distribution of licenses across different boroughs and community districts in NYC.

Key Themes or Topics:
- Tobacco retail licensing
- Lottery application processes
- Urban commerce and regulation
- Public health and tobacco control
- Socio-economic impacts of tobacco sales
- Community district analysis
- Regulatory compliance in retail
- Random selection processes in licensing

Applications and Use Cases:
- Facilitates analysis for public health officials, urban planners, and policymakers regarding tobacco retail distribution.
- Useful for evaluating the fairness and transparency of lottery systems in licensing.
- Enables insights into community impacts of tobacco retail locations and their correlation with socio-economic factors.
- Assists researchers in studying trends in tobacco retail applications and selection outcomes.
- Supports statistical modeling of lottery outcomes and priority number distributions.

Potential Questions:
- What is the distribution of lottery applications by borough?
- How does the selection status of applicants vary across different community districts?
- What trends can be observed in the number of applications submitted over the specified time period?
- How does the lottery priority number affect the likelihood of being selected from the lottery?
- What is the relationship between the applicant's city and their selection status?

Concepts and Synonyms:
- Lottery license applications / lottery permits
- Tobacco retail dealers / tobacco vendors
- Electronic cigarette dealers / vape shops
- Application submission / application filing
- Selection status / lottery outcome
- Community district / neighborhood district
- Borough / administrative division
- Random priority number / lottery priority ranking

Keywords and Themes:
- Tobacco licensing
- Lottery system
- New York City
- Retail dealer applications
- Community impact analysis
- Public health policy
- Socio-economic research
- Urban regulation

Additional Context:
- This dataset is relevant for addressing public health challenges related to tobacco use and sales in urban environments.
- It provides valuable insights for interdisciplinary research combining public health, urban studies, and regulatory policy.
- The dataset can be integrated with other datasets on health outcomes, economic factors, and demographic information to enhance understanding of tobacco retail impacts.","Dataset Overview:
- This dataset contains information on lottery applications for tobacco retail dealer licenses submitted in New York City. It includes details such as the applicant's name, submission and selection dates, and the lottery application order. The dataset spans from May 3, 2022, to November 29, 2022, with selection dates ranging from June 7, 2022, to December 14, 2022. It features unique identifiers for each application and categorizes applicants by city, borough, and community district. This dataset can be used to analyze trends in tobacco licensing, assess the distribution of licenses across different neighborhoods, and evaluate the lottery process's fairness and effectiveness.

Key Themes or Topics:
- Tobacco licensing
- Lottery systems
- Retail dealer permits
- Urban regulation
- Public health policy
- Socio-economic impact of tobacco sales
- Community health and safety
- Regulatory compliance
- Economic development in urban areas

Applications and Use Cases:
- Analyzing trends in tobacco retail licensing applications
- Assessing the equity of tobacco license distribution across neighborhoods
- Evaluating the effectiveness of the lottery process for tobacco licenses
- Informing public health initiatives and tobacco control policies
- Supporting urban planning and zoning decisions related to tobacco sales
- Conducting research on socio-economic factors influencing tobacco retail locations
- Assisting policymakers in understanding the implications of tobacco licensing

Concepts and Synonyms:
- Tobacco retail dealer license/tobacco sales permit
- Lottery application process/tobacco lottery system
- Selection dates/lottery draw dates
- Application order/lottery ranking
- Community district/neighborhood classification
- Borough/city categorization
- Regulatory framework/tobacco control regulations
- Fairness in licensing/equitable distribution of licenses

Keywords and Themes:
- Tobacco license lottery
- NYC tobacco retail licenses
- Lottery applications
- Tobacco control
- Retail dealer licensing
- Urban tobacco policy
- Community health
- Socio-economic analysis
- Licensing trends

Additional Context:
- The dataset is relevant for addressing public health challenges related to tobacco use and its regulation in urban environments.
- It provides insights into the socio-economic dynamics of tobacco retailing in New York City, which can inform broader discussions on tobacco control and urban health policies.
- The dataset can be integrated with other public health datasets to analyze the impact of tobacco retail distribution on community health outcomes and disparities.","{'record_id': {'column_description': 'A system generated number used to track the lottery application record through DCWP systems', 'field_limitations': 'System generated'}, 'record_type_category': {'column_description': 'The type of record created in the system', 'expected_per_allowed_values': 'Lottery Application', 'field_limitations': 'System generated'}, 'record_type_sub_type': {'column_description': 'The license category of the lottery application record', 'expected_per_allowed_values': 'Tobacco Retail Dealer / Electronic Cigarette Dealer', 'field_limitations': 'System generated', 'additional_notes': 'The term ""cigarette"" means any roll for smoking made wholly or in part of tobacco or any other substance, irrespective of size or shape and whether or not such tobacco or substance is flavored, adulterated or mixed with any other ingredient, the wrapper or cover of which is made of paper or any other substance or material but is not made in whole or in part of tobacco'}, 'applicant_name': {'column_description': 'The name of the person or entity that is applying to be included in the lottery', 'field_limitations': 'Data entry from the lottery application form', 'additional_notes': 'You can apply for the Tobacco Retail Dealer License Lottery on behalf of yourself/your\nbusiness only. The license is not transferable.'}, 'application_submission_date': {'column_description': 'Date the completed Lottery Application record was submitted', 'expected_per_allowed_values': 'Date', 'field_limitations': 'System generated'}, 'lottery_application_order': {'column_description': 'The sequential order in which the Lottery Application record was received for the Community District for which the lottery is being held', 'expected_per_allowed_values': 'Integer', 'field_limitations': 'System generated'}, 'lottery_priority_number': {'column_description': ""The randomly assigned number that determines the applicant's selection order"", 'expected_per_allowed_values': 'Integer', 'field_limitations': 'System generated', 'additional_notes': 'Applicants are selected based on this number, with the lowest priority numbers being selected first, and then sequentially in ascending order until the number of available licenses in the district has been reached.'}, 'lottery_selection_date': {'column_description': ""The date the applicant's selection or non-selection was determined"", 'expected_per_allowed_values': 'Date', 'field_limitations': 'System generated'}, 'selected_from_lottery': {'column_description': 'Yes/No field showing whether the applicant was selected from the lottery.', 'expected_per_allowed_values': 'Yes or No', 'field_limitations': 'System generated'}, 'license_application_number': {'column_description': 'ID number that identifies the application record that was submitted by applicants selected from the lottery', 'expected_per_allowed_values': 'Text', 'field_limitations': 'This field is blank until an applicant is selected and submits an application to acquire a license.', 'additional_notes': 'An applicant selected from the lottery can apply for a License.  This Record ID can be used to link to the Applications dataset on NYC Open Data'}, 'city': {'column_description': ""The city of the applicant's primary address."", 'expected_per_allowed_values': 'Text', 'field_limitations': 'Data entry from the lottery application form or online submission through the DCWP portal'}, 'state': {'column_description': ""The state of the applicant's primary address."", 'expected_per_allowed_values': 'Text', 'field_limitations': 'Data entry from the lottery application form or online submission through the DCWP portal'}, 'zip_code': {'column_description': ""The ZIP or postal code of the applicant's primary address."", 'expected_per_allowed_values': 'Text', 'field_limitations': 'Data entry from the lottery application form or online submission through the DCWP portal'}, 'borough': {'column_description': ""Borough of the applicant's primary address"", 'expected_per_allowed_values': 'Manhattan, Brooklyn, Bronx, Queens, Staten Island, Outside NYC', 'field_limitations': 'Data entry from the lottery application form or online submission through the DCWP portal'}, 'community_district': {'column_description': ""Community District number of the applicant's primary address"", 'expected_per_allowed_values': 'Must be one of the 59 Community Districts in NYC', 'field_limitations': 'Data entry from the lottery application form or online submission through the DCWP portal'}}",26,16,1,1
xt4f-xvjw,https://data.cityofnewyork.us/d/xt4f-xvjw,"This dataset provides detailed information on P-Card expenditures across various agencies in New York City for the fiscal years 2018 to 2020. It includes three unique fiscal years and data from 13 different agencies, capturing a total of 33 unique monetary values ranging from $350,500 to $7,877,900. The dataset features three key columns: fiscal_year, which serves as an aggregation key for temporal analysis; agency, representing the organizations involved; and total_value_purchased, which measures the financial expenditures made by these agencies. This dataset can be utilized for analyzing spending patterns, evaluating budget allocations, and assessing the financial performance of different agencies over time. It is particularly useful for stakeholders interested in understanding the dynamics of public spending and the efficiency of procurement processes within the city.","This dataset provides insights into P-Card expenditures across various agencies in New York City, covering the fiscal years 2018 to 2020. It includes three unique fiscal years and data from 13 different agencies, detailing the total value of purchases made. The total value purchased is represented as a monetary value, allowing for effective measurement and analysis of spending trends. This dataset can be utilized for evaluating agency expenditures, identifying spending patterns, and supporting budgetary decisions. It serves as a valuable resource for researchers, policymakers, and financial analysts interested in public sector spending.","Dataset Overview:
- This dataset provides detailed information on P-Card expenditures across various agencies in New York City for the fiscal years 2018 to 2020. It includes three unique fiscal years and data from 13 different agencies, capturing a total of 33 unique monetary values ranging from $350,500 to $7,877,900. The dataset features three key columns: fiscal_year, which serves as an aggregation key for temporal analysis; agency, representing the organizations involved; and total_value_purchased, which measures the financial expenditures made by these agencies. This dataset can be utilized for analyzing spending patterns, evaluating budget allocations, and assessing the financial performance of different agencies over time. It is particularly useful for stakeholders interested in understanding the dynamics of public spending and the efficiency of procurement processes within the city.

Key Themes or Topics:
- Public finance
- Government spending
- Procurement processes
- Budget analysis
- Fiscal management
- Agency performance evaluation
- Expenditure tracking
- Financial transparency
- Urban governance
- Economic analysis

Applications and Use Cases:
- Facilitates analysis for financial analysts, public policy researchers, city planners, and government officials.
- Useful for applications such as budget planning, expenditure review, financial audits, and performance benchmarking.
- Enables insights into spending trends, agency financial behavior, and the effectiveness of public procurement strategies.
- Assists in identifying areas for cost savings and efficiency improvements in public sector spending.

Potential Questions:
- What is the distribution of total P-Card expenditures across different agencies in New York City for the fiscal years 2018 to 2020?
- How do P-Card expenditures vary between different agencies within the same fiscal year?
- What trends can be observed in total_value_purchased over the three fiscal years?
- Which agency had the highest total_value_purchased in a specific fiscal year?
- How do expenditures differ across fiscal years for a particular agency?

Concepts and Synonyms:
- P-Card expenditures/Purchasing Card expenditures
- Fiscal year/Financial year
- Agency/Department
- Total value purchased/Total expenditures
- Public spending/Government expenditure
- Budget allocation/Financial allocation
- Expenditure analysis/Spending analysis
- Procurement/Purchasing
- Financial performance/Agency performance

Keywords and Themes:
- P-Card
- Expenditures
- New York City
- Fiscal years
- Government agencies
- Financial data
- Spending patterns
- Budget analysis
- Public procurement
- Economic evaluation

Additional Context:
- This dataset is relevant for addressing challenges related to public sector financial management and accountability.
- It provides valuable insights for interdisciplinary applications, including economics, public administration, and urban studies.
- The dataset can be integrated with other financial datasets to enhance understanding of public sector spending dynamics and improve decision-making processes.","Dataset Overview:
- This dataset provides insights into P-Card expenditures across various agencies in New York City, covering the fiscal years 2018 to 2020. It includes three unique fiscal years and data from 13 different agencies, detailing the total value of purchases made. The total value purchased is represented as a monetary value, allowing for effective measurement and analysis of spending trends. This dataset can be utilized for evaluating agency expenditures, identifying spending patterns, and supporting budgetary decisions. It serves as a valuable resource for researchers, policymakers, and financial analysts interested in public sector spending.

Key Themes or Topics:
- Public sector finance
- Government spending
- Fiscal management
- Budget analysis
- Expenditure tracking
- Agency financial performance
- Procurement processes
- Financial accountability
- Economic analysis
- Urban governance

Applications and Use Cases:
- Facilitates analysis for financial analysts assessing public expenditures.
- Useful for policymakers in budget formulation and resource allocation.
- Enables researchers to study spending patterns and trends in public agencies.
- Supports audits and evaluations of agency financial practices.
- Assists in identifying areas for cost savings and efficiency improvements.
- Aids in transparency initiatives related to public spending.

Concepts and Synonyms:
- P-Card expenditures/Purchasing Card expenditures
- Public spending/Government expenditures
- Fiscal years/Financial years
- Agency budgets/Departmental budgets
- Spending patterns/Expenditure trends
- Financial data/Monetary value
- Procurement/Purchasing
- Expenditure analysis/Financial analysis
- Budgetary decisions/Financial planning

Keywords and Themes:
- P-Card
- Expenditures
- New York City
- Fiscal years 2018-2020
- Agency spending
- Public finance
- Budget analysis
- Spending trends
- Financial accountability
- Procurement data

Additional Context:
- Highlights the dataset's relevance to understanding public sector financial management and accountability.
- Emphasizes its value for interdisciplinary applications, including economics, public administration, and data analysis.
- Addresses challenges in transparency and efficiency in government spending, making it a critical resource for stakeholders interested in public finance reform.",,33,3,0,1
8kic-uvpz,https://data.cityofnewyork.us/d/8kic-uvpz,"This dataset focuses on pedestrian ramp compliance, providing detailed information about various subway station ramps across the city. It includes key attributes such as station names, cross-streets, curb cut locations, and ramp measurements, which are essential for assessing accessibility. The dataset contains 28 unique station names and various measurements related to ramp compliance, such as slope, width, and condition of the concrete. Each entry indicates whether the ramp meets compliance standards, which is crucial for ensuring accessibility for all pedestrians, particularly those with disabilities. The semantic profile highlights the dataset's relevance to urban planning and transportation, as it includes indicators for curb cuts, slope measurements, and the presence of barriers. This dataset can be utilized by city planners, accessibility advocates, and researchers to identify areas needing improvement and to promote compliance with accessibility standards, ultimately enhancing the safety and usability of pedestrian ramps.

Column constraints outlined in Data Dictionary:
curb_cut: allowed values are ""YES"", ""NO""; null values are allowed  
compliant: allowed values are True, False  
slope_1_12_or_less: value range is 0 to 3.25; null values are allowed  
slope_non_comp: allowed values are True, False  
ramp_width_36_or_more: value range is 0 to 100; null values are allowed  
width_non_comp: allowed values are True, False  
lip_or_bump_1_4_or_less: value range is 0 to 3; null values are allowed  
lip_non_comp: allowed values are True, False  
crumbling_concrete: allowed values are True, False  
crumbling_non_comp: allowed values are True, False  
led_to_pot_hole: allowed values are True, False  
pot_hole_non_comp: allowed values are True, False  
detectable_warnings: allowed values are True, False  
warnings_non_comp: allowed values are True, False  
object_barriers: allowed values are True, False  
objects_non_comp: allowed values are True, False  
barriers_above: allowed values are True, False  
ramp_looks_relatively_new: allowed values are True, False","This dataset focuses on pedestrian ramp compliance, providing valuable insights into the accessibility of various locations. It includes information on 28 unique stations and their corresponding streets, detailing features such as curb cuts, ramp slopes, and widths. Each entry is identified by a unique ramp ID, allowing for precise tracking and analysis. The dataset also assesses compliance with accessibility standards, highlighting potential issues like crumbling concrete and object barriers. This information is crucial for urban planners and transportation authorities aiming to improve pedestrian access and ensure that public spaces are navigable for all individuals.","Dataset Overview:
- This dataset focuses on pedestrian ramp compliance, providing detailed information about various subway station ramps across the city. It includes key attributes such as station names, cross-streets, curb cut locations, and ramp measurements, which are essential for assessing accessibility. The dataset contains 28 unique station names and various measurements related to ramp compliance, such as slope, width, and condition of the concrete. Each entry indicates whether the ramp meets compliance standards, which is crucial for ensuring accessibility for all pedestrians, particularly those with disabilities. The semantic profile highlights the dataset's relevance to urban planning and transportation, as it includes indicators for curb cuts, slope measurements, and the presence of barriers. This dataset can be utilized by city planners, accessibility advocates, and researchers to identify areas needing improvement and to promote compliance with accessibility standards, ultimately enhancing the safety and usability of pedestrian ramps.

Key Themes or Topics:
- Accessibility
- Urban Planning
- Transportation Infrastructure
- Disability Rights
- Public Safety
- Compliance Standards
- Pedestrian Safety
- Infrastructure Assessment
- Urban Mobility
- Community Planning

Applications and Use Cases:
- Assessment of pedestrian ramp compliance for city planning
- Analysis of accessibility for individuals with disabilities
- Evaluation of urban infrastructure for safety improvements
- Research on transportation equity and accessibility
- Policy formulation for compliance with ADA (Americans with Disabilities Act) standards
- Statistical modeling of ramp conditions and compliance rates
- Identification of areas needing infrastructure upgrades
- Advocacy for improved accessibility in public transportation

Potential Questions:
- What percentage of ramps meet compliance standards across different subway stations?
- How does the slope of ramps vary between compliant and non-compliant ramps?
- What is the distribution of curb cut availability at subway stations?
- How many ramps have crumbling concrete and do not meet compliance?
- Are there significant differences in ramp width between compliant and non-compliant ramps?
- What trends can be observed in ramp conditions over time?
- How do object barriers affect ramp compliance rates?

Concepts and Synonyms:
- Pedestrian ramps/accessibility ramps
- Compliance standards/ADA compliance
- Curb cuts/curb ramps
- Slope measurements/incline
- Ramp width/width measurements
- Concrete condition/concrete integrity
- Accessibility assessment/infrastructure evaluation
- Urban mobility/transportation access
- Disability access/accessible design
- Public transportation infrastructure

Keywords and Themes:
- pedestrian ramp compliance
- accessibility assessment
- urban infrastructure
- disability rights
- slope measurements
- curb cuts
- ramp width
- concrete condition
- public safety
- transportation equity

Additional Context:
- This dataset is crucial for addressing challenges related to urban accessibility and ensuring that public transportation systems are inclusive for all individuals, particularly those with disabilities. It serves as a valuable resource for interdisciplinary applications, integrating urban planning, social equity, and public health considerations. The insights derived from this dataset can inform policy decisions and drive improvements in urban infrastructure, ultimately contributing to a more accessible and equitable city environment.","Dataset Overview:
- This dataset focuses on pedestrian ramp compliance, providing valuable insights into the accessibility of various locations. It includes information on 28 unique stations and their corresponding streets, detailing features such as curb cuts, ramp slopes, and widths. Each entry is identified by a unique ramp ID, allowing for precise tracking and analysis. The dataset also assesses compliance with accessibility standards, highlighting potential issues like crumbling concrete and object barriers. This information is crucial for urban planners and transportation authorities aiming to improve pedestrian access and ensure that public spaces are navigable for all individuals.

Key Themes or Topics:
- Accessibility
- Urban planning
- Transportation infrastructure
- Disability rights
- Public space design
- Compliance with ADA (Americans with Disabilities Act)
- Urban mobility
- Pedestrian safety
- Infrastructure assessment
- Community planning

Applications and Use Cases:
- Urban planning and development
- Accessibility audits and assessments
- Policy formulation for transportation and public spaces
- Engineering design for compliant pedestrian infrastructure
- Statistical modeling of accessibility trends
- Research on urban mobility and pedestrian safety
- Advocacy for disability rights and inclusive design
- Evaluation of public infrastructure projects

Concepts and Synonyms:
- Pedestrian ramps/ramp compliance
- Curb cuts/curb ramps
- Accessibility standards/ADA compliance
- Ramp slopes/inclines
- Ramp widths/width specifications
- Object barriers/obstructions
- Crumbling concrete/structural integrity
- Urban accessibility/accessible design
- Mobility aids/wheelchair access
- Public transportation access

Keywords and Themes:
- pedestrian access
- ramp compliance
- curb cuts
- accessibility features
- urban infrastructure
- disability access
- public space navigation
- transportation equity
- compliance assessment
- infrastructure evaluation

Additional Context:
- This dataset is relevant for addressing challenges related to urban accessibility and compliance with legal standards for individuals with disabilities. It provides critical data for interdisciplinary applications, including collaboration between urban planners, engineers, and disability advocates. The insights derived from this dataset can inform improvements in public infrastructure, enhance community engagement, and promote equitable access to urban environments.","{'station': {'column_description': 'Subway Station Name'}, 'street_1': {'column_description': 'First cross-street'}, 'street_2': {'column_description': 'Second cross-street'}, 'curb_cut': {'column_description': 'Curb cut location in the intersection'}, 'center_cut': {'column_description': 'Details whether the ramp is a center cut or not'}, 'no_curb_cut': {'column_description': 'Details if there is no curb cut'}, 'ramp_id_no_id_means_a_part': {'column_description': 'Ramp ID [No ID means a part of center cut)'}, 'compliant': {'column_description': 'Determines if the ramp is compliant or not'}, 'slope_1_12_or_less': {'column_description': 'Shows the measured slope of the ramp'}, 'slope_non_comp': {'column_description': 'Determines whether the slope is compliant or not'}, 'ramp_width_36_or_more': {'column_description': 'Shows the ramp width if over 36 inches'}, 'width_non_comp': {'column_description': 'Determines whether the width is compliant or not'}, 'lip_or_bump_1_4_or_less': {'column_description': 'Shows the size of the lip of the ramp'}, 'lip_non_comp': {'column_description': 'Determines whether the lip is compliant or not'}, 'crumbling_concrete': {'column_description': 'Shows if there was crumbling concrete'}, 'crumbling_non_comp': {'column_description': 'Determines if the concrete is compliant or not'}, 'led_to_pot_hole': {'column_description': 'Shows if the ramp led to a pot hole'}, 'pot_hole_non_comp': {'column_description': 'Determines whether the ramp is compliant or if it leads to a pot hole'}, 'detectable_warnings': {'column_description': 'Shows if there are detectable warnings'}, 'warnings_non_comp': {'column_description': 'Determines if the warnings are compliant or not'}, 'object_barriers': {'column_description': 'Shows is there were objects or barriers on the ramp'}, 'objects_non_comp': {'column_description': 'Determines if the ramp is compliant or not'}, 'barriers_above': {'column_description': 'Shows if there were barriers leading to the ramp'}, 'ramp_looks_relatively_new': {'column_description': 'Shows whether the ramp looked like it was constructed recently'}}",277,24,1,1
c292-vzrn,https://data.cityofnewyork.us/d/c292-vzrn,"This dataset focuses on Labor Standards Enforcement, specifically related to Paid Safe and Sick Leave across various industries. It includes detailed records of enforcement matters opened from October 2014 to July 2023, with completion dates extending to September 2023. Each entry captures essential information such as the topic of the enforcement, the industry involved, the status of the case, and the outcomes, including any civil penalties assessed and restitution awarded. The dataset contains 700 unique opening dates and 1,295 completion dates, reflecting a wide range of enforcement activities. It also provides geographic details, including city, state, and borough, allowing for spatial analysis of labor standards compliance. This dataset can be utilized by researchers, policymakers, and advocates to analyze trends in labor law enforcement, assess the effectiveness of regulations, and identify areas needing improvement in worker protections.

Column constraints outlined in Data Dictionary:
topic: Allowed values include ""Commuter Benefits"", ""Fair Scheduling - Retail"", ""Fair Workweek"", ""Grocery Worker Retention"", ""Living Wage"", ""Paid Safe and Sick Leave"", ""Temporary Leave""; Values may also include ""Multiple Topics"" with a number in parentheses indicating the count of topics.
status: Allowed value is ""Completed"".
completed_on: Format is ISO 8601 date; Must be a date that is at least 180 days after the corresponding opened_on date.","This dataset focuses on Labor Law Enforcement, specifically tracking cases related to Paid Safe and Sick Leave across various industries. It includes records from October 2014 to September 2023, detailing the status of each case, the outcomes, and any civil penalties assessed. The dataset contains information on the number of employees involved, restitution amounts, and the geographic locations of the cases, including city, state, and borough. With 100 unique entries, it provides valuable insights for analyzing compliance with labor laws and understanding enforcement trends over time. This data can be instrumental for researchers, policymakers, and advocates in assessing labor law effectiveness.","Dataset Overview:
- This dataset focuses on Labor Standards Enforcement, specifically related to Paid Safe and Sick Leave across various industries. It includes detailed records of enforcement matters opened from October 2014 to July 2023, with completion dates extending to September 2023. Each entry captures essential information such as the topic of the enforcement, the industry involved, the status of the case, and the outcomes, including any civil penalties assessed and restitution awarded. The dataset contains 700 unique opening dates and 1,295 completion dates, reflecting a wide range of enforcement activities. It also provides geographic details, including city, state, and borough, allowing for spatial analysis of labor standards compliance. This dataset can be utilized by researchers, policymakers, and advocates to analyze trends in labor law enforcement, assess the effectiveness of regulations, and identify areas needing improvement in worker protections.

Key Themes or Topics:
- Labor Standards Enforcement
- Paid Safe and Sick Leave
- Worker Rights
- Employment Law
- Labor Compliance
- Civil Penalties
- Restitution in Labor Cases
- Industry-Specific Labor Standards
- Enforcement Trends
- Geographic Analysis of Labor Standards

Applications and Use Cases:
- Analysis of labor law enforcement trends for policymakers
- Assessment of the effectiveness of Paid Safe and Sick Leave regulations
- Identification of industries with high rates of labor standards violations
- Evaluation of civil penalties and restitution awarded in labor cases
- Spatial analysis of labor standards compliance across different regions
- Research on worker protections and enforcement outcomes

Potential Questions:
- What is the distribution of enforcement matters by industry?
- How does the status of cases differ across various topics of enforcement?
- What trends can be observed in civil penalties assessed over time?
- How has the number of completed cases changed from 2014 to 2023?
- What geographic areas show the highest rates of Paid Safe and Sick Leave violations?
- What is the average time taken to complete enforcement matters?

Concepts and Synonyms:
- Labor Standards/Worker Standards
- Paid Sick Leave/Compensated Sick Leave
- Safe Leave/Protected Leave
- Enforcement Actions/Compliance Actions
- Civil Penalties/Fines
- Restitution/Compensation
- Labor Rights/Employee Rights
- Industry Regulations/Workplace Regulations
- Compliance Monitoring/Regulatory Oversight

Keywords and Themes:
- Labor Standards Enforcement
- Paid Safe and Sick Leave
- Employment Compliance
- Worker Protections
- Civil Penalties
- Enforcement Trends
- Geographic Labor Analysis
- Labor Law Research
- Industry Compliance

Additional Context:
- This dataset is relevant for addressing challenges related to worker protections and compliance with labor laws.
- It provides valuable insights for interdisciplinary applications, including public policy, labor economics, and social justice advocacy.
- The dataset can be integrated with other labor-related datasets to enhance understanding of broader labor market dynamics and enforcement effectiveness.","**Dataset Overview:**
- This dataset focuses on Labor Law Enforcement, specifically tracking cases related to Paid Safe and Sick Leave across various industries. It includes records from October 2014 to September 2023, detailing the status of each case, the outcomes, and any civil penalties assessed. The dataset contains information on the number of employees involved, restitution amounts, and the geographic locations of the cases, including city, state, and borough. With 100 unique entries, it provides valuable insights for analyzing compliance with labor laws and understanding enforcement trends over time. This data can be instrumental for researchers, policymakers, and advocates in assessing labor law effectiveness.

**Key Themes or Topics:**
- Labor Law Enforcement
- Paid Sick Leave
- Paid Safe Leave
- Employee Rights
- Compliance Monitoring
- Civil Penalties
- Labor Standards
- Workplace Regulations
- Industry-Specific Labor Issues
- Enforcement Trends
- Case Outcomes
- Restitution and Compensation
- Geographic Distribution of Cases

**Applications and Use Cases:**
- Analyzing compliance with labor laws for policymakers
- Assessing the effectiveness of labor law enforcement for researchers
- Informing advocacy efforts for employee rights organizations
- Evaluating trends in labor law violations across industries
- Supporting legal analysis and case studies in labor law
- Guiding the development of policy recommendations for labor standards
- Understanding the impact of civil penalties on employer behavior

**Concepts and Synonyms:**
- Labor Law/Employment Law
- Sick Leave/Paid Sick Leave
- Safe Leave/Paid Safe Leave
- Compliance/Adherence
- Enforcement/Regulation
- Civil Penalties/Fines
- Restitution/Compensation
- Employee/Worker
- Case Status/Case Outcome
- Geographic Location/Region
- Labor Rights/Worker Rights
- Industry/Field

**Keywords and Themes:**
- Labor Law
- Enforcement
- Paid Leave
- Sick Leave
- Safe Leave
- Compliance
- Civil Penalties
- Employee Rights
- Case Tracking
- Labor Standards
- Geographic Analysis
- Industry Trends

**Additional Context:**
- The dataset is relevant for addressing challenges related to labor law compliance and enforcement effectiveness.
- It provides insights into the impact of labor laws on various industries and employee welfare.
- The data can be integrated with other datasets related to labor economics, public policy, and social justice to enhance interdisciplinary research and analysis.","{'opened_on': {'column_description': 'Date enforcement matter was created'}, 'topic': {'column_description': 'Law or rule allegedly violated', 'term_acronym_or_code_definitions': 'Commuter \xa0\xa0\xa0Benefits, Fair Scheduling - Retail, Fair Workweek, Grocery Worker Retention, Living Wage, Paid Safe and Sick Leave, Temporary Leave', 'additional_notes': 'Matters where allegations of more than one worker protection law are made, are reported as Multiple Topics with the number of topics provided in parentheses.'}, 'industry': {'column_description': 'General industry name of the business'}, 'status': {'column_description': 'Current status of the case', 'additional_notes': 'The dataset is filtered to only include enforcement matters that have been completed for at least 180 days.'}, 'completed_on': {'column_description': 'Original date the enforcement matter was marked as having an outcome', 'additional_notes': 'More complex enforcement matters can have multiple outcomes which can be realized at different dates.  Only the first outcome date is reported.'}, 'outcome_activity': {'column_description': 'The action that closed out the OLPS investigation or enforcement activities'}, 'civil_penalties_assessed': {'column_description': 'Total amount of fines, or Civil Penalties, assessed'}, 'total_number_of_employees': {'column_description': 'Total number of employees entitled to restitution'}, 'total_amount_of_restitution': {'column_description': 'Total amount of restitution awarded, including amounts awarded to employees who were part of the original complaint'}, 'city': {'column_description': 'Where available, the city where the respondent to the enforcement matter is located'}, 'state': {'column_description': 'Where available, the state where the respondent to the enforcement matter is located'}, 'borough_name': {'column_description': 'Where available, the New York City borough where the respondent to the enforcement matter is located'}, 'community_district': {'column_description': 'Where available, the New York City community district where the respondent to the enforcement matter is located'}, 'council_district': {'column_description': 'Where available, the New York City Council district where the respondent to the enforcement matter is located'}}","2,537",15,1,1
wapz-jfhq,https://data.cityofnewyork.us/d/wapz-jfhq,"This dataset provides comprehensive information on language access services, detailing interactions across various languages and access codes from 2016 to 2025. It includes 32,431 unique date entries, representing requests for translation services, with a temporal resolution down to the minute. The dataset features 63 different languages, highlighting the diverse linguistic needs of consumers. Each entry is associated with an access code that indicates the specific division of the Department of Consumer and Worker Protection (DCWP) through which the request was made. The duration of each service is recorded in seconds, with values ranging from 0 to 12,641 seconds, allowing for analysis of service length and efficiency. This dataset can be utilized by businesses and organizations to assess language service usage, improve communication strategies, and enhance accessibility for non-English speaking consumers, ultimately supporting better service delivery in multilingual contexts.

Column constraints outlined in Data Dictionary:
access_code: Allowed values include ""Intake"", ""Legal"", ""Licensing"", ""Adjudication"", ""Paid Sick Leave"", ""Collections"", ""Queens Enforcement"", ""Brooklyn Enforcement"", ""Manhattan Enforcement"", ""NA/Other""; Null values are not allowed.","This dataset focuses on Language Access Services, providing valuable insights into the usage of various languages in different organizational contexts. It includes records from June 15, 2016, to October 10, 2025, with data on 100 unique dates and 9 languages. The dataset captures the duration of services in seconds, ranging from 0 to 1557 seconds, and features 10 distinct access codes representing different organizations. This information can be utilized to analyze trends in language access, assess service efficiency, and improve communication strategies for diverse communities. Overall, it serves as a crucial resource for understanding and enhancing language access initiatives.","Dataset Overview:
- This dataset provides comprehensive information on language access services, detailing interactions across various languages and access codes from 2016 to 2025. It includes 32,431 unique date entries, representing requests for translation services, with a temporal resolution down to the minute. The dataset features 63 different languages, highlighting the diverse linguistic needs of consumers. Each entry is associated with an access code that indicates the specific division of the Department of Consumer and Worker Protection (DCWP) through which the request was made. The duration of each service is recorded in seconds, with values ranging from 0 to 12,641 seconds, allowing for analysis of service length and efficiency. This dataset can be utilized by businesses and organizations to assess language service usage, improve communication strategies, and enhance accessibility for non-English speaking consumers, ultimately supporting better service delivery in multilingual contexts.

Key Themes or Topics:
- Language Access Services
- Translation Services
- Multilingual Communication
- Consumer Protection
- Accessibility Services
- Linguistic Diversity
- Service Efficiency
- Department of Consumer and Worker Protection (DCWP)
- Non-English Speaking Populations
- Public Service Delivery

Applications and Use Cases:
- Analysis of language service usage trends for policymakers and service providers.
- Assessment of communication strategies for businesses serving diverse populations.
- Evaluation of service efficiency in language access programs.
- Research on the impact of language barriers on consumer access to services.
- Development of training programs for staff in multilingual service environments.
- Improvement of accessibility initiatives for non-English speaking consumers.

Potential Questions:
- What is the distribution of language access service requests by access code?
- How does the duration of translation services vary across different languages?
- What trends can be observed in language access service requests from 2016 to 2025?
- How do service requests differ between various divisions of the DCWP?
- What are the most commonly requested languages for translation services?
- How has the efficiency of language access services changed over time?

Concepts and Synonyms:
- Language Access/Language Accessibility
- Translation/Interpretation Services
- Multilingualism/Polyglot Services
- Consumer Rights/Consumer Advocacy
- Service Duration/Service Length
- Access Codes/Service Codes
- Non-English Speakers/LEP (Limited English Proficiency) Individuals
- Public Services/Community Services
- Linguistic Needs/Language Requirements

Keywords and Themes:
- Language Access
- Translation Requests
- Multilingual Services
- Consumer Protection Services
- Service Efficiency Metrics
- Access Codes
- Linguistic Diversity
- Non-English Communication
- Public Service Accessibility
- DCWP Services

Additional Context:
- This dataset is relevant for addressing challenges related to language barriers in public service delivery.
- It supports interdisciplinary research in linguistics, public policy, and consumer rights.
- The dataset can be integrated with other datasets focused on demographic information to enhance understanding of language access needs in specific communities.
- It provides valuable insights for organizations aiming to improve their outreach and service delivery to non-English speaking populations.","Dataset Overview:
- This dataset focuses on Language Access Services, providing valuable insights into the usage of various languages in different organizational contexts. It includes records from June 15, 2016, to October 10, 2025, with data on 100 unique dates and 9 languages. The dataset captures the duration of services in seconds, ranging from 0 to 1557 seconds, and features 10 distinct access codes representing different organizations. This information can be utilized to analyze trends in language access, assess service efficiency, and improve communication strategies for diverse communities. Overall, it serves as a crucial resource for understanding and enhancing language access initiatives.

Key Themes or Topics:
- Language Access Services
- Multilingual Communication
- Language Diversity
- Organizational Language Support
- Community Engagement
- Accessibility in Communication
- Cross-Cultural Communication
- Language Barriers
- Service Efficiency in Language Access

Applications and Use Cases:
- Analysis for language service providers
- Policy formulation for language access initiatives
- Research on multilingual service delivery
- Assessment of organizational communication strategies
- Evaluation of community outreach programs
- Improvement of service delivery for non-English speakers
- Development of training programs for language access staff
- Statistical modeling of language service usage trends

Concepts and Synonyms:
- Language Access/Language Accessibility
- Interpretation Services/Translation Services
- Bilingual Services/Multilingual Services
- Language Support/Language Assistance
- Cultural Competence/Cross-Cultural Competence
- Communication Barriers/Language Barriers
- Service Duration/Service Time
- Access Codes/Service Codes
- Organizational Context/Institutional Context

Keywords and Themes:
- language access
- multilingual services
- community services
- language support
- service efficiency
- communication strategies
- accessibility
- interpretation
- translation
- cultural diversity

Additional Context:
- Highlights the importance of language access in public health, education, and social services.
- Emphasizes the dataset's utility for improving service delivery to linguistically diverse populations.
- Relevant for interdisciplinary studies involving linguistics, sociology, public policy, and community development.
- Supports initiatives aimed at reducing language barriers in various sectors, including healthcare, legal, and educational services.","{'language': {'column_description': 'The language that was requested.'}, 'access_code': {'column_description': 'The DCWP division through which the request was made.', 'additional_notes': 'See Appendix A for descriptions.'}, 'duration_seconds': {'column_description': 'The length of the translation service in seconds.'}}",32,4,1,1
m4ph-grrm,https://data.cityofnewyork.us/d/m4ph-grrm,"This dataset contains detailed records of licenses issued by the Department of Consumer Affairs (DCA) in New York City, covering both businesses and individuals. It includes essential information such as license numbers, types, creation and expiration dates, status, and business codes, providing a comprehensive view of the licensing landscape. The dataset spans a wide temporal range, with license creation dates from 1994 to 2013 and expiration dates extending to 2015. Spatial data, including latitude and longitude, allows for geographical analysis of license distribution across various boroughs and neighborhoods. With over 195,000 unique license numbers and a rich semantic profile, this dataset can be utilized for research on consumer protection, business compliance, and urban planning, making it a valuable resource for city government, industry stakeholders, and researchers interested in the dynamics of business operations within New York City.

Column constraints outlined in Data Dictionary:
dca_license_number: Unique identifier; may appear multiple times due to business changes  
license_type: Allowed values: Business, Individual  
license_creation_date: Date format: MM/DD/YYYY; must be a valid date  
license_expiration_date: Date format: MM/DD/YYYY; must be a valid date; reflects last-recorded expiration date  
license_status: Allowed values: See Appendix 2 for a full list of License Statuses  
license_status_date: Date format: MM/DD/YYYY; must be a valid date; reflects last date the license record was updated  
address_building: Typically a building number; may be null for individual licensees  
address_street_name: May be null for individual licensees  
borough_code: Allowed values: 01 = Manhattan; 02 = Bronx; 03 = Brooklyn; 04 = Queens; 05 = Staten Island; Outside NYC or N/A; may be null for individual licensees  
community_board: May be null for individual licensees  
council_district: May be null for individual licensees  
latitude: Must be a valid geographic coordinate  
longitude: Must be a valid geographic coordinate","This dataset contains License Status Records, providing detailed information about various business and individual licenses, including their creation and expiration dates, status, and associated business details. It features 100 unique entries, with data spanning from 1994 to 2015, covering various locations across New York. Each record includes identifiers such as the DCA license number and business codes, along with contact information and geographic coordinates. This dataset can be utilized for analyzing licensing trends, monitoring compliance, and understanding the status of businesses and individuals within the licensing framework. It serves as a valuable resource for regulatory agencies, researchers, and policymakers.","Dataset Overview:
- This dataset contains detailed records of licenses issued by the Department of Consumer Affairs (DCA) in New York City, covering both businesses and individuals. It includes essential information such as license numbers, types, creation and expiration dates, status, and business codes, providing a comprehensive view of the licensing landscape. The dataset spans a wide temporal range, with license creation dates from 1994 to 2013 and expiration dates extending to 2015. Spatial data, including latitude and longitude, allows for geographical analysis of license distribution across various boroughs and neighborhoods. With over 195,000 unique license numbers and a rich semantic profile, this dataset can be utilized for research on consumer protection, business compliance, and urban planning, making it a valuable resource for city government, industry stakeholders, and researchers interested in the dynamics of business operations within New York City.

Key Themes or Topics:
- Licensing and Permits
- Consumer Affairs
- Business Compliance
- Urban Planning
- Regulatory Framework
- Economic Development
- Public Administration
- Geographic Distribution of Licenses
- Business Operations in Urban Environments

Applications and Use Cases:
- Analysis of business compliance with licensing regulations
- Research on consumer protection and safety standards
- Urban planning and zoning analysis based on license distribution
- Policy formulation for business operations and consumer affairs
- Statistical modeling of licensing trends over time
- Evaluation of economic activity in different boroughs and neighborhoods
- Geographic analysis of business types and their locations

Potential Questions:
- What is the distribution of business licenses across different boroughs in New York City?
- How does the expiration rate of licenses vary by license type (Business vs. Individual)?
- What trends can be observed in license creation dates from 1994 to 2013?
- How many licenses are currently active versus expired in a specific community board?
- What is the relationship between license status and geographic location (latitude and longitude)?
- How do license types differ in terms of their creation and expiration dates?

Concepts and Synonyms:
- Licensing/Permitting
- Consumer Protection/Consumer Affairs
- Business Licenses/Business Permits
- Individual Licenses/Personal Licenses
- Regulatory Compliance/Business Compliance
- Urban Development/Urban Planning
- Geographic Information Systems (GIS)/Spatial Analysis
- License Status/License Type

Keywords and Themes:
- License Records
- Department of Consumer Affairs (DCA)
- New York City Licensing
- Business Operations
- License Expiration
- License Creation
- Geographic Distribution
- Community Boards
- Council Districts

Additional Context:
- This dataset is crucial for understanding the regulatory environment surrounding businesses in New York City and can inform discussions on consumer safety and business practices.
- It provides valuable insights for urban planners and policymakers aiming to enhance business compliance and consumer protection measures.
- The dataset can be integrated with other datasets related to economic activity, demographic information, and urban infrastructure to provide a more comprehensive analysis of the business landscape in New York City.","Dataset Overview:
- This dataset contains License Status Records, providing detailed information about various business and individual licenses, including their creation and expiration dates, status, and associated business details. It features 100 unique entries, with data spanning from 1994 to 2015, covering various locations across New York. Each record includes identifiers such as the DCA license number and business codes, along with contact information and geographic coordinates. This dataset can be utilized for analyzing licensing trends, monitoring compliance, and understanding the status of businesses and individuals within the licensing framework. It serves as a valuable resource for regulatory agencies, researchers, and policymakers.

Key Themes or Topics:
- Licensing and Permits
- Business Compliance
- Regulatory Framework
- Individual and Business Licensing
- Geographic Distribution of Licenses
- Temporal Analysis of License Status
- Business Operations and Licensing Trends

Applications and Use Cases:
- Compliance monitoring for regulatory agencies
- Trend analysis for researchers studying licensing patterns
- Policy formulation for local government and regulatory bodies
- Risk assessment for businesses regarding license status
- Geographic analysis of license distribution across New York
- Historical analysis of licensing trends over time

Concepts and Synonyms:
- License Status/License Condition
- Business License/Commercial License
- Individual License/Personal License
- Expiration Date/Validity Period
- Creation Date/Issuance Date
- Regulatory Compliance/Adherence to Regulations
- Licensing Authority/Regulatory Agency
- DCA License Number/Department of Consumer Affairs License Number
- Business Codes/Industry Codes
- Geographic Coordinates/Location Data

Keywords and Themes:
- License Records
- Business Licensing
- Compliance Data
- Regulatory Data
- License Expiration
- License Creation
- New York Licensing
- Business Operations
- License Monitoring
- Licensing Trends

Additional Context:
- This dataset is relevant for addressing challenges related to business compliance and regulatory oversight in New York.
- It provides insights into the effectiveness of licensing regulations and their impact on business operations.
- The dataset can be integrated with other datasets related to economic activity, public policy, and urban development for comprehensive analysis.","{'dca_license_number': {'column_description': 'An identification number issued to businesses/individuals to operate legally for the duration of their license term.', 'additional_notes': 'DCA - Department of Consumer Affairs (old designation for the DCWP).\n\nCertain license numbers appear more than once in the dataset.  This is often the result of a business moving to a new address or a business stating at the same address but changing its name.  Certain individual license numbers were issued for two different business codes (""Auctioneer (Day)"" and ""Auctioneer (Nigh)t"" for example).'}, 'license_type': {'column_description': 'Indicates whether the licensee is a business or an individual.', 'expected_per_allowed_values': 'Business or Individual', 'additional_notes': 'This is a calculated value based on business code. See Appendix 1 for more information.'}, 'license_creation_date': {'column_description': 'The date the license record was created.', 'expected_per_allowed_values': 'Date in MM/DD/YYYY format'}, 'license_expiration_date': {'column_description': 'Expiration date of the License as of the last time the license was updated in the system.', 'expected_per_allowed_values': 'Date in MM/DD/YYYY format', 'additional_notes': 'This column reflects the last-recorded expiration date for a license record in the CAMIS system.'}, 'license_status': {'column_description': 'This indicates the status of the license as of the license status date.', 'expected_per_allowed_values': 'See Appendix 2 for a full list of License Statuses.', 'additional_notes': 'This column reflects the last-recorded status of a license record in the CAMIS system.'}, 'license_status_date': {'column_description': 'The date the license status was last updated in the system.', 'expected_per_allowed_values': 'Date in MM/DD/YYYY format', 'additional_notes': 'This column reflects the last date the license record was updated in the CAMIS system.'}, 'business_code': {'column_description': 'The code associated with the business category or business activity requiring a DCA-issued license in order to operate leally.', 'expected_per_allowed_values': 'See Appendix 1 for a full list of codes and descriptions.'}, 'business_code_description': {'column_description': 'The business category or business activity requiring a DCA-issued license in order to operate legally.', 'expected_per_allowed_values': 'See Appendix 1 for a full list of codes and descriptions.'}, 'business_name': {'column_description': 'The legal business name as filed with the New York State Secretary of State or County Clerk or, if an individual, the person’s last name and first name.', 'field_limitations': 'Null values reflect missing data due to imperfect data collection.'}, 'business_name2': {'column_description': 'If applicable, the Doing-Business-As (DBA), or trade name.', 'field_limitations': ""This field is only populated for businesses having a DBA or Trade Name registered with the New York State's Department of State.""}, 'address_building': {'column_description': ""Building number of the business's premise address."", 'expected_per_allowed_values': 'Typically a building number associated with a street address.  See Appendix 3 for additional notes.', 'field_limitations': 'Null values are due to missing data and, Individual licensees (based on ""License Type"") do not have a specific business location.', 'additional_notes': 'Due to inconsistent data collection and the need to accommodate different address types (especially international) there is a significant amount of variation in the values.   Only common values are covered in Appendix 3.  Other values can be attributed to typos or unconventional address types.'}, 'address_street_name': {'column_description': 'Street name where the business is located.', 'field_limitations': 'Null values are due to missing data and, Individual licensees (based on ""License Type"") do not have a specific business location.', 'additional_notes': ""If the business is located at an intersection, this will be the primary facing street of the business's location.""}, 'secondary_address_street': {'column_description': ""The secondary cross street of the business's location."", 'field_limitations': ""Null values are mostly due to the business's address type - typically only intersection addresses have a value.""}, 'address_city': {'column_description': ""City where the business is located. If an individual license, the City of the licensee's mailing address."", 'field_limitations': 'Null values reflect missing data due to imperfect data collection.'}, 'address_state': {'column_description': ""State where the business is located. If an individual license, the State of the licensee's mailing address."", 'field_limitations': 'Null values reflect missing data due to imperfect data collection.'}, 'contact_phone_number': {'column_description': 'The phone number of the business.', 'field_limitations': 'Null values reflect missing data due to imperfect data collection.'}, 'borough_code': {'column_description': 'Borough Code of the Borough where the business is located.', 'expected_per_allowed_values': '01 = Manhattan; 02 = Bronx; 03 = Brooklyn; 04 = Queens; 05 = Staten Island; Outside NYC or N/A', 'field_limitations': 'Null values are due to missing data or businesses being located outside of NYC or,  Individual licensees (based on ""License Type"") do not have a specific business location.'}, 'council_district': {'column_description': 'The Community District where the business is located.', 'field_limitations': 'Null values are due to missing data or businesses being located outside of NYC or,  Individual licensees (based on ""License Type"") do not have a specific business location.'}, 'community_board': {'column_description': 'The City Council District where the business is located.', 'field_limitations': 'Null values are due to missing data or businesses being located outside of NYC or,  Individual licensees (based on ""License Type"") do not have a specific business location.'}, 'borough': {'column_description': 'Borough in which the building is located', 'additional_notes': 'This column was generated by the Open Data team (Office of Technology and Innovation) as part of the geocoding process.'}, 'latitude': {'column_description': ""Latitude of the building's location"", 'additional_notes': 'This column was generated by the Open Data team (Office of Technology and Innovation) as part of the geocoding process.'}, 'longitude': {'column_description': ""Longitude of the building's location"", 'additional_notes': 'This column was generated by the Open Data team (Office of Technology and Innovation) as part of the geocoding process.'}, 'bin': {'column_description': 'The BIN (Building Identification Number) is a unique identifier for each building in the City', 'additional_notes': 'This column was generated by the Open Data team (Office of Technology and Innovation) as part of the geocoding process.'}, 'bbl': {'column_description': 'The BBL (Borough, Block, and Lot) is a unique identifier for each tax lot in the City', 'additional_notes': 'This column was generated by the Open Data team (Office of Technology and Innovation) as part of the geocoding process.'}}",195,27,1,1
7pza-ynkh,https://data.cityofnewyork.us/d/7pza-ynkh,"This dataset provides detailed information on the largest procurement contracts awarded by various agencies in New York City from 2018 to 2020. It includes key attributes such as the fiscal year, agency responsible for the contract, vendor name, purpose of the contract, and the contract value. The dataset features three unique fiscal years and twelve different agencies, highlighting a diverse range of services and projects, from economic development to emergency response. The contract values range significantly, reflecting the scale of these procurements, with amounts reaching up to over six billion dollars. Each entry serves as a temporal and organizational reference, allowing for aggregation and analysis of spending patterns. This dataset is particularly useful for researchers, policymakers, and analysts interested in understanding the financial commitments of the city, evaluating vendor performance, and assessing the impact of these contracts on community services and infrastructure development.","This dataset contains information on the largest procurement contracts awarded by various agencies in New York City from 2018 to 2020. It includes key details such as the fiscal year, agency, vendor name, purpose of the contract, and the contract value. The dataset features three unique fiscal years and twelve different agencies, highlighting the diverse range of services procured. Each entry describes the specific task or contract and provides a monetary value associated with it. This dataset can be utilized for analyzing trends in public spending, understanding agency priorities, and evaluating the impact of procurement on city services.","**Dataset Overview:**
- This dataset provides detailed information on the largest procurement contracts awarded by various agencies in New York City from 2018 to 2020. It includes key attributes such as the fiscal year, agency responsible for the contract, vendor name, purpose of the contract, and the contract value. The dataset features three unique fiscal years and twelve different agencies, highlighting a diverse range of services and projects, from economic development to emergency response. The contract values range significantly, reflecting the scale of these procurements, with amounts reaching up to over six billion dollars. Each entry serves as a temporal and organizational reference, allowing for aggregation and analysis of spending patterns. This dataset is particularly useful for researchers, policymakers, and analysts interested in understanding the financial commitments of the city, evaluating vendor performance, and assessing the impact of these contracts on community services and infrastructure development.

**Key Themes or Topics:**
- Public procurement
- Government contracts
- Fiscal management
- Urban development
- Economic development
- Vendor performance evaluation
- Emergency response services
- Infrastructure projects
- Agency spending analysis
- Contract value assessment

**Applications and Use Cases:**
- Analysis of public spending trends for government agencies
- Evaluation of vendor performance and accountability
- Assessment of the impact of procurement contracts on community services
- Policy formulation regarding public procurement practices
- Statistical modeling of contract values and agency expenditures
- Research on economic development initiatives funded by procurement contracts
- Comparative analysis of contract distributions across different agencies

**Potential Questions:**
- What is the distribution of contract values awarded by each agency?
- How do contract values differ across the three fiscal years?
- What are the most common purposes for procurement contracts in New York City?
- Which vendors received the highest contract values during the specified period?
- How has the total spending on procurement contracts changed from 2018 to 2020?
- What trends can be observed in emergency response contract allocations?

**Concepts and Synonyms:**
- Procurement contracts / government contracts
- Contract value / contract amount
- Fiscal year / budget year
- Agency / governmental agency
- Vendor / supplier
- Economic development / public investment
- Infrastructure development / public works
- Spending patterns / expenditure analysis
- Community services / public services

**Keywords and Themes:**
- New York City procurement
- largest contracts
- public sector spending
- agency contracts
- vendor analysis
- fiscal year contracts
- emergency services contracts
- economic impact
- infrastructure funding
- public accountability

**Additional Context:**
- This dataset is relevant for understanding the financial dynamics of public sector procurement in urban settings, particularly in relation to economic recovery and development strategies post-2020. 
- It can be integrated with other datasets related to urban planning, economic indicators, and public service delivery to provide a comprehensive view of the impact of procurement on city services and infrastructure.
- The dataset serves as a critical resource for interdisciplinary research involving public administration, economics, and urban studies.","Dataset Overview:
- This dataset contains information on the largest procurement contracts awarded by various agencies in New York City from 2018 to 2020. It includes key details such as the fiscal year, agency, vendor name, purpose of the contract, and the contract value. The dataset features three unique fiscal years and twelve different agencies, highlighting the diverse range of services procured. Each entry describes the specific task or contract and provides a monetary value associated with it. This dataset can be utilized for analyzing trends in public spending, understanding agency priorities, and evaluating the impact of procurement on city services.

Key Themes or Topics:
- Public Procurement
- Government Contracts
- Fiscal Management
- Urban Development
- Public Sector Spending
- Vendor Management
- Contractual Obligations
- Agency Operations
- Economic Impact Analysis
- Service Delivery

Applications and Use Cases:
- Analyzing public expenditure trends for budget planning
- Evaluating agency performance and accountability in procurement
- Informing policy decisions related to public contracts
- Supporting research on public sector efficiency and effectiveness
- Assessing the impact of procurement on local economies
- Identifying opportunities for cost savings and resource allocation
- Enhancing transparency in government spending

Concepts and Synonyms:
- Procurement Contracts / Contract Awards
- Fiscal Year / Budget Year
- Agency / Government Agency / Public Agency
- Vendor / Supplier / Contractor
- Contract Value / Monetary Value / Financial Amount
- Public Spending / Government Expenditure
- Service Procurement / Contractual Services
- Contract Purpose / Contract Description
- Awarded Contracts / Contract Allocations

Keywords and Themes:
- NYC Procurement
- Largest Contracts
- Public Sector Procurement
- Contract Analysis
- Vendor Relationships
- Fiscal Accountability
- Agency Spending Trends
- Economic Development
- Public Service Contracts
- Contract Management

Additional Context:
- This dataset is relevant for understanding the dynamics of public procurement in urban settings, particularly in New York City, where diverse services are contracted out to various vendors. It provides insights into how public funds are allocated and spent, which is crucial for addressing issues of transparency, efficiency, and accountability in government operations. The dataset can also be integrated with other datasets related to urban planning, economic development, and public policy to provide a more comprehensive view of the impacts of procurement on city services and community welfare.",,45,5,0,1
rqvv-d722,https://data.cityofnewyork.us/d/rqvv-d722,"This dataset provides detailed information on the largest procurement contracts awarded by various agencies from 2018 to 2020. It includes key attributes such as the fiscal year, agency, vendor name, purpose of the contract, and the contract value, with values ranging from approximately 19.3 million to 645.3 million dollars. The dataset features three unique fiscal years and three agencies, highlighting the financial commitments made for services and products across different sectors. Each entry describes the specific purpose of the contract, which can be useful for understanding procurement trends and priorities within the city. The semantic profile indicates that the data serves as an aggregation key for financial analysis, allowing users to measure and analyze spending patterns. This dataset is particularly valuable for researchers, policymakers, and organizations interested in public procurement, contract requirements, and the overall financial landscape of city services.","This dataset contains information on procurement contracts awarded by various agencies, covering fiscal years up to 2020. It includes details such as the agency involved, the vendor name, the purpose of the contract, and the contract value. The dataset features three unique fiscal years and three agencies, with a range of contract values reflecting significant financial commitments. Each entry describes the function of the contract, providing insights into the services procured within the city. This dataset can be utilized for analyzing spending patterns, vendor relationships, and the overall procurement landscape in the public sector.","Dataset Overview:
- This dataset provides detailed information on the largest procurement contracts awarded by various agencies from 2018 to 2020. It includes key attributes such as the fiscal year, agency, vendor name, purpose of the contract, and the contract value, with values ranging from approximately 19.3 million to 645.3 million dollars. The dataset features three unique fiscal years and three agencies, highlighting the financial commitments made for services and products across different sectors. Each entry describes the specific purpose of the contract, which can be useful for understanding procurement trends and priorities within the city. The semantic profile indicates that the data serves as an aggregation key for financial analysis, allowing users to measure and analyze spending patterns. This dataset is particularly valuable for researchers, policymakers, and organizations interested in public procurement, contract requirements, and the overall financial landscape of city services.

Key Themes or Topics:
- Public procurement
- Government contracts
- Fiscal analysis
- Contract management
- Vendor relationships
- Financial commitments
- Procurement trends
- Agency spending
- Economic impact of contracts
- Public sector expenditure

Applications and Use Cases:
- Facilitates analysis for public sector financial analysts
- Useful for policymakers in evaluating procurement strategies
- Supports researchers studying public spending and contract efficiency
- Enables insights into vendor performance and selection processes
- Assists in identifying trends in government spending across different sectors
- Aids in budget planning and resource allocation for agencies

Potential Questions:
- What is the distribution of contract values across different agencies?
- How do procurement contracts vary by fiscal year?
- What are the most common purposes for awarded contracts?
- How does the total contract value differ between agencies?
- What trends can be observed in procurement spending over the three fiscal years?
- Which vendors received the highest contract values, and for what purposes?

Concepts and Synonyms:
- Procurement contracts/contract awards
- Public sector procurement/government procurement
- Contract value/contract amount
- Fiscal year/financial year
- Vendor/supplier
- Agency/department
- Spending patterns/expenditure analysis
- Contract purpose/contract description
- Financial commitments/financial obligations

Keywords and Themes:
- procurement
- contracts
- government spending
- fiscal analysis
- vendor management
- public sector
- financial data
- economic analysis
- contract trends
- agency budgets

Additional Context:
- This dataset is relevant for understanding the dynamics of public procurement and its implications for economic policy and governance.
- It provides a foundation for comparative studies on procurement practices across different jurisdictions or sectors.
- The dataset can be integrated with other financial datasets to enhance analyses of public expenditure and accountability in government operations.","Dataset Overview:
- This dataset contains information on procurement contracts awarded by various agencies, covering fiscal years up to 2020. It includes details such as the agency involved, the vendor name, the purpose of the contract, and the contract value. The dataset features three unique fiscal years and three agencies, with a range of contract values reflecting significant financial commitments. Each entry describes the function of the contract, providing insights into the services procured within the city. This dataset can be utilized for analyzing spending patterns, vendor relationships, and the overall procurement landscape in the public sector.

Key Themes or Topics:
- Procurement Contracts
- Public Sector Procurement
- Government Contracting
- Fiscal Management
- Vendor Management
- Contractual Obligations
- Financial Commitments
- Agency Spending
- Public Expenditure Analysis
- Economic Development

Applications and Use Cases:
- Analyzing public sector spending trends
- Evaluating vendor performance and relationships
- Informing policy decisions related to procurement
- Supporting budgetary planning and fiscal analysis
- Conducting research on public contracts and procurement practices
- Enhancing transparency in government spending
- Identifying opportunities for cost savings in procurement
- Assessing compliance with procurement regulations

Concepts and Synonyms:
- Procurement/Acquisition
- Contracting/Contract Management
- Vendor/Supplier
- Agency/Department
- Fiscal Year/Financial Year
- Contract Value/Contract Amount
- Public Sector/State Sector
- Spending Patterns/Expenditure Trends
- Services Procured/Contractual Services
- Awarded Contracts/Granted Contracts

Keywords and Themes:
- procurement contracts
- government contracts
- public procurement
- contract analysis
- vendor relationships
- fiscal analysis
- agency spending
- public expenditure
- contract value
- procurement landscape

Additional Context:
- This dataset is relevant for addressing challenges in public procurement efficiency and transparency.
- It provides valuable insights for researchers studying the impact of government spending on local economies.
- The dataset can be integrated with other financial datasets to enhance understanding of public sector financial management and accountability.
- It supports interdisciplinary applications, including economics, public administration, and data science.",,30,5,0,1
8hgr-brxd,https://data.cityofnewyork.us/d/8hgr-brxd,"This dataset, titled ""Compliance Audit Dates,"" contains essential information regarding audit dates generated for process serving agencies. It includes three columns: month_year, randomly_generated_audit, and alternate_randomly_generated, each with 83 unique values. The month_year column provides a monthly resolution of temporal data, spanning from December 2011 to August 2018, while the other two columns offer daily resolution data for audit dates, covering from January 2012 to September 2018. The randomly_generated_audit date is intended for agencies to address specific compliance questions related to process servers, while the alternate_randomly_generated date serves as a backup for instances when the primary audit date is not applicable. This dataset is crucial for ensuring compliance with consent orders and enhancing the accountability of process servers, making it a valuable resource for agencies aiming to maintain accurate records and improve their auditing processes.

Column constraints outlined in Data Dictionary:
month_year: format must be ""YYYY-MM-DDTHH:MM:SS.sss""; temporal coverage from 2011-12-01 to 2018-10-01  
randomly_generated_audit: format must be ""YYYY-MM-DDTHH:MM:SS.sss""; must be later than month_year  
alternate_randomly_generated: format must be ""YYYY-MM-DDTHH:MM:SS.sss""; must be later than randomly_generated_audit","This dataset focuses on Process Server Compliance and includes three columns: month_year, randomly_generated_audit, and alternate_randomly_generated. Each column contains 83 unique values, with month_year representing monthly data from December 2011 to August 2018, while the other two columns provide daily data from January 2012 to September 2018. The dataset can be utilized to analyze compliance trends over time, assess the effectiveness of process serving, and identify patterns in audit activities. It serves as a valuable resource for researchers and professionals interested in understanding compliance dynamics within the process serving industry.","Dataset Overview:
- This dataset, titled ""Compliance Audit Dates,"" contains essential information regarding audit dates generated for process serving agencies. It includes three columns: month_year, randomly_generated_audit, and alternate_randomly_generated, each with 83 unique values. The month_year column provides a monthly resolution of temporal data, spanning from December 2011 to August 2018, while the other two columns offer daily resolution data for audit dates, covering from January 2012 to September 2018. The randomly_generated_audit date is intended for agencies to address specific compliance questions related to process servers, while the alternate_randomly_generated date serves as a backup for instances when the primary audit date is not applicable. This dataset is crucial for ensuring compliance with consent orders and enhancing the accountability of process servers, making it a valuable resource for agencies aiming to maintain accurate records and improve their auditing processes.

Key Themes or Topics:
- Compliance Auditing
- Process Serving Accountability
- Regulatory Compliance
- Audit Scheduling
- Temporal Data Analysis
- Agency Oversight
- Legal Compliance
- Data Integrity in Auditing

Applications and Use Cases:
- Facilitates compliance analysis for legal professionals and process serving agencies.
- Useful for developing audit schedules and ensuring adherence to regulatory requirements.
- Enables insights into compliance trends and patterns over time for process serving agencies.
- Assists in evaluating the effectiveness of compliance measures and audit processes.
- Supports research on the impact of audit dates on agency performance and accountability.

Potential Questions:
- What is the distribution of randomly_generated_audit dates across the specified time frame?
- How do the alternate_randomly_generated dates compare to the primary randomly_generated_audit dates in terms of frequency?
- How has the number of compliance audits changed over the months from December 2011 to August 2018?
- What patterns can be observed in the timing of compliance audits relative to the month_year data?
- Are there any significant gaps in the audit dates that could indicate compliance issues?

Concepts and Synonyms:
- Compliance Audit/Regulatory Audit
- Process Serving/Legal Process Serving
- Audit Date/Compliance Date
- Temporal Data/Time Series Data
- Accountability/Responsibility
- Consent Orders/Legal Orders
- Data Quality/Data Accuracy

Keywords and Themes:
- Compliance
- Audit Dates
- Process Serving Agencies
- Regulatory Oversight
- Temporal Analysis
- Data Management
- Accountability Measures
- Legal Compliance Records

Additional Context:
- This dataset is relevant for addressing challenges in maintaining compliance with legal standards and improving the accountability of process serving agencies.
- It provides a foundation for interdisciplinary applications, integrating legal studies, data analysis, and compliance management.
- The dataset can be utilized in conjunction with other datasets related to legal processes, regulatory frameworks, and agency performance metrics to enhance overall insights into compliance practices.","Dataset Overview:
- This dataset focuses on Process Server Compliance and includes three columns: month_year, randomly_generated_audit, and alternate_randomly_generated. Each column contains 83 unique values, with month_year representing monthly data from December 2011 to August 2018, while the other two columns provide daily data from January 2012 to September 2018. The dataset can be utilized to analyze compliance trends over time, assess the effectiveness of process serving, and identify patterns in audit activities. It serves as a valuable resource for researchers and professionals interested in understanding compliance dynamics within the process serving industry.

Key Themes or Topics:
- Process Server Compliance
- Legal Compliance
- Process Serving Industry
- Audit and Compliance Trends
- Regulatory Compliance
- Legal Process and Procedures
- Data Analysis in Legal Contexts
- Compliance Monitoring
- Performance Metrics in Process Serving

Applications and Use Cases:
- Facilitates analysis for legal professionals, compliance officers, researchers, and policymakers.
- Useful for assessing compliance effectiveness in process serving operations.
- Enables insights into trends in audit activities and compliance rates over time.
- Supports the development of compliance strategies and best practices in the legal field.
- Assists in identifying areas for improvement in process serving methodologies.

Concepts and Synonyms:
- Process Serving/Service of Process
- Compliance Monitoring/Compliance Auditing
- Legal Audits/Regulatory Audits
- Data Analysis/Statistical Analysis
- Compliance Trends/Compliance Patterns
- Process Server/Legal Messenger
- Audit Activities/Compliance Checks
- Regulatory Framework/Legal Standards

Keywords and Themes:
- Process Server Compliance
- Compliance Trends
- Audit Data
- Legal Compliance Metrics
- Process Serving Effectiveness
- Monthly Compliance Analysis
- Daily Audit Data
- Compliance Dynamics

Additional Context:
- Highlights the dataset's relevance to understanding the effectiveness of process serving in the legal system.
- Emphasizes its value for legal practitioners seeking to enhance compliance and operational efficiency.
- Supports interdisciplinary research by integrating legal studies with data analysis methodologies.
- Addresses challenges in maintaining compliance within the process serving industry and offers insights for improvement.","{'month_year': {'column_description': 'Month and year of the generated audit date'}, 'randomly_generated_audit': {'column_description': 'Randomly generated audit date that process serving agencies should use to answer Questions 30, 31, and 32 for every process server who served process on behalf of the agency during the previous month.'}, 'alternate_randomly_generated': {'column_description': 'Date to use if the process server being reviewed did not serve process on the randomly generated audit date. '}}",83,3,1,1
ga3c-v25a,https://data.cityofnewyork.us/d/ga3c-v25a,"This dataset focuses on Trust Fund Invasions, detailing cases involving various businesses, primarily in the home improvement and towing industries. It includes records of financial withdrawals from trust funds, specifying the reasons for these withdrawals, such as fines or consumer restitution. The dataset contains 472 unique records, with each entry featuring a unique identifier, the date the case was opened, the business name, the industry type, and the amount withdrawn. The temporal coverage spans from January 29, 2013, to February 4, 2023, with completion dates ranging from February 3, 2014, to December 29, 2019. This information can be utilized for analyzing trends in trust fund invasions, understanding the financial implications for businesses, and assessing compliance within the home improvement sector. The dataset serves as a valuable resource for researchers, policymakers, and industry stakeholders interested in financial accountability and consumer protection.

Column constraints outlined in Data Dictionary:
record_id: format is a combination of alphanumeric characters and dashes; must be unique  
date_opened: format is ISO 8601 date-time (YYYY-MM-DDTHH:MM:SS.sss); must not be null  
business_name: must not be null  
industry: allowed values include ""Home Improvement Contractor - 100"", ""Tow Truck Company - 124"", ""Collections Case"", ""Home Improvement Salesperson - 101""; must not be null  
amount: must be a positive numeric value; must not be null  
date_completed: format is ISO 8601 date-time (YYYY-MM-DDTHH:MM:SS.sss); must not be null","This dataset focuses on Trust Fund Violations, specifically detailing cases involving various businesses in the home improvement and towing industries. It includes records of withdrawals, the basis for these withdrawals, and the associated monetary amounts. The dataset spans from April 2013 to June 2022, with completion dates extending to May 2023. Each entry is identified by a unique record ID and includes information on the business name, industry type, and the nature of the violation. This dataset can be utilized for analyzing trends in trust fund violations, assessing compliance within the industry, and informing regulatory actions.","Dataset Overview:
- This dataset focuses on Trust Fund Invasions, detailing cases involving various businesses, primarily in the home improvement and towing industries. It includes records of financial withdrawals from trust funds, specifying the reasons for these withdrawals, such as fines or consumer restitution. The dataset contains 472 unique records, with each entry featuring a unique identifier, the date the case was opened, the business name, the industry type, and the amount withdrawn. The temporal coverage spans from January 29, 2013, to February 4, 2023, with completion dates ranging from February 3, 2014, to December 29, 2019. This information can be utilized for analyzing trends in trust fund invasions, understanding the financial implications for businesses, and assessing compliance within the home improvement sector. The dataset serves as a valuable resource for researchers, policymakers, and industry stakeholders interested in financial accountability and consumer protection.

Key Themes or Topics:
- Trust Fund Management
- Financial Accountability
- Consumer Protection
- Business Compliance
- Home Improvement Industry
- Towing Industry
- Regulatory Oversight
- Financial Withdrawals
- Case Analysis
- Industry Trends

Applications and Use Cases:
- Analyzing trends in trust fund invasions for regulatory compliance.
- Assessing the financial impact of trust fund withdrawals on businesses.
- Evaluating consumer restitution cases within the home improvement sector.
- Informing policymakers on the effectiveness of regulations in the towing industry.
- Conducting statistical modeling of financial withdrawals over time.

Potential Questions:
- What is the distribution of trust fund withdrawal amounts across different industries?
- How do trust fund invasion cases differ between home improvement contractors and towing companies?
- What trends can be observed in the number of trust fund invasions from 2013 to 2023?
- What are the common reasons for financial withdrawals from trust funds in this dataset?
- How does the completion date of cases correlate with the amount withdrawn?

Concepts and Synonyms:
- Trust Fund Invasion/Trust Fund Misappropriation
- Financial Withdrawal/Monetary Withdrawal
- Consumer Restitution/Consumer Compensation
- Regulatory Compliance/Legal Compliance
- Home Improvement Contractor/Home Renovation Contractor
- Towing Company/Vehicle Towing Service
- Case Records/Case Files
- Financial Accountability/Financial Responsibility
- Industry Standards/Business Standards

Keywords and Themes:
- Trust Fund
- Invasion
- Financial Records
- Home Improvement
- Towing
- Compliance
- Consumer Protection
- Withdrawals
- Fines
- Restitution

Additional Context:
- This dataset is relevant for understanding the implications of trust fund management practices in the home improvement and towing industries, highlighting the need for improved regulatory frameworks.
- It provides insights into the financial behaviors of businesses in response to legal and consumer demands, making it valuable for interdisciplinary research in finance, law, and consumer rights.
- The dataset can be integrated with other financial datasets to enhance analyses of business practices and consumer protection measures across various sectors.","Dataset Overview:
- This dataset focuses on Trust Fund Violations, specifically detailing cases involving various businesses in the home improvement and towing industries. It includes records of withdrawals, the basis for these withdrawals, and the associated monetary amounts. The dataset spans from April 2013 to June 2022, with completion dates extending to May 2023. Each entry is identified by a unique record ID and includes information on the business name, industry type, and the nature of the violation. This dataset can be utilized for analyzing trends in trust fund violations, assessing compliance within the industry, and informing regulatory actions.

Key Themes or Topics:
- Trust Fund Violations
- Home Improvement Industry
- Towing Industry
- Regulatory Compliance
- Financial Mismanagement
- Withdrawal Records
- Industry Violations
- Business Compliance
- Monetary Penalties
- Legal Frameworks

Applications and Use Cases:
- Facilitates analysis for regulatory agencies, compliance officers, and legal professionals.
- Useful for assessing industry standards and compliance measures in home improvement and towing sectors.
- Enables insights into financial practices and trends related to trust fund management.
- Supports research on the impact of trust fund violations on consumer protection and business ethics.
- Assists in developing policy recommendations for improved regulatory oversight.

Concepts and Synonyms:
- Trust Fund/Trust Account
- Violation/Infraction
- Withdrawal/Disbursement
- Compliance/Adherence
- Regulatory Action/Enforcement
- Financial Oversight/Monitoring
- Business Ethics/Corporate Governance
- Industry Standards/Best Practices
- Legal Violations/Non-compliance
- Monetary Amounts/Fines/Penalties

Keywords and Themes:
- Trust Fund Violations
- Home Improvement Violations
- Towing Industry Compliance
- Financial Withdrawals
- Regulatory Compliance Data
- Business Violations
- Industry Analysis
- Compliance Trends
- Monetary Violations
- Legal Compliance

Additional Context:
- Highlights the dataset's relevance to ongoing discussions about financial accountability in the home improvement and towing industries.
- Emphasizes its value for interdisciplinary applications, including law, finance, and public policy.
- Addresses the need for improved transparency and accountability in trust fund management practices.
- Provides a foundation for further research into the socio-economic impacts of trust fund violations on consumers and businesses alike.","{'record_id': {'column_description': 'An identification number assigned by DCA for internal tracking purposes.'}, 'date_opened': {'column_description': 'Date when the record or case was opened.'}, 'business_name': {'column_description': ""The legal business name as filed with the New York State Secretary of State or County Clerk or, if an Individual license, the individual's first name and last name.""}, 'business_name_2': {'column_description': 'If applicable, the Doing-Business-As (DBA) or trade name.'}, 'industry': {'column_description': 'The category that describes the business activity requiring a DCA license.'}, 'withdrawal_from': {'column_description': 'Name of the trust fund from which the monies were withdrawn.'}, 'basis_for_withdrawal': {'column_description': 'Reason for the trust fund invasion.'}, 'amount': {'column_description': 'Total amount withdrawn from the trust fund.'}, 'date_completed': {'column_description': 'The date the check was received from the NYC Office of the Comptroller'}}",,9,1,1
6w36-zfn5,https://data.cityofnewyork.us/d/6w36-zfn5,"This dataset provides a comprehensive overview of construction labor agreements across various agencies from 2018 to 2020. It includes key metrics such as the number of construction projects, the total value of construction contracts, and the counts of project labor agreements and apprenticeship programs. The data spans three fiscal years and features 23 unique agencies, highlighting the diverse landscape of construction activities. Each entry captures essential financial metrics, making it valuable for analyzing trends in construction labor agreements and their impact on workforce development. The dataset can be utilized to assess the effectiveness of apprenticeship programs and project labor agreements, providing insights into how these initiatives contribute to the construction industry. With a range of unique values for each metric, this dataset serves as a vital resource for researchers, policymakers, and industry stakeholders interested in understanding the dynamics of construction labor agreements and their implications for economic growth and workforce training.","This dataset provides a comprehensive overview of construction agreements across various agencies from 2018 to 2020. It includes key metrics such as the number of construction projects, the total value of construction contracts, and counts of project labor agreements and apprenticeship programs. The data is organized by fiscal year and agency, allowing for detailed analysis of trends and performance in construction activities. It serves as a valuable resource for understanding the financial and operational aspects of construction agreements, making it useful for policymakers, researchers, and industry stakeholders interested in construction management and labor agreements.","**Dataset Overview:**
- This dataset provides a comprehensive overview of construction labor agreements across various agencies from 2018 to 2020. It includes key metrics such as the number of construction projects, the total value of construction contracts, and the counts of project labor agreements and apprenticeship programs. The data spans three fiscal years and features 23 unique agencies, highlighting the diverse landscape of construction activities. Each entry captures essential financial metrics, making it valuable for analyzing trends in construction labor agreements and their impact on workforce development. The dataset can be utilized to assess the effectiveness of apprenticeship programs and project labor agreements, providing insights into how these initiatives contribute to the construction industry. With a range of unique values for each metric, this dataset serves as a vital resource for researchers, policymakers, and industry stakeholders interested in understanding the dynamics of construction labor agreements and their implications for economic growth and workforce training.

**Key Themes or Topics:**
- Construction labor agreements
- Project labor agreements
- Apprenticeship programs
- Workforce development
- Economic impact of construction
- Construction industry trends
- Agency-specific construction data
- Fiscal year analysis
- Labor relations in construction
- Contract management in construction

**Applications and Use Cases:**
- Analyzing the effectiveness of project labor agreements in various construction projects
- Evaluating the impact of apprenticeship programs on workforce development in the construction sector
- Assessing trends in construction project funding and contract values over time
- Informing policy decisions related to labor agreements and workforce training initiatives
- Supporting research on the economic implications of construction labor agreements

**Potential Questions:**
- What is the distribution of construction projects across different agencies from 2018 to 2020?
- How does the total value of construction contracts vary among the 23 unique agencies?
- What trends can be observed in the number of apprenticeship programs over the three fiscal years?
- How do project labor agreements correlate with the total value of construction contracts?
- What is the impact of construction labor agreements on workforce development metrics?

**Concepts and Synonyms:**
- Construction agreements/labor contracts
- Labor relations/workforce agreements
- Apprenticeship programs/training initiatives
- Economic growth/construction economics
- Project management/construction management
- Agency data/government contracts
- Fiscal analysis/financial metrics

**Keywords and Themes:**
- construction labor agreements
- project labor agreements
- apprenticeship programs
- workforce development
- construction contracts
- economic impact
- agency analysis
- fiscal year data
- labor relations
- construction industry trends

**Additional Context:**
- This dataset is relevant for addressing challenges in workforce training and development within the construction industry, particularly in the context of evolving labor market demands.
- It provides valuable insights for interdisciplinary applications, linking economic analysis with labor relations and policy formulation.
- The dataset can be integrated with other datasets related to economic development, labor statistics, and construction project outcomes to enhance understanding of the broader implications of construction labor agreements.","Dataset Overview:
- This dataset provides a comprehensive overview of construction agreements across various agencies from 2018 to 2020. It includes key metrics such as the number of construction projects, the total value of construction contracts, and counts of project labor agreements and apprenticeship programs. The data is organized by fiscal year and agency, allowing for detailed analysis of trends and performance in construction activities. It serves as a valuable resource for understanding the financial and operational aspects of construction agreements, making it useful for policymakers, researchers, and industry stakeholders interested in construction management and labor agreements.

Key Themes or Topics:
- Construction management
- Public sector construction
- Labor agreements in construction
- Project management in construction
- Fiscal analysis of construction projects
- Apprenticeship programs in construction
- Economic impact of construction agreements
- Agency performance in construction activities

Applications and Use Cases:
- Facilitates analysis for construction managers and project planners.
- Useful for policymakers in formulating construction-related regulations and policies.
- Supports researchers studying labor agreements and apprenticeship programs in the construction industry.
- Enables insights into financial planning and budgeting for construction projects.
- Assists industry stakeholders in evaluating trends and performance metrics in construction.

Concepts and Synonyms:
- Construction agreements/construction contracts
- Project labor agreements/PLA
- Apprenticeship programs/apprenticeship initiatives
- Construction projects/construction initiatives
- Fiscal year/financial year
- Agency performance/government agency analysis
- Key metrics/indicators
- Construction industry/sector

Keywords and Themes:
- construction agreements
- construction contracts
- project labor agreements
- apprenticeship programs
- construction projects
- fiscal year data
- agency analysis
- construction trends
- labor relations in construction
- economic analysis of construction

Additional Context:
- Highlights the dataset's relevance to understanding the dynamics of construction agreements in the public sector.
- Emphasizes its value for analyzing the effectiveness of labor agreements and apprenticeship programs in enhancing workforce development.
- Provides insights into the financial implications of construction projects, aiding in budgetary and policy decisions.
- Supports interdisciplinary research by linking construction management with economic and labor studies.",,49,8,0,1
7bjc-nmt5,https://data.cityofnewyork.us/d/7bjc-nmt5,"This dataset provides detailed information on procurement contracts related to concessions awarded by various city agencies in New York City for the fiscal years 2019 and 2020. It includes data on 410 unique concessionaires and their respective contracts, which cover a wide range of services such as food vending, facility management, and recreational activities across different boroughs. The dataset captures key attributes such as the award method, approximate gross revenues, and descriptions of the services provided, allowing for comprehensive analysis of financial performance and operational scope. The temporal coverage of the registration dates spans from 2004 to 2019, offering insights into the historical context of these contracts. This dataset can be utilized for evaluating procurement trends, assessing the financial impact of concessions, and informing future decision-making in public sector contracting. Overall, it serves as a valuable resource for researchers, policymakers, and stakeholders interested in the dynamics of municipal procurement.","This dataset provides an overview of procurement contracts awarded by various city agencies, detailing the concessionaires involved, the services offered, and the financial outcomes. It includes information on the fiscal year, agency names, concessionaire details, brief descriptions of the services, award methods, approximate gross revenues, registration dates, and the boroughs where the concessions are located. The dataset spans from 2004 to 2020, allowing for temporal analysis of contract trends. It can be utilized for assessing procurement practices, understanding revenue generation from concessions, and evaluating the impact of different award methods across various boroughs.","Dataset Overview:
- This dataset provides detailed information on procurement contracts related to concessions awarded by various city agencies in New York City for the fiscal years 2019 and 2020. It includes data on 410 unique concessionaires and their respective contracts, which cover a wide range of services such as food vending, facility management, and recreational activities across different boroughs. The dataset captures key attributes such as the award method, approximate gross revenues, and descriptions of the services provided, allowing for comprehensive analysis of financial performance and operational scope. The temporal coverage of the registration dates spans from 2004 to 2019, offering insights into the historical context of these contracts. This dataset can be utilized for evaluating procurement trends, assessing the financial impact of concessions, and informing future decision-making in public sector contracting. Overall, it serves as a valuable resource for researchers, policymakers, and stakeholders interested in the dynamics of municipal procurement.

Key Themes or Topics:
- Procurement contracts
- Concessions
- Public sector contracting
- Urban services
- Municipal finance
- Economic development
- City agency operations
- Service delivery models
- Fiscal analysis
- Vendor management

Applications and Use Cases:
- Analyzing procurement trends in urban environments
- Evaluating the financial performance of concessionaires
- Assessing the impact of public contracts on local economies
- Informing policy decisions related to municipal services
- Conducting comparative studies of concession services across boroughs
- Supporting research on public-private partnerships
- Understanding operational scopes of city agency contracts

Potential Questions:
- What is the distribution of approximate gross revenues among concessionaires?
- How do award methods vary across different types of services provided?
- What trends can be observed in the number of contracts awarded from 2004 to 2019?
- How does the financial performance of food vending contracts compare to facility management contracts?
- What are the most common services provided by concessionaires in New York City?

Concepts and Synonyms:
- Procurement/contracting
- Concessions/awards
- City agencies/local government
- Fiscal years/financial periods
- Vendor/concessionaire
- Service delivery/operations
- Economic impact/financial analysis
- Public sector/private sector partnerships
- Urban planning/municipal services

Keywords and Themes:
- Procurement contracts
- Concession agreements
- New York City
- City agencies
- Fiscal analysis
- Vendor performance
- Public procurement
- Economic development
- Service contracts
- Urban concessions

Additional Context:
- This dataset is relevant for understanding the complexities of municipal procurement processes and their implications for urban service delivery.
- It provides insights into the financial dynamics of public contracts, which can inform future policy and operational decisions.
- The dataset can be integrated with other urban datasets to explore broader socio-economic impacts and trends in city governance.","Dataset Overview:
- This dataset provides an overview of procurement contracts awarded by various city agencies, detailing the concessionaires involved, the services offered, and the financial outcomes. It includes information on the fiscal year, agency names, concessionaire details, brief descriptions of the services, award methods, approximate gross revenues, registration dates, and the boroughs where the concessions are located. The dataset spans from 2004 to 2020, allowing for temporal analysis of contract trends. It can be utilized for assessing procurement practices, understanding revenue generation from concessions, and evaluating the impact of different award methods across various boroughs.

Key Themes or Topics:
- Procurement contracts
- Public sector contracting
- Concession agreements
- Financial analysis of contracts
- Urban governance
- City agency operations
- Revenue generation from public services
- Award methods in procurement
- Temporal analysis of contract trends
- Economic impact of concessions

Applications and Use Cases:
- Analyzing procurement practices for city agencies
- Evaluating the effectiveness of different award methods
- Assessing financial outcomes of concession contracts
- Informing policy decisions related to public procurement
- Supporting research on urban economic development
- Understanding service delivery through concessions
- Identifying trends in public sector spending
- Facilitating transparency in government contracting

Concepts and Synonyms:
- Procurement/sourcing
- Contracts/agreement
- Concessionaire/vendor
- Award methods/selection criteria
- Fiscal year/accounting period
- Revenue/gross income
- Agency/department
- Borough/district
- Financial outcomes/results
- Service offerings/service types

Keywords and Themes:
- Procurement contracts
- Concession agreements
- City agencies
- Financial analysis
- Award methods
- Urban governance
- Revenue generation
- Contract trends
- Public sector
- Economic impact

Additional Context:
- This dataset is relevant for addressing challenges in public procurement transparency and efficiency.
- It provides insights into the economic implications of concession contracts on local economies.
- The dataset can be integrated with other datasets related to urban planning, public finance, and service delivery for comprehensive analysis.
- It is valuable for interdisciplinary research involving economics, public administration, and urban studies.",,"1,075",8,0,1
kwss-yksz,https://data.cityofnewyork.us/d/kwss-yksz,"The Business Inspections Archive dataset provides a comprehensive record of business inspections conducted across various industries in New York City. It includes essential details such as the business name, inspection date, results, and location, allowing users to track compliance with regulations and licensing requirements. The dataset spans from September 23, 1996, to February 21, 2023, and covers a wide range of business types, including grocery stores, gas stations, and retail shops. Each entry is uniquely identified by a record ID and certification number, ensuring accurate tracking. The dataset also features spatial data, including coordinates and borough information, which can be utilized for geographic analysis. This resource is invaluable for consumers, researchers, and policymakers interested in understanding business compliance, consumer safety, and enforcement of industry regulations in New York City.

Column constraints outlined in Data Dictionary:
latitude: Value range is between -90 and 90, inclusive; Null values are allowed  
longitude: Value range is between -180 and 180, inclusive; Null values are allowed  
community_board: Allowed values are numeric; Null values are allowed  
council_district: Allowed values are numeric; Null values are allowed  
bin: Allowed values are numeric; Null values are allowed  
bbl: Allowed values are numeric; Null values are allowed","This dataset, titled ""Business Inspections Archive,"" contains detailed records of business inspections across various industries in New York City, covering a temporal range from November 3, 1994, to April 12, 2023. It includes unique identifiers for each record and business, inspection dates, results, and industry classifications. The dataset features spatial data, including boroughs, streets, and geographical coordinates, allowing for precise location mapping. It can be utilized for analyzing compliance trends, identifying areas with frequent violations, and supporting public health and safety initiatives. This comprehensive archive serves as a valuable resource for researchers, policymakers, and the public interested in business regulation and inspection outcomes.","Dataset Overview:
- The Business Inspections Archive dataset provides a comprehensive record of business inspections conducted across various industries in New York City. It includes essential details such as the business name, inspection date, results, and location, allowing users to track compliance with regulations and licensing requirements. The dataset spans from September 23, 1996, to February 21, 2023, and covers a wide range of business types, including grocery stores, gas stations, and retail shops. Each entry is uniquely identified by a record ID and certification number, ensuring accurate tracking. The dataset also features spatial data, including coordinates and borough information, which can be utilized for geographic analysis. This resource is invaluable for consumers, researchers, and policymakers interested in understanding business compliance, consumer safety, and enforcement of industry regulations in New York City.

Key Themes or Topics:
- Business compliance
- Regulatory inspections
- Consumer safety
- Public health and safety
- Urban business environment
- Industry standards and enforcement
- Geographic information systems (GIS)
- Economic activity monitoring
- Licensing and permits
- Public policy and governance

Applications and Use Cases:
- Facilitates analysis for public health officials monitoring compliance with health regulations.
- Useful for urban planners assessing the distribution of businesses across neighborhoods.
- Enables researchers to study trends in business inspections over time.
- Assists policymakers in evaluating the effectiveness of regulatory frameworks.
- Supports consumer advocacy groups in identifying businesses with poor inspection results.
- Aids in geographic analysis of business types and inspection outcomes.

Potential Questions:
- What is the distribution of inspection results across different business types?
- How do inspection outcomes vary by borough in New York City?
- What trends can be observed in business inspections over the years from 1996 to 2023?
- How many inspections were conducted in a specific community board during a given year?
- What is the relationship between inspection results and the type of business (e.g., grocery stores vs. gas stations)?

Concepts and Synonyms:
- Business inspections/inspections of businesses
- Compliance monitoring/regulatory compliance
- Health and safety inspections/public health inspections
- Licensing requirements/business licensing
- Geographic analysis/spatial analysis
- Consumer protection/consumer rights
- Regulatory enforcement/industry enforcement
- Inspection results/outcomes of inspections

Keywords and Themes:
- business inspections
- New York City
- compliance records
- health regulations
- inspection data
- consumer safety
- geographic information
- regulatory compliance
- business types
- public health

Additional Context:
- The dataset is relevant for addressing challenges related to public health and safety in urban environments.
- It provides insights into the effectiveness of regulatory practices and their impact on consumer safety.
- The dataset can be integrated with other datasets related to urban development, economic activity, and public health to enhance interdisciplinary research and analysis.","Dataset Overview:
- This dataset, titled ""Business Inspections Archive,"" contains detailed records of business inspections across various industries in New York City, covering a temporal range from November 3, 1994, to April 12, 2023. It includes unique identifiers for each record and business, inspection dates, results, and industry classifications. The dataset features spatial data, including boroughs, streets, and geographical coordinates, allowing for precise location mapping. It can be utilized for analyzing compliance trends, identifying areas with frequent violations, and supporting public health and safety initiatives. This comprehensive archive serves as a valuable resource for researchers, policymakers, and the public interested in business regulation and inspection outcomes.

Key Themes or Topics:
- Business regulation
- Public health and safety
- Compliance and enforcement
- Urban governance
- Industry standards
- Inspection processes
- Violation tracking
- Spatial analysis
- Geographic information systems (GIS)
- Economic impact of inspections

Applications and Use Cases:
- Analyzing compliance trends for regulatory agencies
- Identifying high-risk areas for public health inspections
- Supporting policy formulation for business regulations
- Conducting statistical modeling of inspection outcomes
- Informing community health initiatives
- Enhancing transparency in business operations
- Assisting urban planners in zoning and development decisions
- Evaluating the effectiveness of enforcement strategies

Concepts and Synonyms:
- Business inspections/inspections of businesses
- Compliance monitoring/regulatory compliance
- Violation reports/violations
- Health and safety inspections/public health inspections
- Industry classifications/business sectors
- Spatial data/geospatial data
- Geographic coordinates/latitude and longitude
- Inspection results/outcomes
- Regulatory frameworks/business regulations

Keywords and Themes:
- business inspections
- compliance trends
- public health
- safety regulations
- New York City
- inspection data
- violation analysis
- spatial mapping
- industry standards
- regulatory compliance

Additional Context:
- The dataset is crucial for understanding the dynamics of business compliance in urban settings, particularly in relation to public health and safety standards. 
- It provides insights into the effectiveness of regulatory frameworks and can inform future policy decisions aimed at improving business practices and community health.
- The dataset can be integrated with other urban datasets to enhance research on socio-economic factors and urban development challenges.","{'rec_id': {'column_description': 'An identification number assigned by DCWP to record each inspection. For DCWP office tracking purposes.'}, 'biz_name': {'column_description': 'Primary Business Name.'}, 'industry': {'column_description': 'The category that describes the business.'}, 'street': {'column_description': 'The street name of the business’s address.'}, 'street2': {'column_description': 'The cross-street of the business’s address.'}, 'unit_typ': {'column_description': 'The unit type of the business’s address (e.g., Apartment/Suite/Other).'}, 'unit': {'column_description': 'The unit number of the business’s address.'}, 'city': {'column_description': 'The city where the business is located.'}, 'state': {'column_description': 'The state where the business is located.'}, 'x_coord': {'column_description': 'X Coordinate of business’s address.'}, 'y_coord': {'column_description': 'Y Coordinate of business’s address.'}, 'latitude': {'column_description': 'Latitude of the business’s address.', 'additional_notes': 'This column was generated by the NYC Open Data Team as part of the geocoding process.'}, 'longitude': {'column_description': 'Longitude of the business’s address.', 'additional_notes': 'This column was generated by the NYC Open Data Team as part of the geocoding process.'}, 'community_board': {'column_description': 'Community Boards are volunteer-run neighborhood organizations that work on all kinds of issues pertinent to their communities, often working with elected city officials in doing so. Community Board members, \ufeffwho can be as young as 16\ufeff, are appointed by Borough Presidents and City Council representatives. They serve two-year terms. There are 59 Community Boards in NYC, each of which represents a unique geographical area, known as a Community District. Note: as a column header, “Community Board” (which refers to a group of Board members) is often used to mean “Community District” (the geographical area) instead.', 'additional_notes': 'This column was generated by the NYC Open Data Team as part of the geocoding process.'}, 'council_district': {'column_description': 'The City Council is the lawmaking body of NYC, on equal footing with the mayor in terms of governing power. Besides legislating, the Council has sole approval power over the city budget, and is the final decision-maker in land use matters. There are 51 City Council members in total, each representing a unique geographical area, called a Council District.', 'additional_notes': 'This column was generated by the NYC Open Data Team as part of the geocoding process.'}, 'bin': {'column_description': 'The BIN (Building Identification Number) is a unique 7-digit number assigned to every known building by the Department of City Planning (DCP), the first digit of which is the borough code. BINs allow city agencies to process and match building-related data easily and in a consistent manner. ', 'additional_notes': 'This column was generated by the NYC Open Data Team as part of the geocoding process.'}, 'bbl': {'column_description': 'The BBL (Borough, Block, and Lot) is a combination of three numeric codes -- a 1-digit borough number, a block number (up to 5 digits) and a lot number (up to 4 digits) - designated and modified by the Department of Finance (DOF). BBLs are used by various city agencies to identify real estate for taxes, zoning, construction, and other purposes.', 'additional_notes': 'This column was generated by the NYC Open Data Team as part of the geocoding process.'}}",1,26,1,1
ayx3-dixq,https://data.cityofnewyork.us/d/ayx3-dixq,"This dataset contains information on Pedicab Lottery Applications submitted between January 16, 2013, and December 15, 2022. It includes 2,375 unique records detailing applicants' names, submission dates, and lottery selection outcomes. Each entry provides insights into the applicant's location, including city, state, and borough, as well as their desired number of pedicabs. The dataset features a variety of unique identifiers, such as record IDs and license numbers, which help track applications through the system. Additionally, it captures the lottery selection dates and whether applicants were selected, offering a comprehensive view of the lottery process. This dataset can be utilized for analyzing trends in pedicab business applications, understanding geographic distribution, and evaluating the effectiveness of the lottery system in granting licenses to pedicab operators. Overall, it serves as a valuable resource for researchers, policymakers, and industry stakeholders interested in the pedicab business landscape.

Column constraints outlined in Data Dictionary:
record_id: System generated; Unique identifier  
record_category: Allowed value: Lottery Application  
industry: Allowed value: Pedicab Business  
application_submission_date: Format: MM/DD/YYYY; Not available for records submitted before 2015  
license_number: Not available for records submitted before 2015; Only available if the applicant has an active Pedicab Business license  
desired_number_of_pedicab: Integer; Typically one, but can be as high as four  
pedicab_lottery_application: Integer; Not available for records submitted before 2015  
pedicab_lottery_priority: Integer; Not available for records submitted before 2016  
lottery_selection_date: Format: MM/DD/YYYY; Not available for records submitted before 2015  
selected_from_lottery: Allowed values: Yes or No; Not available for records submitted before 2015  
borough: Allowed values: Bronx, Brooklyn, Manhattan, Outside NYC, Queens, Staten Island, (blank); Only available for NYC Addresses  
community_district: Only available for NYC Addresses  
council_district: Only available for NYC Addresses","This dataset contains information on Pedicab Lottery Applications, detailing submissions from various applicants between January 15, 2013, and December 12, 2022. Each record includes unique identifiers, applicant names, and details about their lottery applications, such as submission dates and lottery selection outcomes. The dataset features a range of locations across New York and surrounding areas, with data on community and council districts. It can be utilized for analyzing trends in pedicab business applications, understanding geographic distribution, and evaluating the lottery selection process. The temporal coverage allows for insights into changes over time in the pedicab industry.","Dataset Overview:
- This dataset contains information on Pedicab Lottery Applications submitted between January 16, 2013, and December 15, 2022. It includes 2,375 unique records detailing applicants' names, submission dates, and lottery selection outcomes. Each entry provides insights into the applicant's location, including city, state, and borough, as well as their desired number of pedicabs. The dataset features a variety of unique identifiers, such as record IDs and license numbers, which help track applications through the system. Additionally, it captures the lottery selection dates and whether applicants were selected, offering a comprehensive view of the lottery process. This dataset can be utilized for analyzing trends in pedicab business applications, understanding geographic distribution, and evaluating the effectiveness of the lottery system in granting licenses to pedicab operators. Overall, it serves as a valuable resource for researchers, policymakers, and industry stakeholders interested in the pedicab business landscape.

Key Themes or Topics:
- Urban transportation
- Pedicab industry
- Business licensing
- Lottery systems
- Economic development
- Regulatory frameworks
- Geographic distribution of businesses
- Small business applications
- Public policy and urban mobility

Applications and Use Cases:
- Analyzing trends in pedicab business applications over time
- Evaluating the effectiveness of the lottery system for pedicab licenses
- Understanding geographic distribution of pedicab operators in NYC
- Informing policymakers on the impact of pedicab regulations
- Assessing community engagement in urban transportation solutions
- Supporting research on small business dynamics in urban settings

Potential Questions:
- What is the distribution of pedicab lottery applications by borough?
- How does the number of desired pedicabs vary among applicants?
- What trends can be observed in lottery selection outcomes over the years?
- How does the geographic distribution of applicants correlate with lottery selection rates?
- What is the average number of applications submitted per year for pedicab licenses?
- How do application submission dates relate to lottery selection dates?

Concepts and Synonyms:
- Pedicab/Tricycle taxi
- Lottery application/License application
- Business license/Operating permit
- Urban mobility/Transportation solutions
- Geographic information/Location data
- Small business/Entrepreneurship
- Regulatory compliance/Legal requirements

Keywords and Themes:
- Pedicab lottery
- Business applications
- NYC pedicab licenses
- Transportation policy
- Urban planning
- Economic analysis
- Community development
- Licensing process

Additional Context:
- This dataset is relevant for addressing challenges in urban transportation and mobility, particularly in densely populated areas like New York City. It provides insights into the regulatory environment surrounding pedicabs, which can inform discussions on sustainable transportation options. The dataset can also be integrated with other urban planning datasets to enhance understanding of transportation dynamics and small business ecosystems in urban settings.","Dataset Overview:
- This dataset contains information on Pedicab Lottery Applications, detailing submissions from various applicants between January 15, 2013, and December 12, 2022. Each record includes unique identifiers, applicant names, and details about their lottery applications, such as submission dates and lottery selection outcomes. The dataset features a range of locations across New York and surrounding areas, with data on community and council districts. It can be utilized for analyzing trends in pedicab business applications, understanding geographic distribution, and evaluating the lottery selection process. The temporal coverage allows for insights into changes over time in the pedicab industry.

Key Themes or Topics:
- Urban transportation
- Pedicab industry
- Lottery systems
- Business applications
- Geographic distribution
- Community engagement
- Regulatory frameworks
- Economic development
- Local governance
- Public transportation alternatives

Applications and Use Cases:
- Analyzing trends in pedicab business applications for urban planners
- Evaluating the effectiveness of lottery selection processes for policymakers
- Understanding geographic distribution of pedicab services for transportation researchers
- Assessing community impact and engagement for local government officials
- Informing regulatory decisions regarding pedicab operations for city planners
- Conducting statistical modeling of application outcomes for data analysts

Concepts and Synonyms:
- Pedicab/Tricycle taxi
- Lottery application/Permit application
- Submission date/Application date
- Selection outcome/Result of lottery
- Geographic distribution/Spatial analysis
- Community district/Council district
- Business trends/Market analysis
- Urban mobility/Transportation options
- Regulatory compliance/Legal requirements

Keywords and Themes:
- Pedicab lottery
- Application data
- New York pedicabs
- Transportation policy
- Urban mobility solutions
- Business permits
- Community planning
- Economic analysis
- Lottery outcomes
- Applicant demographics

Additional Context:
- The dataset is relevant for addressing challenges in urban transportation and mobility, particularly in the context of increasing demand for alternative transport options in densely populated areas.
- It provides valuable insights for interdisciplinary applications, integrating urban planning, economic development, and public policy.
- The temporal aspect of the dataset allows for longitudinal studies on the evolution of the pedicab industry and its regulatory environment over nearly a decade.","{'record_id': {'column_description': 'A system generated number used to track the record through DCWP systems', 'field_limitations': 'System generated'}, 'record_category': {'column_description': 'The type of record created in the system', 'expected_per_allowed_values': 'Lottery Application', 'field_limitations': 'System generated'}, 'industry': {'column_description': 'The type of business requesting the application', 'expected_per_allowed_values': 'Pedicab Business', 'field_limitations': 'System generated'}, 'application_submission_date': {'column_description': 'The date the lottery application was submitted', 'expected_per_allowed_values': 'MM/DD/YYYY', 'field_limitations': 'System generated'}, 'applicant_name': {'column_description': 'The name of the individual or business applying for the lottery', 'field_limitations': 'Self-reported by the applicant'}, 'license_number': {'column_description': 'The license number if the applicant has an active license.', 'field_limitations': 'Self-reported by the applicant; only available if the applicant has an active Pedicab Business license; not available for records submitted before 2015.'}, 'desired_number_of_pedicab': {'column_description': 'The number of pedicabs the applicant is seeking through the lottery', 'expected_per_allowed_values': 'Integer', 'field_limitations': 'Typically one, but can be as high as four.'}, 'pedicab_lottery_application': {'column_description': 'The sequential order in which the application was received.', 'expected_per_allowed_values': 'Integer', 'field_limitations': 'System generated; not available for records submitted before 2015'}, 'pedicab_lottery_priority': {'column_description': ""The randomly assigned number that determines the applicant's selection order."", 'expected_per_allowed_values': 'Integer', 'field_limitations': 'System generated; not available for records submitted before 2016.'}, 'lottery_selection_date': {'column_description': ""The date the applicant's selection or non-selection was determined"", 'expected_per_allowed_values': 'MM/DD/YYYY', 'field_limitations': 'Not available for records submitted before 2015.', 'additional_notes': 'For records submitted in 2015, this field is based on the date the selection letter was uploaded to the record.  Beginning in 2016, this field is based on the date the random Pedicab Lottery Application Order Number is generated.'}, 'selected_from_lottery': {'column_description': 'Yes/No field showing whether the applicant was selected from the lottery.', 'expected_per_allowed_values': 'Yes or No', 'field_limitations': 'Not available for records submitted before 2015.', 'additional_notes': 'For records submitted in 2015, this field is based on the type of selection letter was uploaded to the record.  Beginning in 2016 this field is the actual value of the ""Selected from Lottery"" field in the system.'}, 'city': {'column_description': ""The city of the applicant's primary address.""}, 'state': {'column_description': ""The state of the applicant's primary address.""}, 'zip_code': {'column_description': ""The ZIP or postal code of the applicant's primary address.""}, 'borough': {'column_description': ""The Borough of the applicant's primary address"", 'expected_per_allowed_values': 'Bronx, Brooklyn, Manhattan, Outside NYC, Queens, Staten Island, (blank)', 'field_limitations': 'Only available for NYC Addresses', 'additional_notes': 'Not all NYC addresses validate successfully resulting in missing or blank values.'}, 'community_district': {'column_description': ""The Community District of the applicant's primary address"", 'field_limitations': 'Only available for NYC Addresses', 'additional_notes': 'Not all NYC addresses validate successfully resulting in missing or blank values.'}, 'council_district': {'column_description': ""The NYC Council District of the applicant's primary address."", 'field_limitations': 'Only available for NYC Addresses', 'additional_notes': 'Not all NYC addresses validate successfully resulting in missing or blank values.'}}","2,375",19,1,1
9vpn-rpgs,https://data.cityofnewyork.us/d/9vpn-rpgs,"This dataset contains detailed information about licensed vehicles operating in New York City, specifically focusing on businesses such as pedicabs, tow trucks, and horse-drawn carriages. Each entry includes a unique DCWP license number, business name, and category, along with vehicle identifiers like the DMV license plate number and asset type. The dataset also tracks the latest inspection results, providing insights into vehicle compliance and safety, with inspection dates ranging from April 2024 to April 2026. With 468 unique license numbers and 461 business names, this dataset serves as a valuable resource for analyzing the licensed vehicle industry in NYC. It can be used to link to other datasets, such as the DCWP Inspections dataset, enhancing research on vehicle safety and regulatory compliance. Overall, this dataset is essential for understanding the operational landscape of licensed vehicles in the city.

Column constraints outlined in Data Dictionary:
dcwp_license_number: System generated alpha-numeric value; Required  
business_category: Allowed values: Horse Drawn Cab Owner; Pedicab Business; Sightseeing Bus; Tow Truck Company  
business_unique_id: System generated alpha-numeric value; Required  
asset_type: Allowed values: Horse Drawn Cab; Pedicab; Sightseeing Bus; Tow Truck  
business_asset_id: System generated alpha-numeric value; Required  
manufacture_identification_number: Alpha-numeric value; Not all vehicles have this value; May be cross-populated with DCWP license plate number  
dmv_license_plate_number: Not all vehicle types are issued license plates; May be cross-populated with DCWP license plate number  
state_of_registration: Not all vehicle types require registration with states' departments of motor vehicles  
dcwp_plate_number: Alpha-numeric value; DCWP does not issue plates to pedicabs  
decal_number: Alpha-numeric value; DCWP does not issue plates to pedicabs; Required for vehicles licensed by DCWP  
latest_inspection_number: System generated alpha-numeric value; Missing values due to data errors; Required  
latest_inspection_date: Format: MM/DD/YYYY; Missing values due to data errors  
latest_inspection_result: Allowed values: Pass; Fail; Complete; Missing values due to data errors","This dataset contains licensed vehicle data, specifically focusing on various businesses operating in New York, including pedicab, tow truck, and horse-drawn cab services. It includes essential information such as business names, unique identifiers, asset types, and inspection results. The dataset features 79 unique business names and spans inspection dates from April 2024 to April 2026. Each entry is identified by a unique license number and includes details like the latest inspection results, which indicate compliance status. This dataset can be utilized for regulatory compliance checks, business analysis, and understanding the landscape of licensed vehicle services in New York.","Dataset Overview:
- This dataset contains detailed information about licensed vehicles operating in New York City, specifically focusing on businesses such as pedicabs, tow trucks, and horse-drawn carriages. Each entry includes a unique DCWP license number, business name, and category, along with vehicle identifiers like the DMV license plate number and asset type. The dataset also tracks the latest inspection results, providing insights into vehicle compliance and safety, with inspection dates ranging from April 2024 to April 2026. With 468 unique license numbers and 461 business names, this dataset serves as a valuable resource for analyzing the licensed vehicle industry in NYC. It can be used to link to other datasets, such as the DCWP Inspections dataset, enhancing research on vehicle safety and regulatory compliance. Overall, this dataset is essential for understanding the operational landscape of licensed vehicles in the city.

Key Themes or Topics:
- Urban transportation
- Vehicle regulation and compliance
- Public safety and inspection
- Business operations in urban settings
- Alternative transportation methods
- Licensing and permits for vehicles
- Economic impact of licensed vehicles
- Environmental considerations in urban transport

Applications and Use Cases:
- Facilitates analysis for transportation planners and urban developers.
- Useful for regulatory agencies monitoring vehicle compliance and safety.
- Enables researchers to study the impact of licensed vehicles on urban mobility.
- Assists policymakers in formulating regulations for alternative transportation.
- Supports businesses in understanding the competitive landscape of licensed vehicle services.
- Aids in statistical modeling of vehicle safety trends and inspection outcomes.

Potential Questions:
- What is the distribution of inspection results (Pass, Fail, Complete) across different business categories?
- How does the number of licensed pedicabs compare to tow trucks in NYC?
- What trends can be observed in the latest inspection dates for licensed vehicles over time?
- How many unique businesses operate under each vehicle category in NYC?
- What percentage of vehicles have a valid DMV license plate number versus those that do not?
- How do inspection results vary by asset type (e.g., Horse Drawn Cab, Pedicab)?

Concepts and Synonyms:
- Licensed vehicles/registered vehicles
- Vehicle compliance/vehicle regulation
- Inspection results/vehicle safety checks
- Business categories/vehicle service types
- Urban mobility/transportation services
- Alternative transportation/eco-friendly transport
- DCWP (Department of Consumer and Worker Protection)/NYC vehicle licensing authority

Keywords and Themes:
- licensed vehicle data
- NYC transportation
- vehicle inspection
- business licensing
- pedicabs
- tow trucks
- horse-drawn carriages
- vehicle safety compliance
- urban vehicle regulations
- asset types

Additional Context:
- This dataset is relevant for addressing challenges related to urban transportation efficiency and safety.
- It provides insights into the operational dynamics of various licensed vehicle services in a densely populated urban environment.
- The dataset can be integrated with other datasets, such as traffic patterns or accident reports, to enhance understanding of the broader implications of licensed vehicle operations in NYC.","Dataset Overview:
- This dataset contains licensed vehicle data, specifically focusing on various businesses operating in New York, including pedicab, tow truck, and horse-drawn cab services. It includes essential information such as business names, unique identifiers, asset types, and inspection results. The dataset features 79 unique business names and spans inspection dates from April 2024 to April 2026. Each entry is identified by a unique license number and includes details like the latest inspection results, which indicate compliance status. This dataset can be utilized for regulatory compliance checks, business analysis, and understanding the landscape of licensed vehicle services in New York.

Key Themes or Topics:
- Licensed vehicle services
- Urban transportation
- Regulatory compliance
- Business operations in transportation
- Public safety and inspection
- Vehicle asset management
- Transportation industry analysis
- Local business regulations

Applications and Use Cases:
- Regulatory compliance checks for transportation businesses
- Business analysis for market research and competitive analysis
- Policy formulation for urban transportation management
- Statistical modeling for transportation trends and safety
- Inspection result analysis for public safety assessments
- Economic impact studies related to licensed vehicle services
- Urban planning and development related to transportation services

Concepts and Synonyms:
- Licensed vehicles/registered vehicles
- Pedicab services/bicycle taxi services
- Tow truck services/vehicle towing services
- Horse-drawn cab services/carriage services
- Business names/company names
- Unique identifiers/license numbers
- Inspection results/compliance status
- Asset types/vehicle types
- Regulatory frameworks/transportation regulations

Keywords and Themes:
- Licensed vehicle data
- New York transportation
- Business compliance
- Vehicle inspection
- Transportation services
- Urban mobility
- Public transportation
- Business licensing
- Safety inspections
- Asset management in transportation

Additional Context:
- This dataset is relevant for addressing challenges in urban transportation management and regulatory oversight of licensed vehicle services. It provides insights into the operational landscape of various transportation businesses in New York, which can inform policymakers and stakeholders in making data-driven decisions. The dataset can also be integrated with other transportation datasets to enhance understanding of urban mobility patterns and compliance issues.","{'dcwp_license_number': {'column_description': 'The DCWP-issued license number associated with the business operating the vehicles.', 'field_limitations': 'System generated alpha-numeric value'}, 'business_name': {'column_description': 'The legal business name as filed with the New York State Secretary of State or County Clerk.'}, 'business_category': {'column_description': 'The business activity or business category requiring a DCWP-issued license in order to operate legally within NYC.', 'expected_per_allowed_values': 'Horse Drawn Cab Owner; Pedicab Business; Sightseeing Bus; Tow Truck Company'}, 'business_unique_id': {'column_description': 'An identification number assigned by DCWP to track unique businesses across its systems.', 'field_limitations': 'System generated alpha-numeric value.', 'additional_notes': 'The Business Unique ID can be used to link these data to other DCWP datasets on NYC Open Data.'}, 'dba_trade_name': {'column_description': 'If applicable, the Doing-Business-As (DBA), or trade name of the business.'}, 'asset_type': {'column_description': 'The type of vehicle', 'expected_per_allowed_values': 'Horse Drawn Cab; Pedicab; Sightseeing Bus; Tow Truck'}, 'business_asset_id': {'column_description': 'An identification number assigned by DCWP to track vehicles across its systems.', 'field_limitations': 'System generated alpha-numeric value'}, 'manufacture_identification_number': {'column_description': ""A unique serial number assigned by the vehicle's manufacturer that identifies the manufacturer, year of production, place of production and other vehicle characteristics."", 'field_limitations': 'Alpha-numeric value.  Not all vehicles have a manufacture identification number.  This value is sometimes cross-populated with the DCWP license plate number, especially common with migrated legacy data.'}, 'dmv_license_plate_number': {'column_description': ""The license plate number issued by the state of registration's department of motor vehicles or transportation."", 'field_limitations': 'Not all vehicle types are issued license plates by the state of registration.  This value is sometimes cross-populated with the DCWP license plate number, especially common with migrated legacy data.'}, 'state_of_registration': {'column_description': 'The state issuing the DMV License Plate', 'field_limitations': ""Not all vehicle types require registration with states' departments of motor vehicles.""}, 'dcwp_plate_number': {'column_description': 'The plate number issued to the vehicle by DCWP.', 'field_limitations': 'Alpha-numeric value. DCWP does not issue plates to pedicabs.'}, 'decal_number': {'column_description': 'An identification number issued by DCWP, which is either in lieu of or in addition to the DCWP Plate Number.', 'field_limitations': 'Alpha-numeric value. DCWP does not issue plates to pedicabs.', 'additional_notes': 'Vehicles that are licensed by DCWP receive a DCWP decal or license that they must prominently display on the vehicle.\n\nThe Inspection Number can be used to link to the DCWP Inspections dataset on NYC Open Data.'}, 'latest_inspection_number': {'column_description': ""An identification number associated with the vehicle's most recent inspection."", 'field_limitations': 'System generated alpha-numeric value. Missing values are due to data errors in the system.', 'additional_notes': 'The Inspection Number can be used to link to the DCWP Inspections dataset on NYC Open Data.'}, 'latest_inspection_date': {'column_description': ""The date of the vehicle's most recent inspection."", 'expected_per_allowed_values': 'MM/DD/YYYY', 'field_limitations': 'Missing values are due to data errors in the system.'}, 'latest_inspection_result': {'column_description': ""The result of the vehicle's most recent inspection."", 'expected_per_allowed_values': 'Pass; Fail; Complete', 'field_limitations': 'Missing values are due to data errors in the system.'}}","1,687",15,1,1
r9ax-4va4,https://data.cityofnewyork.us/d/r9ax-4va4,"This dataset contains information about applicants on the Blue Vending License Waitlist, including their unique application IDs, names, waitlist numbers, and current statuses. It features 439 unique application IDs and 427 unique applicant names, with waitlist statuses categorized as ""Selected from Waitlist,"" ""Closed,"" or ""Pending - Blue Waitlist."" The dataset spans selection dates from June 30, 2016, to January 22, 2023, providing a temporal context for tracking application progress. Each applicant must hold a general vendor license, which is also recorded along with its status and type. The dataset includes geographic information, such as city, state, and zip code, allowing for spatial analysis of applicants' locations. This dataset can be utilized for understanding trends in vending license applications, assessing the effectiveness of the waitlist process, and identifying areas with high demand for vending licenses.

Column constraints outlined in Data Dictionary:
waitlist_application_id: System generated; Unique identifier  
record_category: Allowed value: 'Blue Waitlist'  
applicant_name: Text; Required  
blue_waitlist_number: Numeric; Required  
waitlist_status: Allowed values: Closed; Pending - Blue Waitlist; Selected from Waitlist  
selection_date: Format: YYYY-MM-DD; Required if general_vendor_license_number is populated  
general_vendor_license_status: Allowed values: Active; Inactive  
general_vendor_license_type: Allowed values: General Vendor (White); Citywide Specialized Vendor (Yellow); Midtown Specialized Vendor (Blue)  
city: Nullable; Blank values indicate no mailing address on file  
state: Nullable; Blank values indicate no mailing address on file  
zip_code: Nullable; Blank values indicate no mailing address on file","This dataset contains information about applicants on the Blue Waitlist for vending licenses, including their names, application IDs, waitlist numbers, and statuses. It features 100 unique entries, with data spanning from 2016 to 2022. Each entry includes details such as the applicant's city, state, and zip code, as well as their general vendor license number and status. The dataset can be utilized to analyze trends in vending license applications, monitor waitlist statuses, and assess the distribution of applicants across different locations. It serves as a valuable resource for understanding the dynamics of the vending license process.","Dataset Overview:
- This dataset contains information about applicants on the Blue Vending License Waitlist, including their unique application IDs, names, waitlist numbers, and current statuses. It features 439 unique application IDs and 427 unique applicant names, with waitlist statuses categorized as ""Selected from Waitlist,"" ""Closed,"" or ""Pending - Blue Waitlist."" The dataset spans selection dates from June 30, 2016, to January 22, 2023, providing a temporal context for tracking application progress. Each applicant must hold a general vendor license, which is also recorded along with its status and type. The dataset includes geographic information, such as city, state, and zip code, allowing for spatial analysis of applicants' locations. This dataset can be utilized for understanding trends in vending license applications, assessing the effectiveness of the waitlist process, and identifying areas with high demand for vending licenses.

Key Themes or Topics:
- Vending licenses
- Waitlist management
- Urban commerce
- Small business development
- Regulatory compliance
- Vendor licensing processes
- Geographic distribution of vendors
- Public policy and urban planning

Applications and Use Cases:
- Analyzing trends in vending license applications over time
- Assessing the effectiveness of the vending license waitlist process
- Identifying geographic areas with high demand for vending licenses
- Informing policymakers about vendor distribution and licensing needs
- Supporting small business development initiatives
- Evaluating the impact of licensing on urban commerce
- Conducting spatial analysis of vendor locations

Potential Questions:
- What is the distribution of waitlist statuses among applicants?
- How does the number of applicants vary by city or state?
- What trends can be observed in the selection dates of applicants over time?
- How many applicants have an active general vendor license compared to inactive?
- What is the average waitlist number for applicants selected from the waitlist?
- How does the geographic distribution of applicants correlate with population density?

Concepts and Synonyms:
- Vending license/food vendor permit
- Waitlist/application queue
- General vendor license/retail vendor license
- Urban vendor/small business owner
- Licensing status/application status
- Geographic information/location data
- Spatial analysis/geographic distribution

Keywords and Themes:
- Vending license waitlist
- Vendor application data
- Licensing process
- Urban vendor demographics
- Small business licensing
- Application tracking
- Geographic analysis of vendors
- Waitlist statistics

Additional Context:
- This dataset is relevant for understanding the dynamics of urban vending and the regulatory environment surrounding it. It can aid in addressing challenges related to small business growth, urban planning, and public policy formulation. The insights derived from this dataset can be integrated with other datasets related to urban commerce, economic development, and demographic studies to provide a comprehensive view of the vending landscape.","Dataset Overview:
- This dataset contains information about applicants on the Blue Waitlist for vending licenses, including their names, application IDs, waitlist numbers, and statuses. It features 100 unique entries, with data spanning from 2016 to 2022. Each entry includes details such as the applicant's city, state, and zip code, as well as their general vendor license number and status. The dataset can be utilized to analyze trends in vending license applications, monitor waitlist statuses, and assess the distribution of applicants across different locations. It serves as a valuable resource for understanding the dynamics of the vending license process.

Key Themes or Topics:
- Vending licenses
- Waitlist management
- Urban commerce
- Small business regulation
- Food and beverage vending
- Licensing processes
- Economic development
- Local government policies

Applications and Use Cases:
- Analyzing trends in vending license applications for urban planners
- Monitoring waitlist statuses for policymakers and regulatory agencies
- Assessing the distribution of vending applicants for economic development studies
- Evaluating the impact of vending licenses on local economies for researchers
- Informing small business support programs and initiatives

Concepts and Synonyms:
- Vending permits/vending licenses
- Waitlist/queue management
- Applicant status/application status
- Urban vendors/mobile vendors
- Food trucks/street food vendors
- Licensing authority/regulatory body
- Application process/registration process
- Geographic distribution/location analysis

Keywords and Themes:
- vending license
- waitlist
- applicant information
- urban vendors
- small business
- licensing data
- application trends
- geographic distribution
- regulatory compliance
- economic analysis

Additional Context:
- The dataset is relevant for addressing challenges related to small business growth and urban commerce regulation.
- It provides insights into the dynamics of vending operations in urban areas, which can inform policy decisions and support local economies.
- The dataset can be integrated with other datasets related to business licenses, economic indicators, and demographic data for comprehensive analysis.","{'waitlist_application_id': {'column_description': 'An identification number assigned by DCWP for internal tracking purposes', 'field_limitations': 'System generated'}, 'record_category': {'column_description': 'The type of record created in the system.', 'expected_per_allowed_values': ""Blue Waitlist'"", 'field_limitations': 'System generated'}, 'applicant_name': {'column_description': 'The name of the Blue General Vendor Waiting List applicant', 'expected_per_allowed_values': 'Text'}, 'blue_waitlist_number': {'column_description': ""Indicates the applicant's position on the waiting list"", 'expected_per_allowed_values': 'Numeric', 'field_limitations': 'System generated', 'additional_notes': 'Missing values are typically associated with withdrawn or voided Blue Waitlist applications.'}, 'waitlist_status': {'column_description': 'Indicates the current status of the applicant on the waiting List', 'expected_per_allowed_values': 'Closed; Pending - Blue Waitlist; Selected from Waitlist', 'additional_notes': 'If a Blue Waitlist Applicant\'s current General Vendor license becomes inactive before they are selected they are no longer eligible for the Blue Waitlist, so their waitlist status is updated to ""Closed"".  ""Pending - Blue Waitlist"" means the application is active but has not yet been selected.  ""Selected from Waitlist"" indicates the application was selected and a Blue general vendor license was issued.'}, 'selection_date': {'column_description': 'The date a licensed general vendor was selected from the waitlist.', 'expected_per_allowed_values': 'YYYY-MM-DD', 'field_limitations': 'This field is only populated if the licensee was issued a Blue GV license'}, 'general_vendor_license_number': {'column_description': 'General Vendor license number that the applicant had prior to applying for the Blue Waiting List', 'additional_notes': 'All applicants for the Blue Waitlist must also hold a General Vendor license.'}, 'general_vendor_license_status': {'column_description': 'Current status of the General Vendor License', 'expected_per_allowed_values': 'Active; Inactive'}, 'general_vendor_license_type': {'column_description': 'Type of general vendor license the applicant was issued in order to apply for the Blue Waiting List', 'expected_per_allowed_values': 'General Vendor (White); Citywide Specialized Vendor (Yellow); Midtown Specialized Vendor (Blue)', 'additional_notes': 'When selected from the waitlist the existing license\'s type is updated to ""Midtown Specialized Vendor (Blue)""'}, 'city': {'column_description': ""The City of the applicant's mailing address"", 'additional_notes': 'Blank values indicate there was no mailing address on file.'}, 'state': {'column_description': ""The State of the applicant's mailing address"", 'additional_notes': 'Blank values indicate there was no mailing address on file.'}, 'zip_code': {'column_description': ""ZIP or Postal Code of the applicant's mailing address"", 'additional_notes': 'Blank values indicate there was no mailing address on file.'}}",439,12,1,1
wyj6-frpa,https://data.cityofnewyork.us/d/wyj6-frpa,"This dataset contains detailed records of consumer compliance charges against businesses in New York City, covering a wide range of industries such as grocery retail, tobacco sales, and home improvement. It includes unique identifiers for each record and business, the date of the violation, the specific charge, and the outcome of the case. The dataset spans from October 17, 1995, to April 19, 2023, providing a comprehensive view of regulatory actions over time. It features spatial data, including coordinates and borough information, allowing for geographic analysis of compliance issues. This dataset can be utilized by researchers, policymakers, and consumer advocates to identify trends in business compliance, assess the effectiveness of regulations, and enhance consumer protection efforts. Additionally, it serves as a valuable resource for understanding the enforcement of consumer rights and the accountability of businesses within the city.

Column constraints outlined in Data Dictionary:
outcome: Allowed values include ""Decision Dismissed"", ""Default Decision"", ""Hearing Decision"", ""Pleaded"", ""Settlement (During Hearing)"", ""Settlement (Post Hearing)"", ""Settlement (Pre-Hearing)""; Null values are allowed  
latitude: Value range is between -90 and 90; Format is decimal degrees  
longitude: Value range is between -180 and 180; Format is decimal degrees  
community_board: Format is numeric; Null values are allowed  
council_district: Format is numeric; Null values are allowed  
bin: Format is numeric; Null values are allowed  
bbl: Format is numeric; Null values are allowed","This dataset contains information on consumer compliance charges across various industries in New York City, covering a temporal range from October 20, 1998, to May 11, 2023. It includes unique identifiers for each record, business names, violation dates, and specific charges related to compliance regulations. The dataset is spatially enriched with coordinates, boroughs, and addresses, allowing for geographic analysis. It can be utilized to assess compliance trends, identify businesses with repeated violations, and inform regulatory actions. This resource is valuable for researchers, policymakers, and consumer advocacy groups focused on consumer rights and business practices.","Dataset Overview:
- This dataset contains detailed records of consumer compliance charges against businesses in New York City, covering a wide range of industries such as grocery retail, tobacco sales, and home improvement. It includes unique identifiers for each record and business, the date of the violation, the specific charge, and the outcome of the case. The dataset spans from October 17, 1995, to April 19, 2023, providing a comprehensive view of regulatory actions over time. It features spatial data, including coordinates and borough information, allowing for geographic analysis of compliance issues. This dataset can be utilized by researchers, policymakers, and consumer advocates to identify trends in business compliance, assess the effectiveness of regulations, and enhance consumer protection efforts. Additionally, it serves as a valuable resource for understanding the enforcement of consumer rights and the accountability of businesses within the city.

Key Themes or Topics:
- Consumer compliance
- Regulatory enforcement
- Business accountability
- Consumer protection
- Violation tracking
- Industry-specific compliance (grocery, tobacco, home improvement)
- Geographic analysis of compliance issues
- Legal outcomes in consumer cases
- Urban regulatory frameworks

Applications and Use Cases:
- Analysis of compliance trends for businesses in NYC
- Assessment of regulatory effectiveness over time
- Identification of high-risk industries for consumer violations
- Geographic mapping of compliance issues by borough
- Policy formulation for consumer protection initiatives
- Research on consumer rights enforcement
- Evaluation of business accountability measures
- Statistical modeling of violation outcomes

Potential Questions:
- What is the distribution of consumer compliance charges by industry?
- How do violation outcomes differ across various boroughs in NYC?
- What trends can be observed in consumer compliance charges from 1995 to 2023?
- How many cases resulted in a ""Settlement (Post Hearing)"" compared to ""Decision Dismissed""?
- What is the average time taken to resolve consumer compliance cases?
- Are there specific community boards with higher rates of compliance violations?
- How do the outcomes of consumer compliance charges vary by council district?

Concepts and Synonyms:
- Consumer compliance/consumer protection
- Regulatory actions/enforcement actions
- Business violations/business infractions
- Legal outcomes/case outcomes
- Geographic information systems (GIS)/spatial data
- Industry compliance/sector-specific regulations
- Accountability measures/business accountability
- Violation records/charge records

Keywords and Themes:
- consumer compliance charges
- regulatory enforcement NYC
- business violations
- consumer rights
- compliance trends
- violation outcomes
- geographic analysis
- industry-specific regulations
- consumer protection policies

Additional Context:
- This dataset is crucial for understanding the landscape of consumer rights enforcement in urban settings, particularly in a diverse and densely populated area like New York City. It provides insights into the effectiveness of consumer protection laws and the accountability of businesses, which is essential for policymakers and advocates working to enhance consumer safety and rights. The dataset can also be integrated with other urban datasets to provide a more comprehensive view of socio-economic factors affecting consumer compliance.","Dataset Overview:
- This dataset contains information on consumer compliance charges across various industries in New York City, covering a temporal range from October 20, 1998, to May 11, 2023. It includes unique identifiers for each record, business names, violation dates, and specific charges related to compliance regulations. The dataset is spatially enriched with coordinates, boroughs, and addresses, allowing for geographic analysis. It can be utilized to assess compliance trends, identify businesses with repeated violations, and inform regulatory actions. This resource is valuable for researchers, policymakers, and consumer advocacy groups focused on consumer rights and business practices.

Key Themes or Topics:
- Consumer compliance
- Regulatory enforcement
- Business practices
- Consumer rights
- Violation tracking
- Industry standards
- Compliance trends
- Geographic analysis
- Urban consumer protection
- Business accountability

Applications and Use Cases:
- Analyzing compliance trends for regulatory agencies
- Identifying patterns of violations for consumer advocacy
- Informing policy formulation regarding consumer protection
- Supporting research on business compliance behaviors
- Evaluating the effectiveness of regulatory actions
- Geographic mapping of compliance issues
- Assessing the impact of compliance charges on businesses
- Facilitating legal research related to consumer rights

Concepts and Synonyms:
- Consumer compliance charges / compliance fees
- Regulatory violations / compliance violations
- Business accountability / corporate responsibility
- Consumer protection laws / consumer rights legislation
- Enforcement actions / regulatory actions
- Violation records / infraction data
- Industry compliance / sector regulations
- Geographic information systems (GIS) / spatial data analysis
- Temporal analysis / time-series data

Keywords and Themes:
- consumer compliance
- regulatory charges
- business violations
- compliance trends
- consumer advocacy
- New York City
- spatial analysis
- industry regulations
- violation history
- consumer rights

Additional Context:
- This dataset is crucial for understanding the landscape of consumer compliance in New York City, addressing challenges related to consumer protection and business ethics. It serves as a foundational resource for interdisciplinary research that intersects law, urban studies, and public policy. The insights derived from this dataset can inform both local and state-level regulatory frameworks, enhancing the effectiveness of consumer protection initiatives.","{'rec_id': {'column_description': 'An identification number assigned by DCWP to record each charge against a business. For DCWP office tracking purposes.'}, 'biz_name': {'column_description': 'Primary Business Name.'}, 'industry': {'column_description': 'The category that describes the business.'}, 'chrg': {'column_description': 'Charge description and legal code.'}, 'outcome': {'column_description': 'Result after a charge has been adjudicated or settled based on the key.', 'expected_per_allowed_values': 'Decision Dismissed: The business was found not guilty of all charges.\nDefault Decision: The business did not appear at the hearing and an administrative law judge issued a\ndecision.\nHearing Decision: A hearing was held and an administrative law judge issued a decision.\nPleaded: The business pleaded guilty to the charge and paid the appropriate fine.\nSettlement (During Hearing): The business settled with DCWP during the hearing.\nSettlement (Post Hearing): The business settled with DCWP after the hearing.\nSettlement (Pre-Hearing): The business settled with DCWP prior to the hearing, so no hearing was held.'}, 'ct_guilty': {'column_description': 'Number of charges found guilty via decision.'}, 'street': {'column_description': 'The street name of the business’s address.'}, 'street2': {'column_description': 'The cross-street of the business’s address.'}, 'unit_typ': {'column_description': 'The unit type of the business’s address (e.g., Apartment/Suite/Other).'}, 'unit': {'column_description': 'The unit number of the business’s address.'}, 'city': {'column_description': 'The city where the business is located.'}, 'state': {'column_description': 'The state where the business is located.'}, 'x_coord': {'column_description': 'X Coordinate of business’s address.'}, 'y_coord': {'column_description': 'Y Coordinate of business’s address.'}, 'latitude': {'column_description': 'Latitude of the business’s address.', 'additional_notes': 'This column was generated by the NYC Open Data Team as part of the geocoding process.'}, 'longitude': {'column_description': 'Longitude of the business’s address.', 'additional_notes': 'This column was generated by the NYC Open Data Team as part of the geocoding process.'}, 'community_board': {'column_description': 'Community Boards are volunteer-run neighborhood organizations that work on all kinds of issues pertinent to their communities, often working with elected city officials in doing so. Community Board members, \ufeffwho can be as young as 16\ufeff, are appointed by Borough Presidents and City Council representatives. They serve two-year terms. There are 59 Community Boards in NYC, each of which represents a unique geographical area, known as a Community District. Note: as a column header, “Community Board” (which refers to a group of Board members) is often used to mean “Community District” (the geographical area) instead.', 'additional_notes': 'This column was generated by the NYC Open Data Team as part of the geocoding process.'}, 'council_district': {'column_description': 'The City Council is the lawmaking body of NYC, on equal footing with the mayor in terms of governing power. Besides legislating, the Council has sole approval power over the city budget, and is the final decision-maker in land use matters. There are 51 City Council members in total, each representing a unique geographical area, called a Council District.', 'additional_notes': 'This column was generated by the NYC Open Data Team as part of the geocoding process.'}, 'bin': {'column_description': 'The BIN (Building Identification Number) is a unique 7-digit number assigned to every known building by the Department of City Planning (DCP), the first digit of which is the borough code. BINs allow city agencies to process and match building-related data easily and in a consistent manner. ', 'additional_notes': 'This column was generated by the NYC Open Data Team as part of the geocoding process.'}, 'bbl': {'column_description': 'The BBL (Borough, Block, and Lot) is a combination of three numeric codes -- a 1-digit borough number, a block number (up to 5 digits) and a lot number (up to 4 digits) - designated and modified by the Department of Finance (DOF). BBLs are used by various city agencies to identify real estate for taxes, zoning, construction, and other purposes.', 'additional_notes': 'This column was generated by the NYC Open Data Team as part of the geocoding process.'}}",517,31,1,1
kun8-kdsr,https://data.cityofnewyork.us/d/kun8-kdsr,"This dataset contains detailed information about railroad pathways, represented as geometric entities with spatial data. It includes various attributes such as the length of each pathway, which ranges from 0.0 to 5371.89 meters, and identifiers for the starting and ending nodes of each segment. The dataset features unique values for the organization names associated with the railroads, primarily focusing on Amtrak and CSX. Additionally, it provides demographic data through census-related fields, which can be useful for analyzing the impact of railroads on local communities. The source of the data includes multiple references, ensuring a comprehensive overview of the railroad network. This dataset can be utilized for transportation planning, infrastructure development, and demographic studies related to railroad accessibility and its effects on surrounding areas. Overall, it serves as a valuable resource for researchers, urban planners, and policymakers interested in the dynamics of railroad pathways.","This dataset contains detailed geospatial information about railroad pathways, represented as multiline strings of coordinates. It includes unique identifiers for each segment, such as the tlid, fnode, and tnode, along with the length of each segment measured in float values. The dataset is primarily focused on transportation, featuring organizations like Amtrak and CSX. It also includes demographic data, which can be useful for analyzing the impact of railroads on local communities. This dataset can be utilized for transportation planning, infrastructure development, and demographic studies related to railroad accessibility and usage.","Dataset Overview:
- This dataset contains detailed information about railroad pathways, represented as geometric entities with spatial data. It includes various attributes such as the length of each pathway, which ranges from 0.0 to 5371.89 meters, and identifiers for the starting and ending nodes of each segment. The dataset features unique values for the organization names associated with the railroads, primarily focusing on Amtrak and CSX. Additionally, it provides demographic data through census-related fields, which can be useful for analyzing the impact of railroads on local communities. The source of the data includes multiple references, ensuring a comprehensive overview of the railroad network. This dataset can be utilized for transportation planning, infrastructure development, and demographic studies related to railroad accessibility and its effects on surrounding areas. Overall, it serves as a valuable resource for researchers, urban planners, and policymakers interested in the dynamics of railroad pathways.

Key Themes or Topics:
- Transportation infrastructure
- Urban planning
- Socio-economic impact of railroads
- Geographic information systems (GIS)
- Demographic analysis
- Railroad network analysis
- Accessibility studies
- Environmental impact assessments

Applications and Use Cases:
- Transportation planning and optimization
- Infrastructure development and maintenance
- Policy formulation for public transportation
- Urban development and zoning analysis
- Statistical modeling of demographic impacts
- Community impact assessments related to railroads
- Route planning for freight and passenger services
- Analysis of rail accessibility in relation to socio-economic factors

Potential Questions:
- What is the distribution of railroad pathway lengths in the dataset?
- How does the length of railroad pathways differ between Amtrak and CSX?
- What demographic characteristics are associated with areas near railroad pathways?
- How has the development of railroad pathways changed over time in specific regions?
- What are the starting and ending nodes for the longest railroad pathways in the dataset?
- How do different organizations' railroad pathways overlap in urban areas?

Concepts and Synonyms:
- Railroad pathways/railroad corridors
- Geometric entities/spatial data
- Transportation networks/transportation systems
- Demographic data/census data
- Accessibility/transportation accessibility
- Infrastructure development/transportation infrastructure
- Urban planning/urban development
- Freight transportation/passenger transportation

Keywords and Themes:
- Railroad pathways
- Spatial data
- Transportation planning
- Demographics
- Amtrak
- CSX
- Geographic information systems
- Infrastructure analysis
- Community impact

Additional Context:
- This dataset is relevant for addressing challenges in transportation accessibility and urban development, particularly in relation to the socio-economic effects of railroads on local communities. It can be integrated with other datasets related to urban demographics, land use, and transportation systems to provide a comprehensive view of the impact of railroads on urban environments. The dataset's focus on major railroad organizations like Amtrak and CSX also highlights its importance for understanding the dynamics of passenger and freight transportation in the United States.","Dataset Overview:
- This dataset contains detailed geospatial information about railroad pathways, represented as multiline strings of coordinates. It includes unique identifiers for each segment, such as the tlid, fnode, and tnode, along with the length of each segment measured in float values. The dataset is primarily focused on transportation, featuring organizations like Amtrak and CSX. It also includes demographic data, which can be useful for analyzing the impact of railroads on local communities. This dataset can be utilized for transportation planning, infrastructure development, and demographic studies related to railroad accessibility and usage.

Key Themes or Topics:
- Transportation infrastructure
- Geospatial analysis
- Urban planning
- Economic development
- Community impact assessment
- Environmental impact studies
- Public transportation systems
- Freight and logistics management
- Land use planning
- Accessibility studies

Applications and Use Cases:
- Transportation planning and optimization
- Infrastructure development and maintenance
- Policy formulation for public transit
- Demographic analysis related to transportation access
- Urban development and zoning analysis
- Environmental impact assessments for rail projects
- Statistical modeling of transportation patterns
- Community engagement and impact studies
- Freight route optimization and logistics planning

Concepts and Synonyms:
- Railroad pathways/railroad corridors
- Geospatial data/spatial data
- Transportation networks/transportation systems
- Demographic data/population statistics
- Infrastructure development/transportation infrastructure
- Accessibility/transportation equity
- Freight transportation/cargo transport
- Public transit/commuter rail
- Land use/land management
- Multiline strings/coordinate strings

Keywords and Themes:
- railroad
- geospatial information
- transportation planning
- infrastructure
- demographics
- Amtrak
- CSX
- community impact
- accessibility
- freight logistics

Additional Context:
- This dataset is relevant for addressing challenges in urban mobility and transportation equity, providing insights into how railroad systems affect local economies and communities. It can be integrated with other datasets related to land use, population demographics, and environmental factors to support comprehensive analyses. The dataset is valuable for interdisciplinary applications, including urban studies, transportation engineering, and socio-economic research.",,99,22,0,0
vnz6-h2k4,https://data.cityofnewyork.us/d/vnz6-h2k4,"This dataset provides a comprehensive history of license applications processed by the Department of Consumer and Worker Protection (DCWP) in New York City. It includes detailed information on both businesses and individuals, capturing essential data such as license types, categories, and statuses, along with the associated business names and addresses. The dataset spans from 1994 to 2013, offering insights into the licensing landscape over nearly two decades. Each entry is identified by a unique camis_id, ensuring accurate tracking of applications. The dataset also includes spatial data, such as latitude and longitude, allowing for geographical analysis of license distribution across the city. This information can be invaluable for researchers, policymakers, and consumers interested in understanding business licensing trends, compliance, and consumer protection within the city. Overall, it serves as a vital resource for historical analysis and urban studies related to business operations in New York City.

Column constraints outlined in Data Dictionary:
camis_id: Numeric; Unique identifier  
license_type: Allowed values: Business, Individual  
license_number: Nullable; Only provided for approved applications and renewals  
business_name: Nullable  
trade_name: Nullable; Only populated for businesses with a registered DBA or Trade Name  
activity_type: Allowed values: New Application, Renewal  
activity_date: Date format: MM/DD/YYYY  
activity: Allowed values: APPROVED, DENIED, WITHDRAWN  
building_number: Nullable; Typically associated with a street address; Significant variation in values due to inconsistent data collection  
boro_code: Allowed values: 01, 02, 03, 04, 05; Nullable for businesses outside NYC or individual licensees without a specific location  
community_board: Nullable; Missing data for businesses outside NYC or individual licensees without a specific location  
council_district: Nullable; Missing data for businesses outside NYC or individual licensees without a specific location  
borough: Generated by the Open Data team as part of the geocoding process  
latitude: Generated by the Open Data team as part of the geocoding process  
longitude: Generated by the Open Data team as part of the geocoding process  
bin: Generated by the Open Data team as part of the geocoding process  
bbl: Generated by the Open Data team as part of the geocoding process","This dataset contains detailed records of license applications, including both new applications and renewals, for various businesses and individuals in New York City. It features unique identifiers such as camis_id and license_number, along with information on license types, categories, and statuses. The dataset spans from 1994 to 2013, providing a temporal coverage that allows for analysis of trends over time. Spatial data includes addresses, boroughs, and geographic coordinates, enabling users to map and analyze the distribution of licenses across the city. This dataset is valuable for researchers, policymakers, and businesses interested in understanding licensing trends and compliance within the city.","Dataset Overview:
- This dataset provides a comprehensive history of license applications processed by the Department of Consumer and Worker Protection (DCWP) in New York City. It includes detailed information on both businesses and individuals, capturing essential data such as license types, categories, and statuses, along with the associated business names and addresses. The dataset spans from 1994 to 2013, offering insights into the licensing landscape over nearly two decades. Each entry is identified by a unique camis_id, ensuring accurate tracking of applications. The dataset also includes spatial data, such as latitude and longitude, allowing for geographical analysis of license distribution across the city. This information can be invaluable for researchers, policymakers, and consumers interested in understanding business licensing trends, compliance, and consumer protection within the city. Overall, it serves as a vital resource for historical analysis and urban studies related to business operations in New York City.

Key Themes or Topics:
- Business Licensing
- Consumer Protection
- Urban Studies
- Regulatory Compliance
- Economic Development
- Public Policy
- Geographic Information Systems (GIS)
- Historical Data Analysis
- Business Operations
- Administrative Data

Applications and Use Cases:
- Analyzing trends in business licensing over time
- Evaluating the impact of regulatory changes on license applications
- Assessing compliance rates among different business types
- Informing policy decisions related to consumer protection and business operations
- Conducting spatial analysis of license distribution across New York City
- Supporting urban planning and development initiatives
- Facilitating research on socio-economic factors influencing licensing

Potential Questions:
- What is the distribution of license types (Business vs. Individual) across New York City?
- How does the approval rate of license applications differ by borough?
- What trends can be observed in the number of new applications versus renewals over the years?
- How has the activity status of license applications (APPROVED, DENIED, WITHDRAWN) changed from 1994 to 2013?
- What are the most common business names associated with specific license types?
- How do license application trends vary by community board or council district?

Concepts and Synonyms:
- License Applications/Permit Applications
- Business Licenses/Commercial Licenses
- Individual Licenses/Personal Licenses
- Application Status/Processing Status
- Regulatory Framework/Compliance Framework
- Geographic Distribution/Spatial Distribution
- Historical Licensing Data/Legacy Licensing Records
- Consumer Rights/Consumer Advocacy
- Urban Licensing Trends/City Licensing Patterns

Keywords and Themes:
- License Applications
- Business Licensing History
- Consumer Protection Data
- New York City Licensing
- Regulatory Compliance Data
- Spatial Analysis of Licenses
- Economic Impact of Licensing
- Historical Data on Business Operations
- DCWP Licensing Records

Additional Context:
- This dataset is crucial for understanding the evolution of business licensing in New York City, particularly in the context of changing regulations and economic conditions. It provides a foundation for interdisciplinary research that intersects urban studies, public policy, and economic analysis. The inclusion of spatial data enhances its utility for geographic studies and urban planning efforts, making it a valuable resource for stakeholders interested in the dynamics of business operations and consumer protection in an urban environment.","Dataset Overview:
- This dataset contains detailed records of license applications, including both new applications and renewals, for various businesses and individuals in New York City. It features unique identifiers such as camis_id and license_number, along with information on license types, categories, and statuses. The dataset spans from 1994 to 2013, providing a temporal coverage that allows for analysis of trends over time. Spatial data includes addresses, boroughs, and geographic coordinates, enabling users to map and analyze the distribution of licenses across the city. This dataset is valuable for researchers, policymakers, and businesses interested in understanding licensing trends and compliance within the city.

Key Themes or Topics:
- Licensing and Permitting
- Urban Development and Planning
- Business Regulation and Compliance
- Public Administration and Governance
- Economic Activity and Business Operations
- Geographic Information Systems (GIS) and Spatial Analysis

Applications and Use Cases:
- Analysis of licensing trends for urban planning and development
- Policy formulation for business regulations and compliance
- Research on economic impacts of licensing on local businesses
- Statistical modeling of license distribution and renewal rates
- Mapping and visualization of license data for geographic insights

Concepts and Synonyms:
- License applications/application history
- Business licenses/permits
- Renewal applications/renewal history
- Compliance monitoring/regulatory compliance
- Unique identifiers/camis_id/license_number
- License types/categories/statuses
- Geographic coordinates/spatial data
- Address data/boroughs

Keywords and Themes:
- License application history
- New York City licenses
- Business regulation
- License renewal
- Geographic distribution of licenses
- Temporal analysis of licensing trends
- Urban licensing data
- Compliance data

Additional Context:
- The dataset is relevant for addressing challenges in urban planning, such as understanding the impact of licensing on business growth and community development.
- It provides insights into the regulatory environment for businesses in New York City, which can inform policymakers and stakeholders in decision-making processes.
- The dataset can be integrated with other urban datasets to enhance analyses related to economic development, public health, and community services.","{'camis_id': {'column_description': 'A unique system-generated identification number used to track a business across the system.', 'expected_per_allowed_values': 'Numeric'}, 'license_type': {'column_description': 'Indicates whether the applicant is a business or an individual.', 'expected_per_allowed_values': 'Business or Individual', 'field_limitations': 'This designation did not exist in the CAMIS system.  The value here is a calculated value based on license code. See Appendix 1 for more information.'}, 'license_code': {'column_description': 'The code associated with the business category or business activity requiring a DCWP-issued license in order to operate leally.', 'expected_per_allowed_values': 'See Appendix 1 for a full list of codes and descriptions.'}, 'license_category': {'column_description': 'The business category or business activity requiring a DCWP-issued license in order to operate legally.', 'expected_per_allowed_values': 'See Appendix 1 for a full list of codes and descriptions.'}, 'license_number': {'column_description': 'An identification number issued to businesses/individuals to operate legally for the duration of their license term.', 'field_limitations': 'This value is only provided for approved applications and renewals.  ', 'additional_notes': 'Licenses that were imported into Accela, the successor to the  CAMIS system, ""-DCA"" was appended to this value.'}, 'business_name': {'column_description': 'The legal business name as filed with the New York State Secretary of State or County Clerk or, if an individual, the person’s last name and first name.', 'field_limitations': 'Null values reflect missing data due to imperfect data collection.'}, 'trade_name': {'column_description': 'If applicable, the Doing-Business-As (DBA), or trade name of the business.', 'field_limitations': ""This field is only populated for businesses having a DBA or Trade Name registered with the New York State's Department of State.""}, 'activity_type': {'column_description': 'Indicates whether the transaction was a new license application or for the renewal of an existing license', 'expected_per_allowed_values': 'New Application or Renewal'}, 'activity_date': {'column_description': 'The date a final determination was made on the application or renewal.', 'expected_per_allowed_values': 'date in MM/DD/YYYY  format.'}, 'activity': {'column_description': 'The final determination on the application or renewal.', 'expected_per_allowed_values': 'APPROVED, DENIED, WITHDRAWN'}, 'activity_code': {'column_description': 'Code entered into the system to denote a activity or action on a record.', 'expected_per_allowed_values': 'See Appendix 2 for a list of activity codes included in the report.'}, 'activity_notes': {'column_description': 'Notes entered into the system by the person processing the application or renewal.', 'expected_per_allowed_values': 'Free text, but typically along the lines of ""Ok to approve"" or ""Status Update"" or other similar description of the basis for the Activity Code selected.'}, 'building_number': {'column_description': ""Building number of the business's premise address."", 'expected_per_allowed_values': 'Typically a building number associated with a street address.  See Appendix 3 for additional notes.', 'field_limitations': 'Null values are due to missing data and, Individual licensees (based on ""License Type"") do not have a specific business location.', 'additional_notes': 'Due to inconsistent data collection and the need to accommodate different address types (especially international) there is a significant amount of variation in the values.   Only common values are covered in Appendix 3.  Other values can be attributed to typos or unconventional address types.'}, 'location_street2': {'column_description': 'Street name where the business is located.', 'field_limitations': ""Null values are mostly due to the business's address type - typically only intersection addresses have a value."", 'additional_notes': ""If the business is located at an intersection, this will be the primary facing street of the business's location.""}, 'city': {'column_description': ""City where the business is located. If an individual license, the City of the licensee's mailing address."", 'field_limitations': 'Null values reflect missing data due to imperfect data collection.'}, 'postcode': {'column_description': ""Postcode where the business is located. If an individual license, the postcode of the licensee's mailing address.""}, 'boro_code': {'column_description': 'Borough Code of the Borough where the business is located.', 'expected_per_allowed_values': '01 = Manhattan; 02 = Bronx; 03 = Brooklyn; 04 = Queens; 05 = Staten Island; Outside NYC or N/A', 'field_limitations': 'Null values are due to missing data or businesses being located outside of NYC or,  Individual licensees (based on ""License Type"") do not have a specific business location.'}, 'community_board': {'column_description': 'The Community District where the business is located.', 'field_limitations': 'Null values are due to missing data or businesses being located outside of NYC or,  Individual licensees (based on ""License Type"") do not have a specific business location.'}, 'council_district': {'column_description': 'The City Council District where the business is located.', 'field_limitations': 'Null values are due to missing data or businesses being located outside of NYC or,  Individual licensees (based on ""License Type"") do not have a specific business location.'}, 'borough': {'column_description': 'Borough in which the building is located', 'additional_notes': 'This column was generated by the Open Data team (Office of Technology and Innovation) as part of the geocoding process.'}, 'latitude': {'column_description': ""Latitude of the building's location"", 'additional_notes': 'This column was generated by the Open Data team (Office of Technology and Innovation) as part of the geocoding process.'}, 'longitude': {'column_description': ""Longitude of the building's location"", 'additional_notes': 'This column was generated by the Open Data team (Office of Technology and Innovation) as part of the geocoding process.'}, 'bin': {'column_description': 'The BIN (Building Identification Number) is a unique identifier for each building in the City', 'additional_notes': 'This column was generated by the Open Data team (Office of Technology and Innovation) as part of the geocoding process.'}, 'bbl': {'column_description': 'The BBL (Borough, Block, and Lot) is a unique identifier for each tax lot in the City', 'additional_notes': 'This column was generated by the Open Data team (Office of Technology and Innovation) as part of the geocoding process.'}}",741,28,1,1
hzd8-k2vv,https://data.cityofnewyork.us/d/hzd8-k2vv,"This dataset provides a comprehensive overview of Business Improvement Districts (BIDs) across New York City, detailing their operational metrics for fiscal year 2024. It includes key information such as the number of full-time and part-time staff, sanitation and public safety personnel, and the total number of businesses within each district. Additionally, it captures the extent of services provided, including sanitation efforts, public safety initiatives, and community engagement activities. The dataset also highlights the financial aspects, including revenue from assessments, contracts, and grants, as well as expenses related to sanitation, public safety, and beautification projects. This information can be utilized for BID trends analysis, helping stakeholders understand the effectiveness of various initiatives, assess community needs, and inform future planning and resource allocation. Overall, it serves as a valuable resource for evaluating the impact of BIDs on urban environments and local economies.

Column constraints outlined in Data Dictionary:
borough: expected_per_allowed_values: Manhattan, Bronx, Queens, Brooklyn, Staten Island  
service_area_linear_feet: value range: 0 - 121820; units: feet  
full_time_staff: value range: 0 - 59; units: count  
sanitation_workers_employed: value range: 0 - 80; units: count  
public_safety_officers: value range: 0 - 47; units: count  
part_time_staff: value range: 0 - 20; units: count  
individual_businesses: value range: 0 - 9200; units: count  
occupied_storefronts: value range: 0 - 8000; units: count  
vacant_storefronts: value range: 0 - 400; units: count  
total_storefronts: value range: 0 - 9000; units: count  
bid_provides_supplemental: expected_per_allowed_values: True, False  
type_of_bid_sanitation: expected_per_allowed_values: Contracted, In-house, Both, Other  
type_of_duties_assigned_to: expected_per_allowed_values: Street Sweeping and Bagging, Power Washing, Snow and Ice Removal, Graffiti Removal, Gum Removal, Street Furniture Maintenance; Other  
days_per_week_sanitation: value range: 1 - 7; units: count  
hours_logged_by_sanitation: value range: 0 - 125263.87; units: hours  
incidents_of_graffiti_removed: value range: 0 - 736676; units: count  
trash_bags_collected: value range: 0 - 348000; units: count  
trash_and_recycling: expected_per_allowed_values: BID and/or NYC City Owned receptacles  
bid_provides_supplemental_1: expected_per_allowed_values: Yes, No  
type_of_bid_public_safety: expected_per_allowed_values: Contracted, In-house, Both, Other  
type_of_duties_assigned_to_1: expected_per_allowed_values: Monitoring security cameras, Crime prevention workshops, Street patrol, Traffic mitigation, Coordination with NYPD; Other  
interactions_with_public: value range: 0 - 100000; units: count  
planters_and_hanging_baskets: value range: 0 - 1000; units: count  
tree_pits_and_tree_guards: value range: 0 - 1000; units: count  
banners_maintained: value range: 0 - 1000; units: count  
public_art_installations: value range: 0 - 1000; units: count  
street_furniture_elements: value range: 0 - 1000; units: count  
wayfinding_elements: value range: 0 - 1000; units: count  
lighting_elements: value range: 0 - 1000; units: count  
other_infrastructure_elements: value range: 0 - 1000; units: count  
public_spaces_maintained: value range: 0 - 1000; units: count  
bid_provides_seasonal_holiday: expected_per_allowed_values: Yes, No  
communication_channels_used: expected_per_allowed_values: Paid advertising, Digital advertising, Direct mailings, Door-to-door visits, Flyers, Email bulletins, Social media, LinkNYC advertising; Other  
total_email_and_social_media: value range: 0 - 1000000; units: count  
marketing_materials: expected_per_allowed_values: District guides/maps, Event-Specific Advertisements, Coupon books, Apparel, Accessories, Office supplies  
total_marketing_materials: value range: 0 - 1000000; units: count  
public_events_coordinated: value range: 0 - 1000; units: count  
estimated_attendees_to_public: value range: 0 - 1000000; units: count  
assessment_revenue: value range: 0 - 29999999.99; units: US Dollars  
contracts: value range: 0 - 29999999.99; units: US Dollars  
program_service_revenue: value range: 0 - 29999999.99; units: US Dollars  
contributions: value range: 0 - 29999999.99; units: US Dollars  
government_grants: value range: 0 - 29999999.99; units: US Dollars  
interest_income: value range: 0 - 29999999.99; units: US Dollars  
total_revenue: value range: 0 - 29999999.99; units: US Dollars  
sanitation: value range: 0 - 29999999.99; units: US Dollars  
public_safety: value range: 0 - 29999999.99; units: US Dollars  
marketing_special_events: value range: 0 - 29999999.99; units: US Dollars  
streetscape_and_beautification: value range: 0 - 29999999.99; units: US Dollars  
other_program_expenses: value range: 0 - 29999999.99; units: US Dollars  
g_a_salaries_and_payroll: value range: 0 - 29999999.99; units: US Dollars  
g_a_outside_contractors: value range: 0 - 29999999.99; units: US Dollars  
g_a_rent_and_utilities: value range: 0 - 29999999.99; units: US Dollars  
g_a_supplies_and_equipment: value range: 0 - 29999999.99; units: US Dollars  
capital_improvements_and: value range: 0 - 29999999.99; units: US Dollars  
total_expenses: value range: 0 - 29999999.99; units: US Dollars","This dataset provides a comprehensive overview of Business Improvement District (BID) services across various boroughs, detailing aspects such as sanitation, public safety, and community engagement. It includes key metrics like the number of full-time and part-time staff, service area measurements, and the number of businesses and storefronts in each district. The dataset can be utilized for analyzing the effectiveness of BID services, understanding community needs, and evaluating resource allocation. Additionally, it offers insights into the types of services provided, the revenue generated, and the overall impact on local neighborhoods, making it a valuable resource for urban planning and community development initiatives.","Dataset Overview:
- This dataset provides a comprehensive overview of Business Improvement Districts (BIDs) across New York City, detailing their operational metrics for fiscal year 2024. It includes key information such as the number of full-time and part-time staff, sanitation and public safety personnel, and the total number of businesses within each district. Additionally, it captures the extent of services provided, including sanitation efforts, public safety initiatives, and community engagement activities. The dataset also highlights the financial aspects, including revenue from assessments, contracts, and grants, as well as expenses related to sanitation, public safety, and beautification projects. This information can be utilized for BID trends analysis, helping stakeholders understand the effectiveness of various initiatives, assess community needs, and inform future planning and resource allocation. Overall, it serves as a valuable resource for evaluating the impact of BIDs on urban environments and local economies.

Key Themes or Topics:
- Urban development
- Economic revitalization
- Community engagement
- Public safety and sanitation
- Local business support
- Fiscal management of BIDs
- Urban infrastructure and beautification
- Service delivery in urban settings
- Stakeholder collaboration in urban planning

Applications and Use Cases:
- Analysis for urban planners and city officials to enhance BID effectiveness
- Evaluation of community needs and resource allocation for local governments
- Research for academics studying urban economics and community development
- Insights for business owners on the impact of BIDs on local commerce
- Policy formulation for improving public safety and sanitation services
- Statistical modeling of BID performance metrics over time

Potential Questions:
- What is the distribution of full-time and part-time staff across different BIDs?
- How do sanitation efforts vary between BIDs in different boroughs?
- What is the relationship between the number of businesses and the total revenue generated by each BID?
- How has the number of vacant storefronts changed in BIDs over the fiscal year?
- What types of public safety initiatives are most commonly implemented across BIDs?
- How do community engagement activities correlate with the number of interactions with the public?

Concepts and Synonyms:
- Business Improvement Districts/BIDs
- Urban revitalization/urban renewal
- Community development/local development
- Public safety/security services
- Sanitation services/cleaning services
- Economic development/business growth
- Stakeholder engagement/community involvement
- Revenue generation/funding sources
- Infrastructure maintenance/public amenities

Keywords and Themes:
- Business Improvement Districts
- Urban planning
- Community services
- Economic analysis
- Public safety metrics
- Sanitation efforts
- Revenue and expenses
- Local businesses
- Community engagement activities

Additional Context:
- This dataset is relevant for addressing challenges in urban management and community development, particularly in understanding how BIDs contribute to the economic and social fabric of New York City.
- It provides a foundation for interdisciplinary applications, integrating urban studies, economics, public policy, and community planning.
- The dataset can be used in conjunction with other urban datasets to provide a more comprehensive view of urban dynamics and BID impacts.","Dataset Overview:
- This dataset provides a comprehensive overview of Business Improvement District (BID) services across various boroughs, detailing aspects such as sanitation, public safety, and community engagement. It includes key metrics like the number of full-time and part-time staff, service area measurements, and the number of businesses and storefronts in each district. The dataset can be utilized for analyzing the effectiveness of BID services, understanding community needs, and evaluating resource allocation. Additionally, it offers insights into the types of services provided, the revenue generated, and the overall impact on local neighborhoods, making it a valuable resource for urban planning and community development initiatives.

Key Themes or Topics:
- Urban planning
- Community development
- Economic development
- Public safety
- Sanitation services
- Community engagement
- Local governance
- Neighborhood revitalization
- Business support services
- Service area analysis

Applications and Use Cases:
- Urban planning and development
- Policy formulation and evaluation
- Economic impact analysis
- Community needs assessment
- Resource allocation strategies
- Performance measurement of BID services
- Stakeholder engagement and collaboration
- Statistical modeling for urban studies
- Research on local business ecosystems

Concepts and Synonyms:
- Business Improvement District (BID)/Business District
- Sanitation services/cleaning services
- Public safety/security services
- Community engagement/public participation
- Economic development/business growth
- Service metrics/performance indicators
- Revenue generation/funding sources
- Neighborhood impact/community impact
- Full-time staff/part-time staff
- Service area/coverage area

Keywords and Themes:
- Business Improvement District
- BID services
- Urban services
- Community services
- Economic metrics
- Local businesses
- Neighborhood services
- Public safety metrics
- Sanitation metrics
- Community engagement strategies

Additional Context:
- The dataset is relevant for addressing challenges in urban management and community sustainability.
- It provides insights into the effectiveness of BID initiatives in enhancing local economies and community well-being.
- The dataset can be integrated with other urban datasets for comprehensive analysis of urban dynamics and community needs.","{'bid_name': {'column_description': 'Name of Business Improvement District', 'data_type': 'Text'}, 'borough': {'column_description': 'Borough where BID is located', 'data_type': 'Text', 'expected_per_allowed_values': 'Manhattan, Bronx, Queens, Brooklyn, Staten Island'}, 'service_area_linear_feet': {'column_description': 'BID service area, measured in linear feet', 'data_type': 'Number', 'additional_notes': 'Measured by SBS using mapping software; represents unique BID service area (including side streets, around corners, etc.)'}, 'full_time_staff': {'column_description': 'Number of full-time staff members employed by BID in office or administrative capacity', 'data_type': 'Number'}, 'sanitation_workers_employed': {'column_description': 'Number of sanitation staff members employed by BID', 'data_type': 'Number'}, 'public_safety_officers': {'column_description': 'Number of public safety staff members employed by BID', 'data_type': 'Number'}, 'part_time_staff': {'column_description': 'Number of part-time staff members employed by BID (including seasonal employees and interns)', 'data_type': 'Number'}, 'individual_businesses': {'column_description': 'Number of retail, restaurants, offices, etc. in the BID', 'data_type': 'Number', 'additional_notes': 'Best estimate, some BIDs do not track'}, 'occupied_storefronts': {'column_description': 'Number of storefronts that are active', 'data_type': 'Number', 'additional_notes': 'Best estimate, some BIDs do not track'}, 'vacant_storefronts': {'column_description': 'Number of storefronts that are empty, have no activity', 'data_type': 'Number', 'additional_notes': 'Best estimate, some BIDs do not track'}, 'total_storefronts': {'column_description': 'Sum of occupied and vacant storefronts', 'data_type': 'Number', 'additional_notes': 'Best estimate, some BIDs do not track'}, 'bid_provides_supplemental_1': {'column_description': 'Yes/No if specific BID provides supplemental sanitation services', 'data_type': 'Text', 'expected_per_allowed_values': 'Yes or No'}, 'type_of_bid_sanitation': {'column_description': 'same as column name', 'data_type': 'Text', 'expected_per_allowed_values': 'Values may include: Contracted, In-house, Both or Other'}, 'type_of_duties_assigned_to': {'column_description': 'same as column name', 'data_type': 'Text', 'expected_per_allowed_values': 'Values may include: Street Sweeping and Bagging, Power Washing, Snow and Ice Removal, Graffiti Removal, Gum Removal, Street Furniture Maintenance; Other'}, 'days_per_week_sanitation': {'column_description': 'Number of days per week that sanitation services are provided (1-7)', 'data_type': 'Number', 'expected_per_allowed_values': 'Values may include: 1-7'}, 'hours_logged_by_sanitation': {'column_description': 'Number of hours logged by sanitation workers in FY24', 'data_type': 'Number'}, 'incidents_of_graffiti_removed': {'column_description': 'Number of incidents of graffiti removed in FY24 (may include graffiti, sticker, poster removal)', 'data_type': 'Number'}, 'trash_bags_collected': {'column_description': 'Number of trash bags collected by BID in FY24', 'data_type': 'Number'}, 'trash_and_recycling': {'column_description': 'Number of trash and recycling receptacles serviced in FY24 (include BID- and City-owned receptacles)', 'data_type': 'Number', 'expected_per_allowed_values': 'BID and/or NYC City Owned receptacles'}, 'bid_provides_supplemental_2': {'column_description': 'Yes/No if specific BID provides supplemental public safety services', 'data_type': 'Text', 'expected_per_allowed_values': 'Yes or No'}, 'type_of_bid_public_safety': {'column_description': 'same as column name', 'data_type': 'Text', 'expected_per_allowed_values': 'Values may include: Contracted, In-house, Both or Other'}, 'type_of_duties_assigned_to_1': {'column_description': 'same as column name', 'data_type': 'Text', 'expected_per_allowed_values': 'Values may include: Monitoring security cameras, Crime prevention workshops, Street patrol, Traffic mitigation, Coordination with NYPD; Other'}, 'interactions_with_public': {'column_description': 'Number of interactions between public safety officers and residents, visitors, etc.', 'data_type': 'Number'}, 'planters_and_hanging_baskets': {'column_description': 'Number of planters and hanging baskets maintained by BID in FY24, inclusive of hanging baskets', 'data_type': 'Number'}, 'tree_pits_and_tree_guards': {'column_description': 'Number of tree pits maintained by BID in FY24', 'data_type': 'Number'}, 'banners_maintained': {'column_description': 'Number of banners maintained by BID or a sub-contractor in FY24', 'data_type': 'Number'}, 'public_art_installations': {'column_description': 'Number of public art installations sponsored by BID in FY24', 'data_type': 'Number'}, 'street_furniture_elements': {'column_description': 'Number of street furniture elements installed and maintained by BID (e.g. permanent tables, chairs, benches)', 'data_type': 'Number'}, 'wayfinding_elements': {'column_description': 'Number of wayfinding elements installed and maintained by BID (e.g. signs, frames, poles, kiosks)', 'data_type': 'Number'}, 'lighting_elements': {'column_description': 'Number of lighting elements installed and maintained by BID (e.g. light poles, rooflights, luminaires)', 'data_type': 'Number'}, 'other_infrastructure_elements': {'column_description': 'Number of other infrastructure elements installed and maintained by BID (e.g. tree guards, bollards, bike racks, news racks)', 'data_type': 'Number'}, 'public_spaces_maintained': {'column_description': 'Number of public spaces maintained by BID, may include plazas, traffic medians, greenstreets, etc. (self-defined by BID)', 'data_type': 'Number'}, 'bid_provides_seasonal_holiday': {'column_description': 'Yes/No if specific BID installed holiday lighting in FY24', 'data_type': 'Text', 'expected_per_allowed_values': 'Yes or No'}, 'communication_channels_used': {'column_description': 'same as column name', 'data_type': 'Text', 'expected_per_allowed_values': 'Values may include: Paid advertising, Digital advertising, Direct mailings, Door-to-door visits, Flyers, Email bulletins, Social media, LinkNYC advertising, Other'}, 'total_email_and_social_media': {'column_description': 'Total number of subscribers to email distribution list; Sum of all social media followers (Facebook, Twitter, Instagram, and other channels)', 'data_type': 'Number'}, 'marketing_materials': {'column_description': 'Type of materials distributed by the BID', 'data_type': 'Text', 'expected_per_allowed_values': 'Values may include: District guides/maps, Event-Specific Advertisements, Coupon books, Apparel (e.g. t-shirts), Accessories (e.g. totes, sunglasses), Office supplies (e.g. pens, pads, etc.)'}, 'total_marketing_materials': {'column_description': 'Sum of all marketing materials distributed, including: District guides/maps, Event-Specific Advertisements, Coupon books, Apparel (e.g. t-shirts), Accessories (e.g. totes, sunglasses), Office supplies (e.g. pens, pads, etc.)', 'data_type': 'Number'}, 'public_events_coordinated': {'column_description': 'Number of public events coordinated or co-coordinated by BID in FY24', 'data_type': 'Number'}, 'estimated_attendees_to_public': {'column_description': 'Number of total attendees at public events coordinated by BID in FY24', 'data_type': 'Number', 'additional_notes': 'Best estimate; methods of counting vary by BID'}, 'assessment_revenue': {'column_description': 'FY24 revenue from special assessment', 'data_type': 'Dollar amount', 'expected_per_allowed_values': 'In US Dollars'}, 'contracts': {'column_description': 'FY24 revenue from contracts (may include plaza maintenance contracts, concession contracts, etc.)', 'data_type': 'Dollar amount', 'expected_per_allowed_values': 'In US Dollars'}, 'program_service_revenue': {'column_description': 'FY24 revenue from program services', 'data_type': 'Dollar amount', 'expected_per_allowed_values': 'In US Dollars'}, 'contributions': {'column_description': 'FY24 revenue from contributions', 'data_type': 'Dollar amount', 'expected_per_allowed_values': 'In US Dollars'}, 'government_grants': {'column_description': 'FY24 revenue from government grants', 'data_type': 'Dollar amount', 'expected_per_allowed_values': 'In US Dollars'}, 'interest_income': {'column_description': 'FY24 revenue from interest', 'data_type': 'Dollar amount', 'expected_per_allowed_values': 'In US Dollars'}, 'total_revenue': {'column_description': 'same as column name', 'data_type': 'Dollar amount', 'expected_per_allowed_values': 'In US Dollars', 'additional_notes': 'Total may not exactly equal sum due to differences in rounding'}, 'sanitation': {'column_description': 'FY24 expenses for sanitation program', 'data_type': 'Dollar amount', 'expected_per_allowed_values': 'In US Dollars'}, 'public_safety': {'column_description': 'FY24 expenses for public safety program', 'data_type': 'Dollar amount', 'expected_per_allowed_values': 'In US Dollars'}, 'marketing_special_events': {'column_description': 'FY24 expenses for lighting, public events, marketing', 'data_type': 'Dollar amount', 'expected_per_allowed_values': 'In US Dollars'}, 'streetscape_and_beautification': {'column_description': 'FY24 expenses for streetscape and horticulture program', 'data_type': 'Dollar amount', 'expected_per_allowed_values': 'In US Dollars'}, 'other_program_expenses': {'column_description': 'FY24 expenses for other programs and services (e.g. business services, social services, etc.)', 'data_type': 'Dollar amount', 'expected_per_allowed_values': 'In US Dollars'}, 'g_a_salaries_and_payroll': {'column_description': 'FY24 expenses for staff salaries', 'data_type': 'Dollar amount', 'expected_per_allowed_values': 'In US Dollars'}, 'g_a_outside_contractors': {'column_description': 'FY24 expenses for outside contractors (e.g. marketing, research, design, etc.)', 'data_type': 'Dollar amount', 'expected_per_allowed_values': 'In US Dollars'}, 'g_a_rent_and_utilities': {'column_description': 'FY24 expenses for rent and utilities', 'data_type': 'Dollar amount', 'expected_per_allowed_values': 'In US Dollars'}, 'g_a_supplies_and_equipment': {'column_description': 'FY24 expenses for supplies and equipment', 'data_type': 'Dollar amount', 'expected_per_allowed_values': 'In US Dollars'}, 'capital_improvements_and': {'column_description': 'FY24 expenses for capital improvements and debt', 'data_type': 'Dollar amount'}, 'total_expenses': {'column_description': 'same as column name', 'data_type': 'Dollar amount', 'expected_per_allowed_values': 'In US Dollars'}}",75,64,1,0
855v-w7mc,https://data.cityofnewyork.us/d/855v-w7mc,"This dataset contains information about pre-application meetings related to zoning consultations held in New York City from January 2019 to April 2024. It includes details such as the applicant's name, meeting date, address, and geographic identifiers like borough, block, and lot numbers. The dataset features 49 unique meeting dates and covers various neighborhoods across the five boroughs, providing a comprehensive view of zoning discussions. Each entry is associated with a specific calendar number, which helps identify prior Board of Standards and Appeals actions. The dataset can be utilized by urban planners, researchers, and community organizations to analyze trends in zoning applications, assess community engagement in the planning process, and understand the spatial distribution of proposed developments. Additionally, it serves as a valuable resource for tracking the interactions between applicants and city officials, contributing to informed decision-making in urban development.

Column constraints outlined in Data Dictionary:
calendar: expected format is XXX-XXX-X or N/A; may be N/A if there is no prior BSA action; BSA Calendar numbers are ###-###-(letter: BZ, A, BZY)  
address: expected format is ""123 Sesame Street""; if Premises consists of multiple tax blocks, they are included as separate rows  
block: expected format is numeric; if Premises consists of multiple addresses, they are included as separate rows  
lot: expected format is numeric  
borough: allowed values are Manhattan, Bronx, Brooklyn, Queens, Staten Island  
applicant: expected format is a string representing the name of the applicant  
date_of_meeting: expected format is MM/DD/YYYY  
postcode: expected format is numeric; generated as part of the geocoding process  
latitude: expected format is numeric; generated as part of the geocoding process  
longitude: expected format is numeric; generated as part of the geocoding process  
community_board: may refer to ""Community District"" (the geographical area)  
council_district: expected format is numeric; generated as part of the geocoding process  
bin: expected format is numeric; generated as part of the geocoding process  
bbl: expected format is numeric; generated as part of the geocoding process  
census_tract_2020_: expected format is numeric; leading and trailing zeros are dropped as part of the geocoding process  
neighborhood_tabulation_area_nta_2020_: expected format is a string; generated as part of the geocoding process","This dataset contains information on zoning consultation meetings held from January 2019 to April 2024. It includes details such as the applicant's name, meeting dates, addresses, and geographic coordinates, providing a comprehensive overview of pre-application meetings across various boroughs in New York City. The dataset features 33 unique applicants and covers 68 distinct addresses, with spatial data represented by latitude and longitude coordinates. This dataset can be utilized for analyzing trends in zoning applications, understanding community engagement in urban planning, and assessing the distribution of zoning meetings across different neighborhoods.","Dataset Overview:
- This dataset contains information about pre-application meetings related to zoning consultations held in New York City from January 2019 to April 2024. It includes details such as the applicant's name, meeting date, address, and geographic identifiers like borough, block, and lot numbers. The dataset features 49 unique meeting dates and covers various neighborhoods across the five boroughs, providing a comprehensive view of zoning discussions. Each entry is associated with a specific calendar number, which helps identify prior Board of Standards and Appeals actions. The dataset can be utilized by urban planners, researchers, and community organizations to analyze trends in zoning applications, assess community engagement in the planning process, and understand the spatial distribution of proposed developments. Additionally, it serves as a valuable resource for tracking the interactions between applicants and city officials, contributing to informed decision-making in urban development.

Key Themes or Topics:
- Urban Planning
- Zoning Regulations
- Community Engagement
- Land Use Planning
- Development Proposals
- Public Policy
- Geographic Information Systems (GIS)
- Urban Development Trends
- Neighborhood Dynamics
- Pre-Application Processes

Applications and Use Cases:
- Analyzing zoning application trends for urban development
- Assessing community involvement in zoning consultations
- Evaluating the impact of zoning decisions on neighborhoods
- Informing policy decisions related to land use and development
- Supporting urban planners in decision-making processes
- Facilitating research on urban growth and zoning patterns
- Understanding spatial distribution of zoning meetings and applications

Potential Questions:
- What is the distribution of zoning consultation meetings across different boroughs?
- How do zoning application trends vary by neighborhood over time?
- What is the relationship between the number of applicants and the meeting dates?
- How has community engagement in zoning consultations changed from 2019 to 2024?
- What are the most common types of zoning applications submitted in NYC?
- How do zoning meeting locations correlate with demographic data in the boroughs?

Concepts and Synonyms:
- Zoning Consultation / Zoning Meeting
- Pre-Application Meeting / Pre-Application Consultation
- Urban Development / Urban Growth
- Land Use / Land Use Planning
- Community Board / Community District
- Geographic Identifiers / Geographic Information
- Board of Standards and Appeals (BSA) / Zoning Board
- Applicant / Developer
- Meeting Date / Consultation Date

Keywords and Themes:
- Zoning
- Urban Planning
- NYC Zoning
- Community Engagement
- Development Applications
- Geographic Distribution
- Planning Meetings
- Land Use Regulations
- Neighborhood Planning
- Public Participation

Additional Context:
- This dataset is crucial for understanding the dynamics of urban development in New York City, particularly in the context of community involvement and regulatory processes. It provides insights into how zoning decisions affect local neighborhoods and can inform future urban planning initiatives. The dataset can also be integrated with demographic and socio-economic data to enhance analyses of urban development impacts.","Dataset Overview:
- This dataset contains information on zoning consultation meetings held from January 2019 to April 2024. It includes details such as the applicant's name, meeting dates, addresses, and geographic coordinates, providing a comprehensive overview of pre-application meetings across various boroughs in New York City. The dataset features 33 unique applicants and covers 68 distinct addresses, with spatial data represented by latitude and longitude coordinates. This dataset can be utilized for analyzing trends in zoning applications, understanding community engagement in urban planning, and assessing the distribution of zoning meetings across different neighborhoods.

Key Themes or Topics:
- Urban Planning
- Zoning Regulations
- Community Engagement
- Land Use Planning
- Pre-Application Processes
- Public Consultation
- Geographic Information Systems (GIS)
- Neighborhood Development
- Local Government Policy
- Stakeholder Involvement

Applications and Use Cases:
- Facilitates analysis for urban planners, city officials, and community organizations.
- Useful for assessing community participation in zoning processes and urban development.
- Enables insights into zoning trends and patterns for researchers and policymakers.
- Supports the evaluation of geographic distribution of zoning meetings for urban studies.
- Assists in the formulation of zoning policies and regulations based on community feedback.

Concepts and Synonyms:
- Zoning Consultation Meetings/zoning meetings
- Pre-Application Meetings/pre-application consultations
- Community Engagement/public engagement
- Urban Development/urban growth
- Land Use/zoning use
- Geographic Coordinates/latitude and longitude
- Stakeholder Consultation/community consultation
- Zoning Applications/zoning requests
- Boroughs/neighborhoods
- Urban Policy/planning policy

Keywords and Themes:
- Zoning
- Consultation
- Meetings
- New York City
- Urban Planning
- Community Involvement
- Geographic Data
- Spatial Analysis
- Public Meetings
- Land Use Planning

Additional Context:
- Highlights the dataset's relevance to understanding the dynamics of urban development and community input in zoning decisions.
- Emphasizes its value for interdisciplinary applications, integrating urban studies, public policy, and community planning.
- Addresses challenges in urban planning, such as balancing development needs with community interests and environmental considerations.","{'calendar': {'column_description': 'Prior BSA Calendar Number (a prior BSA action), where applicable', 'expected_per_allowed_values': 'XXX-XXX-X OR N/A', 'field_limitations': 'N/A if there is no prior BSA action', 'additional_notes': 'BSA Calendar numbers are ###-###-(letter: BZ, A, BZY)'}, 'address': {'column_description': 'Address of Premises, where provided', 'expected_per_allowed_values': '123 Sesame Street', 'field_limitations': 'N/A if none provided', 'additional_notes': 'if Premises consists of multiple tax blocks, they are included as separate rows'}, 'block': {'column_description': 'tax block of Premises', 'expected_per_allowed_values': 1234, 'field_limitations': 'N/A if none provided', 'additional_notes': 'if Premises consists of multiple addresses, they are included as separate rows'}, 'lot': {'column_description': 'tax lot of Premises', 'expected_per_allowed_values': 345, 'field_limitations': 'N/A if none provided', 'additional_notes': 'if Premises consists of multiple tax lots, they are included as separate rows'}, 'borough': {'column_description': 'NYC Borough', 'expected_per_allowed_values': 'Manhattan, Bronx, Brooklyn, Queens, Staten Island', 'field_limitations': 'N/A if none provided'}, 'applicant': {'column_description': 'Representative of pre-application request', 'expected_per_allowed_values': 'Representatives, Professionals, & Filers, P.C.'}, 'date_of_meeting': {'column_description': 'Date meeting held', 'expected_per_allowed_values': 'MM/DD/YYYY'}, 'application_type': {'column_description': 'Meeting with Board staff regarding a potential application at BSA', 'expected_per_allowed_values': 'pre-application meeting'}, 'postcode': {'column_description': 'Zipcode where the site is located', 'additional_notes': 'This column was generated by the Open Data team (Office of Technology and Innovation) as part of the geocoding process.'}, 'latitude': {'column_description': ""Latitude of the site's location"", 'additional_notes': 'This column was generated by the Open Data team (Office of Technology and Innovation) as part of the geocoding process.'}, 'longitude': {'column_description': ""Longitude of the site's location"", 'additional_notes': 'This column was generated by the Open Data team (Office of Technology and Innovation) as part of the geocoding process.'}, 'community_board': {'column_description': 'Community Boards are volunteer-run neighborhood organizations that work on all kinds of issues pertinent to their communities, often working with elected city officials in doing so. Community Board members, \ufeffwho can be as young as 16\ufeff, are appointed by Borough Presidents and City Council representatives. They serve two-year terms. There are 59 Community Boards in NYC, each of which represents a unique geographical area, known as a Community District.', 'field_limitations': ' Note: as a column header, “Community Board” (which refers to a group of Board members) is often used to mean “Community District” (the geographical area) instead.', 'additional_notes': 'This column was generated by the Open Data team (Office of Technology and Innovation) as part of the geocoding process.'}, 'council_district': {'column_description': 'The City Council is the lawmaking body of NYC, on equal footing with the mayor in terms of governing power. Besides legislating, the Council has sole approval power over the city budget, and is the final decision-maker in land use matters. There are 51 City Council members in total, each representing a unique geographical area, called a Council District.', 'additional_notes': 'This column was generated by the Open Data team (Office of Technology and Innovation) as part of the geocoding process.'}, 'bin': {'column_description': 'The BIN (Building Identification Number) is a unique 7-digit number assigned to every known building by the Department of City Planning (DCP), the first digit of which is the borough code. BINs allow city agencies to process and match building-related data easily and in a consistent manner. ', 'additional_notes': 'This column was generated by the Open Data team (Office of Technology and Innovation) as part of the geocoding process.'}, 'bbl': {'column_description': 'The BBL (Borough, Block, and Lot) is a combination of three numeric codes -- a 1-digit borough number, a block number (up to 5 digits) and a lot number (up to 4 digits) - designated and modified by the Department of Finance (DOF). BBLs are used by various city agencies to identify real estate for taxes, zoning, construction, and other purposes.', 'additional_notes': 'This column was generated by the Open Data team (Office of Technology and Innovation) as part of the geocoding process.'}, 'census_tract_2020_': {'column_description': 'The Census Tract (Census 2020) is a small, relatively permanent statistical subdivisions of a county uniquely numbered in each county with a numeric code.', 'field_limitations': 'Please note that as part of the geocoding process, leading and trailing zeros are dropped.', 'additional_notes': 'This column was generated by the Open Data team (Office of Technology and Innovation) as part of the geocoding process.'}, 'neighborhood_tabulation_area_nta_2020_': {'column_description': 'The Neighborhood Tabulation Area (Census 2020) are small area boundaries, created by the Department of City Planning (DCP) to aggregate population projections in a small area. Each NTA approximates a minimum population of 15,000. While NTAs were initially created to support PlaNYC, the thirty-year (2000-2030) sustainability plan for NYC, NTAs are now also being used to present data from the Decennial Census and American Community Survey. NTA boundaries and their associated names do not definitively represent neighborhood boundaries.', 'additional_notes': 'This column was generated by the Open Data team (Office of Technology and Innovation) as part of the geocoding process.'}}",75,17,1,1
