,dataset_id,row_id,modified_side,tuple,winner,reasoning,modified_win
0,f9bf-2cp4,0,B,"('B', 'DESCRIPTION B IS BETTER BECAUSE IT PROVIDES MORE SPECIFIC DETAILS ABOUT THE DATASET, INCLUDING THE NUMBER OF UNIQUE IDENTIFIERS AND A CLEAR EXPLANATION OF COLUMN CONSTRAINTS, ENHANCING COMPLETENESS AND READABILITY.')",B,"DESCRIPTION B IS BETTER BECAUSE IT PROVIDES MORE SPECIFIC DETAILS ABOUT THE DATASET, INCLUDING THE NUMBER OF UNIQUE IDENTIFIERS AND A CLEAR EXPLANATION OF COLUMN CONSTRAINTS, ENHANCING COMPLETENESS AND READABILITY.",1
1,s52a-8aq6,1,B,"('B', ""DESCRIPTION B IS BETTER BECAUSE IT PROVIDES SPECIFIC DETAILS ABOUT THE DATASET'S SCOPE, INCLUDING THE YEARS COVERED AND THE UNIQUE SCHOOL IDENTIFIERS, WHILE MAINTAINING CLARITY AND CONCISENESS."")",B,"DESCRIPTION B IS BETTER BECAUSE IT PROVIDES SPECIFIC DETAILS ABOUT THE DATASET'S SCOPE, INCLUDING THE YEARS COVERED AND THE UNIQUE SCHOOL IDENTIFIERS, WHILE MAINTAINING CLARITY AND CONCISENESS.",1
2,ihfw-zy9j,2,A,"('A', ""DESCRIPTION A IS MORE COMPREHENSIVE, PROVIDING DETAILED INFORMATION ABOUT THE DATASET'S METRICS AND COLUMN CONSTRAINTS, WHICH ENHANCES ITS COMPLETENESS AND UTILITY FOR POTENTIAL USERS."")",A,"DESCRIPTION A IS MORE COMPREHENSIVE, PROVIDING DETAILED INFORMATION ABOUT THE DATASET'S METRICS AND COLUMN CONSTRAINTS, WHICH ENHANCES ITS COMPLETENESS AND UTILITY FOR POTENTIAL USERS.",1
3,c7ru-d68s,3,A,"('A', ""DESCRIPTION A IS MORE COMPREHENSIVE AND DETAILED, PROVIDING A THOROUGH OVERVIEW OF THE DATASET'S CONTENTS AND POTENTIAL APPLICATIONS, WHILE ALSO MAINTAINING GOOD READABILITY."")",A,"DESCRIPTION A IS MORE COMPREHENSIVE AND DETAILED, PROVIDING A THOROUGH OVERVIEW OF THE DATASET'S CONTENTS AND POTENTIAL APPLICATIONS, WHILE ALSO MAINTAINING GOOD READABILITY.",1
4,itfs-ms3e,4,B,"('B', 'DESCRIPTION B IS BETTER BECAUSE IT PROVIDES MORE DETAILED INFORMATION ABOUT THE DATASET SIZE, STRUCTURE, AND SPECIFIC CONSTRAINTS, WHILE MAINTAINING CLARITY AND CONCISENESS.')",B,"DESCRIPTION B IS BETTER BECAUSE IT PROVIDES MORE DETAILED INFORMATION ABOUT THE DATASET SIZE, STRUCTURE, AND SPECIFIC CONSTRAINTS, WHILE MAINTAINING CLARITY AND CONCISENESS.",1
5,7z8d-msnt,5,A,"('A', 'DESCRIPTION A IS BETTER BECAUSE IT PROVIDES MORE DETAILED STATISTICS AND CONTEXT ABOUT THE DATASET, ENHANCING COMPLETENESS WHILE MAINTAINING READABILITY.')",A,"DESCRIPTION A IS BETTER BECAUSE IT PROVIDES MORE DETAILED STATISTICS AND CONTEXT ABOUT THE DATASET, ENHANCING COMPLETENESS WHILE MAINTAINING READABILITY.",1
6,kiyv-ks3f,6,B,"('B', ""DESCRIPTION B IS BETTER BECAUSE IT PROVIDES A MORE DETAILED OVERVIEW OF THE DATASET'S STRUCTURE, INCLUDING SPECIFIC CATEGORIES AND CONSTRAINTS, WHILE MAINTAINING CLARITY AND CONCISENESS."")",B,"DESCRIPTION B IS BETTER BECAUSE IT PROVIDES A MORE DETAILED OVERVIEW OF THE DATASET'S STRUCTURE, INCLUDING SPECIFIC CATEGORIES AND CONSTRAINTS, WHILE MAINTAINING CLARITY AND CONCISENESS.",1
7,wg9x-4ke6,7,B,"('B', ""DESCRIPTION B IS BETTER BECAUSE IT PROVIDES MORE DETAILED INFORMATION ABOUT THE DATASET'S STRUCTURE, INCLUDING SPECIFIC ATTRIBUTES AND THEIR CONSTRAINTS, WHILE MAINTAINING CLARITY AND RELEVANCE."")",B,"DESCRIPTION B IS BETTER BECAUSE IT PROVIDES MORE DETAILED INFORMATION ABOUT THE DATASET'S STRUCTURE, INCLUDING SPECIFIC ATTRIBUTES AND THEIR CONSTRAINTS, WHILE MAINTAINING CLARITY AND RELEVANCE.",1
8,qybk-bjjc,8,B,"('A', ""DESCRIPTION A IS BETTER BECAUSE IT PROVIDES A MORE DETAILED OVERVIEW OF THE DATASET'S FEATURES AND POTENTIAL APPLICATIONS, ENHANCING COMPLETENESS WHILE MAINTAINING CLARITY AND READABILITY."")",A,"DESCRIPTION A IS BETTER BECAUSE IT PROVIDES A MORE DETAILED OVERVIEW OF THE DATASET'S FEATURES AND POTENTIAL APPLICATIONS, ENHANCING COMPLETENESS WHILE MAINTAINING CLARITY AND READABILITY.",0
9,k8ah-28f4,9,B,"('A', 'DESCRIPTION A IS BETTER BECAUSE IT PROVIDES A MORE COMPREHENSIVE OVERVIEW OF THE DATASET, INCLUDING SPECIFIC YEARS COVERED, UNIQUE IDENTIFIERS, AND KEY METRICS, WHILE MAINTAINING CLARITY AND READABILITY.')",A,"DESCRIPTION A IS BETTER BECAUSE IT PROVIDES A MORE COMPREHENSIVE OVERVIEW OF THE DATASET, INCLUDING SPECIFIC YEARS COVERED, UNIQUE IDENTIFIERS, AND KEY METRICS, WHILE MAINTAINING CLARITY AND READABILITY.",0
10,x3bb-kg5j,10,A,"('A', 'DESCRIPTION A IS BETTER BECAUSE IT PROVIDES MORE DETAILED INFORMATION ABOUT THE DATASET, INCLUDING SPECIFIC METRICS, A LARGER NUMBER OF UNIQUE IDENTIFIERS, AND A CLEARER EXPLANATION OF THE COLUMNS AND THEIR MEANINGS.')",A,"DESCRIPTION A IS BETTER BECAUSE IT PROVIDES MORE DETAILED INFORMATION ABOUT THE DATASET, INCLUDING SPECIFIC METRICS, A LARGER NUMBER OF UNIQUE IDENTIFIERS, AND A CLEARER EXPLANATION OF THE COLUMNS AND THEIR MEANINGS.",1
11,pd5h-92mc,11,B,"('A', ""DESCRIPTION A PROVIDES MORE DETAILED INSIGHTS INTO THE DATASET'S UTILITY AND SPECIFIC FEATURES, ENHANCING ITS COMPLETENESS AND READABILITY."")",A,"DESCRIPTION A PROVIDES MORE DETAILED INSIGHTS INTO THE DATASET'S UTILITY AND SPECIFIC FEATURES, ENHANCING ITS COMPLETENESS AND READABILITY.",0
12,rrd7-vuvp,12,A,"('A', 'DESCRIPTION A IS BETTER BECAUSE IT PROVIDES A MORE COMPREHENSIVE OVERVIEW OF THE DATASET, INCLUDING DETAILED INFORMATION ON THE NUMBER OF SCHOOLS, SPECIFIC PROGRAM TYPES, AND POTENTIAL APPLICATIONS, WHILE MAINTAINING CLARITY AND READABILITY.')",A,"DESCRIPTION A IS BETTER BECAUSE IT PROVIDES A MORE COMPREHENSIVE OVERVIEW OF THE DATASET, INCLUDING DETAILED INFORMATION ON THE NUMBER OF SCHOOLS, SPECIFIC PROGRAM TYPES, AND POTENTIAL APPLICATIONS, WHILE MAINTAINING CLARITY AND READABILITY.",1
13,p6h4-mpyy,13,B,"('B', ""DESCRIPTION B IS BETTER BECAUSE IT PROVIDES MORE DETAILED INFORMATION ABOUT THE DATASET'S STRUCTURE, INCLUDING UNIQUE IDENTIFIERS AND COLUMN CONSTRAINTS, WHILE MAINTAINING CLARITY AND RELEVANCE."")",B,"DESCRIPTION B IS BETTER BECAUSE IT PROVIDES MORE DETAILED INFORMATION ABOUT THE DATASET'S STRUCTURE, INCLUDING UNIQUE IDENTIFIERS AND COLUMN CONSTRAINTS, WHILE MAINTAINING CLARITY AND RELEVANCE.",1
14,vz8c-29aj,14,B,"('A', ""DESCRIPTION A IS BETTER BECAUSE IT PROVIDES A CLEARER OVERVIEW OF THE DATASET'S PURPOSE AND POTENTIAL APPLICATIONS WHILE MAINTAINING A CONCISE AND READABLE FORMAT."")",A,DESCRIPTION A IS BETTER BECAUSE IT PROVIDES A CLEARER OVERVIEW OF THE DATASET'S PURPOSE AND POTENTIAL APPLICATIONS WHILE MAINTAINING A CONCISE AND READABLE FORMAT.,0
15,3wtp-43m9,15,B,"('B', ""DESCRIPTION B IS BETTER BECAUSE IT PROVIDES MORE DETAILED INFORMATION ABOUT THE DATASET'S SIZE, SPECIFIC TYPES OF TEMPORARY HOUSING, AND COLUMN CONSTRAINTS, ENHANCING COMPLETENESS WHILE MAINTAINING CLARITY AND READABILITY."")",B,"DESCRIPTION B IS BETTER BECAUSE IT PROVIDES MORE DETAILED INFORMATION ABOUT THE DATASET'S SIZE, SPECIFIC TYPES OF TEMPORARY HOUSING, AND COLUMN CONSTRAINTS, ENHANCING COMPLETENESS WHILE MAINTAINING CLARITY AND READABILITY.",1
16,gqq2-hgxd,16,A,"('A', ""DESCRIPTION A IS BETTER BECAUSE IT PROVIDES MORE DETAILED INFORMATION ABOUT THE DATASET, INCLUDING SPECIFIC METRICS, THE NUMBER OF UNIQUE SCHOOLS, AND A THOROUGH EXPLANATION OF THE DATA'S POTENTIAL APPLICATIONS, MAKING IT MORE COMPLETE AND INFORMATIVE."")",A,"DESCRIPTION A IS BETTER BECAUSE IT PROVIDES MORE DETAILED INFORMATION ABOUT THE DATASET, INCLUDING SPECIFIC METRICS, THE NUMBER OF UNIQUE SCHOOLS, AND A THOROUGH EXPLANATION OF THE DATA'S POTENTIAL APPLICATIONS, MAKING IT MORE COMPLETE AND INFORMATIVE.",1
17,ydbx-4ufw,17,A,"('A', 'DESCRIPTION A IS BETTER BECAUSE IT PROVIDES MORE DETAILED INFORMATION ABOUT THE DATASET, INCLUDING SPECIFIC COLUMN CONSTRAINTS AND A BROADER RANGE OF UNIQUE IDENTIFIERS, ENHANCING COMPLETENESS AND CLARITY.')",A,"DESCRIPTION A IS BETTER BECAUSE IT PROVIDES MORE DETAILED INFORMATION ABOUT THE DATASET, INCLUDING SPECIFIC COLUMN CONSTRAINTS AND A BROADER RANGE OF UNIQUE IDENTIFIERS, ENHANCING COMPLETENESS AND CLARITY.",1
18,bnea-fu3k,18,A,"('A', 'DESCRIPTION A IS BETTER BECAUSE IT PROVIDES A MORE COMPREHENSIVE OVERVIEW OF THE DATASET, INCLUDING SPECIFIC METRICS AND INSIGHTS INTO ITS APPLICATIONS, WHILE ALSO MAINTAINING CLARITY AND READABILITY.')",A,"DESCRIPTION A IS BETTER BECAUSE IT PROVIDES A MORE COMPREHENSIVE OVERVIEW OF THE DATASET, INCLUDING SPECIFIC METRICS AND INSIGHTS INTO ITS APPLICATIONS, WHILE ALSO MAINTAINING CLARITY AND READABILITY.",1
19,kwvk-z7i9,19,B,"('B', ""DESCRIPTION B IS BETTER BECAUSE IT PROVIDES A MORE DETAILED OVERVIEW OF THE DATASET'S STRUCTURE, INCLUDING SPECIFIC COLUMN CONSTRAINTS AND TYPES, WHILE MAINTAINING CLARITY AND RELEVANCE FOR POTENTIAL USERS."")",B,"DESCRIPTION B IS BETTER BECAUSE IT PROVIDES A MORE DETAILED OVERVIEW OF THE DATASET'S STRUCTURE, INCLUDING SPECIFIC COLUMN CONSTRAINTS AND TYPES, WHILE MAINTAINING CLARITY AND RELEVANCE FOR POTENTIAL USERS.",1
20,3wfy-sn5g,20,B,"('B', 'DESCRIPTION B IS BETTER BECAUSE IT PROVIDES A MORE DETAILED OVERVIEW OF THE DATASET, INCLUDING SPECIFIC IDENTIFIERS, TEMPORAL COVERAGE, AND A CLEAR EXPLANATION OF THE RATING CATEGORIES, WHILE MAINTAINING GOOD READABILITY AND CONCISENESS.')",B,"DESCRIPTION B IS BETTER BECAUSE IT PROVIDES A MORE DETAILED OVERVIEW OF THE DATASET, INCLUDING SPECIFIC IDENTIFIERS, TEMPORAL COVERAGE, AND A CLEAR EXPLANATION OF THE RATING CATEGORIES, WHILE MAINTAINING GOOD READABILITY AND CONCISENESS.",1
21,vmmu-wj3w,21,B,"('B', ""DESCRIPTION B IS BETTER BECAUSE IT PROVIDES A MORE DETAILED ACCOUNT OF THE DATASET'S STRUCTURE, INCLUDING SPECIFIC COLUMN CONSTRAINTS AND A CLEARER BREAKDOWN OF DEMOGRAPHIC CATEGORIES, ENHANCING COMPLETENESS AND READABILITY."")",B,"DESCRIPTION B IS BETTER BECAUSE IT PROVIDES A MORE DETAILED ACCOUNT OF THE DATASET'S STRUCTURE, INCLUDING SPECIFIC COLUMN CONSTRAINTS AND A CLEARER BREAKDOWN OF DEMOGRAPHIC CATEGORIES, ENHANCING COMPLETENESS AND READABILITY.",1
22,sgsi-66kk,22,B,"('B', 'DESCRIPTION B IS BETTER BECAUSE IT PROVIDES A MORE DETAILED OVERVIEW OF THE DATASET, INCLUDING SPECIFIC COLUMN CONSTRAINTS AND A CLEARER STRUCTURE, ENHANCING COMPLETENESS AND READABILITY.')",B,"DESCRIPTION B IS BETTER BECAUSE IT PROVIDES A MORE DETAILED OVERVIEW OF THE DATASET, INCLUDING SPECIFIC COLUMN CONSTRAINTS AND A CLEARER STRUCTURE, ENHANCING COMPLETENESS AND READABILITY.",1
23,qxbt-vysj,23,A,"('A', ""DESCRIPTION A IS BETTER BECAUSE IT PROVIDES A MORE DETAILED OVERVIEW OF THE DATASET'S STRUCTURE, INCLUDING SPECIFIC COLUMN CONSTRAINTS AND A CLEARER EMPHASIS ON THE IMPORTANCE OF MENTAL HEALTH SERVICES IN EDUCATIONAL SETTINGS."")",A,"DESCRIPTION A IS BETTER BECAUSE IT PROVIDES A MORE DETAILED OVERVIEW OF THE DATASET'S STRUCTURE, INCLUDING SPECIFIC COLUMN CONSTRAINTS AND A CLEARER EMPHASIS ON THE IMPORTANCE OF MENTAL HEALTH SERVICES IN EDUCATIONAL SETTINGS.",1
24,ffnc-f3aa,24,A,"('A', 'DESCRIPTION A IS BETTER BECAUSE IT PROVIDES A MORE COMPREHENSIVE OVERVIEW OF THE DATASET, INCLUDING SPECIFIC DETAILS ABOUT THE TYPES OF SCHOOLS, PERFORMANCE METRICS, AND POTENTIAL APPLICATIONS, WHILE MAINTAINING CLARITY AND READABILITY.')",A,"DESCRIPTION A IS BETTER BECAUSE IT PROVIDES A MORE COMPREHENSIVE OVERVIEW OF THE DATASET, INCLUDING SPECIFIC DETAILS ABOUT THE TYPES OF SCHOOLS, PERFORMANCE METRICS, AND POTENTIAL APPLICATIONS, WHILE MAINTAINING CLARITY AND READABILITY.",1
25,w8dz-xpjh,25,B,"('B', 'DESCRIPTION B IS BETTER BECAUSE IT PROVIDES A MORE COMPREHENSIVE OVERVIEW OF THE DATASET, INCLUDING SPECIFIC ATTRIBUTES AND CONSTRAINTS, WHILE MAINTAINING CLARITY AND CONCISENESS.')",B,"DESCRIPTION B IS BETTER BECAUSE IT PROVIDES A MORE COMPREHENSIVE OVERVIEW OF THE DATASET, INCLUDING SPECIFIC ATTRIBUTES AND CONSTRAINTS, WHILE MAINTAINING CLARITY AND CONCISENESS.",1
26,dnpx-dfnc,26,A,"('A', ""DESCRIPTION A IS BETTER BECAUSE IT PROVIDES A MORE DETAILED OVERVIEW OF THE DATASET'S SCOPE, INCLUDING SPECIFIC METRICS AND THEIR IMPLICATIONS FOR EDUCATIONAL ANALYSIS, WHILE MAINTAINING CLARITY AND READABILITY."")",A,"DESCRIPTION A IS BETTER BECAUSE IT PROVIDES A MORE DETAILED OVERVIEW OF THE DATASET'S SCOPE, INCLUDING SPECIFIC METRICS AND THEIR IMPLICATIONS FOR EDUCATIONAL ANALYSIS, WHILE MAINTAINING CLARITY AND READABILITY.",1
27,74kb-55u9,27,A,"('A', 'DESCRIPTION A IS BETTER BECAUSE IT PROVIDES A MORE DETAILED OVERVIEW OF THE DATASET, INCLUDING SPECIFIC METRICS, A BROADER TIME RANGE, AND A CLEAR EXPLANATION OF ITS POTENTIAL APPLICATIONS, MAKING IT MORE COMPREHENSIVE AND INFORMATIVE.')",A,"DESCRIPTION A IS BETTER BECAUSE IT PROVIDES A MORE DETAILED OVERVIEW OF THE DATASET, INCLUDING SPECIFIC METRICS, A BROADER TIME RANGE, AND A CLEAR EXPLANATION OF ITS POTENTIAL APPLICATIONS, MAKING IT MORE COMPREHENSIVE AND INFORMATIVE.",1
28,wavz-fkw8,28,B,"('B', 'DESCRIPTION B IS BETTER BECAUSE IT PROVIDES A MORE COMPREHENSIVE OVERVIEW OF THE DATASET, INCLUDING SPECIFIC NUMBERS AND A BROADER RANGE OF ATTRIBUTES, WHILE MAINTAINING CLARITY AND CONCISENESS.')",B,"DESCRIPTION B IS BETTER BECAUSE IT PROVIDES A MORE COMPREHENSIVE OVERVIEW OF THE DATASET, INCLUDING SPECIFIC NUMBERS AND A BROADER RANGE OF ATTRIBUTES, WHILE MAINTAINING CLARITY AND CONCISENESS.",1
29,8vk5-fzts,29,B,"('A', ""DESCRIPTION A IS BETTER BECAUSE IT PROVIDES A MORE DETAILED OVERVIEW OF THE DATASET'S FOCUS ON ADMISSIONS METHODS AND DIVERSITY, MAKING IT MORE COMPREHENSIVE AND INFORMATIVE FOR POTENTIAL USERS."")",A,"DESCRIPTION A IS BETTER BECAUSE IT PROVIDES A MORE DETAILED OVERVIEW OF THE DATASET'S FOCUS ON ADMISSIONS METHODS AND DIVERSITY, MAKING IT MORE COMPREHENSIVE AND INFORMATIVE FOR POTENTIAL USERS.",0
30,cr93-x2xf,30,A,"('A', 'DESCRIPTION A IS BETTER BECAUSE IT PROVIDES A MORE DETAILED OVERVIEW OF THE DATASET, INCLUDING SPECIFIC COLUMN CONSTRAINTS AND A COMPREHENSIVE SEMANTIC PROFILE, ENHANCING COMPLETENESS AND CLARITY.')",A,"DESCRIPTION A IS BETTER BECAUSE IT PROVIDES A MORE DETAILED OVERVIEW OF THE DATASET, INCLUDING SPECIFIC COLUMN CONSTRAINTS AND A COMPREHENSIVE SEMANTIC PROFILE, ENHANCING COMPLETENESS AND CLARITY.",1
31,yig9-9zum,31,B,"('B', 'DESCRIPTION B IS BETTER BECAUSE IT PROVIDES A MORE COMPREHENSIVE OVERVIEW OF THE DATASET, INCLUDING SPECIFIC DETAILS ABOUT THE NUMBER OF UNIQUE IDENTIFIERS AND DISTRICTS, WHILE MAINTAINING CLARITY AND CONCISENESS.')",B,"DESCRIPTION B IS BETTER BECAUSE IT PROVIDES A MORE COMPREHENSIVE OVERVIEW OF THE DATASET, INCLUDING SPECIFIC DETAILS ABOUT THE NUMBER OF UNIQUE IDENTIFIERS AND DISTRICTS, WHILE MAINTAINING CLARITY AND CONCISENESS.",1
32,unse-x4pq,32,B,"('A', 'DESCRIPTION A IS BETTER BECAUSE IT PROVIDES A MORE COMPREHENSIVE OVERVIEW OF THE DATASET, INCLUDING ITS TEMPORAL COVERAGE AND POTENTIAL APPLICATIONS, WHILE MAINTAINING CLARITY AND READABILITY.')",A,"DESCRIPTION A IS BETTER BECAUSE IT PROVIDES A MORE COMPREHENSIVE OVERVIEW OF THE DATASET, INCLUDING ITS TEMPORAL COVERAGE AND POTENTIAL APPLICATIONS, WHILE MAINTAINING CLARITY AND READABILITY.",0
33,gkd7-3vk7,33,A,"('A', 'DESCRIPTION A IS BETTER BECAUSE IT PROVIDES A MORE DETAILED OVERVIEW OF THE DATASET, INCLUDING SPECIFIC METRICS AND THEIR IMPLICATIONS, WHILE ALSO ADDRESSING THE POTENTIAL APPLICATIONS FOR VARIOUS STAKEHOLDERS.')",A,"DESCRIPTION A IS BETTER BECAUSE IT PROVIDES A MORE DETAILED OVERVIEW OF THE DATASET, INCLUDING SPECIFIC METRICS AND THEIR IMPLICATIONS, WHILE ALSO ADDRESSING THE POTENTIAL APPLICATIONS FOR VARIOUS STAKEHOLDERS.",1
34,9ct9-prf9,34,B,"('B', 'DESCRIPTION B IS BETTER BECAUSE IT PROVIDES MORE SPECIFIC DETAILS ABOUT THE DATASET, INCLUDING THE CONTEXT OF NEW YORK CITY, THE NUMBER OF UNIQUE SCHOOL IDENTIFIERS, AND A CLEAR OUTLINE OF COLUMN CONSTRAINTS, ENHANCING COMPLETENESS AND CLARITY.')",B,"DESCRIPTION B IS BETTER BECAUSE IT PROVIDES MORE SPECIFIC DETAILS ABOUT THE DATASET, INCLUDING THE CONTEXT OF NEW YORK CITY, THE NUMBER OF UNIQUE SCHOOL IDENTIFIERS, AND A CLEAR OUTLINE OF COLUMN CONSTRAINTS, ENHANCING COMPLETENESS AND CLARITY.",1
35,2rr4-rfvc,35,B,"('B', 'DESCRIPTION B IS BETTER BECAUSE IT PROVIDES A MORE COMPREHENSIVE OVERVIEW OF THE DATASET, INCLUDING THE NUMBER OF ENTRIES AND SPECIFIC IDENTIFIERS, WHILE MAINTAINING CLARITY AND CONCISENESS.')",B,"DESCRIPTION B IS BETTER BECAUSE IT PROVIDES A MORE COMPREHENSIVE OVERVIEW OF THE DATASET, INCLUDING THE NUMBER OF ENTRIES AND SPECIFIC IDENTIFIERS, WHILE MAINTAINING CLARITY AND CONCISENESS.",1
36,nie4-bv6q,36,B,"('B', 'DESCRIPTION B IS BETTER BECAUSE IT PROVIDES MORE DETAILED INFORMATION ABOUT THE DATASET, INCLUDING SPECIFIC YEARS, A LARGER NUMBER OF UNIQUE IDENTIFIERS, AND ADDITIONAL SOCIOECONOMIC INDICATORS, WHILE MAINTAINING CLARITY AND CONCISENESS.')",B,"DESCRIPTION B IS BETTER BECAUSE IT PROVIDES MORE DETAILED INFORMATION ABOUT THE DATASET, INCLUDING SPECIFIC YEARS, A LARGER NUMBER OF UNIQUE IDENTIFIERS, AND ADDITIONAL SOCIOECONOMIC INDICATORS, WHILE MAINTAINING CLARITY AND CONCISENESS.",1
37,csps-2ne9,37,A,"('A', 'DESCRIPTION A IS BETTER BECAUSE IT PROVIDES A MORE COMPREHENSIVE OVERVIEW OF THE DATASET, INCLUDING SPECIFIC DETAILS ABOUT THE YEARS COVERED, DEMOGRAPHIC CATEGORIES, AND KEY METRICS, WHILE ALSO OUTLINING POTENTIAL APPLICATIONS FOR VARIOUS STAKEHOLDERS.')",A,"DESCRIPTION A IS BETTER BECAUSE IT PROVIDES A MORE COMPREHENSIVE OVERVIEW OF THE DATASET, INCLUDING SPECIFIC DETAILS ABOUT THE YEARS COVERED, DEMOGRAPHIC CATEGORIES, AND KEY METRICS, WHILE ALSO OUTLINING POTENTIAL APPLICATIONS FOR VARIOUS STAKEHOLDERS.",1
38,sp4a-vevi,38,A,"('A', 'DESCRIPTION A IS BETTER BECAUSE IT PROVIDES A MORE COMPREHENSIVE OVERVIEW OF THE DATASET, INCLUDING DETAILED INFORMATION ON ACCESSIBILITY TYPES, SPECIFIC COLUMN CONSTRAINTS, AND POTENTIAL APPLICATIONS, WHILE MAINTAINING CLARITY AND READABILITY.')",A,"DESCRIPTION A IS BETTER BECAUSE IT PROVIDES A MORE COMPREHENSIVE OVERVIEW OF THE DATASET, INCLUDING DETAILED INFORMATION ON ACCESSIBILITY TYPES, SPECIFIC COLUMN CONSTRAINTS, AND POTENTIAL APPLICATIONS, WHILE MAINTAINING CLARITY AND READABILITY.",1
39,45j8-f6um,39,A,"('A', ""DESCRIPTION A IS BETTER BECAUSE IT PROVIDES MORE DETAILED INFORMATION ABOUT THE DATASET'S STRUCTURE, SPECIFIC COLUMN CONSTRAINTS, AND POTENTIAL APPLICATIONS, MAKING IT MORE COMPREHENSIVE OVERALL."")",A,"DESCRIPTION A IS BETTER BECAUSE IT PROVIDES MORE DETAILED INFORMATION ABOUT THE DATASET'S STRUCTURE, SPECIFIC COLUMN CONSTRAINTS, AND POTENTIAL APPLICATIONS, MAKING IT MORE COMPREHENSIVE OVERALL.",1
40,42et-jh9v,40,A,"('A', ""DESCRIPTION A IS BETTER BECAUSE IT PROVIDES MORE DETAILED INFORMATION ABOUT THE DATASET'S CONTENTS, INCLUDING SPECIFIC METRICS AND ALLOWED VALUES, WHICH ENHANCES COMPLETENESS AND CLARITY."")",A,"DESCRIPTION A IS BETTER BECAUSE IT PROVIDES MORE DETAILED INFORMATION ABOUT THE DATASET'S CONTENTS, INCLUDING SPECIFIC METRICS AND ALLOWED VALUES, WHICH ENHANCES COMPLETENESS AND CLARITY.",1
41,3w89-mz4u,41,B,"('B', 'DESCRIPTION B IS BETTER BECAUSE IT PROVIDES MORE SPECIFIC DETAILS ABOUT THE DATASET, INCLUDING THE RANGE OF STUDENT NUMBERS AND AVERAGE CLASS SIZES, WHILE ALSO CLEARLY OUTLINING THE COLUMN CONSTRAINTS, MAKING IT MORE COMPREHENSIVE AND INFORMATIVE.')",B,"DESCRIPTION B IS BETTER BECAUSE IT PROVIDES MORE SPECIFIC DETAILS ABOUT THE DATASET, INCLUDING THE RANGE OF STUDENT NUMBERS AND AVERAGE CLASS SIZES, WHILE ALSO CLEARLY OUTLINING THE COLUMN CONSTRAINTS, MAKING IT MORE COMPREHENSIVE AND INFORMATIVE.",1
42,k8hv-56d7,42,B,"('B', 'DESCRIPTION B IS BETTER BECAUSE IT PROVIDES A MORE COMPREHENSIVE OVERVIEW OF THE DATASET, INCLUDING SPECIFIC DETAILS ABOUT THE NUMBER OF SCHOOL IDENTIFIERS AND THE TYPES OF PERFORMANCE METRICS CAPTURED, WHILE MAINTAINING CLARITY AND CONCISENESS.')",B,"DESCRIPTION B IS BETTER BECAUSE IT PROVIDES A MORE COMPREHENSIVE OVERVIEW OF THE DATASET, INCLUDING SPECIFIC DETAILS ABOUT THE NUMBER OF SCHOOL IDENTIFIERS AND THE TYPES OF PERFORMANCE METRICS CAPTURED, WHILE MAINTAINING CLARITY AND CONCISENESS.",1
43,k2zg-756q,43,B,"('B', ""DESCRIPTION B IS BETTER BECAUSE IT PROVIDES A MORE DETAILED OVERVIEW OF THE DATASET'S STRUCTURE, INCLUDING COLUMN CONSTRAINTS AND SPECIFIC SCORING SCALES, WHILE MAINTAINING CLARITY AND CONCISENESS."")",B,"DESCRIPTION B IS BETTER BECAUSE IT PROVIDES A MORE DETAILED OVERVIEW OF THE DATASET'S STRUCTURE, INCLUDING COLUMN CONSTRAINTS AND SPECIFIC SCORING SCALES, WHILE MAINTAINING CLARITY AND CONCISENESS.",1
44,su38-ur5m,44,A,"('A', ""DESCRIPTION A IS BETTER BECAUSE IT PROVIDES MORE DETAILED INFORMATION ABOUT THE DATASET'S STRUCTURE, INCLUDING SPECIFIC COLUMN CONSTRAINTS AND A CLEARER EXPLANATION OF THE DATASET'S POTENTIAL APPLICATIONS."")",A,"DESCRIPTION A IS BETTER BECAUSE IT PROVIDES MORE DETAILED INFORMATION ABOUT THE DATASET'S STRUCTURE, INCLUDING SPECIFIC COLUMN CONSTRAINTS AND A CLEARER EXPLANATION OF THE DATASET'S POTENTIAL APPLICATIONS.",1
45,rear-wh5i,45,B,"('B', 'DESCRIPTION B IS BETTER BECAUSE IT PROVIDES A MORE DETAILED OVERVIEW OF THE DATASET, INCLUDING SPECIFIC COLUMN CONSTRAINTS AND A CLEARER STRUCTURE, ENHANCING COMPLETENESS AND READABILITY.')",B,"DESCRIPTION B IS BETTER BECAUSE IT PROVIDES A MORE DETAILED OVERVIEW OF THE DATASET, INCLUDING SPECIFIC COLUMN CONSTRAINTS AND A CLEARER STRUCTURE, ENHANCING COMPLETENESS AND READABILITY.",1
46,4n6u-rqyh,46,A,"('A', ""DESCRIPTION A IS BETTER BECAUSE IT PROVIDES MORE DETAILED INFORMATION ABOUT THE DATASET'S CONTENTS, INCLUDING SPECIFIC DEMOGRAPHIC METRICS AND THEIR IMPLICATIONS FOR RESEARCH, WHILE MAINTAINING CLARITY AND STRUCTURE."")",A,"DESCRIPTION A IS BETTER BECAUSE IT PROVIDES MORE DETAILED INFORMATION ABOUT THE DATASET'S CONTENTS, INCLUDING SPECIFIC DEMOGRAPHIC METRICS AND THEIR IMPLICATIONS FOR RESEARCH, WHILE MAINTAINING CLARITY AND STRUCTURE.",1
47,vzuc-vmd8,47,B,"('B', 'DESCRIPTION B IS BETTER BECAUSE IT PROVIDES SPECIFIC DETAILS ABOUT THE DATASET SIZE AND STRUCTURE, INCLUDING UNIQUE IDENTIFIERS AND A DATA DICTIONARY, WHILE MAINTAINING CLARITY AND CONCISENESS.')",B,"DESCRIPTION B IS BETTER BECAUSE IT PROVIDES SPECIFIC DETAILS ABOUT THE DATASET SIZE AND STRUCTURE, INCLUDING UNIQUE IDENTIFIERS AND A DATA DICTIONARY, WHILE MAINTAINING CLARITY AND CONCISENESS.",1
48,xc44-2jrh,48,B,"('B', 'DESCRIPTION B IS BETTER BECAUSE IT PROVIDES MORE DETAILED INFORMATION ABOUT THE DATASET, INCLUDING THE NUMBER OF UNIQUE SCHOOL IDENTIFIERS, THE SPECIFIC DATES COVERED, AND A COMPREHENSIVE EXPLANATION OF COLUMN CONSTRAINTS, ENHANCING COMPLETENESS AND CLARITY.')",B,"DESCRIPTION B IS BETTER BECAUSE IT PROVIDES MORE DETAILED INFORMATION ABOUT THE DATASET, INCLUDING THE NUMBER OF UNIQUE SCHOOL IDENTIFIERS, THE SPECIFIC DATES COVERED, AND A COMPREHENSIVE EXPLANATION OF COLUMN CONSTRAINTS, ENHANCING COMPLETENESS AND CLARITY.",1
49,k5d2-tkrr,49,A,"('A', ""DESCRIPTION A IS MORE COMPREHENSIVE, PROVIDING DETAILED METRICS, SPECIFIC DEMOGRAPHIC BREAKDOWNS, AND A CLEARER CONTEXT FOR THE DATASET'S APPLICATIONS."")",A,"DESCRIPTION A IS MORE COMPREHENSIVE, PROVIDING DETAILED METRICS, SPECIFIC DEMOGRAPHIC BREAKDOWNS, AND A CLEARER CONTEXT FOR THE DATASET'S APPLICATIONS.",1
50,fzv4-jan3,50,B,"('B', ""DESCRIPTION B IS BETTER BECAUSE IT PROVIDES MORE DETAILED INFORMATION ABOUT THE DATASET'S SIZE, METRICS, AND SPECIFIC EVALUATION CRITERIA, ENHANCING COMPLETENESS WHILE MAINTAINING CLARITY AND CONCISENESS."")",B,"DESCRIPTION B IS BETTER BECAUSE IT PROVIDES MORE DETAILED INFORMATION ABOUT THE DATASET'S SIZE, METRICS, AND SPECIFIC EVALUATION CRITERIA, ENHANCING COMPLETENESS WHILE MAINTAINING CLARITY AND CONCISENESS.",1
51,hrsu-3w2q,51,B,"('B', ""DESCRIPTION B IS BETTER BECAUSE IT PROVIDES A MORE DETAILED OVERVIEW OF THE DATASET'S STRUCTURE, INCLUDING SPECIFIC COLUMN CONSTRAINTS AND A CLEARER FOCUS ON THE DATASET'S APPLICATIONS, WHILE MAINTAINING GOOD READABILITY AND CONCISENESS."")",B,"DESCRIPTION B IS BETTER BECAUSE IT PROVIDES A MORE DETAILED OVERVIEW OF THE DATASET'S STRUCTURE, INCLUDING SPECIFIC COLUMN CONSTRAINTS AND A CLEARER FOCUS ON THE DATASET'S APPLICATIONS, WHILE MAINTAINING GOOD READABILITY AND CONCISENESS.",1
52,d7da-9deh,52,A,"('A', 'DESCRIPTION A IS BETTER BECAUSE IT PROVIDES A MORE COMPREHENSIVE OVERVIEW OF THE DATASET, INCLUDING SPECIFIC DETAILS ABOUT THE NUMBER OF UNIQUE SITE IDENTIFIERS AND THE RANGE OF SCORES, WHICH ENHANCES ITS COMPLETENESS.')",A,"DESCRIPTION A IS BETTER BECAUSE IT PROVIDES A MORE COMPREHENSIVE OVERVIEW OF THE DATASET, INCLUDING SPECIFIC DETAILS ABOUT THE NUMBER OF UNIQUE SITE IDENTIFIERS AND THE RANGE OF SCORES, WHICH ENHANCES ITS COMPLETENESS.",1
53,a94k-kjys,53,B,"('B', 'DESCRIPTION B IS BETTER BECAUSE IT PROVIDES A MORE COMPREHENSIVE OVERVIEW OF THE DATASET, INCLUDING TEMPORAL DATA AND A CLEARER FOCUS ON THE GEOGRAPHIC CONTEXT, WHILE MAINTAINING CONCISENESS AND READABILITY.')",B,"DESCRIPTION B IS BETTER BECAUSE IT PROVIDES A MORE COMPREHENSIVE OVERVIEW OF THE DATASET, INCLUDING TEMPORAL DATA AND A CLEARER FOCUS ON THE GEOGRAPHIC CONTEXT, WHILE MAINTAINING CONCISENESS AND READABILITY.",1
54,ven4-h25u,54,B,"('B', 'DESCRIPTION B IS BETTER BECAUSE IT PROVIDES A MORE COMPREHENSIVE OVERVIEW OF THE DATASET, INCLUDING THE TOTAL NUMBER OF UNIQUE ENTRIES AND A CLEARER EXPLANATION OF THE FINANCIAL METRICS, WHILE MAINTAINING GOOD READABILITY AND CONCISENESS.')",B,"DESCRIPTION B IS BETTER BECAUSE IT PROVIDES A MORE COMPREHENSIVE OVERVIEW OF THE DATASET, INCLUDING THE TOTAL NUMBER OF UNIQUE ENTRIES AND A CLEARER EXPLANATION OF THE FINANCIAL METRICS, WHILE MAINTAINING GOOD READABILITY AND CONCISENESS.",1
55,qvir-knu3,55,A,"('A', 'DESCRIPTION A IS BETTER BECAUSE IT PROVIDES A MORE COMPREHENSIVE OVERVIEW OF THE DATASET, INCLUDING DETAILED METRICS, UNIQUE SCHOOL IDENTIFIERS, AND SPECIFIC COLUMN CONSTRAINTS, ENHANCING ITS COMPLETENESS AND UTILITY FOR POTENTIAL USERS.')",A,"DESCRIPTION A IS BETTER BECAUSE IT PROVIDES A MORE COMPREHENSIVE OVERVIEW OF THE DATASET, INCLUDING DETAILED METRICS, UNIQUE SCHOOL IDENTIFIERS, AND SPECIFIC COLUMN CONSTRAINTS, ENHANCING ITS COMPLETENESS AND UTILITY FOR POTENTIAL USERS.",1
56,upwt-zvh3,56,B,"('A', ""DESCRIPTION A IS BETTER BECAUSE IT PROVIDES A CLEARER STRUCTURE AND MORE DETAILED CONTEXT ABOUT THE DATASET'S COMPONENTS AND POTENTIAL APPLICATIONS."")",A,DESCRIPTION A IS BETTER BECAUSE IT PROVIDES A CLEARER STRUCTURE AND MORE DETAILED CONTEXT ABOUT THE DATASET'S COMPONENTS AND POTENTIAL APPLICATIONS.,0
57,q7ra-ebu4,57,A,"('A', 'DESCRIPTION A IS BETTER BECAUSE IT PROVIDES MORE DETAILED INFORMATION ABOUT THE DATASET, INCLUDING SPECIFIC ATTRIBUTES, UNIQUE CODES, AND A COMPREHENSIVE OVERVIEW OF ITS POTENTIAL APPLICATIONS.')",A,"DESCRIPTION A IS BETTER BECAUSE IT PROVIDES MORE DETAILED INFORMATION ABOUT THE DATASET, INCLUDING SPECIFIC ATTRIBUTES, UNIQUE CODES, AND A COMPREHENSIVE OVERVIEW OF ITS POTENTIAL APPLICATIONS.",1
58,rfpq-hs49,58,B,"('B', 'DESCRIPTION B IS BETTER BECAUSE IT PROVIDES MORE DETAILED INFORMATION ABOUT THE DATASET STRUCTURE, INCLUDING SPECIFIC COLUMN NAMES AND CONSTRAINTS, WHILE MAINTAINING CLARITY AND CONCISENESS.')",B,"DESCRIPTION B IS BETTER BECAUSE IT PROVIDES MORE DETAILED INFORMATION ABOUT THE DATASET STRUCTURE, INCLUDING SPECIFIC COLUMN NAMES AND CONSTRAINTS, WHILE MAINTAINING CLARITY AND CONCISENESS.",1
59,bvzk-auuz,59,A,"('A', 'DESCRIPTION A IS BETTER BECAUSE IT PROVIDES A MORE DETAILED OVERVIEW OF THE DATASET, INCLUDING SPECIFIC METRICS AND THE INTRODUCTION OF THE ECONOMIC NEED INDEX, WHICH ENHANCES ITS COMPLETENESS AND USEFULNESS FOR POTENTIAL USERS.')",A,"DESCRIPTION A IS BETTER BECAUSE IT PROVIDES A MORE DETAILED OVERVIEW OF THE DATASET, INCLUDING SPECIFIC METRICS AND THE INTRODUCTION OF THE ECONOMIC NEED INDEX, WHICH ENHANCES ITS COMPLETENESS AND USEFULNESS FOR POTENTIAL USERS.",1
60,fuvx-wqd7,60,A,"('A', 'DESCRIPTION A IS BETTER BECAUSE IT PROVIDES A MORE COMPREHENSIVE OVERVIEW OF THE DATASET, INCLUDING DETAILS ABOUT THE NUMBER OF GRADE LEVELS, LANGUAGE ACCESSIBILITY, AND SPECIFIC USER GROUPS, WHILE MAINTAINING CLARITY AND READABILITY.')",A,"DESCRIPTION A IS BETTER BECAUSE IT PROVIDES A MORE COMPREHENSIVE OVERVIEW OF THE DATASET, INCLUDING DETAILS ABOUT THE NUMBER OF GRADE LEVELS, LANGUAGE ACCESSIBILITY, AND SPECIFIC USER GROUPS, WHILE MAINTAINING CLARITY AND READABILITY.",1
61,esmb-8zkm,61,B,"('B', 'DESCRIPTION B IS BETTER BECAUSE IT PROVIDES A MORE COMPREHENSIVE OVERVIEW OF THE DATASET, INCLUDING SPECIFIC ATTRIBUTES, A BROADER RANGE OF PROJECTS, AND A CLEAR STRUCTURE THAT ENHANCES READABILITY.')",B,"DESCRIPTION B IS BETTER BECAUSE IT PROVIDES A MORE COMPREHENSIVE OVERVIEW OF THE DATASET, INCLUDING SPECIFIC ATTRIBUTES, A BROADER RANGE OF PROJECTS, AND A CLEAR STRUCTURE THAT ENHANCES READABILITY.",1
62,ec4f-sy8r,62,B,"('B', 'DESCRIPTION B IS BETTER BECAUSE IT PROVIDES MORE DETAILED INFORMATION ABOUT THE DATASET, INCLUDING SPECIFIC STATISTICS AND COLUMN CONSTRAINTS, WHILE MAINTAINING CLARITY AND CONCISENESS.')",B,"DESCRIPTION B IS BETTER BECAUSE IT PROVIDES MORE DETAILED INFORMATION ABOUT THE DATASET, INCLUDING SPECIFIC STATISTICS AND COLUMN CONSTRAINTS, WHILE MAINTAINING CLARITY AND CONCISENESS.",1
63,hvwa-bi3h,63,B,"('B', 'DESCRIPTION B IS BETTER BECAUSE IT PROVIDES A MORE COMPREHENSIVE OVERVIEW OF THE DATASET, INCLUDING THE NUMBER OF UNIQUE SCHOOL IDENTIFIERS AND A BROADER RANGE OF METRICS, WHILE MAINTAINING CLARITY AND CONCISENESS.')",B,"DESCRIPTION B IS BETTER BECAUSE IT PROVIDES A MORE COMPREHENSIVE OVERVIEW OF THE DATASET, INCLUDING THE NUMBER OF UNIQUE SCHOOL IDENTIFIERS AND A BROADER RANGE OF METRICS, WHILE MAINTAINING CLARITY AND CONCISENESS.",1
64,8h5p-ccrz,64,A,"('A', 'DESCRIPTION A IS BETTER BECAUSE IT PROVIDES A MORE COMPREHENSIVE OVERVIEW OF THE DATASET, INCLUDING DETAILED INSIGHTS INTO DEMOGRAPHIC FACTORS AND THEIR RELEVANCE TO BULLYING TRENDS, WHILE MAINTAINING GOOD READABILITY.')",A,"DESCRIPTION A IS BETTER BECAUSE IT PROVIDES A MORE COMPREHENSIVE OVERVIEW OF THE DATASET, INCLUDING DETAILED INSIGHTS INTO DEMOGRAPHIC FACTORS AND THEIR RELEVANCE TO BULLYING TRENDS, WHILE MAINTAINING GOOD READABILITY.",1
65,hags-jh3e,65,B,"('B', ""DESCRIPTION B IS BETTER BECAUSE IT PROVIDES A MORE DETAILED OVERVIEW OF THE DATASET'S STRUCTURE, INCLUDING SPECIFIC COLUMN CONSTRAINTS AND DEFINITIONS, ENHANCING COMPLETENESS AND USABILITY FOR POTENTIAL USERS."")",B,"DESCRIPTION B IS BETTER BECAUSE IT PROVIDES A MORE DETAILED OVERVIEW OF THE DATASET'S STRUCTURE, INCLUDING SPECIFIC COLUMN CONSTRAINTS AND DEFINITIONS, ENHANCING COMPLETENESS AND USABILITY FOR POTENTIAL USERS.",1
66,kiy2-qiem,66,A,"('A', ""DESCRIPTION A IS MORE COMPREHENSIVE AND DETAILED, PROVIDING SPECIFIC METRICS AND A CLEARER UNDERSTANDING OF THE DATASET'S STRUCTURE AND IMPLICATIONS."")",A,"DESCRIPTION A IS MORE COMPREHENSIVE AND DETAILED, PROVIDING SPECIFIC METRICS AND A CLEARER UNDERSTANDING OF THE DATASET'S STRUCTURE AND IMPLICATIONS.",1
67,xuid-t5nk,67,B,"('B', 'DESCRIPTION B IS BETTER BECAUSE IT PROVIDES A MORE COMPREHENSIVE OVERVIEW OF THE DATASET, INCLUDING DETAILED ATTRIBUTES AND CONSTRAINTS, WHILE MAINTAINING CLARITY AND READABILITY.')",B,"DESCRIPTION B IS BETTER BECAUSE IT PROVIDES A MORE COMPREHENSIVE OVERVIEW OF THE DATASET, INCLUDING DETAILED ATTRIBUTES AND CONSTRAINTS, WHILE MAINTAINING CLARITY AND READABILITY.",1
68,5fsg-d8c9,68,B,"('B', 'DESCRIPTION B IS BETTER BECAUSE IT PROVIDES MORE DETAILED INFORMATION ABOUT THE DATASET, INCLUDING THE NUMBER OF UNIQUE SCHOOL IDENTIFIERS AND EMPHASIZES ITS UTILITY FOR PROMOTING EDUCATIONAL OUTCOMES, WHILE MAINTAINING CLARITY AND CONCISENESS.')",B,"DESCRIPTION B IS BETTER BECAUSE IT PROVIDES MORE DETAILED INFORMATION ABOUT THE DATASET, INCLUDING THE NUMBER OF UNIQUE SCHOOL IDENTIFIERS AND EMPHASIZES ITS UTILITY FOR PROMOTING EDUCATIONAL OUTCOMES, WHILE MAINTAINING CLARITY AND CONCISENESS.",1
69,naa7-pasa,69,A,"('A', 'DESCRIPTION A IS BETTER BECAUSE IT PROVIDES A MORE COMPREHENSIVE OVERVIEW OF THE DATASET, INCLUDING SPECIFIC DETAILS ABOUT THE NUMBER OF DISTRICTS AND CATEGORIES, AS WELL AS A CLEARER EXPLANATION OF POTENTIAL APPLICATIONS AND INSIGHTS THAT CAN BE GAINED FROM THE DATA.')",A,"DESCRIPTION A IS BETTER BECAUSE IT PROVIDES A MORE COMPREHENSIVE OVERVIEW OF THE DATASET, INCLUDING SPECIFIC DETAILS ABOUT THE NUMBER OF DISTRICTS AND CATEGORIES, AS WELL AS A CLEARER EXPLANATION OF POTENTIAL APPLICATIONS AND INSIGHTS THAT CAN BE GAINED FROM THE DATA.",1
70,epjz-e3up,70,A,"('A', ""DESCRIPTION A IS BETTER BECAUSE IT PROVIDES MORE DETAILED INFORMATION ABOUT THE DATASET'S VARIABILITY AND SPECIFIC METRICS, ENHANCING COMPLETENESS WHILE MAINTAINING READABILITY."")",A,"DESCRIPTION A IS BETTER BECAUSE IT PROVIDES MORE DETAILED INFORMATION ABOUT THE DATASET'S VARIABILITY AND SPECIFIC METRICS, ENHANCING COMPLETENESS WHILE MAINTAINING READABILITY.",1
71,46g3-savk,71,A,"('A', 'DESCRIPTION A IS BETTER BECAUSE IT PROVIDES A MORE COMPREHENSIVE OVERVIEW OF THE DATASET, INCLUDING SPECIFIC METRICS, UNIQUE IDENTIFIERS, AND DETAILED COLUMN CONSTRAINTS, WHILE MAINTAINING CLARITY AND READABILITY.')",A,"DESCRIPTION A IS BETTER BECAUSE IT PROVIDES A MORE COMPREHENSIVE OVERVIEW OF THE DATASET, INCLUDING SPECIFIC METRICS, UNIQUE IDENTIFIERS, AND DETAILED COLUMN CONSTRAINTS, WHILE MAINTAINING CLARITY AND READABILITY.",1
72,dj4e-3xrn,72,B,"('B', ""DESCRIPTION B IS BETTER BECAUSE IT PROVIDES MORE SPECIFIC DETAILS ABOUT THE DATASET'S SIZE, STRUCTURE, AND THE CRITERIA FOR EVALUATION, ENHANCING COMPLETENESS WHILE MAINTAINING CLARITY AND CONCISENESS."")",B,"DESCRIPTION B IS BETTER BECAUSE IT PROVIDES MORE SPECIFIC DETAILS ABOUT THE DATASET'S SIZE, STRUCTURE, AND THE CRITERIA FOR EVALUATION, ENHANCING COMPLETENESS WHILE MAINTAINING CLARITY AND CONCISENESS.",1
73,eku7-63g8,73,B,"('A', ""DESCRIPTION A PROVIDES A MORE DETAILED OVERVIEW OF THE DATASET'S STRUCTURE, POTENTIAL APPLICATIONS, AND THE SIGNIFICANCE OF THE DATA, MAKING IT MORE COMPREHENSIVE AND INFORMATIVE OVERALL."")",A,"DESCRIPTION A PROVIDES A MORE DETAILED OVERVIEW OF THE DATASET'S STRUCTURE, POTENTIAL APPLICATIONS, AND THE SIGNIFICANCE OF THE DATA, MAKING IT MORE COMPREHENSIVE AND INFORMATIVE OVERALL.",0
74,n4tc-j6kh,74,A,"('A', 'DESCRIPTION A IS BETTER BECAUSE IT PROVIDES A MORE COMPREHENSIVE OVERVIEW OF THE DATASET, INCLUDING SPECIFIC DETAILS ABOUT THE NUMBER OF UNIQUE SCHOOL CODES, INSPECTION CATEGORIES, AND THE RESOLUTION OF INSPECTION DATES, WHILE ALSO CLEARLY OUTLINING POTENTIAL APPLICATIONS FOR STAKEHOLDERS.')",A,"DESCRIPTION A IS BETTER BECAUSE IT PROVIDES A MORE COMPREHENSIVE OVERVIEW OF THE DATASET, INCLUDING SPECIFIC DETAILS ABOUT THE NUMBER OF UNIQUE SCHOOL CODES, INSPECTION CATEGORIES, AND THE RESOLUTION OF INSPECTION DATES, WHILE ALSO CLEARLY OUTLINING POTENTIAL APPLICATIONS FOR STAKEHOLDERS.",1
75,wr4r-bue7,75,B,"('B', 'DESCRIPTION B IS BETTER BECAUSE IT PROVIDES A MORE COMPREHENSIVE OVERVIEW OF THE DATASET, INCLUDING THE CORRECT NUMBER OF ENTRIES AND A CLEARER EXPLANATION OF ITS APPLICATIONS, WHILE MAINTAINING GOOD READABILITY AND CONCISENESS.')",B,"DESCRIPTION B IS BETTER BECAUSE IT PROVIDES A MORE COMPREHENSIVE OVERVIEW OF THE DATASET, INCLUDING THE CORRECT NUMBER OF ENTRIES AND A CLEARER EXPLANATION OF ITS APPLICATIONS, WHILE MAINTAINING GOOD READABILITY AND CONCISENESS.",1
76,6thv-9wgt,76,A,"('A', 'DESCRIPTION A IS BETTER BECAUSE IT PROVIDES A MORE COMPREHENSIVE OVERVIEW OF THE DATASET, INCLUDING SPECIFIC STATISTICS AND A CLEARER EXPLANATION OF ITS SIGNIFICANCE FOR STAKEHOLDERS.')",A,"DESCRIPTION A IS BETTER BECAUSE IT PROVIDES A MORE COMPREHENSIVE OVERVIEW OF THE DATASET, INCLUDING SPECIFIC STATISTICS AND A CLEARER EXPLANATION OF ITS SIGNIFICANCE FOR STAKEHOLDERS.",1
77,rcd4-qkns,77,B,"('A', 'DESCRIPTION A PROVIDES A MORE COMPREHENSIVE OVERVIEW OF THE DATASET, INCLUDING SPECIFIC DETAILS ABOUT PROGRAM TYPES AND AUDIENCE DEMOGRAPHICS, WHILE MAINTAINING CLARITY AND READABILITY.')",A,"DESCRIPTION A PROVIDES A MORE COMPREHENSIVE OVERVIEW OF THE DATASET, INCLUDING SPECIFIC DETAILS ABOUT PROGRAM TYPES AND AUDIENCE DEMOGRAPHICS, WHILE MAINTAINING CLARITY AND READABILITY.",0
78,urzf-q2g5,78,A,"('A', 'DESCRIPTION A IS BETTER BECAUSE IT PROVIDES A MORE COMPREHENSIVE OVERVIEW OF THE DATASET, INCLUDING DETAILED INFORMATION ABOUT THE DATA FIELDS AND THEIR CONSTRAINTS, WHICH ENHANCES ITS UTILITY FOR USERS.')",A,"DESCRIPTION A IS BETTER BECAUSE IT PROVIDES A MORE COMPREHENSIVE OVERVIEW OF THE DATASET, INCLUDING DETAILED INFORMATION ABOUT THE DATA FIELDS AND THEIR CONSTRAINTS, WHICH ENHANCES ITS UTILITY FOR USERS.",1
79,4n2j-ut8i,79,B,"('B', ""DESCRIPTION B IS BETTER BECAUSE IT PROVIDES A MORE DETAILED OVERVIEW OF THE DATASET'S STRUCTURE AND POTENTIAL APPLICATIONS WHILE MAINTAINING CLARITY AND CONCISENESS."")",B,DESCRIPTION B IS BETTER BECAUSE IT PROVIDES A MORE DETAILED OVERVIEW OF THE DATASET'S STRUCTURE AND POTENTIAL APPLICATIONS WHILE MAINTAINING CLARITY AND CONCISENESS.,1
80,2a5f-5ryi,80,B,"('B', 'DESCRIPTION B IS BETTER BECAUSE IT PROVIDES A MORE DETAILED OVERVIEW OF THE DATASET, INCLUDING SPECIFIC BOROUGHS AND THE ECONOMIC NEED INDEX, WHILE MAINTAINING CLARITY AND CONCISENESS.')",B,"DESCRIPTION B IS BETTER BECAUSE IT PROVIDES A MORE DETAILED OVERVIEW OF THE DATASET, INCLUDING SPECIFIC BOROUGHS AND THE ECONOMIC NEED INDEX, WHILE MAINTAINING CLARITY AND CONCISENESS.",1
81,d28w-n2x4,81,A,"('A', 'DESCRIPTION A IS BETTER BECAUSE IT PROVIDES A MORE COMPREHENSIVE OVERVIEW OF THE DATASET, INCLUDING DETAILED INFORMATION ON THE DATA STRUCTURE, SPECIFIC CATEGORIES, AND POTENTIAL APPLICATIONS, WHILE ALSO MAINTAINING CLARITY AND READABILITY.')",A,"DESCRIPTION A IS BETTER BECAUSE IT PROVIDES A MORE COMPREHENSIVE OVERVIEW OF THE DATASET, INCLUDING DETAILED INFORMATION ON THE DATA STRUCTURE, SPECIFIC CATEGORIES, AND POTENTIAL APPLICATIONS, WHILE ALSO MAINTAINING CLARITY AND READABILITY.",1
82,d6ee-k2sh,82,A,"('A', 'DESCRIPTION A IS BETTER BECAUSE IT PROVIDES MORE DETAILED INFORMATION ABOUT THE DATASET, INCLUDING SPECIFIC FUNDING CATEGORIES, THE RANGE OF FUNDING AMOUNTS, AND THE UNIQUE IDENTIFIERS, WHICH ENHANCES COMPLETENESS AND CLARITY.')",A,"DESCRIPTION A IS BETTER BECAUSE IT PROVIDES MORE DETAILED INFORMATION ABOUT THE DATASET, INCLUDING SPECIFIC FUNDING CATEGORIES, THE RANGE OF FUNDING AMOUNTS, AND THE UNIQUE IDENTIFIERS, WHICH ENHANCES COMPLETENESS AND CLARITY.",1
83,ci36-d7ea,83,A,"('A', ""DESCRIPTION A IS MORE COMPREHENSIVE, PROVIDING DETAILED INFORMATION ABOUT THE DATASET'S CONTENTS, INCLUDING SPECIFIC METRICS AND DEMOGRAPHIC DATA, WHICH ENHANCES ITS COMPLETENESS."")",A,"DESCRIPTION A IS MORE COMPREHENSIVE, PROVIDING DETAILED INFORMATION ABOUT THE DATASET'S CONTENTS, INCLUDING SPECIFIC METRICS AND DEMOGRAPHIC DATA, WHICH ENHANCES ITS COMPLETENESS.",1
84,nbgq-j9jt,84,A,"('A', 'DESCRIPTION A PROVIDES A MORE COMPREHENSIVE OVERVIEW OF THE DATASET, INCLUDING SPECIFIC METRICS, UNIQUE IDENTIFIERS, AND POTENTIAL APPLICATIONS, WHILE MAINTAINING CLARITY AND DETAIL.')",A,"DESCRIPTION A PROVIDES A MORE COMPREHENSIVE OVERVIEW OF THE DATASET, INCLUDING SPECIFIC METRICS, UNIQUE IDENTIFIERS, AND POTENTIAL APPLICATIONS, WHILE MAINTAINING CLARITY AND DETAIL.",1
85,d3ge-anaz,85,B,"('B', ""DESCRIPTION B IS BETTER BECAUSE IT PROVIDES A MORE DETAILED OVERVIEW OF THE DATASET'S STRUCTURE AND METRICS WHILE MAINTAINING CLARITY AND RELEVANCE, MAKING IT EASIER FOR USERS TO UNDERSTAND ITS APPLICATIONS."")",B,"DESCRIPTION B IS BETTER BECAUSE IT PROVIDES A MORE DETAILED OVERVIEW OF THE DATASET'S STRUCTURE AND METRICS WHILE MAINTAINING CLARITY AND RELEVANCE, MAKING IT EASIER FOR USERS TO UNDERSTAND ITS APPLICATIONS.",1
86,xahu-rkwn,86,B,"('A', 'DESCRIPTION A IS BETTER BECAUSE IT PROVIDES A CLEARER FOCUS ON THE SPECIFIC YEARS OF DATA AND EMPHASIZES THE UNIQUE IDENTIFIERS AND PERFORMANCE INDICATORS, MAKING IT MORE COMPREHENSIVE AND EASIER TO UNDERSTAND.')",A,"DESCRIPTION A IS BETTER BECAUSE IT PROVIDES A CLEARER FOCUS ON THE SPECIFIC YEARS OF DATA AND EMPHASIZES THE UNIQUE IDENTIFIERS AND PERFORMANCE INDICATORS, MAKING IT MORE COMPREHENSIVE AND EASIER TO UNDERSTAND.",0
87,5f9p-h9ar,87,B,"('A', ""DESCRIPTION A IS BETTER BECAUSE IT PROVIDES A CLEARER OVERVIEW OF THE DATASET'S FOCUS AND POTENTIAL APPLICATIONS WHILE MAINTAINING A CONCISE AND READABLE STRUCTURE."")",A,DESCRIPTION A IS BETTER BECAUSE IT PROVIDES A CLEARER OVERVIEW OF THE DATASET'S FOCUS AND POTENTIAL APPLICATIONS WHILE MAINTAINING A CONCISE AND READABLE STRUCTURE.,0
88,cr7v-v529,88,B,"('B', 'DESCRIPTION B IS BETTER BECAUSE IT PROVIDES MORE DETAILED INFORMATION ABOUT THE DATASET, INCLUDING THE NUMBER OF UNIQUE SCHOOL IDENTIFIERS AND THE TRACKING OF CONSENT WITHDRAWALS, WHILE MAINTAINING CLARITY AND CONCISENESS.')",B,"DESCRIPTION B IS BETTER BECAUSE IT PROVIDES MORE DETAILED INFORMATION ABOUT THE DATASET, INCLUDING THE NUMBER OF UNIQUE SCHOOL IDENTIFIERS AND THE TRACKING OF CONSENT WITHDRAWALS, WHILE MAINTAINING CLARITY AND CONCISENESS.",1
89,6wcu-cfa3,89,B,"('A', ""DESCRIPTION A IS BETTER BECAUSE IT PROVIDES A MORE DETAILED OVERVIEW OF THE DATASET'S STRUCTURE AND POTENTIAL APPLICATIONS, ENHANCING COMPLETENESS AND READABILITY."")",A,"DESCRIPTION A IS BETTER BECAUSE IT PROVIDES A MORE DETAILED OVERVIEW OF THE DATASET'S STRUCTURE AND POTENTIAL APPLICATIONS, ENHANCING COMPLETENESS AND READABILITY.",0
90,by6m-6zpb,90,B,"('B', ""DESCRIPTION B IS BETTER BECAUSE IT PROVIDES SPECIFIC DETAILS ABOUT THE DATASET'S CONTEXT, INCLUDING THE ACADEMIC YEAR AND ADMISSION METHODS, WHILE MAINTAINING CLARITY AND CONCISENESS."")",B,"DESCRIPTION B IS BETTER BECAUSE IT PROVIDES SPECIFIC DETAILS ABOUT THE DATASET'S CONTEXT, INCLUDING THE ACADEMIC YEAR AND ADMISSION METHODS, WHILE MAINTAINING CLARITY AND CONCISENESS.",1
91,8wr3-qeap,91,A,"('A', ""DESCRIPTION A IS BETTER BECAUSE IT PROVIDES A MORE DETAILED OVERVIEW OF THE DATASET, INCLUDING SPECIFIC COLUMN CONSTRAINTS AND A CLEARER EXPLANATION OF THE DATASET'S POTENTIAL APPLICATIONS."")",A,"DESCRIPTION A IS BETTER BECAUSE IT PROVIDES A MORE DETAILED OVERVIEW OF THE DATASET, INCLUDING SPECIFIC COLUMN CONSTRAINTS AND A CLEARER EXPLANATION OF THE DATASET'S POTENTIAL APPLICATIONS.",1
92,xjpe-rx7t,92,B,"('B', 'DESCRIPTION B IS BETTER BECAUSE IT PROVIDES A MORE COMPREHENSIVE OVERVIEW OF THE DATASET, INCLUDING THE CORRECT NUMBER OF UNIQUE SCHOOL IDENTIFIERS AND A CLEARER EXPLANATION OF ITS APPLICATIONS, WHILE MAINTAINING CONCISENESS AND READABILITY.')",B,"DESCRIPTION B IS BETTER BECAUSE IT PROVIDES A MORE COMPREHENSIVE OVERVIEW OF THE DATASET, INCLUDING THE CORRECT NUMBER OF UNIQUE SCHOOL IDENTIFIERS AND A CLEARER EXPLANATION OF ITS APPLICATIONS, WHILE MAINTAINING CONCISENESS AND READABILITY.",1
93,tsy7-gcm8,93,B,"('A', ""DESCRIPTION A IS BETTER BECAUSE IT PROVIDES A MORE COMPREHENSIVE OVERVIEW OF THE DATASET'S FEATURES AND POTENTIAL APPLICATIONS WHILE MAINTAINING CLARITY AND CONCISENESS."")",A,DESCRIPTION A IS BETTER BECAUSE IT PROVIDES A MORE COMPREHENSIVE OVERVIEW OF THE DATASET'S FEATURES AND POTENTIAL APPLICATIONS WHILE MAINTAINING CLARITY AND CONCISENESS.,0
94,9gs9-zhxw,94,A,"('A', 'DESCRIPTION A IS BETTER BECAUSE IT PROVIDES A MORE COMPREHENSIVE OVERVIEW OF THE DATASET, INCLUDING SPECIFIC DETAILS ABOUT THE SELECTION CRITERIA AND ITS RELEVANCE TO VARIOUS STAKEHOLDERS, WHILE MAINTAINING CLARITY AND READABILITY.')",A,"DESCRIPTION A IS BETTER BECAUSE IT PROVIDES A MORE COMPREHENSIVE OVERVIEW OF THE DATASET, INCLUDING SPECIFIC DETAILS ABOUT THE SELECTION CRITERIA AND ITS RELEVANCE TO VARIOUS STAKEHOLDERS, WHILE MAINTAINING CLARITY AND READABILITY.",1
95,ac4n-c5re,95,B,"('B', ""DESCRIPTION B IS BETTER BECAUSE IT PROVIDES MORE DETAILED INFORMATION ABOUT THE DATASET'S ATTRIBUTES, SIZE, AND HISTORICAL CONTEXT, WHILE MAINTAINING CLARITY AND STRUCTURE."")",B,"DESCRIPTION B IS BETTER BECAUSE IT PROVIDES MORE DETAILED INFORMATION ABOUT THE DATASET'S ATTRIBUTES, SIZE, AND HISTORICAL CONTEXT, WHILE MAINTAINING CLARITY AND STRUCTURE.",1
96,5x8i-3c5b,96,B,"('B', 'DESCRIPTION B IS BETTER BECAUSE IT PROVIDES A MORE COMPREHENSIVE OVERVIEW OF THE DATASET, INCLUDING THE NUMBER OF UNIQUE SCHOOL IDENTIFIERS AND A CLEARER RANGE FOR SCORES, WHILE MAINTAINING GOOD READABILITY AND CONCISENESS.')",B,"DESCRIPTION B IS BETTER BECAUSE IT PROVIDES A MORE COMPREHENSIVE OVERVIEW OF THE DATASET, INCLUDING THE NUMBER OF UNIQUE SCHOOL IDENTIFIERS AND A CLEARER RANGE FOR SCORES, WHILE MAINTAINING GOOD READABILITY AND CONCISENESS.",1
97,3y5p-x48f,97,B,"('B', 'DESCRIPTION B IS BETTER BECAUSE IT PROVIDES A MORE COMPREHENSIVE OVERVIEW OF THE DATASET, INCLUDING A LARGER NUMBER OF UNIQUE SCHOOLS AND DATES, WHILE ALSO DETAILING COLUMN CONSTRAINTS THAT ENHANCE UNDERSTANDING OF THE DATA STRUCTURE.')",B,"DESCRIPTION B IS BETTER BECAUSE IT PROVIDES A MORE COMPREHENSIVE OVERVIEW OF THE DATASET, INCLUDING A LARGER NUMBER OF UNIQUE SCHOOLS AND DATES, WHILE ALSO DETAILING COLUMN CONSTRAINTS THAT ENHANCE UNDERSTANDING OF THE DATA STRUCTURE.",1
98,rwa3-b3wr,98,A,"('A', 'DESCRIPTION A IS BETTER BECAUSE IT PROVIDES A MORE COMPREHENSIVE OVERVIEW OF THE DATASET, INCLUDING THE NUMBER OF UNIQUE IDENTIFIERS, TYPES OF SCHOOLS, AND SPECIFIC DETAILS ABOUT THE PROGRESS REPORT GRADES, MAKING IT MORE INFORMATIVE OVERALL.')",A,"DESCRIPTION A IS BETTER BECAUSE IT PROVIDES A MORE COMPREHENSIVE OVERVIEW OF THE DATASET, INCLUDING THE NUMBER OF UNIQUE IDENTIFIERS, TYPES OF SCHOOLS, AND SPECIFIC DETAILS ABOUT THE PROGRESS REPORT GRADES, MAKING IT MORE INFORMATIVE OVERALL.",1
99,gf36-w2jr,99,A,"('A', 'DESCRIPTION A IS BETTER BECAUSE IT PROVIDES A MORE DETAILED OVERVIEW OF THE DATASET, INCLUDING SPECIFIC DEMOGRAPHIC CATEGORIES AND INSIGHTS INTO PARTICIPATION RATES, WHILE MAINTAINING CLARITY AND READABILITY.')",A,"DESCRIPTION A IS BETTER BECAUSE IT PROVIDES A MORE DETAILED OVERVIEW OF THE DATASET, INCLUDING SPECIFIC DEMOGRAPHIC CATEGORIES AND INSIGHTS INTO PARTICIPATION RATES, WHILE MAINTAINING CLARITY AND READABILITY.",1
100,piri-jns7,100,A,"('A', 'DESCRIPTION A IS BETTER BECAUSE IT PROVIDES A MORE COMPREHENSIVE OVERVIEW OF THE DATASET, INCLUDING DETAILED INFORMATION ABOUT THE RATINGS, THE NUMBER OF UNIQUE IDENTIFIERS, AND THE IMPLICATIONS FOR STAKEHOLDERS, WHILE ALSO MAINTAINING GOOD READABILITY.')",A,"DESCRIPTION A IS BETTER BECAUSE IT PROVIDES A MORE COMPREHENSIVE OVERVIEW OF THE DATASET, INCLUDING DETAILED INFORMATION ABOUT THE RATINGS, THE NUMBER OF UNIQUE IDENTIFIERS, AND THE IMPLICATIONS FOR STAKEHOLDERS, WHILE ALSO MAINTAINING GOOD READABILITY.",1
101,tvfr-dhen,101,B,"('A', ""DESCRIPTION A IS BETTER BECAUSE IT PROVIDES A MORE COMPREHENSIVE OVERVIEW OF THE DATASET'S ATTRIBUTES AND POTENTIAL APPLICATIONS WHILE MAINTAINING CLARITY AND READABILITY."")",A,DESCRIPTION A IS BETTER BECAUSE IT PROVIDES A MORE COMPREHENSIVE OVERVIEW OF THE DATASET'S ATTRIBUTES AND POTENTIAL APPLICATIONS WHILE MAINTAINING CLARITY AND READABILITY.,0
102,9ddq-vbjj,102,A,"('A', ""DESCRIPTION A IS BETTER BECAUSE IT PROVIDES A MORE DETAILED OVERVIEW OF THE DATASET'S PURPOSE, SPECIFIC APPLICATIONS, AND THE FINANCIAL CONTEXT, MAKING IT MORE INFORMATIVE FOR POTENTIAL USERS."")",A,"DESCRIPTION A IS BETTER BECAUSE IT PROVIDES A MORE DETAILED OVERVIEW OF THE DATASET'S PURPOSE, SPECIFIC APPLICATIONS, AND THE FINANCIAL CONTEXT, MAKING IT MORE INFORMATIVE FOR POTENTIAL USERS.",1
103,g993-cbry,103,A,"('A', 'DESCRIPTION A PROVIDES A MORE DETAILED OVERVIEW OF THE DATASET, INCLUDING SPECIFIC COUNTS OF UNIQUE PROGRAM TYPES AND SCHOOL CATEGORIES, ENHANCING ITS COMPLETENESS AND CLARITY.')",A,"DESCRIPTION A PROVIDES A MORE DETAILED OVERVIEW OF THE DATASET, INCLUDING SPECIFIC COUNTS OF UNIQUE PROGRAM TYPES AND SCHOOL CATEGORIES, ENHANCING ITS COMPLETENESS AND CLARITY.",1
104,uqtr-3rjs,104,B,"('A', 'DESCRIPTION A IS BETTER BECAUSE IT PROVIDES A MORE COMPREHENSIVE OVERVIEW OF THE DATASET, INCLUDING SPECIFIC DETAILS ABOUT THE TYPES OF SUSTAINABILITY INITIATIVES AND THE IMPLICATIONS FOR VARIOUS STAKEHOLDERS, WHILE MAINTAINING CLARITY AND READABILITY.')",A,"DESCRIPTION A IS BETTER BECAUSE IT PROVIDES A MORE COMPREHENSIVE OVERVIEW OF THE DATASET, INCLUDING SPECIFIC DETAILS ABOUT THE TYPES OF SUSTAINABILITY INITIATIVES AND THE IMPLICATIONS FOR VARIOUS STAKEHOLDERS, WHILE MAINTAINING CLARITY AND READABILITY.",0
105,cgz5-877h,105,B,"('B', 'DESCRIPTION B IS BETTER BECAUSE IT PROVIDES A MORE COMPREHENSIVE OVERVIEW OF THE DATASET, INCLUDING SPECIFIC DETAILS ABOUT THE NUMBER OF SCHOOLS AND DISTRICTS, WHILE MAINTAINING CLARITY AND CONCISENESS.')",B,"DESCRIPTION B IS BETTER BECAUSE IT PROVIDES A MORE COMPREHENSIVE OVERVIEW OF THE DATASET, INCLUDING SPECIFIC DETAILS ABOUT THE NUMBER OF SCHOOLS AND DISTRICTS, WHILE MAINTAINING CLARITY AND CONCISENESS.",1
106,ign9-rzrp,106,A,"('A', ""DESCRIPTION A IS BETTER BECAUSE IT PROVIDES MORE DETAILED INFORMATION ABOUT THE DATASET'S STRUCTURE, INCLUDING SPECIFIC PROGRAM TYPES AND COLUMN CONSTRAINTS, WHICH ENHANCES COMPLETENESS AND CLARITY."")",A,"DESCRIPTION A IS BETTER BECAUSE IT PROVIDES MORE DETAILED INFORMATION ABOUT THE DATASET'S STRUCTURE, INCLUDING SPECIFIC PROGRAM TYPES AND COLUMN CONSTRAINTS, WHICH ENHANCES COMPLETENESS AND CLARITY.",1
107,nfkx-wd79,107,A,"('A', ""DESCRIPTION A IS MORE COMPREHENSIVE AND DETAILED, PROVIDING A THOROUGH OVERVIEW OF THE DATASET'S CONTENTS, STRUCTURE, AND POTENTIAL APPLICATIONS."")",A,"DESCRIPTION A IS MORE COMPREHENSIVE AND DETAILED, PROVIDING A THOROUGH OVERVIEW OF THE DATASET'S CONTENTS, STRUCTURE, AND POTENTIAL APPLICATIONS.",1
108,hq56-zhrp,108,A,"('A', 'DESCRIPTION A IS BETTER BECAUSE IT PROVIDES A MORE COMPREHENSIVE OVERVIEW OF THE DATASET, INCLUDING DETAILED ATTRIBUTES, METRICS, AND THE POTENTIAL APPLICATIONS OF THE DATA, WHILE ALSO MAINTAINING CLARITY AND READABILITY.')",A,"DESCRIPTION A IS BETTER BECAUSE IT PROVIDES A MORE COMPREHENSIVE OVERVIEW OF THE DATASET, INCLUDING DETAILED ATTRIBUTES, METRICS, AND THE POTENTIAL APPLICATIONS OF THE DATA, WHILE ALSO MAINTAINING CLARITY AND READABILITY.",1
109,ge8j-uqbf,109,B,"('A', ""DESCRIPTION A IS BETTER BECAUSE IT PROVIDES A MORE DETAILED OVERVIEW OF THE DATASET'S FEATURES AND POTENTIAL APPLICATIONS WHILE MAINTAINING CLARITY AND COHERENCE."")",A,DESCRIPTION A IS BETTER BECAUSE IT PROVIDES A MORE DETAILED OVERVIEW OF THE DATASET'S FEATURES AND POTENTIAL APPLICATIONS WHILE MAINTAINING CLARITY AND COHERENCE.,0
110,7cvf-8q87,110,A,"('A', 'DESCRIPTION A IS BETTER BECAUSE IT PROVIDES A MORE COMPREHENSIVE OVERVIEW OF THE DATASET, INCLUDING DETAILS ON THE NUMBER OF UNIQUE IDENTIFIERS AND THE DIVERSITY OF EDUCATIONAL ENVIRONMENTS, WHILE MAINTAINING CLARITY AND READABILITY.')",A,"DESCRIPTION A IS BETTER BECAUSE IT PROVIDES A MORE COMPREHENSIVE OVERVIEW OF THE DATASET, INCLUDING DETAILS ON THE NUMBER OF UNIQUE IDENTIFIERS AND THE DIVERSITY OF EDUCATIONAL ENVIRONMENTS, WHILE MAINTAINING CLARITY AND READABILITY.",1
111,v9z6-t6nq,111,B,"('A', ""DESCRIPTION A IS BETTER BECAUSE IT PROVIDES A MORE COMPREHENSIVE OVERVIEW OF THE DATASET'S FEATURES AND POTENTIAL APPLICATIONS WHILE MAINTAINING CLARITY AND READABILITY."")",A,DESCRIPTION A IS BETTER BECAUSE IT PROVIDES A MORE COMPREHENSIVE OVERVIEW OF THE DATASET'S FEATURES AND POTENTIAL APPLICATIONS WHILE MAINTAINING CLARITY AND READABILITY.,0
112,xw3c-8982,112,A,"('A', 'DESCRIPTION A IS BETTER BECAUSE IT PROVIDES A MORE COMPREHENSIVE OVERVIEW OF THE DATASET, INCLUDING DETAILED METRICS, A BROADER RANGE OF SCHOOLS, AND SPECIFIC COLUMN CONSTRAINTS, WHILE MAINTAINING CLARITY AND READABILITY.')",A,"DESCRIPTION A IS BETTER BECAUSE IT PROVIDES A MORE COMPREHENSIVE OVERVIEW OF THE DATASET, INCLUDING DETAILED METRICS, A BROADER RANGE OF SCHOOLS, AND SPECIFIC COLUMN CONSTRAINTS, WHILE MAINTAINING CLARITY AND READABILITY.",1
113,biv6-d9zt,113,B,"('B', 'DESCRIPTION B IS BETTER BECAUSE IT PROVIDES A MORE COMPREHENSIVE OVERVIEW OF THE DATASET, INCLUDING SPECIFIC DETAILS ABOUT THE TYPES OF MEAL PARTICIPATION AND UNIQUE IDENTIFIERS, WHILE MAINTAINING CLARITY AND CONCISENESS.')",B,"DESCRIPTION B IS BETTER BECAUSE IT PROVIDES A MORE COMPREHENSIVE OVERVIEW OF THE DATASET, INCLUDING SPECIFIC DETAILS ABOUT THE TYPES OF MEAL PARTICIPATION AND UNIQUE IDENTIFIERS, WHILE MAINTAINING CLARITY AND CONCISENESS.",1
114,fnzt-d3f7,114,B,"('B', 'DESCRIPTION B IS BETTER BECAUSE IT PROVIDES A MORE DETAILED OVERVIEW OF THE DATASET, INCLUDING THE NUMBER OF UNIQUE SCHOOLS AND SPECIFIC METRICS, WHILE MAINTAINING CLARITY AND CONCISENESS.')",B,"DESCRIPTION B IS BETTER BECAUSE IT PROVIDES A MORE DETAILED OVERVIEW OF THE DATASET, INCLUDING THE NUMBER OF UNIQUE SCHOOLS AND SPECIFIC METRICS, WHILE MAINTAINING CLARITY AND CONCISENESS.",1
115,ycfm-qijh,115,A,"('A', 'DESCRIPTION A IS BETTER BECAUSE IT PROVIDES A MORE DETAILED AND STRUCTURED OVERVIEW OF THE DATASET, INCLUDING SPECIFIC DEMOGRAPHIC BREAKDOWNS AND COLUMN CONSTRAINTS, WHICH ENHANCES COMPLETENESS AND CLARITY.')",A,"DESCRIPTION A IS BETTER BECAUSE IT PROVIDES A MORE DETAILED AND STRUCTURED OVERVIEW OF THE DATASET, INCLUDING SPECIFIC DEMOGRAPHIC BREAKDOWNS AND COLUMN CONSTRAINTS, WHICH ENHANCES COMPLETENESS AND CLARITY.",1
116,yayv-apxh,116,A,"('A', ""DESCRIPTION A IS MORE COMPREHENSIVE, PROVIDING DETAILED INFORMATION ABOUT THE DATASET'S CONTENTS, INCLUDING HISTORICAL DATA AND SPECIFIC METRICS, WHICH ENHANCES ITS COMPLETENESS AND USEFULNESS FOR POTENTIAL USERS."")",A,"DESCRIPTION A IS MORE COMPREHENSIVE, PROVIDING DETAILED INFORMATION ABOUT THE DATASET'S CONTENTS, INCLUDING HISTORICAL DATA AND SPECIFIC METRICS, WHICH ENHANCES ITS COMPLETENESS AND USEFULNESS FOR POTENTIAL USERS.",1
117,uzmq-2khh,117,B,"('B', 'DESCRIPTION B IS BETTER BECAUSE IT PROVIDES A MORE COMPREHENSIVE OVERVIEW OF THE DATASET, INCLUDING SPECIFIC METRICS AND THE NUMBER OF UNIQUE SCHOOLS REPRESENTED, WHILE MAINTAINING CLARITY AND CONCISENESS.')",B,"DESCRIPTION B IS BETTER BECAUSE IT PROVIDES A MORE COMPREHENSIVE OVERVIEW OF THE DATASET, INCLUDING SPECIFIC METRICS AND THE NUMBER OF UNIQUE SCHOOLS REPRESENTED, WHILE MAINTAINING CLARITY AND CONCISENESS.",1
118,udtw-swpa,118,A,"('A', 'DESCRIPTION A PROVIDES A MORE COMPREHENSIVE OVERVIEW OF THE DATASET, INCLUDING THE NUMBER OF UNIQUE IDENTIFIERS AND A CLEARER EXPLANATION OF ITS POTENTIAL APPLICATIONS, MAKING IT MORE INFORMATIVE OVERALL.')",A,"DESCRIPTION A PROVIDES A MORE COMPREHENSIVE OVERVIEW OF THE DATASET, INCLUDING THE NUMBER OF UNIQUE IDENTIFIERS AND A CLEARER EXPLANATION OF ITS POTENTIAL APPLICATIONS, MAKING IT MORE INFORMATIVE OVERALL.",1
119,tfa9-aubf,119,A,"('A', 'DESCRIPTION A IS BETTER BECAUSE IT PROVIDES A MORE COMPREHENSIVE OVERVIEW OF THE DATASET, INCLUDING SPECIFIC METRICS AND POTENTIAL APPLICATIONS, WHILE MAINTAINING CLARITY AND READABILITY.')",A,"DESCRIPTION A IS BETTER BECAUSE IT PROVIDES A MORE COMPREHENSIVE OVERVIEW OF THE DATASET, INCLUDING SPECIFIC METRICS AND POTENTIAL APPLICATIONS, WHILE MAINTAINING CLARITY AND READABILITY.",1
120,64pa-8bza,120,B,"('B', 'DESCRIPTION B IS BETTER BECAUSE IT PROVIDES A MORE COMPREHENSIVE OVERVIEW OF THE DATASET, INCLUDING A LARGER NUMBER OF UNIQUE SCHOOLS AND A CLEARER STRUCTURE, WHILE MAINTAINING CONCISENESS AND READABILITY.')",B,"DESCRIPTION B IS BETTER BECAUSE IT PROVIDES A MORE COMPREHENSIVE OVERVIEW OF THE DATASET, INCLUDING A LARGER NUMBER OF UNIQUE SCHOOLS AND A CLEARER STRUCTURE, WHILE MAINTAINING CONCISENESS AND READABILITY.",1
121,uh2w-zjsn,121,B,"('B', 'DESCRIPTION B IS BETTER BECAUSE IT PROVIDES A MORE STRUCTURED OVERVIEW OF THE DATASET, INCLUDING SPECIFIC METRICS AND ORGANIZATION, WHILE MAINTAINING CONCISENESS AND CLARITY.')",B,"DESCRIPTION B IS BETTER BECAUSE IT PROVIDES A MORE STRUCTURED OVERVIEW OF THE DATASET, INCLUDING SPECIFIC METRICS AND ORGANIZATION, WHILE MAINTAINING CONCISENESS AND CLARITY.",1
122,24nr-gahi,122,B,"('A', 'DESCRIPTION A PROVIDES A MORE COMPREHENSIVE OVERVIEW OF THE DATASET, INCLUDING SPECIFIC WORK TYPES AND THEIR FINANCIAL IMPLICATIONS, MAKING IT MORE INFORMATIVE FOR POTENTIAL USERS.')",A,"DESCRIPTION A PROVIDES A MORE COMPREHENSIVE OVERVIEW OF THE DATASET, INCLUDING SPECIFIC WORK TYPES AND THEIR FINANCIAL IMPLICATIONS, MAKING IT MORE INFORMATIVE FOR POTENTIAL USERS.",0
123,ahjc-fdu3,123,A,"('A', ""DESCRIPTION A IS MORE COMPREHENSIVE AND DETAILED, PROVIDING EXTENSIVE INFORMATION ABOUT THE DATASET'S ATTRIBUTES, CONSTRAINTS, AND POTENTIAL APPLICATIONS, WHICH ENHANCES ITS OVERALL QUALITY."")",A,"DESCRIPTION A IS MORE COMPREHENSIVE AND DETAILED, PROVIDING EXTENSIVE INFORMATION ABOUT THE DATASET'S ATTRIBUTES, CONSTRAINTS, AND POTENTIAL APPLICATIONS, WHICH ENHANCES ITS OVERALL QUALITY.",1
124,6246-94tp,124,A,"('A', 'DESCRIPTION A IS BETTER BECAUSE IT PROVIDES A MORE COMPREHENSIVE OVERVIEW OF THE DATASET, INCLUDING SPECIFIC DETAILS ABOUT THE NUMBER OF UNIQUE INSPECTION STAGES AND CATEGORIES, THE TIME RESOLUTION OF THE DATA, AND THE POTENTIAL APPLICATIONS FOR STAKEHOLDERS.')",A,"DESCRIPTION A IS BETTER BECAUSE IT PROVIDES A MORE COMPREHENSIVE OVERVIEW OF THE DATASET, INCLUDING SPECIFIC DETAILS ABOUT THE NUMBER OF UNIQUE INSPECTION STAGES AND CATEGORIES, THE TIME RESOLUTION OF THE DATA, AND THE POTENTIAL APPLICATIONS FOR STAKEHOLDERS.",1
125,dv8j-yjt9,125,B,"('B', ""DESCRIPTION B IS BETTER BECAUSE IT PROVIDES SPECIFIC DETAILS ABOUT THE DATASET'S TIME FRAME, THE NUMBER OF DISTRICTS, AND THE RANGE OF TOTAL ENROLLMENT FIGURES, ENHANCING COMPLETENESS WHILE MAINTAINING CLARITY AND CONCISENESS."")",B,"DESCRIPTION B IS BETTER BECAUSE IT PROVIDES SPECIFIC DETAILS ABOUT THE DATASET'S TIME FRAME, THE NUMBER OF DISTRICTS, AND THE RANGE OF TOTAL ENROLLMENT FIGURES, ENHANCING COMPLETENESS WHILE MAINTAINING CLARITY AND CONCISENESS.",1
126,3spy-rjpw,126,A,"('A', 'DESCRIPTION A IS BETTER BECAUSE IT PROVIDES A MORE COMPREHENSIVE OVERVIEW OF THE DATASET, INCLUDING DETAILED COLUMN CONSTRAINTS AND A CLEARER EXPLANATION OF ITS POTENTIAL APPLICATIONS.')",A,"DESCRIPTION A IS BETTER BECAUSE IT PROVIDES A MORE COMPREHENSIVE OVERVIEW OF THE DATASET, INCLUDING DETAILED COLUMN CONSTRAINTS AND A CLEARER EXPLANATION OF ITS POTENTIAL APPLICATIONS.",1
127,gshi-yqza,127,B,"('A', ""DESCRIPTION A IS BETTER BECAUSE IT PROVIDES A MORE COMPREHENSIVE OVERVIEW OF THE DATASET'S ATTRIBUTES AND POTENTIAL APPLICATIONS WHILE MAINTAINING CLARITY AND READABILITY."")",A,DESCRIPTION A IS BETTER BECAUSE IT PROVIDES A MORE COMPREHENSIVE OVERVIEW OF THE DATASET'S ATTRIBUTES AND POTENTIAL APPLICATIONS WHILE MAINTAINING CLARITY AND READABILITY.,0
128,xiyj-m4sj,128,B,"('B', 'DESCRIPTION B IS BETTER BECAUSE IT PROVIDES A MORE COMPREHENSIVE OVERVIEW OF THE DATASET, INCLUDING THE NUMBER OF UNIQUE IDENTIFIERS AND A CLEARER EXPLANATION OF THE METRICS, WHILE MAINTAINING GOOD READABILITY AND CONCISENESS.')",B,"DESCRIPTION B IS BETTER BECAUSE IT PROVIDES A MORE COMPREHENSIVE OVERVIEW OF THE DATASET, INCLUDING THE NUMBER OF UNIQUE IDENTIFIERS AND A CLEARER EXPLANATION OF THE METRICS, WHILE MAINTAINING GOOD READABILITY AND CONCISENESS.",1
129,weg5-33pj,129,B,"('B', 'DESCRIPTION B IS BETTER BECAUSE IT PROVIDES MORE SPECIFIC DETAILS ABOUT THE DATASET, INCLUDING THE NUMBER OF UNIQUE IDENTIFIERS AND DISTRICTS, WHILE MAINTAINING CLARITY AND CONCISENESS.')",B,"DESCRIPTION B IS BETTER BECAUSE IT PROVIDES MORE SPECIFIC DETAILS ABOUT THE DATASET, INCLUDING THE NUMBER OF UNIQUE IDENTIFIERS AND DISTRICTS, WHILE MAINTAINING CLARITY AND CONCISENESS.",1
130,34zp-q667,130,A,"('A', 'DESCRIPTION A IS BETTER BECAUSE IT PROVIDES MORE DETAILED INFORMATION ABOUT THE DATASET, INCLUDING SPECIFIC PROGRAM TYPES AND A BROADER RANGE OF APPLICATIONS, WHILE MAINTAINING CLARITY AND COHERENCE.')",A,"DESCRIPTION A IS BETTER BECAUSE IT PROVIDES MORE DETAILED INFORMATION ABOUT THE DATASET, INCLUDING SPECIFIC PROGRAM TYPES AND A BROADER RANGE OF APPLICATIONS, WHILE MAINTAINING CLARITY AND COHERENCE.",1
131,q7f5-jwds,131,B,"('A', ""DESCRIPTION A PROVIDES A MORE COMPREHENSIVE OVERVIEW OF THE DATASET'S PURPOSE AND POTENTIAL APPLICATIONS, WHILE MAINTAINING CLARITY AND READABILITY."")",A,"DESCRIPTION A PROVIDES A MORE COMPREHENSIVE OVERVIEW OF THE DATASET'S PURPOSE AND POTENTIAL APPLICATIONS, WHILE MAINTAINING CLARITY AND READABILITY.",0
132,9ck8-hj3u,132,B,"('B', ""DESCRIPTION B IS BETTER BECAUSE IT PROVIDES A MORE DETAILED OVERVIEW OF THE DATASET'S STRUCTURE AND POTENTIAL APPLICATIONS WHILE MAINTAINING CLARITY AND CONCISENESS."")",B,DESCRIPTION B IS BETTER BECAUSE IT PROVIDES A MORE DETAILED OVERVIEW OF THE DATASET'S STRUCTURE AND POTENTIAL APPLICATIONS WHILE MAINTAINING CLARITY AND CONCISENESS.,1
133,vrn4-2abs,133,A,"('A', ""DESCRIPTION A IS BETTER BECAUSE IT PROVIDES MORE DETAILED INFORMATION ABOUT THE DATASET'S METRICS AND COLUMN CONSTRAINTS, ENHANCING COMPLETENESS WHILE MAINTAINING CLARITY."")",A,"DESCRIPTION A IS BETTER BECAUSE IT PROVIDES MORE DETAILED INFORMATION ABOUT THE DATASET'S METRICS AND COLUMN CONSTRAINTS, ENHANCING COMPLETENESS WHILE MAINTAINING CLARITY.",1
134,fxs2-faah,134,B,"('B', ""DESCRIPTION B IS BETTER BECAUSE IT PROVIDES MORE DETAILED INFORMATION ABOUT THE DATASET'S STRUCTURE, INCLUDING SPECIFIC COLUMN CONSTRAINTS AND UNIQUE IDENTIFIERS, WHILE MAINTAINING CLARITY AND RELEVANCE."")",B,"DESCRIPTION B IS BETTER BECAUSE IT PROVIDES MORE DETAILED INFORMATION ABOUT THE DATASET'S STRUCTURE, INCLUDING SPECIFIC COLUMN CONSTRAINTS AND UNIQUE IDENTIFIERS, WHILE MAINTAINING CLARITY AND RELEVANCE.",1
135,icps-nwdu,135,B,"('B', ""DESCRIPTION B IS BETTER BECAUSE IT PROVIDES MORE DETAILED INFORMATION ABOUT THE DATASET'S STRUCTURE, INCLUDING SPECIFIC METRICS AND COLUMN CONSTRAINTS, WHILE MAINTAINING CLARITY AND CONCISENESS."")",B,"DESCRIPTION B IS BETTER BECAUSE IT PROVIDES MORE DETAILED INFORMATION ABOUT THE DATASET'S STRUCTURE, INCLUDING SPECIFIC METRICS AND COLUMN CONSTRAINTS, WHILE MAINTAINING CLARITY AND CONCISENESS.",1
136,xqmg-7z3j,136,A,"('A', ""DESCRIPTION A IS MORE COMPREHENSIVE AND DETAILED, PROVIDING A THOROUGH OVERVIEW OF THE DATASET'S ATTRIBUTES AND POTENTIAL APPLICATIONS, WHILE ALSO MAINTAINING GOOD READABILITY."")",A,"DESCRIPTION A IS MORE COMPREHENSIVE AND DETAILED, PROVIDING A THOROUGH OVERVIEW OF THE DATASET'S ATTRIBUTES AND POTENTIAL APPLICATIONS, WHILE ALSO MAINTAINING GOOD READABILITY.",1
137,8gpu-s594,137,A,"('A', 'DESCRIPTION A IS BETTER BECAUSE IT PROVIDES A MORE COMPREHENSIVE OVERVIEW OF THE DATASET, INCLUDING SPECIFIC PROJECT TYPES, FINANCIAL ESTIMATES, AND DETAILED TEMPORAL AND SPATIAL COVERAGE, WHILE MAINTAINING CLARITY AND READABILITY.')",A,"DESCRIPTION A IS BETTER BECAUSE IT PROVIDES A MORE COMPREHENSIVE OVERVIEW OF THE DATASET, INCLUDING SPECIFIC PROJECT TYPES, FINANCIAL ESTIMATES, AND DETAILED TEMPORAL AND SPATIAL COVERAGE, WHILE MAINTAINING CLARITY AND READABILITY.",1
138,gyjk-fbss,138,A,"('A', 'DESCRIPTION A IS BETTER BECAUSE IT PROVIDES MORE DETAILED INFORMATION ABOUT THE DATASET, INCLUDING SPECIFIC DATA POINTS, THE NUMBER OF UNIQUE SCHOOLS AND PROGRAMS, AND A COMPREHENSIVE OVERVIEW OF THE INDUSTRY CLUSTERS, MAKING IT MORE COMPLETE AND INFORMATIVE.')",A,"DESCRIPTION A IS BETTER BECAUSE IT PROVIDES MORE DETAILED INFORMATION ABOUT THE DATASET, INCLUDING SPECIFIC DATA POINTS, THE NUMBER OF UNIQUE SCHOOLS AND PROGRAMS, AND A COMPREHENSIVE OVERVIEW OF THE INDUSTRY CLUSTERS, MAKING IT MORE COMPLETE AND INFORMATIVE.",1
139,smui-k6ms,139,B,"('A', 'DESCRIPTION A PROVIDES A MORE DETAILED OVERVIEW OF THE DATASET, INCLUDING SPECIFIC STATISTICS AND A CLEARER EXPLANATION OF ITS POTENTIAL APPLICATIONS, MAKING IT MORE COMPREHENSIVE AND INFORMATIVE.')",A,"DESCRIPTION A PROVIDES A MORE DETAILED OVERVIEW OF THE DATASET, INCLUDING SPECIFIC STATISTICS AND A CLEARER EXPLANATION OF ITS POTENTIAL APPLICATIONS, MAKING IT MORE COMPREHENSIVE AND INFORMATIVE.",0
140,kydh-ijhc,140,A,"('A', 'DESCRIPTION A PROVIDES A MORE COMPREHENSIVE OVERVIEW OF THE DATASET, INCLUDING SPECIFIC DETAILS ABOUT ITS STRUCTURE AND POTENTIAL APPLICATIONS, MAKING IT MORE INFORMATIVE OVERALL.')",A,"DESCRIPTION A PROVIDES A MORE COMPREHENSIVE OVERVIEW OF THE DATASET, INCLUDING SPECIFIC DETAILS ABOUT ITS STRUCTURE AND POTENTIAL APPLICATIONS, MAKING IT MORE INFORMATIVE OVERALL.",1
141,xi2y-szfs,141,A,"('A', 'DESCRIPTION A IS BETTER BECAUSE IT PROVIDES A MORE COMPREHENSIVE OVERVIEW OF THE DATASET, INCLUDING DETAILED INFORMATION ON STUDENT CATEGORIES AND THE IMPLICATIONS FOR EDUCATIONAL ACCESS, WHILE MAINTAINING CLARITY AND READABILITY.')",A,"DESCRIPTION A IS BETTER BECAUSE IT PROVIDES A MORE COMPREHENSIVE OVERVIEW OF THE DATASET, INCLUDING DETAILED INFORMATION ON STUDENT CATEGORIES AND THE IMPLICATIONS FOR EDUCATIONAL ACCESS, WHILE MAINTAINING CLARITY AND READABILITY.",1
142,rxj2-pb49,142,A,"('A', 'DESCRIPTION A IS BETTER BECAUSE IT PROVIDES A MORE COMPREHENSIVE OVERVIEW OF THE DATASET, INCLUDING SPECIFIC DETAILS ABOUT THE NUMBER OF UNIQUE LOCATION CODES AND THE IMPLICATIONS FOR ANALYZING DISCRIMINATION TRAINING IN SCHOOLS.')",A,"DESCRIPTION A IS BETTER BECAUSE IT PROVIDES A MORE COMPREHENSIVE OVERVIEW OF THE DATASET, INCLUDING SPECIFIC DETAILS ABOUT THE NUMBER OF UNIQUE LOCATION CODES AND THE IMPLICATIONS FOR ANALYZING DISCRIMINATION TRAINING IN SCHOOLS.",1
143,9caw-yxsv,143,A,"('A', 'DESCRIPTION A PROVIDES A MORE COMPREHENSIVE OVERVIEW OF THE DATASET, INCLUDING ITS PURPOSE AND POTENTIAL APPLICATIONS, WHILE MAINTAINING CLARITY AND READABILITY.')",A,"DESCRIPTION A PROVIDES A MORE COMPREHENSIVE OVERVIEW OF THE DATASET, INCLUDING ITS PURPOSE AND POTENTIAL APPLICATIONS, WHILE MAINTAINING CLARITY AND READABILITY.",1
144,m2z7-dx25,144,A,"('B', 'DESCRIPTION B IS BETTER BECAUSE IT PROVIDES A CLEAR AND CONCISE OVERVIEW OF THE DATASET WHILE EFFECTIVELY COVERING KEY METRICS AND POTENTIAL APPLICATIONS WITHOUT EXCESSIVE DETAIL.')",B,DESCRIPTION B IS BETTER BECAUSE IT PROVIDES A CLEAR AND CONCISE OVERVIEW OF THE DATASET WHILE EFFECTIVELY COVERING KEY METRICS AND POTENTIAL APPLICATIONS WITHOUT EXCESSIVE DETAIL.,0
145,fp78-wt5b,145,A,"('A', ""DESCRIPTION A IS MORE COMPREHENSIVE, PROVIDING DETAILED INFORMATION ABOUT THE DATASET'S STRUCTURE, FEATURES, AND POTENTIAL USES, MAKING IT MORE INFORMATIVE OVERALL."")",A,"DESCRIPTION A IS MORE COMPREHENSIVE, PROVIDING DETAILED INFORMATION ABOUT THE DATASET'S STRUCTURE, FEATURES, AND POTENTIAL USES, MAKING IT MORE INFORMATIVE OVERALL.",1
146,5a8g-vpdd,146,A,"('A', 'DESCRIPTION A IS BETTER BECAUSE IT PROVIDES A MORE COMPREHENSIVE OVERVIEW OF THE DATASET, INCLUDING SPECIFIC METRICS, RESPONSE RATES, AND POTENTIAL APPLICATIONS, WHILE MAINTAINING CLARITY AND READABILITY.')",A,"DESCRIPTION A IS BETTER BECAUSE IT PROVIDES A MORE COMPREHENSIVE OVERVIEW OF THE DATASET, INCLUDING SPECIFIC METRICS, RESPONSE RATES, AND POTENTIAL APPLICATIONS, WHILE MAINTAINING CLARITY AND READABILITY.",1
147,7xjx-2mhj,147,B,"('A', ""DESCRIPTION A IS BETTER BECAUSE IT PROVIDES A MORE DETAILED OVERVIEW OF THE DATASET'S SCOPE, INCLUDING SPECIFIC NUMBERS OF ENTRIES AND PROGRAM CATEGORIES, WHILE MAINTAINING CLARITY AND READABILITY."")",A,"DESCRIPTION A IS BETTER BECAUSE IT PROVIDES A MORE DETAILED OVERVIEW OF THE DATASET'S SCOPE, INCLUDING SPECIFIC NUMBERS OF ENTRIES AND PROGRAM CATEGORIES, WHILE MAINTAINING CLARITY AND READABILITY.",0
148,yj3u-pw36,148,A,"('A', 'DESCRIPTION A IS BETTER BECAUSE IT PROVIDES A MORE COMPREHENSIVE OVERVIEW OF THE DATASET, INCLUDING SPECIFIC DETAILS ABOUT THE RANGE OF POSTCODES AND THE POTENTIAL APPLICATIONS OF THE DATA, WHILE MAINTAINING CLARITY AND READABILITY.')",A,"DESCRIPTION A IS BETTER BECAUSE IT PROVIDES A MORE COMPREHENSIVE OVERVIEW OF THE DATASET, INCLUDING SPECIFIC DETAILS ABOUT THE RANGE OF POSTCODES AND THE POTENTIAL APPLICATIONS OF THE DATA, WHILE MAINTAINING CLARITY AND READABILITY.",1
149,4fcz-jias,149,A,"('A', 'DESCRIPTION A IS BETTER BECAUSE IT PROVIDES A MORE COMPREHENSIVE OVERVIEW OF THE DATASET, INCLUDING DETAILED METRICS, SPECIFIC RANGES, AND A CLEAR EXPLANATION OF ITS APPLICATIONS, WHILE MAINTAINING GOOD READABILITY.')",A,"DESCRIPTION A IS BETTER BECAUSE IT PROVIDES A MORE COMPREHENSIVE OVERVIEW OF THE DATASET, INCLUDING DETAILED METRICS, SPECIFIC RANGES, AND A CLEAR EXPLANATION OF ITS APPLICATIONS, WHILE MAINTAINING GOOD READABILITY.",1
150,2pmj-y4p4,150,A,"('A', ""DESCRIPTION A IS BETTER BECAUSE IT PROVIDES A MORE DETAILED OVERVIEW OF THE DATASET'S FEATURES AND POTENTIAL APPLICATIONS, ENHANCING COMPLETENESS AND READABILITY."")",A,"DESCRIPTION A IS BETTER BECAUSE IT PROVIDES A MORE DETAILED OVERVIEW OF THE DATASET'S FEATURES AND POTENTIAL APPLICATIONS, ENHANCING COMPLETENESS AND READABILITY.",1
151,xffd-vsgf,151,B,"('B', ""DESCRIPTION B IS BETTER BECAUSE IT PROVIDES MORE DETAILED INFORMATION ABOUT THE DATASET'S STRUCTURE, METRICS, AND POTENTIAL APPLICATIONS WHILE MAINTAINING CLARITY AND CONCISENESS."")",B,"DESCRIPTION B IS BETTER BECAUSE IT PROVIDES MORE DETAILED INFORMATION ABOUT THE DATASET'S STRUCTURE, METRICS, AND POTENTIAL APPLICATIONS WHILE MAINTAINING CLARITY AND CONCISENESS.",1
152,m6ag-gfcb,152,A,"('A', 'DESCRIPTION A IS BETTER BECAUSE IT PROVIDES A MORE DETAILED AND COMPREHENSIVE OVERVIEW OF THE DATASET, INCLUDING SPECIFIC DEFINITIONS FOR PROGRAM TYPES AND A CLEARER EXPLANATION OF ITS POTENTIAL APPLICATIONS.')",A,"DESCRIPTION A IS BETTER BECAUSE IT PROVIDES A MORE DETAILED AND COMPREHENSIVE OVERVIEW OF THE DATASET, INCLUDING SPECIFIC DEFINITIONS FOR PROGRAM TYPES AND A CLEARER EXPLANATION OF ITS POTENTIAL APPLICATIONS.",1
153,9uqq-k6t8,153,A,"('B', 'DESCRIPTION B IS BETTER BECAUSE IT PROVIDES A MORE COMPREHENSIVE OVERVIEW OF DEMOGRAPHIC CATEGORIES AND GEOGRAPHIC SUBDIVISIONS WHILE MAINTAINING CONCISENESS AND READABILITY.')",B,DESCRIPTION B IS BETTER BECAUSE IT PROVIDES A MORE COMPREHENSIVE OVERVIEW OF DEMOGRAPHIC CATEGORIES AND GEOGRAPHIC SUBDIVISIONS WHILE MAINTAINING CONCISENESS AND READABILITY.,0
154,2h3w-9uj9,154,B,"('B', 'DESCRIPTION B IS BETTER BECAUSE IT PROVIDES A MORE COMPREHENSIVE OVERVIEW OF THE DATASET, INCLUDING ADDITIONAL DETAILS ON DEMOGRAPHIC CATEGORIES AND COLLEGE READINESS BENCHMARKS, WHILE MAINTAINING CLARITY AND CONCISENESS.')",B,"DESCRIPTION B IS BETTER BECAUSE IT PROVIDES A MORE COMPREHENSIVE OVERVIEW OF THE DATASET, INCLUDING ADDITIONAL DETAILS ON DEMOGRAPHIC CATEGORIES AND COLLEGE READINESS BENCHMARKS, WHILE MAINTAINING CLARITY AND CONCISENESS.",1
155,eg59-gdqu,155,A,"('A', 'DESCRIPTION A IS BETTER BECAUSE IT PROVIDES A MORE COMPREHENSIVE OVERVIEW OF THE DATASET, INCLUDING SPECIFIC DETAILS ABOUT THE NUMBER OF UNIQUE IDENTIFIERS, ADMISSIONS METHODS, AND THE IMPLICATIONS FOR RESEARCH AND POLICY, WHILE ALSO MAINTAINING CLARITY AND READABILITY.')",A,"DESCRIPTION A IS BETTER BECAUSE IT PROVIDES A MORE COMPREHENSIVE OVERVIEW OF THE DATASET, INCLUDING SPECIFIC DETAILS ABOUT THE NUMBER OF UNIQUE IDENTIFIERS, ADMISSIONS METHODS, AND THE IMPLICATIONS FOR RESEARCH AND POLICY, WHILE ALSO MAINTAINING CLARITY AND READABILITY.",1
156,3ydk-du45,156,B,"('B', 'DESCRIPTION B IS BETTER BECAUSE IT PROVIDES A CLEARER STRUCTURE AND FLOW OF INFORMATION, MAKING IT MORE READABLE WHILE STILL BEING COMPREHENSIVE AND CONCISE.')",B,"DESCRIPTION B IS BETTER BECAUSE IT PROVIDES A CLEARER STRUCTURE AND FLOW OF INFORMATION, MAKING IT MORE READABLE WHILE STILL BEING COMPREHENSIVE AND CONCISE.",1
157,nfz9-tzba,157,B,"('B', 'DESCRIPTION B IS BETTER BECAUSE IT PROVIDES MORE SPECIFIC FINANCIAL FIGURES AND TEMPORAL DATA, ENHANCING COMPLETENESS WHILE MAINTAINING CLARITY AND CONCISENESS.')",B,"DESCRIPTION B IS BETTER BECAUSE IT PROVIDES MORE SPECIFIC FINANCIAL FIGURES AND TEMPORAL DATA, ENHANCING COMPLETENESS WHILE MAINTAINING CLARITY AND CONCISENESS.",1
158,e5c5-ieuv,158,B,"('B', ""DESCRIPTION B IS BETTER BECAUSE IT PROVIDES A MORE COMPREHENSIVE OVERVIEW OF THE DATASET, INCLUDING A LARGER NUMBER OF UNIQUE ENTRIES AND A CLEARER EXPLANATION OF THE DATA'S APPLICATIONS, WHILE MAINTAINING GOOD READABILITY AND CONCISENESS."")",B,"DESCRIPTION B IS BETTER BECAUSE IT PROVIDES A MORE COMPREHENSIVE OVERVIEW OF THE DATASET, INCLUDING A LARGER NUMBER OF UNIQUE ENTRIES AND A CLEARER EXPLANATION OF THE DATA'S APPLICATIONS, WHILE MAINTAINING GOOD READABILITY AND CONCISENESS.",1
159,je36-bj3z,159,B,"('A', ""DESCRIPTION A IS BETTER BECAUSE IT PROVIDES A MORE DETAILED OVERVIEW OF THE DATASET'S ATTRIBUTES AND POTENTIAL APPLICATIONS, ENHANCING COMPLETENESS AND READABILITY."")",A,"DESCRIPTION A IS BETTER BECAUSE IT PROVIDES A MORE DETAILED OVERVIEW OF THE DATASET'S ATTRIBUTES AND POTENTIAL APPLICATIONS, ENHANCING COMPLETENESS AND READABILITY.",0
160,2eq2-nywg,160,B,"('B', ""DESCRIPTION B IS BETTER BECAUSE IT PROVIDES MORE DETAILED INFORMATION ABOUT THE DATASET, INCLUDING THE NUMBER OF UNIQUE ENTRIES AND SPECIFIC INSIGHTS INTO THE DATA'S APPLICATIONS, WHILE MAINTAINING CLARITY AND CONCISENESS."")",B,"DESCRIPTION B IS BETTER BECAUSE IT PROVIDES MORE DETAILED INFORMATION ABOUT THE DATASET, INCLUDING THE NUMBER OF UNIQUE ENTRIES AND SPECIFIC INSIGHTS INTO THE DATA'S APPLICATIONS, WHILE MAINTAINING CLARITY AND CONCISENESS.",1
161,c6ph-pcpz,161,B,"('B', 'DESCRIPTION B IS BETTER BECAUSE IT PROVIDES A MORE COMPREHENSIVE OVERVIEW OF THE DATASET, INCLUDING A LARGER NUMBER OF ENTRIES AND UNIQUE IDENTIFIERS, WHILE MAINTAINING CLARITY AND CONCISENESS IN ITS PRESENTATION.')",B,"DESCRIPTION B IS BETTER BECAUSE IT PROVIDES A MORE COMPREHENSIVE OVERVIEW OF THE DATASET, INCLUDING A LARGER NUMBER OF ENTRIES AND UNIQUE IDENTIFIERS, WHILE MAINTAINING CLARITY AND CONCISENESS IN ITS PRESENTATION.",1
162,iqmu-i4pa,162,A,"('A', 'DESCRIPTION A IS BETTER BECAUSE IT PROVIDES A MORE COMPREHENSIVE OVERVIEW OF THE DATASET, INCLUDING A WIDER RANGE OF METRICS AND POTENTIAL APPLICATIONS, WHILE MAINTAINING CLARITY AND READABILITY.')",A,"DESCRIPTION A IS BETTER BECAUSE IT PROVIDES A MORE COMPREHENSIVE OVERVIEW OF THE DATASET, INCLUDING A WIDER RANGE OF METRICS AND POTENTIAL APPLICATIONS, WHILE MAINTAINING CLARITY AND READABILITY.",1
163,kuw6-zcm2,163,B,"('A', 'DESCRIPTION A IS BETTER BECAUSE IT PROVIDES A MORE DETAILED OVERVIEW OF THE DATASET, INCLUDING THE TOTAL NUMBER OF UNIQUE ENTRIES AND A BROADER RANGE OF CALL COUNTS, WHILE MAINTAINING CLARITY AND LOGICAL FLOW.')",A,"DESCRIPTION A IS BETTER BECAUSE IT PROVIDES A MORE DETAILED OVERVIEW OF THE DATASET, INCLUDING THE TOTAL NUMBER OF UNIQUE ENTRIES AND A BROADER RANGE OF CALL COUNTS, WHILE MAINTAINING CLARITY AND LOGICAL FLOW.",0
164,yv4m-nu6d,164,A,"('A', ""DESCRIPTION A IS BETTER BECAUSE IT PROVIDES A MORE DETAILED OVERVIEW OF THE DATASET'S FEATURES AND POTENTIAL APPLICATIONS, ENHANCING COMPLETENESS AND READABILITY."")",A,"DESCRIPTION A IS BETTER BECAUSE IT PROVIDES A MORE DETAILED OVERVIEW OF THE DATASET'S FEATURES AND POTENTIAL APPLICATIONS, ENHANCING COMPLETENESS AND READABILITY.",1
165,2jpd-hixn,165,A,"('A', ""DESCRIPTION A IS BETTER BECAUSE IT PROVIDES MORE DETAILED INFORMATION ABOUT THE DATASET'S STRUCTURE AND SPECIFIC MEASUREMENTS, ENHANCING COMPLETENESS AND CLARITY."")",A,"DESCRIPTION A IS BETTER BECAUSE IT PROVIDES MORE DETAILED INFORMATION ABOUT THE DATASET'S STRUCTURE AND SPECIFIC MEASUREMENTS, ENHANCING COMPLETENESS AND CLARITY.",1
166,9b3x-yz6y,166,B,"('A', 'DESCRIPTION A IS BETTER BECAUSE IT PROVIDES A MORE COMPREHENSIVE OVERVIEW OF THE DATASET, INCLUDING ITS PURPOSE AND POTENTIAL APPLICATIONS, WHILE MAINTAINING CLARITY AND READABILITY.')",A,"DESCRIPTION A IS BETTER BECAUSE IT PROVIDES A MORE COMPREHENSIVE OVERVIEW OF THE DATASET, INCLUDING ITS PURPOSE AND POTENTIAL APPLICATIONS, WHILE MAINTAINING CLARITY AND READABILITY.",0
167,dacy-bab9,167,A,"('A', 'DESCRIPTION A IS BETTER BECAUSE IT PROVIDES MORE DETAILED INFORMATION ABOUT THE DATASET, INCLUDING SPECIFIC METRICS AND A BROADER RANGE OF INSIGHTS, MAKING IT MORE COMPREHENSIVE AND INFORMATIVE.')",A,"DESCRIPTION A IS BETTER BECAUSE IT PROVIDES MORE DETAILED INFORMATION ABOUT THE DATASET, INCLUDING SPECIFIC METRICS AND A BROADER RANGE OF INSIGHTS, MAKING IT MORE COMPREHENSIVE AND INFORMATIVE.",1
168,cbrh-qrk4,168,A,"('A', 'DESCRIPTION A IS BETTER BECAUSE IT PROVIDES A MORE COMPREHENSIVE OVERVIEW OF THE DATASET, INCLUDING SPECIFIC DETAILS ABOUT THE TEMPORAL COVERAGE AND THE UNIQUE LOOKUP CODES, WHICH ENHANCES ITS COMPLETENESS AND USEFULNESS FOR POTENTIAL USERS.')",A,"DESCRIPTION A IS BETTER BECAUSE IT PROVIDES A MORE COMPREHENSIVE OVERVIEW OF THE DATASET, INCLUDING SPECIFIC DETAILS ABOUT THE TEMPORAL COVERAGE AND THE UNIQUE LOOKUP CODES, WHICH ENHANCES ITS COMPLETENESS AND USEFULNESS FOR POTENTIAL USERS.",1
169,f9a8-4jby,169,A,"('A', 'DESCRIPTION A IS MORE COMPREHENSIVE AND DETAILED, PROVIDING SPECIFIC EXAMPLES OF INITIATIVES AND TARGET POPULATIONS, WHICH ENHANCES ITS COMPLETENESS AND USEFULNESS FOR POTENTIAL USERS.')",A,"DESCRIPTION A IS MORE COMPREHENSIVE AND DETAILED, PROVIDING SPECIFIC EXAMPLES OF INITIATIVES AND TARGET POPULATIONS, WHICH ENHANCES ITS COMPLETENESS AND USEFULNESS FOR POTENTIAL USERS.",1
170,cvh6-nmyi,170,B,"('B', 'DESCRIPTION B IS BETTER BECAUSE IT PROVIDES A MORE DETAILED OVERVIEW OF THE DATASET, INCLUDING SPECIFIC ACADEMIC YEAR DATA AND A RICHER SEMANTIC PROFILE, WHILE MAINTAINING CLARITY AND CONCISENESS.')",B,"DESCRIPTION B IS BETTER BECAUSE IT PROVIDES A MORE DETAILED OVERVIEW OF THE DATASET, INCLUDING SPECIFIC ACADEMIC YEAR DATA AND A RICHER SEMANTIC PROFILE, WHILE MAINTAINING CLARITY AND CONCISENESS.",1
171,xwxx-rnki,171,A,"('A', 'DESCRIPTION A IS BETTER BECAUSE IT PROVIDES A MORE COMPREHENSIVE OVERVIEW OF THE DATASET, INCLUDING SPECIFIC DETAILS ABOUT THE NUMBER OF UNIQUE SCHOOLS AND THE TEMPORAL RANGE, WHILE MAINTAINING CLARITY AND READABILITY.')",A,"DESCRIPTION A IS BETTER BECAUSE IT PROVIDES A MORE COMPREHENSIVE OVERVIEW OF THE DATASET, INCLUDING SPECIFIC DETAILS ABOUT THE NUMBER OF UNIQUE SCHOOLS AND THE TEMPORAL RANGE, WHILE MAINTAINING CLARITY AND READABILITY.",1
172,e7es-jx5j,172,A,"('A', ""DESCRIPTION A IS BETTER BECAUSE IT PROVIDES A MORE DETAILED AND COMPREHENSIVE OVERVIEW OF THE DATASET, INCLUDING SPECIFIC COLUMN CONSTRAINTS AND A THOROUGH EXPLANATION OF THE DATASET'S STRUCTURE AND POTENTIAL USES."")",A,"DESCRIPTION A IS BETTER BECAUSE IT PROVIDES A MORE DETAILED AND COMPREHENSIVE OVERVIEW OF THE DATASET, INCLUDING SPECIFIC COLUMN CONSTRAINTS AND A THOROUGH EXPLANATION OF THE DATASET'S STRUCTURE AND POTENTIAL USES.",1
173,vimb-anc6,173,B,"('B', 'DESCRIPTION B IS BETTER BECAUSE IT PROVIDES A MORE COMPREHENSIVE OVERVIEW OF THE DATASET, INCLUDING ADDITIONAL DETAILS ON NON-INSTRUCTIONAL SPACE USAGE AND A LARGER NUMBER OF UNIQUE BUILDING IDS, WHILE MAINTAINING CLARITY AND CONCISENESS.')",B,"DESCRIPTION B IS BETTER BECAUSE IT PROVIDES A MORE COMPREHENSIVE OVERVIEW OF THE DATASET, INCLUDING ADDITIONAL DETAILS ON NON-INSTRUCTIONAL SPACE USAGE AND A LARGER NUMBER OF UNIQUE BUILDING IDS, WHILE MAINTAINING CLARITY AND CONCISENESS.",1
174,emnd-d8ba,174,B,"('A', 'DESCRIPTION A IS BETTER BECAUSE IT PROVIDES A MORE COMPREHENSIVE OVERVIEW OF THE DATASET, INCLUDING DETAILS ON SPATIAL DATA AND A BROADER RANGE OF POTENTIAL APPLICATIONS, WHILE MAINTAINING CLARITY AND READABILITY.')",A,"DESCRIPTION A IS BETTER BECAUSE IT PROVIDES A MORE COMPREHENSIVE OVERVIEW OF THE DATASET, INCLUDING DETAILS ON SPATIAL DATA AND A BROADER RANGE OF POTENTIAL APPLICATIONS, WHILE MAINTAINING CLARITY AND READABILITY.",0
175,yeu7-rqiu,175,B,"('B', 'DESCRIPTION B IS BETTER BECAUSE IT PROVIDES SPECIFIC NUMERICAL DATA AND DETAILED COLUMN CONSTRAINTS, ENHANCING COMPLETENESS WHILE MAINTAINING CLARITY AND CONCISENESS.')",B,"DESCRIPTION B IS BETTER BECAUSE IT PROVIDES SPECIFIC NUMERICAL DATA AND DETAILED COLUMN CONSTRAINTS, ENHANCING COMPLETENESS WHILE MAINTAINING CLARITY AND CONCISENESS.",1
176,cpqj-5zux,176,B,"('A', 'DESCRIPTION A PROVIDES A MORE COMPREHENSIVE OVERVIEW OF THE DATASET, INCLUDING SPECIFIC METRICS AND POTENTIAL APPLICATIONS, WHILE MAINTAINING CLARITY AND READABILITY.')",A,"DESCRIPTION A PROVIDES A MORE COMPREHENSIVE OVERVIEW OF THE DATASET, INCLUDING SPECIFIC METRICS AND POTENTIAL APPLICATIONS, WHILE MAINTAINING CLARITY AND READABILITY.",0
177,59b2-g9ij,177,A,"('A', 'DESCRIPTION A PROVIDES A MORE COMPREHENSIVE OVERVIEW OF THE DATASET, INCLUDING SPECIFIC APPLICATIONS AND INSIGHTS THAT CAN BE DERIVED FROM THE DATA, MAKING IT MORE INFORMATIVE OVERALL.')",A,"DESCRIPTION A PROVIDES A MORE COMPREHENSIVE OVERVIEW OF THE DATASET, INCLUDING SPECIFIC APPLICATIONS AND INSIGHTS THAT CAN BE DERIVED FROM THE DATA, MAKING IT MORE INFORMATIVE OVERALL.",1
178,jq8m-ucqt,178,A,"('A', 'DESCRIPTION A IS BETTER BECAUSE IT PROVIDES A MORE DETAILED OVERVIEW OF THE DATASET, INCLUDING SPECIFIC METRICS, A LARGER NUMBER OF UNIQUE SCHOOL IDENTIFIERS, AND A CLEARER EXPLANATION OF ITS UTILITY FOR VARIOUS STAKEHOLDERS.')",A,"DESCRIPTION A IS BETTER BECAUSE IT PROVIDES A MORE DETAILED OVERVIEW OF THE DATASET, INCLUDING SPECIFIC METRICS, A LARGER NUMBER OF UNIQUE SCHOOL IDENTIFIERS, AND A CLEARER EXPLANATION OF ITS UTILITY FOR VARIOUS STAKEHOLDERS.",1
179,smka-gz6w,179,B,"('B', ""DESCRIPTION B IS BETTER BECAUSE IT PROVIDES A MORE DETAILED OVERVIEW OF THE DATASET'S STRUCTURE AND METRICS, WHILE MAINTAINING CLARITY AND CONCISENESS."")",B,"DESCRIPTION B IS BETTER BECAUSE IT PROVIDES A MORE DETAILED OVERVIEW OF THE DATASET'S STRUCTURE AND METRICS, WHILE MAINTAINING CLARITY AND CONCISENESS.",1
180,44t3-dj6x,180,A,"('A', 'DESCRIPTION A IS BETTER BECAUSE IT PROVIDES A MORE COMPREHENSIVE OVERVIEW OF THE DATASET, INCLUDING SPECIFIC METRICS AND INSIGHTS, WHILE MAINTAINING CLARITY AND READABILITY.')",A,"DESCRIPTION A IS BETTER BECAUSE IT PROVIDES A MORE COMPREHENSIVE OVERVIEW OF THE DATASET, INCLUDING SPECIFIC METRICS AND INSIGHTS, WHILE MAINTAINING CLARITY AND READABILITY.",1
181,wpqj-3buw,181,A,"('A', ""DESCRIPTION A IS BETTER BECAUSE IT PROVIDES A MORE COMPREHENSIVE OVERVIEW OF THE DATASET, INCLUDING DETAILED METRICS, INSIGHTS INTO ITS APPLICATIONS, AND A CLEARER UNDERSTANDING OF THE DATA'S STRUCTURE AND CONSTRAINTS."")",A,"DESCRIPTION A IS BETTER BECAUSE IT PROVIDES A MORE COMPREHENSIVE OVERVIEW OF THE DATASET, INCLUDING DETAILED METRICS, INSIGHTS INTO ITS APPLICATIONS, AND A CLEARER UNDERSTANDING OF THE DATA'S STRUCTURE AND CONSTRAINTS.",1
182,mc73-t4fs,182,B,"('B', ""DESCRIPTION B IS BETTER BECAUSE IT PROVIDES DETAILED INFORMATION ABOUT THE DATASET'S VARIABLES AND CONSTRAINTS WHILE MAINTAINING CLARITY AND CONCISENESS."")",B,DESCRIPTION B IS BETTER BECAUSE IT PROVIDES DETAILED INFORMATION ABOUT THE DATASET'S VARIABLES AND CONSTRAINTS WHILE MAINTAINING CLARITY AND CONCISENESS.,1
183,vquv-pjuh,183,B,"('B', 'DESCRIPTION B IS BETTER BECAUSE IT PROVIDES MORE DETAILED INFORMATION ABOUT THE DATASET, INCLUDING SPECIFIC ENROLLMENT FIGURES AND A CLEAR OUTLINE OF COLUMN CONSTRAINTS, ENHANCING COMPLETENESS AND READABILITY.')",B,"DESCRIPTION B IS BETTER BECAUSE IT PROVIDES MORE DETAILED INFORMATION ABOUT THE DATASET, INCLUDING SPECIFIC ENROLLMENT FIGURES AND A CLEAR OUTLINE OF COLUMN CONSTRAINTS, ENHANCING COMPLETENESS AND READABILITY.",1
184,i8ys-e4pm,184,A,"('A', 'DESCRIPTION A IS BETTER BECAUSE IT PROVIDES MORE DETAILED INFORMATION ABOUT THE DATASET, INCLUDING THE NUMBER OF UNIQUE SCHOOL CODES, THE SPECIFIC METRICS CAPTURED, AND THE POTENTIAL APPLICATIONS OF THE DATA, MAKING IT MORE COMPREHENSIVE OVERALL.')",A,"DESCRIPTION A IS BETTER BECAUSE IT PROVIDES MORE DETAILED INFORMATION ABOUT THE DATASET, INCLUDING THE NUMBER OF UNIQUE SCHOOL CODES, THE SPECIFIC METRICS CAPTURED, AND THE POTENTIAL APPLICATIONS OF THE DATA, MAKING IT MORE COMPREHENSIVE OVERALL.",1
185,4zdr-zwdi,185,A,"('B', ""DESCRIPTION B IS BETTER BECAUSE IT PROVIDES A COMPREHENSIVE OVERVIEW OF THE DATASET WHILE MAINTAINING CONCISENESS AND A CLEAR LOGICAL FLOW, MAKING IT EASIER TO UNDERSTAND THE DATASET'S APPLICATIONS AND SIGNIFICANCE."")",B,"DESCRIPTION B IS BETTER BECAUSE IT PROVIDES A COMPREHENSIVE OVERVIEW OF THE DATASET WHILE MAINTAINING CONCISENESS AND A CLEAR LOGICAL FLOW, MAKING IT EASIER TO UNDERSTAND THE DATASET'S APPLICATIONS AND SIGNIFICANCE.",0
186,5e7z-xsdf,186,A,"('A', ""DESCRIPTION A IS MORE COMPREHENSIVE AND DETAILED, PROVIDING A CLEARER UNDERSTANDING OF THE DATASET'S METRICS AND POTENTIAL APPLICATIONS."")",A,"DESCRIPTION A IS MORE COMPREHENSIVE AND DETAILED, PROVIDING A CLEARER UNDERSTANDING OF THE DATASET'S METRICS AND POTENTIAL APPLICATIONS.",1
187,vrs9-g7kz,187,B,"('B', 'DESCRIPTION B IS BETTER BECAUSE IT PROVIDES A MORE DETAILED OVERVIEW OF THE DATASET, INCLUDING SPECIFIC STATISTICS AND A CLEARER STRUCTURE, WHILE MAINTAINING CONCISENESS AND READABILITY.')",B,"DESCRIPTION B IS BETTER BECAUSE IT PROVIDES A MORE DETAILED OVERVIEW OF THE DATASET, INCLUDING SPECIFIC STATISTICS AND A CLEARER STRUCTURE, WHILE MAINTAINING CONCISENESS AND READABILITY.",1
188,fb6n-h22r,188,B,"('B', 'DESCRIPTION B IS BETTER BECAUSE IT PROVIDES A MORE COMPREHENSIVE OVERVIEW OF THE DATASET, INCLUDING THE NUMBER OF UNIQUE SCHOOLS AND A CLEARER EXPLANATION OF THE METRICS, WHILE MAINTAINING CONCISENESS AND READABILITY.')",B,"DESCRIPTION B IS BETTER BECAUSE IT PROVIDES A MORE COMPREHENSIVE OVERVIEW OF THE DATASET, INCLUDING THE NUMBER OF UNIQUE SCHOOLS AND A CLEARER EXPLANATION OF THE METRICS, WHILE MAINTAINING CONCISENESS AND READABILITY.",1
189,g6b7-t4s8,189,B,"('A', ""DESCRIPTION A IS BETTER BECAUSE IT PROVIDES A MORE DETAILED OVERVIEW OF THE DATASET'S SCOPE AND POTENTIAL APPLICATIONS, ENHANCING COMPLETENESS WHILE MAINTAINING CLARITY."")",A,"DESCRIPTION A IS BETTER BECAUSE IT PROVIDES A MORE DETAILED OVERVIEW OF THE DATASET'S SCOPE AND POTENTIAL APPLICATIONS, ENHANCING COMPLETENESS WHILE MAINTAINING CLARITY.",0
190,d9fi-geci,190,A,"('A', 'DESCRIPTION A IS BETTER BECAUSE IT PROVIDES A MORE DETAILED AND COMPREHENSIVE OVERVIEW OF THE DATASET, INCLUDING SPECIFIC INFORMATION ABOUT THE NUMBER OF UNIQUE IDENTIFIERS AND ADMISSION METHODS, AS WELL AS THE IMPLICATIONS FOR DIVERSITY IN SCHOOL ADMISSIONS.')",A,"DESCRIPTION A IS BETTER BECAUSE IT PROVIDES A MORE DETAILED AND COMPREHENSIVE OVERVIEW OF THE DATASET, INCLUDING SPECIFIC INFORMATION ABOUT THE NUMBER OF UNIQUE IDENTIFIERS AND ADMISSION METHODS, AS WELL AS THE IMPLICATIONS FOR DIVERSITY IN SCHOOL ADMISSIONS.",1
191,pffu-gbfi,191,B,"('B', 'DESCRIPTION B IS BETTER BECAUSE IT PROVIDES MORE DETAILED METRICS AND CONTEXT ABOUT THE DATASET, ENHANCING COMPLETENESS WHILE MAINTAINING CLARITY AND CONCISENESS.')",B,"DESCRIPTION B IS BETTER BECAUSE IT PROVIDES MORE DETAILED METRICS AND CONTEXT ABOUT THE DATASET, ENHANCING COMPLETENESS WHILE MAINTAINING CLARITY AND CONCISENESS.",1
192,5atx-ibtu,192,B,"('B', ""DESCRIPTION B IS BETTER BECAUSE IT PROVIDES A MORE COMPREHENSIVE OVERVIEW OF THE DATASET'S APPLICATIONS AND POTENTIAL USES WHILE MAINTAINING CLARITY AND CONCISENESS."")",B,DESCRIPTION B IS BETTER BECAUSE IT PROVIDES A MORE COMPREHENSIVE OVERVIEW OF THE DATASET'S APPLICATIONS AND POTENTIAL USES WHILE MAINTAINING CLARITY AND CONCISENESS.,1
193,43qn-d6r8,193,B,"('A', ""DESCRIPTION A IS BETTER BECAUSE IT PROVIDES A CLEARER OVERVIEW OF THE DATASET'S ATTRIBUTES AND POTENTIAL APPLICATIONS WHILE MAINTAINING A LOGICAL FLOW AND READABILITY."")",A,DESCRIPTION A IS BETTER BECAUSE IT PROVIDES A CLEARER OVERVIEW OF THE DATASET'S ATTRIBUTES AND POTENTIAL APPLICATIONS WHILE MAINTAINING A LOGICAL FLOW AND READABILITY.,0
194,95u9-kyyu,194,A,"('A', 'DESCRIPTION A IS BETTER BECAUSE IT PROVIDES MORE DETAILED INFORMATION ABOUT THE DATASET, INCLUDING SPECIFIC DATA POINTS, THE SIGNIFICANCE OF THE DATASET, AND A COMPREHENSIVE OVERVIEW OF THE COLUMN CONSTRAINTS.')",A,"DESCRIPTION A IS BETTER BECAUSE IT PROVIDES MORE DETAILED INFORMATION ABOUT THE DATASET, INCLUDING SPECIFIC DATA POINTS, THE SIGNIFICANCE OF THE DATASET, AND A COMPREHENSIVE OVERVIEW OF THE COLUMN CONSTRAINTS.",1
195,v55h-aeac,195,B,"('A', 'DESCRIPTION A PROVIDES A MORE DETAILED OVERVIEW OF THE DATASET, INCLUDING SPECIFIC UNIQUE VALUES FOR RESPONSE RATES AND A CLEARER EXPLANATION OF THE POTENTIAL APPLICATIONS, MAKING IT MORE COMPREHENSIVE AND INFORMATIVE.')",A,"DESCRIPTION A PROVIDES A MORE DETAILED OVERVIEW OF THE DATASET, INCLUDING SPECIFIC UNIQUE VALUES FOR RESPONSE RATES AND A CLEARER EXPLANATION OF THE POTENTIAL APPLICATIONS, MAKING IT MORE COMPREHENSIVE AND INFORMATIVE.",0
196,suzc-ps6g,196,A,"('A', 'DESCRIPTION A IS BETTER BECAUSE IT PROVIDES A MORE COMPREHENSIVE OVERVIEW OF THE DATASET, INCLUDING DETAILED DEMOGRAPHIC BREAKDOWNS AND SPECIFIC COLUMN CONSTRAINTS, WHILE ALSO MAINTAINING CLARITY AND READABILITY.')",A,"DESCRIPTION A IS BETTER BECAUSE IT PROVIDES A MORE COMPREHENSIVE OVERVIEW OF THE DATASET, INCLUDING DETAILED DEMOGRAPHIC BREAKDOWNS AND SPECIFIC COLUMN CONSTRAINTS, WHILE ALSO MAINTAINING CLARITY AND READABILITY.",1
197,ftpm-ey3k,197,B,"('A', ""DESCRIPTION A IS BETTER BECAUSE IT PROVIDES A MORE COMPREHENSIVE OVERVIEW OF THE DATASET, INCLUDING SPECIFIC DETAILS ABOUT THE COLUMNS AND THEIR SIGNIFICANCE, WHILE MAINTAINING CLARITY AND FOCUS ON THE DATASET'S PURPOSE."")",A,"DESCRIPTION A IS BETTER BECAUSE IT PROVIDES A MORE COMPREHENSIVE OVERVIEW OF THE DATASET, INCLUDING SPECIFIC DETAILS ABOUT THE COLUMNS AND THEIR SIGNIFICANCE, WHILE MAINTAINING CLARITY AND FOCUS ON THE DATASET'S PURPOSE.",0
198,c4xj-jp46,198,B,"('B', 'DESCRIPTION B IS BETTER BECAUSE IT PROVIDES A MORE COMPREHENSIVE OVERVIEW OF THE DATASET, INCLUDING SPECIFIC DETAILS ABOUT THE NUMBER OF UNIQUE LOCATIONS AND THE STRUCTURE OF THE DATA, WHILE MAINTAINING CLARITY AND CONCISENESS.')",B,"DESCRIPTION B IS BETTER BECAUSE IT PROVIDES A MORE COMPREHENSIVE OVERVIEW OF THE DATASET, INCLUDING SPECIFIC DETAILS ABOUT THE NUMBER OF UNIQUE LOCATIONS AND THE STRUCTURE OF THE DATA, WHILE MAINTAINING CLARITY AND CONCISENESS.",1
199,nvm3-w2i6,199,B,"('B', 'DESCRIPTION B IS BETTER BECAUSE IT PROVIDES MORE DETAILED INFORMATION ABOUT THE DATASET, INCLUDING THE NUMBER OF UNIQUE PROGRAM IDENTIFIERS, A BROADER RANGE OF FUNDING AMOUNTS, AND SPECIFIC EXAMPLES OF PROGRAMS, WHILE MAINTAINING CLARITY AND CONCISENESS.')",B,"DESCRIPTION B IS BETTER BECAUSE IT PROVIDES MORE DETAILED INFORMATION ABOUT THE DATASET, INCLUDING THE NUMBER OF UNIQUE PROGRAM IDENTIFIERS, A BROADER RANGE OF FUNDING AMOUNTS, AND SPECIFIC EXAMPLES OF PROGRAMS, WHILE MAINTAINING CLARITY AND CONCISENESS.",1
200,vrar-mb2u,200,B,"('A', 'DESCRIPTION A PROVIDES A MORE COMPREHENSIVE OVERVIEW OF THE DATASET, INCLUDING SPECIFIC DETAILS ABOUT DATA CATEGORIZATION AND ITS APPLICATIONS, WHILE MAINTAINING CLARITY AND READABILITY.')",A,"DESCRIPTION A PROVIDES A MORE COMPREHENSIVE OVERVIEW OF THE DATASET, INCLUDING SPECIFIC DETAILS ABOUT DATA CATEGORIZATION AND ITS APPLICATIONS, WHILE MAINTAINING CLARITY AND READABILITY.",0
201,8as3-nzhd,201,A,"('A', 'DESCRIPTION A IS BETTER BECAUSE IT PROVIDES MORE DETAILED INFORMATION ABOUT THE DATASET, INCLUDING SPECIFIC STATISTICS AND EXAMPLES OF PROGRAM TYPES, ENHANCING COMPLETENESS AND CLARITY.')",A,"DESCRIPTION A IS BETTER BECAUSE IT PROVIDES MORE DETAILED INFORMATION ABOUT THE DATASET, INCLUDING SPECIFIC STATISTICS AND EXAMPLES OF PROGRAM TYPES, ENHANCING COMPLETENESS AND CLARITY.",1
202,axb2-9jkb,202,B,"('B', 'DESCRIPTION B IS BETTER BECAUSE IT PROVIDES A MORE COMPREHENSIVE OVERVIEW OF THE DATASET, INCLUDING A LARGER NUMBER OF UNIQUE ENTRIES AND A BROADER RANGE OF PUPIL-TEACHER RATIOS, WHILE ALSO MAINTAINING CLARITY AND CONCISENESS.')",B,"DESCRIPTION B IS BETTER BECAUSE IT PROVIDES A MORE COMPREHENSIVE OVERVIEW OF THE DATASET, INCLUDING A LARGER NUMBER OF UNIQUE ENTRIES AND A BROADER RANGE OF PUPIL-TEACHER RATIOS, WHILE ALSO MAINTAINING CLARITY AND CONCISENESS.",1
203,9tg9-e2ph,203,A,"('A', ""DESCRIPTION A IS MORE COMPREHENSIVE, PROVIDING DETAILED INFORMATION ABOUT THE DATASET'S STRUCTURE, SPECIFIC METRICS, AND POTENTIAL APPLICATIONS, MAKING IT MORE INFORMATIVE OVERALL."")",A,"DESCRIPTION A IS MORE COMPREHENSIVE, PROVIDING DETAILED INFORMATION ABOUT THE DATASET'S STRUCTURE, SPECIFIC METRICS, AND POTENTIAL APPLICATIONS, MAKING IT MORE INFORMATIVE OVERALL.",1
204,2emc-na4n,204,B,"('B', 'DESCRIPTION B IS BETTER BECAUSE IT PROVIDES A MORE DETAILED OVERVIEW OF THE DATASET, INCLUDING THE NUMBER OF UNIQUE SCHOOL IDENTIFIERS AND SPECIFIC COLUMN CONSTRAINTS, WHILE MAINTAINING CLARITY AND CONCISENESS.')",B,"DESCRIPTION B IS BETTER BECAUSE IT PROVIDES A MORE DETAILED OVERVIEW OF THE DATASET, INCLUDING THE NUMBER OF UNIQUE SCHOOL IDENTIFIERS AND SPECIFIC COLUMN CONSTRAINTS, WHILE MAINTAINING CLARITY AND CONCISENESS.",1
205,iuvu-z276,205,A,"('A', ""DESCRIPTION A IS BETTER BECAUSE IT PROVIDES MORE DETAILED INFORMATION ABOUT THE DATASET'S STRUCTURE, INCLUDING SPECIFIC COLUMN CONSTRAINTS AND DATA TYPES, WHICH ENHANCES COMPLETENESS AND CLARITY."")",A,"DESCRIPTION A IS BETTER BECAUSE IT PROVIDES MORE DETAILED INFORMATION ABOUT THE DATASET'S STRUCTURE, INCLUDING SPECIFIC COLUMN CONSTRAINTS AND DATA TYPES, WHICH ENHANCES COMPLETENESS AND CLARITY.",1
206,7ynj-zrfs,206,A,"('A', ""DESCRIPTION A IS BETTER BECAUSE IT PROVIDES MORE DETAILED INFORMATION ABOUT THE DATASET'S STRUCTURE, INCLUDING SPECIFIC METRICS AND CONSTRAINTS, WHILE MAINTAINING CLARITY AND RELEVANCE FOR POTENTIAL USERS."")",A,"DESCRIPTION A IS BETTER BECAUSE IT PROVIDES MORE DETAILED INFORMATION ABOUT THE DATASET'S STRUCTURE, INCLUDING SPECIFIC METRICS AND CONSTRAINTS, WHILE MAINTAINING CLARITY AND RELEVANCE FOR POTENTIAL USERS.",1
207,5ghg-dyn6,207,A,"('A', 'DESCRIPTION A IS BETTER BECAUSE IT PROVIDES A MORE COMPREHENSIVE OVERVIEW OF THE DATASET, INCLUDING SPECIFIC METRICS AND A CLEARER CONTEXT FOR ITS USE, WHILE MAINTAINING GOOD READABILITY.')",A,"DESCRIPTION A IS BETTER BECAUSE IT PROVIDES A MORE COMPREHENSIVE OVERVIEW OF THE DATASET, INCLUDING SPECIFIC METRICS AND A CLEARER CONTEXT FOR ITS USE, WHILE MAINTAINING GOOD READABILITY.",1
208,dbs9-fgqs,208,B,"('B', 'DESCRIPTION B IS BETTER BECAUSE IT PROVIDES MORE DETAILED INFORMATION ABOUT THE DATASET, INCLUDING THE NUMBER OF UNIQUE IDENTIFIERS AND ADMISSION METHODS, WHILE MAINTAINING CLARITY AND READABILITY.')",B,"DESCRIPTION B IS BETTER BECAUSE IT PROVIDES MORE DETAILED INFORMATION ABOUT THE DATASET, INCLUDING THE NUMBER OF UNIQUE IDENTIFIERS AND ADMISSION METHODS, WHILE MAINTAINING CLARITY AND READABILITY.",1
209,29bv-qqsy,209,A,"('A', ""DESCRIPTION A IS MORE COMPREHENSIVE AND DETAILED, PROVIDING SPECIFIC INFORMATION ABOUT THE DATASET'S STRUCTURE, UNIQUE IDENTIFIERS, AND POTENTIAL APPLICATIONS, MAKING IT MORE INFORMATIVE OVERALL."")",A,"DESCRIPTION A IS MORE COMPREHENSIVE AND DETAILED, PROVIDING SPECIFIC INFORMATION ABOUT THE DATASET'S STRUCTURE, UNIQUE IDENTIFIERS, AND POTENTIAL APPLICATIONS, MAKING IT MORE INFORMATIVE OVERALL.",1
210,j39j-zq32,210,B,"('A', ""DESCRIPTION A IS BETTER BECAUSE IT PROVIDES A MORE COMPREHENSIVE OVERVIEW OF THE DATASET'S SCOPE, INCLUDING DETAILED DEMOGRAPHIC AND PERFORMANCE METRICS, WHILE MAINTAINING CLARITY AND READABILITY."")",A,"DESCRIPTION A IS BETTER BECAUSE IT PROVIDES A MORE COMPREHENSIVE OVERVIEW OF THE DATASET'S SCOPE, INCLUDING DETAILED DEMOGRAPHIC AND PERFORMANCE METRICS, WHILE MAINTAINING CLARITY AND READABILITY.",0
211,w9if-3pyn,211,B,"('B', 'DESCRIPTION B IS BETTER BECAUSE IT PROVIDES A MORE COMPREHENSIVE OVERVIEW OF THE DATASET, INCLUDING A LARGER NUMBER OF UNIQUE SCHOOL IDENTIFIERS AND CLEARER INSIGHTS INTO THE APPLICATION OF THE DATA, WHILE MAINTAINING CONCISENESS AND READABILITY.')",B,"DESCRIPTION B IS BETTER BECAUSE IT PROVIDES A MORE COMPREHENSIVE OVERVIEW OF THE DATASET, INCLUDING A LARGER NUMBER OF UNIQUE SCHOOL IDENTIFIERS AND CLEARER INSIGHTS INTO THE APPLICATION OF THE DATA, WHILE MAINTAINING CONCISENESS AND READABILITY.",1
212,vxms-daea,212,B,"('B', 'DESCRIPTION B IS BETTER BECAUSE IT PROVIDES MORE DETAILED INFORMATION ABOUT THE DATASET, INCLUDING THE NUMBER OF UNIQUE SCHOOL IDENTIFIERS AND SPECIFIC METRICS, WHILE MAINTAINING CLARITY AND CONCISENESS.')",B,"DESCRIPTION B IS BETTER BECAUSE IT PROVIDES MORE DETAILED INFORMATION ABOUT THE DATASET, INCLUDING THE NUMBER OF UNIQUE SCHOOL IDENTIFIERS AND SPECIFIC METRICS, WHILE MAINTAINING CLARITY AND CONCISENESS.",1
213,pvwn-aqw2,213,A,"('A', ""DESCRIPTION A IS BETTER BECAUSE IT PROVIDES MORE DETAILED INFORMATION ABOUT THE DATASET'S STRUCTURE, INCLUDING SPECIFIC PROGRAM TYPES AND METRICS, ENHANCING COMPLETENESS AND CLARITY."")",A,"DESCRIPTION A IS BETTER BECAUSE IT PROVIDES MORE DETAILED INFORMATION ABOUT THE DATASET'S STRUCTURE, INCLUDING SPECIFIC PROGRAM TYPES AND METRICS, ENHANCING COMPLETENESS AND CLARITY.",1
214,vrku-2kif,214,B,"('B', 'DESCRIPTION B IS BETTER BECAUSE IT PROVIDES A MORE COMPREHENSIVE OVERVIEW OF THE DATASET, INCLUDING SPECIFIC DETAILS ABOUT THE DATA STRUCTURE AND COLUMN CONSTRAINTS, WHILE MAINTAINING CLARITY AND CONCISENESS.')",B,"DESCRIPTION B IS BETTER BECAUSE IT PROVIDES A MORE COMPREHENSIVE OVERVIEW OF THE DATASET, INCLUDING SPECIFIC DETAILS ABOUT THE DATA STRUCTURE AND COLUMN CONSTRAINTS, WHILE MAINTAINING CLARITY AND CONCISENESS.",1
215,r354-7m36,215,B,"('A', ""DESCRIPTION A PROVIDES A CLEARER OVERVIEW OF THE DATASET'S SCOPE AND POTENTIAL APPLICATIONS, WHILE MAINTAINING A MORE CONCISE AND READABLE FORMAT COMPARED TO DESCRIPTION B."")",A,"DESCRIPTION A PROVIDES A CLEARER OVERVIEW OF THE DATASET'S SCOPE AND POTENTIAL APPLICATIONS, WHILE MAINTAINING A MORE CONCISE AND READABLE FORMAT COMPARED TO DESCRIPTION B.",0
216,ft5g-idx8,216,A,"('A', 'DESCRIPTION A IS BETTER BECAUSE IT PROVIDES A MORE COMPREHENSIVE OVERVIEW OF THE DATASET, INCLUDING SPECIFIC METRICS AND THEIR IMPLICATIONS FOR TRANSPORTATION PLANNING, WHILE MAINTAINING CLARITY AND READABILITY.')",A,"DESCRIPTION A IS BETTER BECAUSE IT PROVIDES A MORE COMPREHENSIVE OVERVIEW OF THE DATASET, INCLUDING SPECIFIC METRICS AND THEIR IMPLICATIONS FOR TRANSPORTATION PLANNING, WHILE MAINTAINING CLARITY AND READABILITY.",1
217,87hk-978a,217,B,"('B', ""DESCRIPTION B IS BETTER BECAUSE IT PROVIDES MORE SPECIFIC DETAILS ABOUT THE DATASET'S FOCUS ON STUDENTS, INCLUDES A COMPREHENSIVE COLUMN CONSTRAINTS SECTION, AND MAINTAINS CLARITY AND CONCISENESS THROUGHOUT."")",B,"DESCRIPTION B IS BETTER BECAUSE IT PROVIDES MORE SPECIFIC DETAILS ABOUT THE DATASET'S FOCUS ON STUDENTS, INCLUDES A COMPREHENSIVE COLUMN CONSTRAINTS SECTION, AND MAINTAINS CLARITY AND CONCISENESS THROUGHOUT.",1
218,tybm-5xnx,218,B,"('A', ""DESCRIPTION A IS BETTER BECAUSE IT PROVIDES A CLEARER AND MORE DETAILED OVERVIEW OF THE DATASET'S CONTENTS AND POTENTIAL APPLICATIONS, WHILE MAINTAINING A LOGICAL FLOW AND READABILITY."")",A,"DESCRIPTION A IS BETTER BECAUSE IT PROVIDES A CLEARER AND MORE DETAILED OVERVIEW OF THE DATASET'S CONTENTS AND POTENTIAL APPLICATIONS, WHILE MAINTAINING A LOGICAL FLOW AND READABILITY.",0
219,bzs3-dh33,219,B,"('B', 'DESCRIPTION B IS BETTER BECAUSE IT PROVIDES MORE DETAILED INFORMATION ABOUT PROGRAM TYPES AND SPECIFIC METRICS, ENHANCING COMPLETENESS WHILE MAINTAINING CLARITY AND CONCISENESS.')",B,"DESCRIPTION B IS BETTER BECAUSE IT PROVIDES MORE DETAILED INFORMATION ABOUT PROGRAM TYPES AND SPECIFIC METRICS, ENHANCING COMPLETENESS WHILE MAINTAINING CLARITY AND CONCISENESS.",1
220,22rr-ujq3,220,A,"('A', 'DESCRIPTION A IS BETTER BECAUSE IT PROVIDES A MORE COMPREHENSIVE OVERVIEW OF THE DATASET, INCLUDING SPECIFIC METRICS, A LARGER NUMBER OF UNIQUE SCHOOL IDENTIFIERS, AND DETAILED COLUMN CONSTRAINTS, MAKING IT MORE INFORMATIVE FOR POTENTIAL USERS.')",A,"DESCRIPTION A IS BETTER BECAUSE IT PROVIDES A MORE COMPREHENSIVE OVERVIEW OF THE DATASET, INCLUDING SPECIFIC METRICS, A LARGER NUMBER OF UNIQUE SCHOOL IDENTIFIERS, AND DETAILED COLUMN CONSTRAINTS, MAKING IT MORE INFORMATIVE FOR POTENTIAL USERS.",1
221,52b4-grs5,221,A,"('A', 'DESCRIPTION A IS BETTER BECAUSE IT PROVIDES A MORE COMPREHENSIVE OVERVIEW OF THE DATASET, INCLUDING THE NUMBER OF UNIQUE SCHOOL IDENTIFIERS AND A CLEARER EXPLANATION OF ITS APPLICATIONS, WHILE MAINTAINING GOOD READABILITY.')",A,"DESCRIPTION A IS BETTER BECAUSE IT PROVIDES A MORE COMPREHENSIVE OVERVIEW OF THE DATASET, INCLUDING THE NUMBER OF UNIQUE SCHOOL IDENTIFIERS AND A CLEARER EXPLANATION OF ITS APPLICATIONS, WHILE MAINTAINING GOOD READABILITY.",1
222,ce3f-jkdg,222,A,"('A', 'DESCRIPTION A PROVIDES A MORE COMPREHENSIVE OVERVIEW OF THE DATASET, INCLUDING SPECIFIC RANGES OF SCORES AND DETAILED INSIGHTS INTO ITS APPLICATIONS, MAKING IT MORE INFORMATIVE OVERALL.')",A,"DESCRIPTION A PROVIDES A MORE COMPREHENSIVE OVERVIEW OF THE DATASET, INCLUDING SPECIFIC RANGES OF SCORES AND DETAILED INSIGHTS INTO ITS APPLICATIONS, MAKING IT MORE INFORMATIVE OVERALL.",1
223,vgqq-m7ux,223,A,"('A', ""DESCRIPTION A IS BETTER BECAUSE IT PROVIDES A MORE COMPREHENSIVE OVERVIEW OF THE DATASET, INCLUDING SPECIFIC METRICS AND THEIR RANGES, WHILE ALSO CLEARLY ARTICULATING THE DATASET'S RELEVANCE TO RESEARCHERS AND POLICYMAKERS."")",A,"DESCRIPTION A IS BETTER BECAUSE IT PROVIDES A MORE COMPREHENSIVE OVERVIEW OF THE DATASET, INCLUDING SPECIFIC METRICS AND THEIR RANGES, WHILE ALSO CLEARLY ARTICULATING THE DATASET'S RELEVANCE TO RESEARCHERS AND POLICYMAKERS.",1
224,n2rw-tynt,224,A,"('A', 'DESCRIPTION A IS BETTER BECAUSE IT PROVIDES A MORE COMPREHENSIVE OVERVIEW OF THE DATASET, INCLUDING SPECIFIC METRICS, DETAILED COLUMN CONSTRAINTS, AND POTENTIAL APPLICATIONS, WHILE MAINTAINING CLARITY AND READABILITY.')",A,"DESCRIPTION A IS BETTER BECAUSE IT PROVIDES A MORE COMPREHENSIVE OVERVIEW OF THE DATASET, INCLUDING SPECIFIC METRICS, DETAILED COLUMN CONSTRAINTS, AND POTENTIAL APPLICATIONS, WHILE MAINTAINING CLARITY AND READABILITY.",1
225,5e7x-8jy6,225,A,"('A', 'DESCRIPTION A IS BETTER BECAUSE IT PROVIDES A MORE DETAILED OVERVIEW OF THE DATASET, INCLUDING SPECIFIC METRICS, THE NUMBER OF UNIQUE IDENTIFIERS, AND A CLEARER CONTEXT FOR ITS APPLICATION IN ANALYZING SCHOOL PERFORMANCE.')",A,"DESCRIPTION A IS BETTER BECAUSE IT PROVIDES A MORE DETAILED OVERVIEW OF THE DATASET, INCLUDING SPECIFIC METRICS, THE NUMBER OF UNIQUE IDENTIFIERS, AND A CLEARER CONTEXT FOR ITS APPLICATION IN ANALYZING SCHOOL PERFORMANCE.",1
226,8gg9-r4mt,226,A,"('A', 'DESCRIPTION A IS BETTER BECAUSE IT PROVIDES A MORE COMPREHENSIVE OVERVIEW OF THE DATASET, INCLUDING SPECIFIC DETAILS ABOUT THE DATA DICTIONARY AND THE RANGE OF VALUES, WHICH ENHANCES COMPLETENESS AND CLARITY.')",A,"DESCRIPTION A IS BETTER BECAUSE IT PROVIDES A MORE COMPREHENSIVE OVERVIEW OF THE DATASET, INCLUDING SPECIFIC DETAILS ABOUT THE DATA DICTIONARY AND THE RANGE OF VALUES, WHICH ENHANCES COMPLETENESS AND CLARITY.",1
227,756x-9djt,227,B,"('A', ""DESCRIPTION A IS BETTER BECAUSE IT PROVIDES A MORE DETAILED OVERVIEW OF THE DATASET'S SCOPE AND POTENTIAL APPLICATIONS WHILE MAINTAINING CLARITY AND COHERENCE."")",A,DESCRIPTION A IS BETTER BECAUSE IT PROVIDES A MORE DETAILED OVERVIEW OF THE DATASET'S SCOPE AND POTENTIAL APPLICATIONS WHILE MAINTAINING CLARITY AND COHERENCE.,0
228,hukm-2fri,228,A,"('A', 'DESCRIPTION A IS BETTER BECAUSE IT PROVIDES A MORE DETAILED OVERVIEW OF THE DATASET, INCLUDING SPECIFIC METRICS AND POTENTIAL APPLICATIONS, WHILE MAINTAINING CLARITY AND COHERENCE.')",A,"DESCRIPTION A IS BETTER BECAUSE IT PROVIDES A MORE DETAILED OVERVIEW OF THE DATASET, INCLUDING SPECIFIC METRICS AND POTENTIAL APPLICATIONS, WHILE MAINTAINING CLARITY AND COHERENCE.",1
229,dtmw-avzj,229,B,"('B', 'DESCRIPTION B IS BETTER BECAUSE IT PROVIDES A MORE COMPREHENSIVE OVERVIEW OF THE DATASET, INCLUDING ADDITIONAL IDENTIFIERS AND A CLEARER CONTEXT FOR ITS USE, WHILE MAINTAINING CONCISENESS AND READABILITY.')",B,"DESCRIPTION B IS BETTER BECAUSE IT PROVIDES A MORE COMPREHENSIVE OVERVIEW OF THE DATASET, INCLUDING ADDITIONAL IDENTIFIERS AND A CLEARER CONTEXT FOR ITS USE, WHILE MAINTAINING CONCISENESS AND READABILITY.",1
230,8ecp-kw89,230,A,"('A', 'DESCRIPTION A IS BETTER BECAUSE IT PROVIDES A MORE COMPREHENSIVE OVERVIEW OF THE DATASET, INCLUDING SPECIFIC DETAILS ABOUT THE NUMBER OF UNIQUE IDENTIFIERS AND RESPONSE RATES, WHILE MAINTAINING CLARITY AND RELEVANCE FOR POTENTIAL USERS.')",A,"DESCRIPTION A IS BETTER BECAUSE IT PROVIDES A MORE COMPREHENSIVE OVERVIEW OF THE DATASET, INCLUDING SPECIFIC DETAILS ABOUT THE NUMBER OF UNIQUE IDENTIFIERS AND RESPONSE RATES, WHILE MAINTAINING CLARITY AND RELEVANCE FOR POTENTIAL USERS.",1
231,q7r2-64fm,231,B,"('A', 'DESCRIPTION A PROVIDES A MORE COMPREHENSIVE OVERVIEW OF THE DATASET, INCLUDING A BROADER RANGE OF EDUCATIONAL INSTITUTIONS AND A CLEARER EXPLANATION OF ITS POTENTIAL APPLICATIONS, WHILE MAINTAINING GOOD READABILITY.')",A,"DESCRIPTION A PROVIDES A MORE COMPREHENSIVE OVERVIEW OF THE DATASET, INCLUDING A BROADER RANGE OF EDUCATIONAL INSTITUTIONS AND A CLEARER EXPLANATION OF ITS POTENTIAL APPLICATIONS, WHILE MAINTAINING GOOD READABILITY.",0
232,thjb-fm53,232,A,"('A', 'DESCRIPTION A IS BETTER BECAUSE IT PROVIDES A MORE COMPREHENSIVE OVERVIEW OF THE DATASET, INCLUDING SPECIFIC DETAILS ABOUT THE DATA STRUCTURE AND POTENTIAL APPLICATIONS, WHILE MAINTAINING CLARITY AND READABILITY.')",A,"DESCRIPTION A IS BETTER BECAUSE IT PROVIDES A MORE COMPREHENSIVE OVERVIEW OF THE DATASET, INCLUDING SPECIFIC DETAILS ABOUT THE DATA STRUCTURE AND POTENTIAL APPLICATIONS, WHILE MAINTAINING CLARITY AND READABILITY.",1
233,g9wv-7n2m,233,A,"('A', 'DESCRIPTION A IS BETTER BECAUSE IT PROVIDES A MORE COMPREHENSIVE OVERVIEW OF THE DATASET, INCLUDING DETAILS ABOUT THE UNIQUE IDENTIFIERS, THE SIGNIFICANCE OF THE SCHOOLS, AND SPECIFIC APPLICATIONS FOR VARIOUS STAKEHOLDERS.')",A,"DESCRIPTION A IS BETTER BECAUSE IT PROVIDES A MORE COMPREHENSIVE OVERVIEW OF THE DATASET, INCLUDING DETAILS ABOUT THE UNIQUE IDENTIFIERS, THE SIGNIFICANCE OF THE SCHOOLS, AND SPECIFIC APPLICATIONS FOR VARIOUS STAKEHOLDERS.",1
234,tmr6-dfvn,234,A,"('A', 'DESCRIPTION A IS BETTER BECAUSE IT PROVIDES A MORE COMPREHENSIVE OVERVIEW OF THE DATASET, INCLUDING SPECIFIC DETAILS ABOUT THE NUMBER OF UNIQUE SCHOOL IDENTIFIERS AND THE RANGE OF SCORES, WHILE MAINTAINING CLARITY AND READABILITY.')",A,"DESCRIPTION A IS BETTER BECAUSE IT PROVIDES A MORE COMPREHENSIVE OVERVIEW OF THE DATASET, INCLUDING SPECIFIC DETAILS ABOUT THE NUMBER OF UNIQUE SCHOOL IDENTIFIERS AND THE RANGE OF SCORES, WHILE MAINTAINING CLARITY AND READABILITY.",1
235,4snd-in5m,235,A,"('A', ""DESCRIPTION A IS BETTER BECAUSE IT PROVIDES MORE DETAILED INFORMATION ABOUT THE DATASET'S STRUCTURE, INCLUDING SPECIFIC COLUMN CONSTRAINTS AND REQUIREMENTS, WHICH ENHANCES ITS COMPLETENESS."")",A,"DESCRIPTION A IS BETTER BECAUSE IT PROVIDES MORE DETAILED INFORMATION ABOUT THE DATASET'S STRUCTURE, INCLUDING SPECIFIC COLUMN CONSTRAINTS AND REQUIREMENTS, WHICH ENHANCES ITS COMPLETENESS.",1
236,54rr-tdmz,236,A,"('A', 'DESCRIPTION A IS BETTER BECAUSE IT PROVIDES A MORE COMPREHENSIVE OVERVIEW OF THE DATASET, INCLUDING SPECIFIC METRICS, UNIQUE IDENTIFIERS, AND DETAILED COLUMN CONSTRAINTS, WHICH ENHANCES ITS COMPLETENESS AND UTILITY FOR POTENTIAL USERS.')",A,"DESCRIPTION A IS BETTER BECAUSE IT PROVIDES A MORE COMPREHENSIVE OVERVIEW OF THE DATASET, INCLUDING SPECIFIC METRICS, UNIQUE IDENTIFIERS, AND DETAILED COLUMN CONSTRAINTS, WHICH ENHANCES ITS COMPLETENESS AND UTILITY FOR POTENTIAL USERS.",1
237,ky6q-fvpr,237,A,"('A', ""DESCRIPTION A PROVIDES A MORE DETAILED OVERVIEW OF THE DATASET'S STRUCTURE AND LEGAL COMPLIANCE, ENHANCING ITS COMPLETENESS AND CLARITY."")",A,"DESCRIPTION A PROVIDES A MORE DETAILED OVERVIEW OF THE DATASET'S STRUCTURE AND LEGAL COMPLIANCE, ENHANCING ITS COMPLETENESS AND CLARITY.",1
238,sfvn-y3wd,238,A,"('A', 'DESCRIPTION A IS BETTER BECAUSE IT PROVIDES A MORE COMPREHENSIVE OVERVIEW OF THE DATASET, INCLUDING SPECIFIC DETAILS ABOUT THE DATASET SIZE AND COLUMN CONSTRAINTS, WHILE MAINTAINING CLARITY AND READABILITY.')",A,"DESCRIPTION A IS BETTER BECAUSE IT PROVIDES A MORE COMPREHENSIVE OVERVIEW OF THE DATASET, INCLUDING SPECIFIC DETAILS ABOUT THE DATASET SIZE AND COLUMN CONSTRAINTS, WHILE MAINTAINING CLARITY AND READABILITY.",1
239,n9yn-6q3f,239,B,"('B', ""DESCRIPTION B IS BETTER BECAUSE IT PROVIDES MORE DETAILED INFORMATION ABOUT THE DATASET'S SIZE, SPECIFIC METRICS, AND COLUMN CONSTRAINTS, ENHANCING COMPLETENESS WHILE MAINTAINING CLARITY AND CONCISENESS."")",B,"DESCRIPTION B IS BETTER BECAUSE IT PROVIDES MORE DETAILED INFORMATION ABOUT THE DATASET'S SIZE, SPECIFIC METRICS, AND COLUMN CONSTRAINTS, ENHANCING COMPLETENESS WHILE MAINTAINING CLARITY AND CONCISENESS.",1
240,esep-hmvs,240,A,"('A', ""DESCRIPTION A IS BETTER BECAUSE IT PROVIDES A MORE COMPREHENSIVE OVERVIEW OF THE DATASET, INCLUDING SPECIFIC METRICS, A DETAILED EXPLANATION OF THE DATA'S RELEVANCE, AND CLEAR CONSTRAINTS, MAKING IT MORE INFORMATIVE OVERALL."")",A,"DESCRIPTION A IS BETTER BECAUSE IT PROVIDES A MORE COMPREHENSIVE OVERVIEW OF THE DATASET, INCLUDING SPECIFIC METRICS, A DETAILED EXPLANATION OF THE DATA'S RELEVANCE, AND CLEAR CONSTRAINTS, MAKING IT MORE INFORMATIVE OVERALL.",1
241,8jzu-ady5,241,B,"('B', 'DESCRIPTION B IS BETTER BECAUSE IT PROVIDES A CLEAR AND DETAILED OVERVIEW OF THE DATASET WHILE MAINTAINING CONCISENESS AND LOGICAL FLOW, INCLUDING SPECIFIC YEARS AND A COMPREHENSIVE LIST OF COLUMN CONSTRAINTS.')",B,"DESCRIPTION B IS BETTER BECAUSE IT PROVIDES A CLEAR AND DETAILED OVERVIEW OF THE DATASET WHILE MAINTAINING CONCISENESS AND LOGICAL FLOW, INCLUDING SPECIFIC YEARS AND A COMPREHENSIVE LIST OF COLUMN CONSTRAINTS.",1
242,yf4t-7qtx,242,B,"('B', 'DESCRIPTION B IS BETTER BECAUSE IT PROVIDES MORE SPECIFIC DETAILS ABOUT THE DATASET, INCLUDING UNIQUE IDENTIFIERS FOR GRADE LEVELS AND PROGRAM TYPES, AND INCLUDES A DATA DICTIONARY THAT ENHANCES COMPLETENESS AND CLARITY.')",B,"DESCRIPTION B IS BETTER BECAUSE IT PROVIDES MORE SPECIFIC DETAILS ABOUT THE DATASET, INCLUDING UNIQUE IDENTIFIERS FOR GRADE LEVELS AND PROGRAM TYPES, AND INCLUDES A DATA DICTIONARY THAT ENHANCES COMPLETENESS AND CLARITY.",1
243,t5w8-y8xf,243,B,"('B', 'DESCRIPTION B IS BETTER BECAUSE IT PROVIDES MORE DETAILED INFORMATION ABOUT THE DATASET, INCLUDING SPECIFIC COUNTS OF UNIQUE IDENTIFIERS AND A CLEAR EXPLANATION OF COLUMN CONSTRAINTS, ENHANCING COMPLETENESS AND READABILITY.')",B,"DESCRIPTION B IS BETTER BECAUSE IT PROVIDES MORE DETAILED INFORMATION ABOUT THE DATASET, INCLUDING SPECIFIC COUNTS OF UNIQUE IDENTIFIERS AND A CLEAR EXPLANATION OF COLUMN CONSTRAINTS, ENHANCING COMPLETENESS AND READABILITY.",1
244,4e3j-75af,244,A,"('A', ""DESCRIPTION A IS MORE COMPREHENSIVE, PROVIDING DETAILED INFORMATION ABOUT THE DATASET'S STRUCTURE, KEY IDENTIFIERS, AND SPECIFIC APPLICATIONS, MAKING IT MORE USEFUL FOR POTENTIAL USERS."")",A,"DESCRIPTION A IS MORE COMPREHENSIVE, PROVIDING DETAILED INFORMATION ABOUT THE DATASET'S STRUCTURE, KEY IDENTIFIERS, AND SPECIFIC APPLICATIONS, MAKING IT MORE USEFUL FOR POTENTIAL USERS.",1
245,dw8c-pxy2,245,A,"('A', 'DESCRIPTION A IS BETTER BECAUSE IT PROVIDES A MORE DETAILED OVERVIEW OF THE DATASET, INCLUDING SPECIFIC METRICS AND A CLEAR EXPLANATION OF ITS POTENTIAL APPLICATIONS, WHILE MAINTAINING GOOD READABILITY.')",A,"DESCRIPTION A IS BETTER BECAUSE IT PROVIDES A MORE DETAILED OVERVIEW OF THE DATASET, INCLUDING SPECIFIC METRICS AND A CLEAR EXPLANATION OF ITS POTENTIAL APPLICATIONS, WHILE MAINTAINING GOOD READABILITY.",1
246,pknx-dgka,246,B,"('B', 'DESCRIPTION B IS BETTER BECAUSE IT PROVIDES MORE DETAILED INFORMATION ABOUT THE DATASET, INCLUDING SPECIFIC METRICS AND A COMPREHENSIVE DATA DICTIONARY, WHILE MAINTAINING CLARITY AND CONCISENESS.')",B,"DESCRIPTION B IS BETTER BECAUSE IT PROVIDES MORE DETAILED INFORMATION ABOUT THE DATASET, INCLUDING SPECIFIC METRICS AND A COMPREHENSIVE DATA DICTIONARY, WHILE MAINTAINING CLARITY AND CONCISENESS.",1
247,vxxs-iyt2,247,B,"('A', 'DESCRIPTION A IS BETTER BECAUSE IT PROVIDES A MORE COMPREHENSIVE OVERVIEW OF THE DATASET, INCLUDING SPECIFIC DETAILS ABOUT THE TYPES OF INSTITUTIONS AND THE IMPLICATIONS FOR POLICY AND RESEARCH, WHILE MAINTAINING CLARITY AND READABILITY.')",A,"DESCRIPTION A IS BETTER BECAUSE IT PROVIDES A MORE COMPREHENSIVE OVERVIEW OF THE DATASET, INCLUDING SPECIFIC DETAILS ABOUT THE TYPES OF INSTITUTIONS AND THE IMPLICATIONS FOR POLICY AND RESEARCH, WHILE MAINTAINING CLARITY AND READABILITY.",0
248,ctq9-j8y9,248,A,"('A', 'DESCRIPTION A IS BETTER BECAUSE IT PROVIDES A MORE COMPREHENSIVE OVERVIEW OF THE DATASET, DETAILING VARIOUS METRICS AND THEIR IMPLICATIONS FOR EDUCATIONAL QUALITY, WHILE MAINTAINING CLARITY AND READABILITY.')",A,"DESCRIPTION A IS BETTER BECAUSE IT PROVIDES A MORE COMPREHENSIVE OVERVIEW OF THE DATASET, DETAILING VARIOUS METRICS AND THEIR IMPLICATIONS FOR EDUCATIONAL QUALITY, WHILE MAINTAINING CLARITY AND READABILITY.",1
249,vv3n-5y3z,249,B,"('B', 'DESCRIPTION B IS BETTER BECAUSE IT PROVIDES A CLEARER STRUCTURE AND INCLUDES SPECIFIC DETAILS ABOUT THE UNIQUE SCHOOLS AND ADDITIONAL PERFORMANCE INDICATORS, ENHANCING COMPLETENESS AND READABILITY.')",B,"DESCRIPTION B IS BETTER BECAUSE IT PROVIDES A CLEARER STRUCTURE AND INCLUDES SPECIFIC DETAILS ABOUT THE UNIQUE SCHOOLS AND ADDITIONAL PERFORMANCE INDICATORS, ENHANCING COMPLETENESS AND READABILITY.",1
250,szn6-bbuk,250,B,"('B', 'DESCRIPTION B IS BETTER BECAUSE IT PROVIDES A MORE COMPREHENSIVE OVERVIEW OF THE DATASET, INCLUDING A LARGER NUMBER OF UNIQUE ENTRIES AND A CLEARER RANGE FOR PUPIL-TEACHER RATIOS, WHILE ALSO MAINTAINING GOOD READABILITY AND CONCISENESS.')",B,"DESCRIPTION B IS BETTER BECAUSE IT PROVIDES A MORE COMPREHENSIVE OVERVIEW OF THE DATASET, INCLUDING A LARGER NUMBER OF UNIQUE ENTRIES AND A CLEARER RANGE FOR PUPIL-TEACHER RATIOS, WHILE ALSO MAINTAINING GOOD READABILITY AND CONCISENESS.",1
251,dcpj-gxjy,251,B,"('A', 'DESCRIPTION A IS BETTER BECAUSE IT PROVIDES A MORE COMPREHENSIVE OVERVIEW OF THE DATASET, INCLUDING A BROADER RANGE OF EDUCATIONAL CONTEXTS AND INSIGHTS INTO STUDENT DISTRIBUTION, WHILE MAINTAINING CLARITY AND READABILITY.')",A,"DESCRIPTION A IS BETTER BECAUSE IT PROVIDES A MORE COMPREHENSIVE OVERVIEW OF THE DATASET, INCLUDING A BROADER RANGE OF EDUCATIONAL CONTEXTS AND INSIGHTS INTO STUDENT DISTRIBUTION, WHILE MAINTAINING CLARITY AND READABILITY.",0
252,k5xr-vi4c,252,B,"('B', ""DESCRIPTION B IS BETTER BECAUSE IT PROVIDES MORE DETAILED INFORMATION ABOUT THE DATASET'S STRUCTURE, INCLUDING SPECIFIC COLUMN NAMES AND DATA TYPES, WHILE MAINTAINING CLARITY AND RELEVANCE TO POTENTIAL USERS."")",B,"DESCRIPTION B IS BETTER BECAUSE IT PROVIDES MORE DETAILED INFORMATION ABOUT THE DATASET'S STRUCTURE, INCLUDING SPECIFIC COLUMN NAMES AND DATA TYPES, WHILE MAINTAINING CLARITY AND RELEVANCE TO POTENTIAL USERS.",1
253,69n5-r375,253,B,"('B', 'DESCRIPTION B IS BETTER BECAUSE IT PROVIDES A CLEARER AND MORE STRUCTURED OVERVIEW OF THE DATASET WHILE MAINTAINING CONCISENESS AND READABILITY, EFFECTIVELY HIGHLIGHTING KEY METRICS AND POTENTIAL APPLICATIONS.')",B,"DESCRIPTION B IS BETTER BECAUSE IT PROVIDES A CLEARER AND MORE STRUCTURED OVERVIEW OF THE DATASET WHILE MAINTAINING CONCISENESS AND READABILITY, EFFECTIVELY HIGHLIGHTING KEY METRICS AND POTENTIAL APPLICATIONS.",1
254,h8ar-pcmr,254,B,"('B', 'DESCRIPTION B IS BETTER BECAUSE IT PROVIDES A MORE COMPREHENSIVE OVERVIEW OF THE DATASET, INCLUDING A LARGER NUMBER OF UNIQUE IDENTIFIERS AND A CLEARER EXPLANATION OF THE VARIOUS MEAL PROGRAMS, WHILE MAINTAINING GOOD READABILITY AND CONCISENESS.')",B,"DESCRIPTION B IS BETTER BECAUSE IT PROVIDES A MORE COMPREHENSIVE OVERVIEW OF THE DATASET, INCLUDING A LARGER NUMBER OF UNIQUE IDENTIFIERS AND A CLEARER EXPLANATION OF THE VARIOUS MEAL PROGRAMS, WHILE MAINTAINING GOOD READABILITY AND CONCISENESS.",1
255,pqbh-p6xe,255,B,"('B', ""DESCRIPTION B IS BETTER BECAUSE IT PROVIDES A MORE DETAILED ACCOUNT OF THE DATASET'S SIZE AND CONTEXT WHILE MAINTAINING CLARITY AND CONCISENESS."")",B,DESCRIPTION B IS BETTER BECAUSE IT PROVIDES A MORE DETAILED ACCOUNT OF THE DATASET'S SIZE AND CONTEXT WHILE MAINTAINING CLARITY AND CONCISENESS.,1
256,h28n-r45y,256,A,"('A', 'DESCRIPTION A IS BETTER BECAUSE IT PROVIDES A MORE COMPREHENSIVE OVERVIEW OF THE DATASET, INCLUDING DETAILED INFORMATION ON PROGRAM TYPES AND POTENTIAL APPLICATIONS, WHILE MAINTAINING CLARITY AND READABILITY.')",A,"DESCRIPTION A IS BETTER BECAUSE IT PROVIDES A MORE COMPREHENSIVE OVERVIEW OF THE DATASET, INCLUDING DETAILED INFORMATION ON PROGRAM TYPES AND POTENTIAL APPLICATIONS, WHILE MAINTAINING CLARITY AND READABILITY.",1
257,2ic6-4hrf,257,A,"('A', ""DESCRIPTION A IS BETTER BECAUSE IT PROVIDES MORE DETAILED INFORMATION ABOUT THE DATASET'S STRUCTURE, INCLUDING SPECIFIC COLUMN CONSTRAINTS AND A BROADER RANGE OF METRICS, ENHANCING COMPLETENESS AND CLARITY."")",A,"DESCRIPTION A IS BETTER BECAUSE IT PROVIDES MORE DETAILED INFORMATION ABOUT THE DATASET'S STRUCTURE, INCLUDING SPECIFIC COLUMN CONSTRAINTS AND A BROADER RANGE OF METRICS, ENHANCING COMPLETENESS AND CLARITY.",1
258,pchn-eaxn,258,B,"('B', 'DESCRIPTION B IS BETTER BECAUSE IT PROVIDES A MORE COMPREHENSIVE OVERVIEW OF THE DATASET, INCLUDING THE NUMBER OF UNIQUE SCHOOL IDENTIFIERS AND A CLEARER EXPLANATION OF THE POTENTIAL APPLICATIONS OF THE DATA, WHILE MAINTAINING GOOD READABILITY AND CONCISENESS.')",B,"DESCRIPTION B IS BETTER BECAUSE IT PROVIDES A MORE COMPREHENSIVE OVERVIEW OF THE DATASET, INCLUDING THE NUMBER OF UNIQUE SCHOOL IDENTIFIERS AND A CLEARER EXPLANATION OF THE POTENTIAL APPLICATIONS OF THE DATA, WHILE MAINTAINING GOOD READABILITY AND CONCISENESS.",1
259,mmvm-mvi3,259,A,"('A', ""DESCRIPTION A IS BETTER BECAUSE IT PROVIDES MORE DETAILED INFORMATION ABOUT THE DATASET'S ATTRIBUTES, INCLUDING SPECIFIC COLUMN CONSTRAINTS AND A BROADER RANGE OF APPLICATIONS, ENHANCING COMPLETENESS AND CLARITY."")",A,"DESCRIPTION A IS BETTER BECAUSE IT PROVIDES MORE DETAILED INFORMATION ABOUT THE DATASET'S ATTRIBUTES, INCLUDING SPECIFIC COLUMN CONSTRAINTS AND A BROADER RANGE OF APPLICATIONS, ENHANCING COMPLETENESS AND CLARITY.",1
260,herb-qubg,260,A,"('A', 'DESCRIPTION A IS BETTER BECAUSE IT PROVIDES A MORE DETAILED OVERVIEW OF THE DATASET, INCLUDING SPECIFIC METRICS AND THE IMPLICATIONS FOR VARIOUS STAKEHOLDERS, WHILE MAINTAINING CLARITY AND COHERENCE.')",A,"DESCRIPTION A IS BETTER BECAUSE IT PROVIDES A MORE DETAILED OVERVIEW OF THE DATASET, INCLUDING SPECIFIC METRICS AND THE IMPLICATIONS FOR VARIOUS STAKEHOLDERS, WHILE MAINTAINING CLARITY AND COHERENCE.",1
261,i6xf-7bqx,261,A,"('A', 'DESCRIPTION A IS BETTER BECAUSE IT PROVIDES MORE DETAILED INFORMATION ABOUT PROGRAM TYPES AND KEY METRICS, ENHANCING COMPLETENESS WHILE MAINTAINING CLARITY.')",A,"DESCRIPTION A IS BETTER BECAUSE IT PROVIDES MORE DETAILED INFORMATION ABOUT PROGRAM TYPES AND KEY METRICS, ENHANCING COMPLETENESS WHILE MAINTAINING CLARITY.",1
262,i3ez-z58g,262,A,"('A', 'DESCRIPTION A IS BETTER BECAUSE IT PROVIDES A MORE DETAILED OVERVIEW OF THE DATASET, INCLUDING SPECIFIC METRICS, UNIQUE VALUES, AND A CLEAR EXPLANATION OF ITS POTENTIAL APPLICATIONS, MAKING IT MORE COMPREHENSIVE AND INFORMATIVE.')",A,"DESCRIPTION A IS BETTER BECAUSE IT PROVIDES A MORE DETAILED OVERVIEW OF THE DATASET, INCLUDING SPECIFIC METRICS, UNIQUE VALUES, AND A CLEAR EXPLANATION OF ITS POTENTIAL APPLICATIONS, MAKING IT MORE COMPREHENSIVE AND INFORMATIVE.",1
263,bjx5-4p7w,263,B,"('B', 'DESCRIPTION B IS BETTER BECAUSE IT PROVIDES A MORE COMPREHENSIVE OVERVIEW OF THE DATASET, INCLUDING THE CORRECT NUMBER OF UNIQUE ENTRIES, A DETAILED EXPLANATION OF THE IDENTIFIERS, AND SPECIFIC COLUMN CONSTRAINTS, WHILE MAINTAINING CLARITY AND CONCISENESS.')",B,"DESCRIPTION B IS BETTER BECAUSE IT PROVIDES A MORE COMPREHENSIVE OVERVIEW OF THE DATASET, INCLUDING THE CORRECT NUMBER OF UNIQUE ENTRIES, A DETAILED EXPLANATION OF THE IDENTIFIERS, AND SPECIFIC COLUMN CONSTRAINTS, WHILE MAINTAINING CLARITY AND CONCISENESS.",1
264,24ts-hbqj,264,A,"('B', ""DESCRIPTION B IS BETTER BECAUSE IT MAINTAINS A CLEAR FOCUS ON KEY IDENTIFIERS AND METRICS WHILE PROVIDING A CONCISE OVERVIEW OF THE DATASET'S APPLICATIONS, MAKING IT MORE READABLE AND EFFICIENT."")",B,"DESCRIPTION B IS BETTER BECAUSE IT MAINTAINS A CLEAR FOCUS ON KEY IDENTIFIERS AND METRICS WHILE PROVIDING A CONCISE OVERVIEW OF THE DATASET'S APPLICATIONS, MAKING IT MORE READABLE AND EFFICIENT.",0
265,9h95-gife,265,A,"('A', 'DESCRIPTION A IS BETTER BECAUSE IT PROVIDES A MORE COMPREHENSIVE OVERVIEW OF THE DATASET, INCLUDING SPECIFIC DETAILS ABOUT THE DATA STRUCTURE, COLUMN CONSTRAINTS, AND THE IMPLICATIONS OF THE FINDINGS, WHILE MAINTAINING CLARITY AND READABILITY.')",A,"DESCRIPTION A IS BETTER BECAUSE IT PROVIDES A MORE COMPREHENSIVE OVERVIEW OF THE DATASET, INCLUDING SPECIFIC DETAILS ABOUT THE DATA STRUCTURE, COLUMN CONSTRAINTS, AND THE IMPLICATIONS OF THE FINDINGS, WHILE MAINTAINING CLARITY AND READABILITY.",1
266,puec-8mer,266,A,"('A', 'DESCRIPTION A IS BETTER BECAUSE IT PROVIDES A MORE COMPREHENSIVE OVERVIEW OF THE DATASET, INCLUDING SPECIFIC DETAILS ABOUT THE DATA FIELDS AND THEIR CONSTRAINTS, WHICH ENHANCES ITS COMPLETENESS AND USEFULNESS FOR POTENTIAL USERS.')",A,"DESCRIPTION A IS BETTER BECAUSE IT PROVIDES A MORE COMPREHENSIVE OVERVIEW OF THE DATASET, INCLUDING SPECIFIC DETAILS ABOUT THE DATA FIELDS AND THEIR CONSTRAINTS, WHICH ENHANCES ITS COMPLETENESS AND USEFULNESS FOR POTENTIAL USERS.",1
267,evir-bydt,267,A,"('A', 'DESCRIPTION A IS BETTER BECAUSE IT PROVIDES A MORE COMPREHENSIVE OVERVIEW OF THE DATASET, INCLUDING DETAILS ON THE NUMBER OF SCHOOL DISTRICTS AND DISTINCT CATEGORIES, AS WELL AS A CLEARER EXPLANATION OF ITS POTENTIAL APPLICATIONS FOR VARIOUS STAKEHOLDERS.')",A,"DESCRIPTION A IS BETTER BECAUSE IT PROVIDES A MORE COMPREHENSIVE OVERVIEW OF THE DATASET, INCLUDING DETAILS ON THE NUMBER OF SCHOOL DISTRICTS AND DISTINCT CATEGORIES, AS WELL AS A CLEARER EXPLANATION OF ITS POTENTIAL APPLICATIONS FOR VARIOUS STAKEHOLDERS.",1
268,p5v2-fwzn,268,B,"('B', 'DESCRIPTION B IS BETTER BECAUSE IT PROVIDES MORE SPECIFIC DETAILS ABOUT THE BOROUGHS AND DEMOGRAPHIC CATEGORIES, INCLUDES THE YEARS OF DATA, AND PRESENTS A CLEAR STRUCTURE THAT ENHANCES READABILITY WHILE MAINTAINING CONCISENESS.')",B,"DESCRIPTION B IS BETTER BECAUSE IT PROVIDES MORE SPECIFIC DETAILS ABOUT THE BOROUGHS AND DEMOGRAPHIC CATEGORIES, INCLUDES THE YEARS OF DATA, AND PRESENTS A CLEAR STRUCTURE THAT ENHANCES READABILITY WHILE MAINTAINING CONCISENESS.",1
269,4wgu-f3yf,269,A,"('A', 'DESCRIPTION A IS BETTER BECAUSE IT PROVIDES A MORE COMPREHENSIVE OVERVIEW OF THE DATASET, INCLUDING SPECIFIC DETAILS ABOUT THE NUMBER OF DISTRICTS, GRADE LEVELS, PROGRAM TYPES, AND KEY METRICS, WHILE ALSO OUTLINING COLUMN CONSTRAINTS CLEARLY.')",A,"DESCRIPTION A IS BETTER BECAUSE IT PROVIDES A MORE COMPREHENSIVE OVERVIEW OF THE DATASET, INCLUDING SPECIFIC DETAILS ABOUT THE NUMBER OF DISTRICTS, GRADE LEVELS, PROGRAM TYPES, AND KEY METRICS, WHILE ALSO OUTLINING COLUMN CONSTRAINTS CLEARLY.",1
270,2zdm-jpub,270,A,"('A', 'DESCRIPTION A IS BETTER BECAUSE IT PROVIDES MORE SPECIFIC DETAILS ABOUT THE DATASET, INCLUDING THE RANGE OF STUDENT ENROLLMENT AND AVERAGE CLASS SIZE, WHICH ENHANCES COMPLETENESS AND CLARITY.')",A,"DESCRIPTION A IS BETTER BECAUSE IT PROVIDES MORE SPECIFIC DETAILS ABOUT THE DATASET, INCLUDING THE RANGE OF STUDENT ENROLLMENT AND AVERAGE CLASS SIZE, WHICH ENHANCES COMPLETENESS AND CLARITY.",1
271,khci-nhn2,271,B,"('B', 'DESCRIPTION B IS BETTER BECAUSE IT PROVIDES A MORE COMPREHENSIVE OVERVIEW OF THE DATASET, INCLUDING SPECIFIC ROLES OF COUNSELORS, PARTNERSHIPS WITH COMMUNITY ORGANIZATIONS, AND A CLEAR EXPLANATION OF THE COLUMN CONSTRAINTS, WHILE MAINTAINING GOOD READABILITY AND CONCISENESS.')",B,"DESCRIPTION B IS BETTER BECAUSE IT PROVIDES A MORE COMPREHENSIVE OVERVIEW OF THE DATASET, INCLUDING SPECIFIC ROLES OF COUNSELORS, PARTNERSHIPS WITH COMMUNITY ORGANIZATIONS, AND A CLEAR EXPLANATION OF THE COLUMN CONSTRAINTS, WHILE MAINTAINING GOOD READABILITY AND CONCISENESS.",1
272,jkyj-m87c,272,B,"('B', 'DESCRIPTION B IS BETTER BECAUSE IT PROVIDES MORE SPECIFIC EXAMPLES OF PROGRAM TYPES AND INCLUDES DETAILED COLUMN CONSTRAINTS, ENHANCING COMPLETENESS AND CLARITY.')",B,"DESCRIPTION B IS BETTER BECAUSE IT PROVIDES MORE SPECIFIC EXAMPLES OF PROGRAM TYPES AND INCLUDES DETAILED COLUMN CONSTRAINTS, ENHANCING COMPLETENESS AND CLARITY.",1
273,9nyh-gsuu,273,A,"('A', ""DESCRIPTION A IS BETTER BECAUSE IT PROVIDES MORE DETAILED INFORMATION ABOUT THE DATASET'S STRUCTURE, INCLUDING SPECIFIC COLUMN CONSTRAINTS AND A BROADER RANGE OF PROGRAM TYPES, ENHANCING COMPLETENESS AND CLARITY."")",A,"DESCRIPTION A IS BETTER BECAUSE IT PROVIDES MORE DETAILED INFORMATION ABOUT THE DATASET'S STRUCTURE, INCLUDING SPECIFIC COLUMN CONSTRAINTS AND A BROADER RANGE OF PROGRAM TYPES, ENHANCING COMPLETENESS AND CLARITY.",1
274,bmhe-urrg,274,A,"('A', 'DESCRIPTION A IS BETTER BECAUSE IT PROVIDES A MORE COMPREHENSIVE OVERVIEW OF THE DATASET, INCLUDING SPECIFIC DETAILS ABOUT THE DATA STRUCTURE AND POTENTIAL APPLICATIONS, WHILE MAINTAINING CLARITY AND READABILITY.')",A,"DESCRIPTION A IS BETTER BECAUSE IT PROVIDES A MORE COMPREHENSIVE OVERVIEW OF THE DATASET, INCLUDING SPECIFIC DETAILS ABOUT THE DATA STRUCTURE AND POTENTIAL APPLICATIONS, WHILE MAINTAINING CLARITY AND READABILITY.",1
275,cgkc-y6tk,275,A,"('A', 'DESCRIPTION A IS BETTER BECAUSE IT PROVIDES A MORE COMPREHENSIVE OVERVIEW OF THE DATASET, INCLUDING SPECIFIC DETAILS ABOUT THE UNIQUE IDENTIFIER AND THE VALUE OF THE DATASET FOR USERS, WHILE MAINTAINING GOOD READABILITY.')",A,"DESCRIPTION A IS BETTER BECAUSE IT PROVIDES A MORE COMPREHENSIVE OVERVIEW OF THE DATASET, INCLUDING SPECIFIC DETAILS ABOUT THE UNIQUE IDENTIFIER AND THE VALUE OF THE DATASET FOR USERS, WHILE MAINTAINING GOOD READABILITY.",1
276,qa4d-xc73,276,A,"('A', 'DESCRIPTION A PROVIDES A MORE COMPREHENSIVE OVERVIEW OF THE DATASET, INCLUDING SPECIFIC DETAILS ABOUT THE DATA STRUCTURE AND ITS IMPLICATIONS FOR HEALTH EDUCATION, WHILE ALSO MAINTAINING CLARITY AND RELEVANCE.')",A,"DESCRIPTION A PROVIDES A MORE COMPREHENSIVE OVERVIEW OF THE DATASET, INCLUDING SPECIFIC DETAILS ABOUT THE DATA STRUCTURE AND ITS IMPLICATIONS FOR HEALTH EDUCATION, WHILE ALSO MAINTAINING CLARITY AND RELEVANCE.",1
277,9ksk-35jf,277,A,"('A', 'DESCRIPTION A IS BETTER BECAUSE IT PROVIDES A MORE DETAILED OVERVIEW OF THE DATASET, INCLUDING SPECIFIC VARIABLES AND THEIR CONSTRAINTS, WHICH ENHANCES COMPLETENESS AND CLARITY.')",A,"DESCRIPTION A IS BETTER BECAUSE IT PROVIDES A MORE DETAILED OVERVIEW OF THE DATASET, INCLUDING SPECIFIC VARIABLES AND THEIR CONSTRAINTS, WHICH ENHANCES COMPLETENESS AND CLARITY.",1
278,4y63-yw9e,278,B,"('B', 'DESCRIPTION B IS BETTER BECAUSE IT PROVIDES MORE SPECIFIC DETAILS ABOUT THE DATASET, INCLUDING THE TOTAL NUMBER OF UNIQUE SCHOOL IDENTIFIERS AND THE CATEGORIZATION OF PROGRESS REPORTS, ENHANCING COMPLETENESS WHILE MAINTAINING CLARITY AND CONCISENESS.')",B,"DESCRIPTION B IS BETTER BECAUSE IT PROVIDES MORE SPECIFIC DETAILS ABOUT THE DATASET, INCLUDING THE TOTAL NUMBER OF UNIQUE SCHOOL IDENTIFIERS AND THE CATEGORIZATION OF PROGRESS REPORTS, ENHANCING COMPLETENESS WHILE MAINTAINING CLARITY AND CONCISENESS.",1
279,4jus-39vu,279,B,"('A', 'DESCRIPTION A IS BETTER BECAUSE IT PROVIDES A MORE COMPREHENSIVE OVERVIEW OF THE DATASET, INCLUDING SPECIFIC METRICS AND POTENTIAL APPLICATIONS, WHILE MAINTAINING CLARITY AND READABILITY.')",A,"DESCRIPTION A IS BETTER BECAUSE IT PROVIDES A MORE COMPREHENSIVE OVERVIEW OF THE DATASET, INCLUDING SPECIFIC METRICS AND POTENTIAL APPLICATIONS, WHILE MAINTAINING CLARITY AND READABILITY.",0
280,a2pm-dj2w,280,A,"('A', 'DESCRIPTION A IS BETTER BECAUSE IT PROVIDES A MORE COMPREHENSIVE OVERVIEW OF THE DATASET, INCLUDING THE NUMBER OF UNIQUE DEVELOPMENTS AND COUNCIL DISTRICTS, WHILE ALSO HIGHLIGHTING POTENTIAL APPLICATIONS AND IMPLICATIONS FOR VARIOUS STAKEHOLDERS.')",A,"DESCRIPTION A IS BETTER BECAUSE IT PROVIDES A MORE COMPREHENSIVE OVERVIEW OF THE DATASET, INCLUDING THE NUMBER OF UNIQUE DEVELOPMENTS AND COUNCIL DISTRICTS, WHILE ALSO HIGHLIGHTING POTENTIAL APPLICATIONS AND IMPLICATIONS FOR VARIOUS STAKEHOLDERS.",1
281,2mvk-c2ha,281,A,"('A', 'DESCRIPTION A IS BETTER BECAUSE IT PROVIDES A MORE COMPREHENSIVE OVERVIEW OF THE DATASET, INCLUDING SPECIFIC METRICS AND DETAILED COLUMN CONSTRAINTS, WHILE MAINTAINING CLARITY AND RELEVANCE FOR POTENTIAL USERS.')",A,"DESCRIPTION A IS BETTER BECAUSE IT PROVIDES A MORE COMPREHENSIVE OVERVIEW OF THE DATASET, INCLUDING SPECIFIC METRICS AND DETAILED COLUMN CONSTRAINTS, WHILE MAINTAINING CLARITY AND RELEVANCE FOR POTENTIAL USERS.",1
282,5brf-q9de,282,A,"('A', 'DESCRIPTION A IS BETTER BECAUSE IT PROVIDES A MORE COMPREHENSIVE OVERVIEW OF THE DATASET, INCLUDING SPECIFIC METRICS, UNIQUE IDENTIFIERS, AND DETAILED APPLICATIONS, WHILE ALSO OUTLINING COLUMN CONSTRAINTS CLEARLY.')",A,"DESCRIPTION A IS BETTER BECAUSE IT PROVIDES A MORE COMPREHENSIVE OVERVIEW OF THE DATASET, INCLUDING SPECIFIC METRICS, UNIQUE IDENTIFIERS, AND DETAILED APPLICATIONS, WHILE ALSO OUTLINING COLUMN CONSTRAINTS CLEARLY.",1
283,qtw2-wfsy,283,A,"('A', ""DESCRIPTION A IS MORE COMPREHENSIVE AND DETAILED, PROVIDING SPECIFIC COLUMN CONSTRAINTS AND A THOROUGH OVERVIEW OF THE DATASET'S STRUCTURE AND POTENTIAL APPLICATIONS."")",A,"DESCRIPTION A IS MORE COMPREHENSIVE AND DETAILED, PROVIDING SPECIFIC COLUMN CONSTRAINTS AND A THOROUGH OVERVIEW OF THE DATASET'S STRUCTURE AND POTENTIAL APPLICATIONS.",1
284,dp2s-vccd,284,A,"('A', ""DESCRIPTION A IS BETTER BECAUSE IT PROVIDES A MORE DETAILED OVERVIEW OF THE DATASET'S CONTEXT, INCLUDING SPECIFIC PROGRAM TYPES AND CLASS SIZE RANGES, WHILE ALSO EMPHASIZING ITS IMPORTANCE FOR EDUCATORS AND POLICYMAKERS."")",A,"DESCRIPTION A IS BETTER BECAUSE IT PROVIDES A MORE DETAILED OVERVIEW OF THE DATASET'S CONTEXT, INCLUDING SPECIFIC PROGRAM TYPES AND CLASS SIZE RANGES, WHILE ALSO EMPHASIZING ITS IMPORTANCE FOR EDUCATORS AND POLICYMAKERS.",1
285,wtqm-fd2z,285,B,"('B', 'DESCRIPTION B IS BETTER BECAUSE IT PROVIDES MORE SPECIFIC DETAILS ABOUT THE DATASET, INCLUDING THE TYPES OF PROGRAMS AND COLUMN CONSTRAINTS, ENHANCING COMPLETENESS AND CLARITY WHILE MAINTAINING READABILITY.')",B,"DESCRIPTION B IS BETTER BECAUSE IT PROVIDES MORE SPECIFIC DETAILS ABOUT THE DATASET, INCLUDING THE TYPES OF PROGRAMS AND COLUMN CONSTRAINTS, ENHANCING COMPLETENESS AND CLARITY WHILE MAINTAINING READABILITY.",1
286,vgmz-py3h,286,B,"('A', ""DESCRIPTION A PROVIDES A CLEARER OVERVIEW OF THE DATASET'S SCOPE AND POTENTIAL APPLICATIONS, WHILE ALSO MAINTAINING A MORE CONCISE STRUCTURE."")",A,"DESCRIPTION A PROVIDES A CLEARER OVERVIEW OF THE DATASET'S SCOPE AND POTENTIAL APPLICATIONS, WHILE ALSO MAINTAINING A MORE CONCISE STRUCTURE.",0
287,twu4-tp2g,287,A,"('A', ""DESCRIPTION A IS MORE COMPREHENSIVE AND DETAILED, PROVIDING A CLEARER UNDERSTANDING OF THE DATASET'S SCOPE, METRICS, AND POTENTIAL APPLICATIONS."")",A,"DESCRIPTION A IS MORE COMPREHENSIVE AND DETAILED, PROVIDING A CLEARER UNDERSTANDING OF THE DATASET'S SCOPE, METRICS, AND POTENTIAL APPLICATIONS.",1
288,f5zq-eacn,288,B,"('B', ""DESCRIPTION B IS MORE COMPREHENSIVE AND DETAILED, PROVIDING A CLEARER UNDERSTANDING OF THE DATASET'S ATTRIBUTES, SIZE, AND POTENTIAL APPLICATIONS, WHILE ALSO INCLUDING SPECIFIC COLUMN CONSTRAINTS THAT ENHANCE ITS COMPLETENESS."")",B,"DESCRIPTION B IS MORE COMPREHENSIVE AND DETAILED, PROVIDING A CLEARER UNDERSTANDING OF THE DATASET'S ATTRIBUTES, SIZE, AND POTENTIAL APPLICATIONS, WHILE ALSO INCLUDING SPECIFIC COLUMN CONSTRAINTS THAT ENHANCE ITS COMPLETENESS.",1
289,f4zj-z3db,289,A,"('A', ""DESCRIPTION A IS BETTER BECAUSE IT PROVIDES A MORE COMPREHENSIVE OVERVIEW OF THE DATASET, INCLUDING DETAILED METRICS, SPECIFIC SURVEY ASPECTS, AND A THOROUGH EXPLANATION OF THE DATASET'S POTENTIAL APPLICATIONS."")",A,"DESCRIPTION A IS BETTER BECAUSE IT PROVIDES A MORE COMPREHENSIVE OVERVIEW OF THE DATASET, INCLUDING DETAILED METRICS, SPECIFIC SURVEY ASPECTS, AND A THOROUGH EXPLANATION OF THE DATASET'S POTENTIAL APPLICATIONS.",1
290,au8p-qz8c,290,A,"('A', 'DESCRIPTION A IS BETTER BECAUSE IT PROVIDES MORE DETAILED INFORMATION ABOUT THE DATASET, INCLUDING SPECIFIC IDENTIFIERS AND A COMPREHENSIVE OVERVIEW OF ITS APPLICATIONS, WHILE MAINTAINING CLARITY AND READABILITY.')",A,"DESCRIPTION A IS BETTER BECAUSE IT PROVIDES MORE DETAILED INFORMATION ABOUT THE DATASET, INCLUDING SPECIFIC IDENTIFIERS AND A COMPREHENSIVE OVERVIEW OF ITS APPLICATIONS, WHILE MAINTAINING CLARITY AND READABILITY.",1
291,63u4-2zc2,291,B,"('B', 'DESCRIPTION B IS BETTER BECAUSE IT PROVIDES A MORE COMPREHENSIVE OVERVIEW OF THE DATASET, INCLUDING A LARGER NUMBER OF UNIQUE IDENTIFIERS AND A BROADER RANGE OF BANDWIDTH, WHILE MAINTAINING CLARITY AND RELEVANCE TO EDUCATIONAL OUTCOMES.')",B,"DESCRIPTION B IS BETTER BECAUSE IT PROVIDES A MORE COMPREHENSIVE OVERVIEW OF THE DATASET, INCLUDING A LARGER NUMBER OF UNIQUE IDENTIFIERS AND A BROADER RANGE OF BANDWIDTH, WHILE MAINTAINING CLARITY AND RELEVANCE TO EDUCATIONAL OUTCOMES.",1
292,47g8-ngxw,292,A,"('A', 'DESCRIPTION A IS BETTER BECAUSE IT PROVIDES A MORE COMPREHENSIVE OVERVIEW OF THE DATASET, INCLUDING SPECIFIC DETAILS ABOUT THE NUMBER OF UNIQUE SCHOOL IDENTIFIERS, PROGRAM TYPES, AND COLUMN CONSTRAINTS, WHICH ENHANCES ITS COMPLETENESS AND USEFULNESS FOR POTENTIAL USERS.')",A,"DESCRIPTION A IS BETTER BECAUSE IT PROVIDES A MORE COMPREHENSIVE OVERVIEW OF THE DATASET, INCLUDING SPECIFIC DETAILS ABOUT THE NUMBER OF UNIQUE SCHOOL IDENTIFIERS, PROGRAM TYPES, AND COLUMN CONSTRAINTS, WHICH ENHANCES ITS COMPLETENESS AND USEFULNESS FOR POTENTIAL USERS.",1
293,hg3k-2w6h,293,A,"('A', 'DESCRIPTION A PROVIDES A MORE DETAILED ANALYSIS OF THE DATASET, INCLUDING SPECIFIC INSIGHTS INTO THE IMPLICATIONS OF THE DATA, WHICH ENHANCES ITS COMPLETENESS AND READABILITY.')",A,"DESCRIPTION A PROVIDES A MORE DETAILED ANALYSIS OF THE DATASET, INCLUDING SPECIFIC INSIGHTS INTO THE IMPLICATIONS OF THE DATA, WHICH ENHANCES ITS COMPLETENESS AND READABILITY.",1
294,a2gn-nyzs,294,A,"('A', 'DESCRIPTION A IS BETTER BECAUSE IT PROVIDES A MORE DETAILED OVERVIEW OF THE DATASET, INCLUDING SPECIFIC INFORMATION ABOUT THE DATA STRUCTURE, ALLOWED VALUES, AND POTENTIAL APPLICATIONS, MAKING IT MORE COMPREHENSIVE AND INFORMATIVE.')",A,"DESCRIPTION A IS BETTER BECAUSE IT PROVIDES A MORE DETAILED OVERVIEW OF THE DATASET, INCLUDING SPECIFIC INFORMATION ABOUT THE DATA STRUCTURE, ALLOWED VALUES, AND POTENTIAL APPLICATIONS, MAKING IT MORE COMPREHENSIVE AND INFORMATIVE.",1
295,2ps2-dsjr,295,B,"('B', 'DESCRIPTION B IS BETTER BECAUSE IT PROVIDES A MORE COMPREHENSIVE OVERVIEW OF THE DATASET, INCLUDING SPECIFIC DETAILS ABOUT THE DATA STRUCTURE AND THE NUMBER OF UNIQUE SCHOOL IDENTIFIERS, WHILE MAINTAINING CLARITY AND CONCISENESS.')",B,"DESCRIPTION B IS BETTER BECAUSE IT PROVIDES A MORE COMPREHENSIVE OVERVIEW OF THE DATASET, INCLUDING SPECIFIC DETAILS ABOUT THE DATA STRUCTURE AND THE NUMBER OF UNIQUE SCHOOL IDENTIFIERS, WHILE MAINTAINING CLARITY AND CONCISENESS.",1
296,nhq5-jx6b,296,B,"('B', ""DESCRIPTION B IS BETTER BECAUSE IT PROVIDES MORE SPECIFIC DETAILS ABOUT THE DATASET'S ATTRIBUTES AND STRUCTURE, ENHANCING COMPLETENESS WHILE MAINTAINING CLARITY AND CONCISENESS."")",B,"DESCRIPTION B IS BETTER BECAUSE IT PROVIDES MORE SPECIFIC DETAILS ABOUT THE DATASET'S ATTRIBUTES AND STRUCTURE, ENHANCING COMPLETENESS WHILE MAINTAINING CLARITY AND CONCISENESS.",1
297,utu8-j8sk,297,B,"('B', 'DESCRIPTION B IS BETTER BECAUSE IT PROVIDES MORE SPECIFIC DETAILS ABOUT THE DATASET, INCLUDING THE NUMBER OF UNIQUE IDENTIFIERS AND A BREAKDOWN OF PROGRAM TYPES, ENHANCING COMPLETENESS AND CLARITY.')",B,"DESCRIPTION B IS BETTER BECAUSE IT PROVIDES MORE SPECIFIC DETAILS ABOUT THE DATASET, INCLUDING THE NUMBER OF UNIQUE IDENTIFIERS AND A BREAKDOWN OF PROGRAM TYPES, ENHANCING COMPLETENESS AND CLARITY.",1
298,am74-3pnv,298,B,"('B', ""DESCRIPTION B IS BETTER BECAUSE IT PROVIDES A CLEARER FOCUS ON THE DATASET'S CONTEXT, INCLUDES SPECIFIC EXAMPLES OF SUBJECTS, AND MAINTAINS A CONCISE YET COMPREHENSIVE OVERVIEW OF THE DATASET'S STRUCTURE AND POTENTIAL APPLICATIONS."")",B,"DESCRIPTION B IS BETTER BECAUSE IT PROVIDES A CLEARER FOCUS ON THE DATASET'S CONTEXT, INCLUDES SPECIFIC EXAMPLES OF SUBJECTS, AND MAINTAINS A CONCISE YET COMPREHENSIVE OVERVIEW OF THE DATASET'S STRUCTURE AND POTENTIAL APPLICATIONS.",1
299,35qr-3ykq,299,B,"('B', 'DESCRIPTION B IS BETTER BECAUSE IT PROVIDES MORE SPECIFIC DETAILS ABOUT THE DATASET, INCLUDING THE NUMBER OF UNIQUE SUBJECTS AND PROGRAM TYPES, WHILE MAINTAINING CLARITY AND CONCISENESS.')",B,"DESCRIPTION B IS BETTER BECAUSE IT PROVIDES MORE SPECIFIC DETAILS ABOUT THE DATASET, INCLUDING THE NUMBER OF UNIQUE SUBJECTS AND PROGRAM TYPES, WHILE MAINTAINING CLARITY AND CONCISENESS.",1
300,n88k-5bs4,300,B,"('B', 'DESCRIPTION B IS BETTER BECAUSE IT PROVIDES A MORE COMPREHENSIVE OVERVIEW OF THE DATASET, INCLUDING SPECIFIC DETAILS ABOUT THE COLUMNS AND THEIR CONSTRAINTS, WHILE MAINTAINING CLARITY AND CONCISENESS.')",B,"DESCRIPTION B IS BETTER BECAUSE IT PROVIDES A MORE COMPREHENSIVE OVERVIEW OF THE DATASET, INCLUDING SPECIFIC DETAILS ABOUT THE COLUMNS AND THEIR CONSTRAINTS, WHILE MAINTAINING CLARITY AND CONCISENESS.",1
301,gsjx-zx9n,301,B,"('A', ""DESCRIPTION A IS BETTER BECAUSE IT PROVIDES A CLEAR AND CONCISE OVERVIEW OF THE DATASET'S SCOPE AND KEY METRICS WITHOUT OVERWHELMING DETAILS, MAKING IT MORE READABLE OVERALL."")",A,"DESCRIPTION A IS BETTER BECAUSE IT PROVIDES A CLEAR AND CONCISE OVERVIEW OF THE DATASET'S SCOPE AND KEY METRICS WITHOUT OVERWHELMING DETAILS, MAKING IT MORE READABLE OVERALL.",0
302,eu48-ehkz,302,B,"('B', ""DESCRIPTION B IS BETTER BECAUSE IT PROVIDES MORE DETAILED INFORMATION ABOUT THE DATASET'S STRUCTURE, INCLUDING COLUMN CONSTRAINTS AND SPECIFIC METRICS, WHILE MAINTAINING CLARITY AND CONCISENESS."")",B,"DESCRIPTION B IS BETTER BECAUSE IT PROVIDES MORE DETAILED INFORMATION ABOUT THE DATASET'S STRUCTURE, INCLUDING COLUMN CONSTRAINTS AND SPECIFIC METRICS, WHILE MAINTAINING CLARITY AND CONCISENESS.",1
303,5cd6-v74i,303,B,"('B', 'DESCRIPTION B IS BETTER BECAUSE IT PROVIDES A MORE COMPREHENSIVE OVERVIEW OF THE DATASET, INCLUDING SPECIFIC DETAILS ABOUT THE NUMBER OF UNIQUE SCHOOLS AND STRUCTURED DATA FIELDS, WHILE MAINTAINING CLARITY AND CONCISENESS.')",B,"DESCRIPTION B IS BETTER BECAUSE IT PROVIDES A MORE COMPREHENSIVE OVERVIEW OF THE DATASET, INCLUDING SPECIFIC DETAILS ABOUT THE NUMBER OF UNIQUE SCHOOLS AND STRUCTURED DATA FIELDS, WHILE MAINTAINING CLARITY AND CONCISENESS.",1
304,4e9g-bgra,304,A,"('A', 'DESCRIPTION A IS BETTER BECAUSE IT PROVIDES A MORE COMPREHENSIVE OVERVIEW OF THE DATASET, INCLUDING DETAILED METRICS, A LARGER NUMBER OF UNIQUE IDENTIFIERS, AND SPECIFIC COLUMN CONSTRAINTS, ENHANCING ITS COMPLETENESS AND USEFULNESS FOR POTENTIAL USERS.')",A,"DESCRIPTION A IS BETTER BECAUSE IT PROVIDES A MORE COMPREHENSIVE OVERVIEW OF THE DATASET, INCLUDING DETAILED METRICS, A LARGER NUMBER OF UNIQUE IDENTIFIERS, AND SPECIFIC COLUMN CONSTRAINTS, ENHANCING ITS COMPLETENESS AND USEFULNESS FOR POTENTIAL USERS.",1
305,w3w9-rtaj,305,A,"('A', ""DESCRIPTION A IS BETTER BECAUSE IT PROVIDES MORE DETAILED INFORMATION ABOUT THE DATASET'S STRUCTURE, INCLUDING UNIQUE IDENTIFIERS AND SPECIFIC DEMOGRAPHIC BREAKDOWNS, ENHANCING COMPLETENESS AND CLARITY."")",A,"DESCRIPTION A IS BETTER BECAUSE IT PROVIDES MORE DETAILED INFORMATION ABOUT THE DATASET'S STRUCTURE, INCLUDING UNIQUE IDENTIFIERS AND SPECIFIC DEMOGRAPHIC BREAKDOWNS, ENHANCING COMPLETENESS AND CLARITY.",1
306,nwjy-fdec,306,A,"('A', 'DESCRIPTION A IS BETTER BECAUSE IT PROVIDES MORE DETAILED INFORMATION ABOUT THE DATASET, INCLUDING SPECIFIC COLUMN CONSTRAINTS AND A BROADER RANGE OF METRICS, ENHANCING COMPLETENESS AND CLARITY.')",A,"DESCRIPTION A IS BETTER BECAUSE IT PROVIDES MORE DETAILED INFORMATION ABOUT THE DATASET, INCLUDING SPECIFIC COLUMN CONSTRAINTS AND A BROADER RANGE OF METRICS, ENHANCING COMPLETENESS AND CLARITY.",1
307,efzr-wfp2,307,B,"('B', ""DESCRIPTION B IS BETTER BECAUSE IT PROVIDES MORE DETAILED INFORMATION ABOUT THE DATASET'S SCOPE, INCLUDING THE NUMBER OF UNIQUE IDENTIFIERS AND THE FOCUS ON STUDENTS WITH DISABILITIES, WHILE MAINTAINING CLARITY AND CONCISENESS."")",B,"DESCRIPTION B IS BETTER BECAUSE IT PROVIDES MORE DETAILED INFORMATION ABOUT THE DATASET'S SCOPE, INCLUDING THE NUMBER OF UNIQUE IDENTIFIERS AND THE FOCUS ON STUDENTS WITH DISABILITIES, WHILE MAINTAINING CLARITY AND CONCISENESS.",1
308,hti8-xb6u,308,B,"('B', 'DESCRIPTION B IS BETTER BECAUSE IT PROVIDES A MORE COMPREHENSIVE OVERVIEW OF THE DATASET, INCLUDING SPECIFIC DETAILS ABOUT THE NUMBER OF UNIQUE IDENTIFIERS, TYPES OF SCHOOLS, AND ADDITIONAL METRICS RELATED TO STUDENT DISCIPLINE, WHILE MAINTAINING CLARITY AND CONCISENESS.')",B,"DESCRIPTION B IS BETTER BECAUSE IT PROVIDES A MORE COMPREHENSIVE OVERVIEW OF THE DATASET, INCLUDING SPECIFIC DETAILS ABOUT THE NUMBER OF UNIQUE IDENTIFIERS, TYPES OF SCHOOLS, AND ADDITIONAL METRICS RELATED TO STUDENT DISCIPLINE, WHILE MAINTAINING CLARITY AND CONCISENESS.",1
309,sfvr-tcdy,309,B,"('B', 'DESCRIPTION B IS BETTER BECAUSE IT PROVIDES MORE DETAILED INFORMATION ABOUT THE DATASET, INCLUDING SPECIFIC METRICS, THE NUMBER OF DISTRICTS AND PROGRAM TYPES, AND COLUMN CONSTRAINTS, MAKING IT MORE COMPREHENSIVE AND USEFUL FOR POTENTIAL USERS.')",B,"DESCRIPTION B IS BETTER BECAUSE IT PROVIDES MORE DETAILED INFORMATION ABOUT THE DATASET, INCLUDING SPECIFIC METRICS, THE NUMBER OF DISTRICTS AND PROGRAM TYPES, AND COLUMN CONSTRAINTS, MAKING IT MORE COMPREHENSIVE AND USEFUL FOR POTENTIAL USERS.",1
310,q7yn-jhqw,310,A,"('A', 'DESCRIPTION A IS BETTER BECAUSE IT PROVIDES A MORE COMPREHENSIVE OVERVIEW OF THE DATASET, INCLUDING SPECIFIC DETAILS ABOUT THE NUMBER OF UNIQUE DISTRICT IDENTIFIERS, THE TRANSPORT_TOTAL COLUMN, AND THE IMPLICATIONS FOR STAKEHOLDERS, WHILE MAINTAINING CLARITY AND READABILITY.')",A,"DESCRIPTION A IS BETTER BECAUSE IT PROVIDES A MORE COMPREHENSIVE OVERVIEW OF THE DATASET, INCLUDING SPECIFIC DETAILS ABOUT THE NUMBER OF UNIQUE DISTRICT IDENTIFIERS, THE TRANSPORT_TOTAL COLUMN, AND THE IMPLICATIONS FOR STAKEHOLDERS, WHILE MAINTAINING CLARITY AND READABILITY.",1
311,nntm-ht5m,311,A,"('A', ""DESCRIPTION A PROVIDES A MORE COMPREHENSIVE OVERVIEW OF THE DATASET'S SCOPE, INCLUDING SPECIFIC INITIATIVES AND THEIR CATEGORIZATION, MAKING IT CLEARER FOR POTENTIAL USERS."")",A,"DESCRIPTION A PROVIDES A MORE COMPREHENSIVE OVERVIEW OF THE DATASET'S SCOPE, INCLUDING SPECIFIC INITIATIVES AND THEIR CATEGORIZATION, MAKING IT CLEARER FOR POTENTIAL USERS.",1
312,gxt2-i5qe,312,A,"('A', ""DESCRIPTION A IS BETTER BECAUSE IT PROVIDES MORE DETAILED INFORMATION ABOUT THE DATASET'S STRUCTURE, INCLUDING SPECIFIC BOROUGHS, GRADE LEVELS, AND PROGRAM TYPES, WHICH ENHANCES COMPLETENESS AND CLARITY."")",A,"DESCRIPTION A IS BETTER BECAUSE IT PROVIDES MORE DETAILED INFORMATION ABOUT THE DATASET'S STRUCTURE, INCLUDING SPECIFIC BOROUGHS, GRADE LEVELS, AND PROGRAM TYPES, WHICH ENHANCES COMPLETENESS AND CLARITY.",1
313,53jv-eiur,313,B,"('A', 'DESCRIPTION A PROVIDES A MORE DETAILED OVERVIEW OF THE DATASET, INCLUDING THE NUMBER OF ENTRIES AND SPECIFIC COLUMNS, WHILE ALSO CLEARLY OUTLINING ITS RELEVANCE TO PHYSICAL EDUCATION ANALYSIS.')",A,"DESCRIPTION A PROVIDES A MORE DETAILED OVERVIEW OF THE DATASET, INCLUDING THE NUMBER OF ENTRIES AND SPECIFIC COLUMNS, WHILE ALSO CLEARLY OUTLINING ITS RELEVANCE TO PHYSICAL EDUCATION ANALYSIS.",0
314,2t89-756w,314,A,"('A', 'DESCRIPTION A IS BETTER BECAUSE IT PROVIDES A MORE COMPREHENSIVE OVERVIEW OF THE DATASET, INCLUDING SPECIFIC DETAILS ABOUT THE DATA STRUCTURE, UNIQUE IDENTIFIERS, AND POTENTIAL APPLICATIONS, WHILE ALSO MAINTAINING CLARITY AND READABILITY.')",A,"DESCRIPTION A IS BETTER BECAUSE IT PROVIDES A MORE COMPREHENSIVE OVERVIEW OF THE DATASET, INCLUDING SPECIFIC DETAILS ABOUT THE DATA STRUCTURE, UNIQUE IDENTIFIERS, AND POTENTIAL APPLICATIONS, WHILE ALSO MAINTAINING CLARITY AND READABILITY.",1
315,4tdt-h5f6,315,A,"('B', 'DESCRIPTION B IS BETTER BECAUSE IT PROVIDES SPECIFIC DETAILS ABOUT THE NUMBER OF SCHOOLS AND DISTRICTS, INCLUDES GRADUATION STATISTICS, AND MAINTAINS A CLEAR AND CONCISE NARRATIVE WHILE COVERING ESSENTIAL ASPECTS OF THE DATASET.')",B,"DESCRIPTION B IS BETTER BECAUSE IT PROVIDES SPECIFIC DETAILS ABOUT THE NUMBER OF SCHOOLS AND DISTRICTS, INCLUDES GRADUATION STATISTICS, AND MAINTAINS A CLEAR AND CONCISE NARRATIVE WHILE COVERING ESSENTIAL ASPECTS OF THE DATASET.",0
316,xt7f-mv4x,316,B,"('A', ""DESCRIPTION A IS BETTER BECAUSE IT PROVIDES A CLEARER OVERVIEW OF THE DATASET'S STRUCTURE AND PURPOSE WHILE MAINTAINING A CONCISE AND LOGICAL FLOW."")",A,DESCRIPTION A IS BETTER BECAUSE IT PROVIDES A CLEARER OVERVIEW OF THE DATASET'S STRUCTURE AND PURPOSE WHILE MAINTAINING A CONCISE AND LOGICAL FLOW.,0
317,kr87-pum9,317,B,"('B', 'DESCRIPTION B IS BETTER BECAUSE IT PROVIDES MORE SPECIFIC DETAILS ABOUT THE DATASET, INCLUDING THE NUMBER OF UNIQUE DISTRICTS AND VALUES, WHILE MAINTAINING CLARITY AND A LOGICAL FLOW.')",B,"DESCRIPTION B IS BETTER BECAUSE IT PROVIDES MORE SPECIFIC DETAILS ABOUT THE DATASET, INCLUDING THE NUMBER OF UNIQUE DISTRICTS AND VALUES, WHILE MAINTAINING CLARITY AND A LOGICAL FLOW.",1
318,7ej9-npzm,318,A,"('A', 'DESCRIPTION A IS BETTER BECAUSE IT PROVIDES A MORE COMPREHENSIVE OVERVIEW OF THE DATASET, INCLUDING SPECIFIC DETAILS ABOUT THE NUMBER OF UNIQUE IDENTIFIERS, THE TYPES OF DATA COLLECTED, AND POTENTIAL APPLICATIONS, WHILE ALSO MAINTAINING CLARITY AND READABILITY.')",A,"DESCRIPTION A IS BETTER BECAUSE IT PROVIDES A MORE COMPREHENSIVE OVERVIEW OF THE DATASET, INCLUDING SPECIFIC DETAILS ABOUT THE NUMBER OF UNIQUE IDENTIFIERS, THE TYPES OF DATA COLLECTED, AND POTENTIAL APPLICATIONS, WHILE ALSO MAINTAINING CLARITY AND READABILITY.",1
319,9igb-ny64,319,A,"('A', 'DESCRIPTION A IS BETTER BECAUSE IT PROVIDES A MORE DETAILED OVERVIEW OF THE DATASET, INCLUDING SPECIFIC RANGES FOR STUDENT COUNTS AND CLASS SIZES, AS WELL AS A CLEAR CATEGORIZATION OF PROGRAM TYPES, WHICH ENHANCES COMPLETENESS AND READABILITY.')",A,"DESCRIPTION A IS BETTER BECAUSE IT PROVIDES A MORE DETAILED OVERVIEW OF THE DATASET, INCLUDING SPECIFIC RANGES FOR STUDENT COUNTS AND CLASS SIZES, AS WELL AS A CLEAR CATEGORIZATION OF PROGRAM TYPES, WHICH ENHANCES COMPLETENESS AND READABILITY.",1
320,ajin-fesn,320,B,"('B', ""DESCRIPTION B IS BETTER BECAUSE IT PROVIDES MORE DETAILED INFORMATION ABOUT THE DATASET'S STRUCTURE, INCLUDING SPECIFIC COLUMN CONSTRAINTS AND UNIQUE IDENTIFIERS, WHILE MAINTAINING CLARITY AND CONCISENESS."")",B,"DESCRIPTION B IS BETTER BECAUSE IT PROVIDES MORE DETAILED INFORMATION ABOUT THE DATASET'S STRUCTURE, INCLUDING SPECIFIC COLUMN CONSTRAINTS AND UNIQUE IDENTIFIERS, WHILE MAINTAINING CLARITY AND CONCISENESS.",1
321,9ddu-fvnv,321,A,"('A', 'DESCRIPTION A IS BETTER BECAUSE IT PROVIDES A MORE COMPREHENSIVE OVERVIEW OF THE DATASET, INCLUDING DETAILED METRICS, A LARGER NUMBER OF UNIQUE SCHOOL IDENTIFIERS, AND SPECIFIC COLUMN CONSTRAINTS, MAKING IT MORE INFORMATIVE FOR POTENTIAL USERS.')",A,"DESCRIPTION A IS BETTER BECAUSE IT PROVIDES A MORE COMPREHENSIVE OVERVIEW OF THE DATASET, INCLUDING DETAILED METRICS, A LARGER NUMBER OF UNIQUE SCHOOL IDENTIFIERS, AND SPECIFIC COLUMN CONSTRAINTS, MAKING IT MORE INFORMATIVE FOR POTENTIAL USERS.",1
322,7vxz-zmfj,322,B,"('B', 'DESCRIPTION B IS BETTER BECAUSE IT PROVIDES A CLEARER STRUCTURE, INCLUDES COLUMN CONSTRAINTS, AND MAINTAINS A GOOD BALANCE OF COMPLETENESS AND CONCISENESS WHILE REMAINING READABLE.')",B,"DESCRIPTION B IS BETTER BECAUSE IT PROVIDES A CLEARER STRUCTURE, INCLUDES COLUMN CONSTRAINTS, AND MAINTAINS A GOOD BALANCE OF COMPLETENESS AND CONCISENESS WHILE REMAINING READABLE.",1
323,yrnt-txti,323,B,"('B', 'DESCRIPTION B IS BETTER BECAUSE IT PROVIDES A MORE COMPREHENSIVE OVERVIEW OF THE DATASET, INCLUDING THE NUMBER OF UNIQUE SCHOOLS AND THE RANGE OF STAFF COMPLETING TRAINING, WHILE ALSO ADDRESSING MISSING DATA AND ITS IMPLICATIONS FOR STAKEHOLDERS.')",B,"DESCRIPTION B IS BETTER BECAUSE IT PROVIDES A MORE COMPREHENSIVE OVERVIEW OF THE DATASET, INCLUDING THE NUMBER OF UNIQUE SCHOOLS AND THE RANGE OF STAFF COMPLETING TRAINING, WHILE ALSO ADDRESSING MISSING DATA AND ITS IMPLICATIONS FOR STAKEHOLDERS.",1
324,mi4r-ama5,324,B,"('A', 'DESCRIPTION A PROVIDES A MORE COMPREHENSIVE OVERVIEW OF THE DATASET, INCLUDING A BROADER RANGE OF INSIGHTS AND APPLICATIONS, WHILE MAINTAINING CLARITY AND READABILITY.')",A,"DESCRIPTION A PROVIDES A MORE COMPREHENSIVE OVERVIEW OF THE DATASET, INCLUDING A BROADER RANGE OF INSIGHTS AND APPLICATIONS, WHILE MAINTAINING CLARITY AND READABILITY.",0
325,gdpi-hegk,325,A,"('A', 'DESCRIPTION A IS MORE DETAILED AND PROVIDES SPECIFIC RANGES FOR VARIOUS METRICS, ENHANCING COMPLETENESS AND CLARITY.')",A,"DESCRIPTION A IS MORE DETAILED AND PROVIDES SPECIFIC RANGES FOR VARIOUS METRICS, ENHANCING COMPLETENESS AND CLARITY.",1
326,rcdu-fcaw,326,A,"('A', ""DESCRIPTION A PROVIDES A MORE DETAILED OVERVIEW OF THE DATASET, INCLUDING SPECIFIC COLUMN DEFINITIONS AND A CLEARER EXPLANATION OF THE DATA'S POTENTIAL APPLICATIONS, MAKING IT MORE COMPLETE AND INFORMATIVE."")",A,"DESCRIPTION A PROVIDES A MORE DETAILED OVERVIEW OF THE DATASET, INCLUDING SPECIFIC COLUMN DEFINITIONS AND A CLEARER EXPLANATION OF THE DATA'S POTENTIAL APPLICATIONS, MAKING IT MORE COMPLETE AND INFORMATIVE.",1
327,k7ur-6x2q,327,B,"('B', 'DESCRIPTION B IS MORE DETAILED AND STRUCTURED, PROVIDING SPECIFIC METRICS AND A CLEAR CATEGORIZATION OF THE DATASET, WHICH ENHANCES ITS COMPLETENESS AND READABILITY.')",B,"DESCRIPTION B IS MORE DETAILED AND STRUCTURED, PROVIDING SPECIFIC METRICS AND A CLEAR CATEGORIZATION OF THE DATASET, WHICH ENHANCES ITS COMPLETENESS AND READABILITY.",1
328,h5j6-bv4u,328,B,"('B', ""DESCRIPTION B IS BETTER BECAUSE IT PROVIDES MORE DETAILED INFORMATION ABOUT THE DATASET'S STRUCTURE, INCLUDING SPECIFIC IDENTIFIERS AND COLUMN CONSTRAINTS, WHILE MAINTAINING CLARITY AND RELEVANCE TO POTENTIAL USERS."")",B,"DESCRIPTION B IS BETTER BECAUSE IT PROVIDES MORE DETAILED INFORMATION ABOUT THE DATASET'S STRUCTURE, INCLUDING SPECIFIC IDENTIFIERS AND COLUMN CONSTRAINTS, WHILE MAINTAINING CLARITY AND RELEVANCE TO POTENTIAL USERS.",1
329,36j9-c8ka,329,A,"('A', 'DESCRIPTION A IS BETTER BECAUSE IT PROVIDES MORE DETAILED INFORMATION ABOUT THE DATASET, INCLUDING SPECIFIC VALUES, THE SIGNIFICANCE OF THE DATA FOR EDUCATIONAL EQUITY, AND CLEAR COLUMN CONSTRAINTS, ENHANCING COMPLETENESS AND READABILITY.')",A,"DESCRIPTION A IS BETTER BECAUSE IT PROVIDES MORE DETAILED INFORMATION ABOUT THE DATASET, INCLUDING SPECIFIC VALUES, THE SIGNIFICANCE OF THE DATA FOR EDUCATIONAL EQUITY, AND CLEAR COLUMN CONSTRAINTS, ENHANCING COMPLETENESS AND READABILITY.",1
330,32rn-zwi7,330,B,"('B', 'DESCRIPTION B IS BETTER BECAUSE IT PROVIDES A MORE SPECIFIC FOCUS ON THE PROJECT, INCLUDES PRECISE GEOGRAPHIC COORDINATES, AND MENTIONS THE IMPACT OF CAPITAL PLAN AMENDMENTS, MAKING IT MORE COMPREHENSIVE AND RELEVANT FOR STAKEHOLDERS.')",B,"DESCRIPTION B IS BETTER BECAUSE IT PROVIDES A MORE SPECIFIC FOCUS ON THE PROJECT, INCLUDES PRECISE GEOGRAPHIC COORDINATES, AND MENTIONS THE IMPACT OF CAPITAL PLAN AMENDMENTS, MAKING IT MORE COMPREHENSIVE AND RELEVANT FOR STAKEHOLDERS.",1
331,tsps-ttpz,331,B,"('A', ""DESCRIPTION A PROVIDES A MORE COMPREHENSIVE OVERVIEW OF THE DATASET'S PURPOSE AND POTENTIAL APPLICATIONS, WHILE MAINTAINING CLARITY AND READABILITY."")",A,"DESCRIPTION A PROVIDES A MORE COMPREHENSIVE OVERVIEW OF THE DATASET'S PURPOSE AND POTENTIAL APPLICATIONS, WHILE MAINTAINING CLARITY AND READABILITY.",0
332,d4cb-8mwj,332,B,"('A', ""DESCRIPTION A IS BETTER BECAUSE IT PROVIDES A MORE COMPREHENSIVE OVERVIEW OF THE DATASET'S SCOPE AND POTENTIAL APPLICATIONS WHILE MAINTAINING CLARITY AND READABILITY."")",A,DESCRIPTION A IS BETTER BECAUSE IT PROVIDES A MORE COMPREHENSIVE OVERVIEW OF THE DATASET'S SCOPE AND POTENTIAL APPLICATIONS WHILE MAINTAINING CLARITY AND READABILITY.,0
333,xy2j-nm7j,333,B,"('B', 'DESCRIPTION B IS BETTER BECAUSE IT PROVIDES A MORE COMPREHENSIVE OVERVIEW OF THE DATASET, INCLUDING DETAILS ABOUT THE PRESENCE OF ITINERANT HEALTH TEACHERS AND MISSING DATA, WHILE MAINTAINING CLARITY AND CONCISENESS.')",B,"DESCRIPTION B IS BETTER BECAUSE IT PROVIDES A MORE COMPREHENSIVE OVERVIEW OF THE DATASET, INCLUDING DETAILS ABOUT THE PRESENCE OF ITINERANT HEALTH TEACHERS AND MISSING DATA, WHILE MAINTAINING CLARITY AND CONCISENESS.",1
334,xy48-7s3d,334,A,"('A', ""DESCRIPTION A IS MORE COMPREHENSIVE AND DETAILED, PROVIDING A CLEARER PICTURE OF THE DATASET'S SCOPE, STRUCTURE, AND POTENTIAL APPLICATIONS."")",A,"DESCRIPTION A IS MORE COMPREHENSIVE AND DETAILED, PROVIDING A CLEARER PICTURE OF THE DATASET'S SCOPE, STRUCTURE, AND POTENTIAL APPLICATIONS.",1
335,by8q-dp62,335,A,"('A', 'DESCRIPTION A IS BETTER BECAUSE IT PROVIDES A MORE COMPREHENSIVE OVERVIEW OF THE DATASET, INCLUDING SPECIFIC ATTRIBUTES, UNIQUE VALUES, AND POTENTIAL APPLICATIONS, WHILE MAINTAINING CLARITY AND READABILITY.')",A,"DESCRIPTION A IS BETTER BECAUSE IT PROVIDES A MORE COMPREHENSIVE OVERVIEW OF THE DATASET, INCLUDING SPECIFIC ATTRIBUTES, UNIQUE VALUES, AND POTENTIAL APPLICATIONS, WHILE MAINTAINING CLARITY AND READABILITY.",1
336,xkuq-9uzf,336,B,"('A', ""DESCRIPTION A IS BETTER BECAUSE IT PROVIDES A MORE COMPREHENSIVE OVERVIEW OF THE DATASET'S PURPOSE AND POTENTIAL APPLICATIONS WHILE MAINTAINING CLARITY AND READABILITY."")",A,DESCRIPTION A IS BETTER BECAUSE IT PROVIDES A MORE COMPREHENSIVE OVERVIEW OF THE DATASET'S PURPOSE AND POTENTIAL APPLICATIONS WHILE MAINTAINING CLARITY AND READABILITY.,0
337,xeg2-veq2,337,A,"('A', 'DESCRIPTION A IS BETTER BECAUSE IT PROVIDES A MORE COMPREHENSIVE OVERVIEW OF THE DATASET, INCLUDING DETAILED INFORMATION ABOUT THE DATA STRUCTURE, METRICS, AND POTENTIAL APPLICATIONS, WHILE MAINTAINING CLARITY AND READABILITY.')",A,"DESCRIPTION A IS BETTER BECAUSE IT PROVIDES A MORE COMPREHENSIVE OVERVIEW OF THE DATASET, INCLUDING DETAILED INFORMATION ABOUT THE DATA STRUCTURE, METRICS, AND POTENTIAL APPLICATIONS, WHILE MAINTAINING CLARITY AND READABILITY.",1
338,wssh-seqa,338,A,"('A', 'DESCRIPTION A IS BETTER BECAUSE IT PROVIDES A MORE DETAILED OVERVIEW OF THE DATASET, INCLUDING SPECIFIC METRICS AND POTENTIAL APPLICATIONS, WHILE MAINTAINING CLARITY AND COHERENCE.')",A,"DESCRIPTION A IS BETTER BECAUSE IT PROVIDES A MORE DETAILED OVERVIEW OF THE DATASET, INCLUDING SPECIFIC METRICS AND POTENTIAL APPLICATIONS, WHILE MAINTAINING CLARITY AND COHERENCE.",1
339,x7pf-vzed,339,B,"('A', ""DESCRIPTION A IS BETTER BECAUSE IT PROVIDES A MORE DETAILED BREAKDOWN OF THE DATASET'S STRUCTURE AND VARIABLES, ENHANCING COMPLETENESS WHILE MAINTAINING CLARITY AND READABILITY."")",A,"DESCRIPTION A IS BETTER BECAUSE IT PROVIDES A MORE DETAILED BREAKDOWN OF THE DATASET'S STRUCTURE AND VARIABLES, ENHANCING COMPLETENESS WHILE MAINTAINING CLARITY AND READABILITY.",0
340,sas9-vd86,340,B,"('B', ""DESCRIPTION B IS BETTER BECAUSE IT PROVIDES MORE SPECIFIC DETAILS ABOUT THE DATASET'S STRUCTURE AND CONTENTS, INCLUDING UNIQUE STUDENT AND CLASS COUNTS, PROGRAM TYPES, AND COLUMN CONSTRAINTS, WHILE MAINTAINING CLARITY AND CONCISENESS."")",B,"DESCRIPTION B IS BETTER BECAUSE IT PROVIDES MORE SPECIFIC DETAILS ABOUT THE DATASET'S STRUCTURE AND CONTENTS, INCLUDING UNIQUE STUDENT AND CLASS COUNTS, PROGRAM TYPES, AND COLUMN CONSTRAINTS, WHILE MAINTAINING CLARITY AND CONCISENESS.",1
341,wn79-er9p,341,A,"('A', 'DESCRIPTION A IS BETTER BECAUSE IT PROVIDES A MORE COMPREHENSIVE OVERVIEW OF THE DATASET, INCLUDING DETAILS ON THE NUMBER OF UNIQUE IDENTIFIERS AND THE SEMANTIC PROFILE, WHICH ENHANCES ITS COMPLETENESS AND CONTEXT FOR POTENTIAL APPLICATIONS.')",A,"DESCRIPTION A IS BETTER BECAUSE IT PROVIDES A MORE COMPREHENSIVE OVERVIEW OF THE DATASET, INCLUDING DETAILS ON THE NUMBER OF UNIQUE IDENTIFIERS AND THE SEMANTIC PROFILE, WHICH ENHANCES ITS COMPLETENESS AND CONTEXT FOR POTENTIAL APPLICATIONS.",1
342,i6ky-n2wd,342,B,"('B', ""DESCRIPTION B IS BETTER BECAUSE IT PROVIDES A MORE DETAILED ACCOUNT OF THE DATASET'S CONTENTS AND STRUCTURE WHILE MAINTAINING CLARITY AND CONCISENESS."")",B,DESCRIPTION B IS BETTER BECAUSE IT PROVIDES A MORE DETAILED ACCOUNT OF THE DATASET'S CONTENTS AND STRUCTURE WHILE MAINTAINING CLARITY AND CONCISENESS.,1
343,engv-gkbr,343,A,"('A', 'DESCRIPTION A IS BETTER BECAUSE IT PROVIDES A MORE COMPREHENSIVE OVERVIEW OF THE DATASET, INCLUDING DETAILED INSIGHTS INTO THE DATA STRUCTURE AND POTENTIAL APPLICATIONS, WHILE MAINTAINING CLARITY AND READABILITY.')",A,"DESCRIPTION A IS BETTER BECAUSE IT PROVIDES A MORE COMPREHENSIVE OVERVIEW OF THE DATASET, INCLUDING DETAILED INSIGHTS INTO THE DATA STRUCTURE AND POTENTIAL APPLICATIONS, WHILE MAINTAINING CLARITY AND READABILITY.",1
344,9wwd-tgzc,344,A,"('A', 'DESCRIPTION A IS BETTER BECAUSE IT PROVIDES A MORE COMPREHENSIVE OVERVIEW OF THE DATASET, INCLUDING DETAILS ON THE NUMBER OF SCHOOLS, THE CATEGORIZATION OF EDUCATIONAL LEVELS, AND THE POTENTIAL APPLICATIONS FOR VARIOUS STAKEHOLDERS.')",A,"DESCRIPTION A IS BETTER BECAUSE IT PROVIDES A MORE COMPREHENSIVE OVERVIEW OF THE DATASET, INCLUDING DETAILS ON THE NUMBER OF SCHOOLS, THE CATEGORIZATION OF EDUCATIONAL LEVELS, AND THE POTENTIAL APPLICATIONS FOR VARIOUS STAKEHOLDERS.",1
345,vn74-s6rt,345,B,"('B', ""DESCRIPTION B IS BETTER BECAUSE IT PROVIDES MORE SPECIFIC DETAILS ABOUT THE DATASET, INCLUDING THE CONTEXT OF NEW YORK CITY, THE CATEGORIZATION OF PROGRAM TYPES, AND A CLEARER EXPLANATION OF THE DATASET'S STRUCTURE AND POTENTIAL APPLICATIONS."")",B,"DESCRIPTION B IS BETTER BECAUSE IT PROVIDES MORE SPECIFIC DETAILS ABOUT THE DATASET, INCLUDING THE CONTEXT OF NEW YORK CITY, THE CATEGORIZATION OF PROGRAM TYPES, AND A CLEARER EXPLANATION OF THE DATASET'S STRUCTURE AND POTENTIAL APPLICATIONS.",1
346,knq4-3kz9,346,B,"('B', 'DESCRIPTION B IS BETTER BECAUSE IT PROVIDES A MORE COMPREHENSIVE OVERVIEW OF THE DATASET, INCLUDING SPECIFIC DETAILS ABOUT THE NUMBER OF UNIQUE IDENTIFIERS AND COMPLETION RATES, WHILE MAINTAINING CLARITY AND CONCISENESS.')",B,"DESCRIPTION B IS BETTER BECAUSE IT PROVIDES A MORE COMPREHENSIVE OVERVIEW OF THE DATASET, INCLUDING SPECIFIC DETAILS ABOUT THE NUMBER OF UNIQUE IDENTIFIERS AND COMPLETION RATES, WHILE MAINTAINING CLARITY AND CONCISENESS.",1
347,s57c-tzcg,347,A,"('B', ""DESCRIPTION B IS BETTER BECAUSE IT PROVIDES A MORE COMPREHENSIVE OVERVIEW OF THE DATASET WHILE MAINTAINING CLARITY AND CONCISENESS, MAKING IT EASIER TO UNDERSTAND THE DATASET'S STRUCTURE AND POTENTIAL APPLICATIONS."")",B,"DESCRIPTION B IS BETTER BECAUSE IT PROVIDES A MORE COMPREHENSIVE OVERVIEW OF THE DATASET WHILE MAINTAINING CLARITY AND CONCISENESS, MAKING IT EASIER TO UNDERSTAND THE DATASET'S STRUCTURE AND POTENTIAL APPLICATIONS.",0
348,tiwv-ukz3,348,A,"('A', 'DESCRIPTION A IS BETTER BECAUSE IT PROVIDES MORE DETAILED INFORMATION ABOUT THE DATASET, INCLUDING SPECIFIC METRICS, UNIQUE VALUES, AND A CLEAR EXPLANATION OF ITS APPLICATIONS, MAKING IT MORE COMPREHENSIVE AND INFORMATIVE.')",A,"DESCRIPTION A IS BETTER BECAUSE IT PROVIDES MORE DETAILED INFORMATION ABOUT THE DATASET, INCLUDING SPECIFIC METRICS, UNIQUE VALUES, AND A CLEAR EXPLANATION OF ITS APPLICATIONS, MAKING IT MORE COMPREHENSIVE AND INFORMATIVE.",1
349,uqgd-pt5w,349,A,"('A', 'DESCRIPTION A IS BETTER BECAUSE IT PROVIDES MORE DETAILED INFORMATION ABOUT THE DATASET, INCLUDING SPECIFIC PROGRAM TYPES AND THE RANGE OF STUDENT NUMBERS, WHICH ENHANCES COMPLETENESS AND CLARITY.')",A,"DESCRIPTION A IS BETTER BECAUSE IT PROVIDES MORE DETAILED INFORMATION ABOUT THE DATASET, INCLUDING SPECIFIC PROGRAM TYPES AND THE RANGE OF STUDENT NUMBERS, WHICH ENHANCES COMPLETENESS AND CLARITY.",1
350,ehji-3xy2,350,B,"('B', 'DESCRIPTION B IS BETTER BECAUSE IT PROVIDES MORE DETAILED INFORMATION ABOUT THE DATASET, INCLUDING THE NUMBER OF PROGRAM TYPES AND SPECIFIC INSIGHTS INTO STUDENT DISTRIBUTION, WHILE MAINTAINING CLARITY AND CONCISENESS.')",B,"DESCRIPTION B IS BETTER BECAUSE IT PROVIDES MORE DETAILED INFORMATION ABOUT THE DATASET, INCLUDING THE NUMBER OF PROGRAM TYPES AND SPECIFIC INSIGHTS INTO STUDENT DISTRIBUTION, WHILE MAINTAINING CLARITY AND CONCISENESS.",1
351,cfuy-6eha,351,B,"('B', ""DESCRIPTION B IS BETTER BECAUSE IT PROVIDES MORE DETAILED INFORMATION ABOUT THE DATASET'S STRUCTURE, INCLUDING SPECIFIC COLUMN CONSTRAINTS AND EXPECTED VALUES, ENHANCING COMPLETENESS WHILE MAINTAINING CLARITY AND CONCISENESS."")",B,"DESCRIPTION B IS BETTER BECAUSE IT PROVIDES MORE DETAILED INFORMATION ABOUT THE DATASET'S STRUCTURE, INCLUDING SPECIFIC COLUMN CONSTRAINTS AND EXPECTED VALUES, ENHANCING COMPLETENESS WHILE MAINTAINING CLARITY AND CONCISENESS.",1
352,nhak-36my,352,A,"('A', 'DESCRIPTION A IS BETTER BECAUSE IT PROVIDES MORE DETAILED INFORMATION ABOUT THE DATASET, INCLUDING SPECIFIC NUMBERS AND A CLEAR EXPLANATION OF ITS POTENTIAL USES, WHILE MAINTAINING GOOD READABILITY.')",A,"DESCRIPTION A IS BETTER BECAUSE IT PROVIDES MORE DETAILED INFORMATION ABOUT THE DATASET, INCLUDING SPECIFIC NUMBERS AND A CLEAR EXPLANATION OF ITS POTENTIAL USES, WHILE MAINTAINING GOOD READABILITY.",1
353,7yda-ws2j,353,B,"('B', 'DESCRIPTION B IS BETTER BECAUSE IT PROVIDES MORE SPECIFIC DETAILS ABOUT THE DATASET, INCLUDING THE RANGE OF VALUES AND CONSTRAINTS FOR EACH COLUMN, ENHANCING COMPLETENESS AND CLARITY.')",B,"DESCRIPTION B IS BETTER BECAUSE IT PROVIDES MORE SPECIFIC DETAILS ABOUT THE DATASET, INCLUDING THE RANGE OF VALUES AND CONSTRAINTS FOR EACH COLUMN, ENHANCING COMPLETENESS AND CLARITY.",1
354,fzwc-6vqf,354,A,"('A', 'DESCRIPTION A IS BETTER BECAUSE IT PROVIDES MORE DETAILED INFORMATION ABOUT THE DATASET, INCLUDING SPECIFIC BOROUGHS, PROGRAM TYPES, AND UNIQUE IDENTIFIERS, WHICH ENHANCES COMPLETENESS AND CLARITY.')",A,"DESCRIPTION A IS BETTER BECAUSE IT PROVIDES MORE DETAILED INFORMATION ABOUT THE DATASET, INCLUDING SPECIFIC BOROUGHS, PROGRAM TYPES, AND UNIQUE IDENTIFIERS, WHICH ENHANCES COMPLETENESS AND CLARITY.",1
355,48wd-x25j,355,A,"('A', 'DESCRIPTION A IS BETTER BECAUSE IT PROVIDES A MORE COMPREHENSIVE OVERVIEW OF THE DATASET, INCLUDING SPECIFIC DETAILS ABOUT DEMOGRAPHIC CATEGORIES, THE NUMBER OF UNIQUE SCHOOL IDENTIFIERS, AND POTENTIAL APPLICATIONS, WHILE MAINTAINING CLARITY AND READABILITY.')",A,"DESCRIPTION A IS BETTER BECAUSE IT PROVIDES A MORE COMPREHENSIVE OVERVIEW OF THE DATASET, INCLUDING SPECIFIC DETAILS ABOUT DEMOGRAPHIC CATEGORIES, THE NUMBER OF UNIQUE SCHOOL IDENTIFIERS, AND POTENTIAL APPLICATIONS, WHILE MAINTAINING CLARITY AND READABILITY.",1
356,abh8-frsx,356,B,"('B', 'DESCRIPTION B IS BETTER BECAUSE IT PROVIDES A MORE COMPREHENSIVE OVERVIEW OF THE DATASET, INCLUDING SPECIFIC METRICS AND A DETAILED DATA DICTIONARY, WHILE MAINTAINING CLARITY AND CONCISENESS.')",B,"DESCRIPTION B IS BETTER BECAUSE IT PROVIDES A MORE COMPREHENSIVE OVERVIEW OF THE DATASET, INCLUDING SPECIFIC METRICS AND A DETAILED DATA DICTIONARY, WHILE MAINTAINING CLARITY AND CONCISENESS.",1
357,r773-ytwa,357,B,"('B', 'DESCRIPTION B IS BETTER BECAUSE IT PROVIDES A MORE DETAILED OVERVIEW OF THE DATASET, INCLUDING SPECIFIC IDENTIFIERS AND A COMPREHENSIVE DATA DICTIONARY, WHILE MAINTAINING CLARITY AND RELEVANCE FOR POTENTIAL USERS.')",B,"DESCRIPTION B IS BETTER BECAUSE IT PROVIDES A MORE DETAILED OVERVIEW OF THE DATASET, INCLUDING SPECIFIC IDENTIFIERS AND A COMPREHENSIVE DATA DICTIONARY, WHILE MAINTAINING CLARITY AND RELEVANCE FOR POTENTIAL USERS.",1
358,nbpb-zygj,358,A,"('A', 'DESCRIPTION A IS BETTER BECAUSE IT PROVIDES A MORE DETAILED AND COMPREHENSIVE OVERVIEW OF THE DATASET, INCLUDING SPECIFIC METRICS, UNIQUE IDENTIFIERS, AND A CLEAR EXPLANATION OF ITS POTENTIAL APPLICATIONS.')",A,"DESCRIPTION A IS BETTER BECAUSE IT PROVIDES A MORE DETAILED AND COMPREHENSIVE OVERVIEW OF THE DATASET, INCLUDING SPECIFIC METRICS, UNIQUE IDENTIFIERS, AND A CLEAR EXPLANATION OF ITS POTENTIAL APPLICATIONS.",1
359,zt9s-n5aj,359,A,"('A', 'DESCRIPTION A IS BETTER BECAUSE IT PROVIDES A MORE COMPREHENSIVE OVERVIEW OF THE DATASET, INCLUDING SPECIFIC METRICS, UNIQUE IDENTIFIERS, AND A DETAILED RANGE OF SCORES, WHILE ALSO MAINTAINING CLARITY AND READABILITY.')",A,"DESCRIPTION A IS BETTER BECAUSE IT PROVIDES A MORE COMPREHENSIVE OVERVIEW OF THE DATASET, INCLUDING SPECIFIC METRICS, UNIQUE IDENTIFIERS, AND A DETAILED RANGE OF SCORES, WHILE ALSO MAINTAINING CLARITY AND READABILITY.",1
360,cmjf-yawu,360,A,"('A', ""DESCRIPTION A IS MORE COMPREHENSIVE AND DETAILED, PROVIDING A CLEARER UNDERSTANDING OF THE DATASET'S SCOPE, ATTRIBUTES, AND POTENTIAL APPLICATIONS."")",A,"DESCRIPTION A IS MORE COMPREHENSIVE AND DETAILED, PROVIDING A CLEARER UNDERSTANDING OF THE DATASET'S SCOPE, ATTRIBUTES, AND POTENTIAL APPLICATIONS.",1
361,bzjf-rmtp,361,B,"('B', ""DESCRIPTION B IS BETTER BECAUSE IT PROVIDES A MORE DETAILED OVERVIEW OF THE DATASET'S CONTENTS AND POTENTIAL APPLICATIONS WHILE MAINTAINING CLARITY AND CONCISENESS."")",B,DESCRIPTION B IS BETTER BECAUSE IT PROVIDES A MORE DETAILED OVERVIEW OF THE DATASET'S CONTENTS AND POTENTIAL APPLICATIONS WHILE MAINTAINING CLARITY AND CONCISENESS.,1
362,e649-r223,362,A,"('A', ""DESCRIPTION A IS BETTER BECAUSE IT PROVIDES MORE DETAILED INFORMATION ABOUT THE DATASET'S STRUCTURE, INCLUDING SPECIFIC COLUMN CONSTRAINTS AND A CLEARER OVERVIEW OF THE DATA TYPES AND THEIR APPLICATIONS."")",A,"DESCRIPTION A IS BETTER BECAUSE IT PROVIDES MORE DETAILED INFORMATION ABOUT THE DATASET'S STRUCTURE, INCLUDING SPECIFIC COLUMN CONSTRAINTS AND A CLEARER OVERVIEW OF THE DATA TYPES AND THEIR APPLICATIONS.",1
363,iebs-5yhr,363,A,"('A', 'DESCRIPTION A IS BETTER BECAUSE IT PROVIDES A MORE COMPREHENSIVE OVERVIEW OF THE DATASET, INCLUDING SPECIFIC DETAILS ABOUT THE DATA FIELDS AND THEIR CONSTRAINTS, WHICH ENHANCES ITS COMPLETENESS.')",A,"DESCRIPTION A IS BETTER BECAUSE IT PROVIDES A MORE COMPREHENSIVE OVERVIEW OF THE DATASET, INCLUDING SPECIFIC DETAILS ABOUT THE DATA FIELDS AND THEIR CONSTRAINTS, WHICH ENHANCES ITS COMPLETENESS.",1
364,yphg-6fug,364,B,"('B', 'DESCRIPTION B IS BETTER BECAUSE IT PROVIDES MORE SPECIFIC DETAILS ABOUT THE DATASET, INCLUDING THE NUMBER OF UNIQUE SCHOOL IDENTIFIERS AND THE TEMPORAL ASPECT OF THE DATA, WHILE MAINTAINING CLARITY AND CONCISENESS.')",B,"DESCRIPTION B IS BETTER BECAUSE IT PROVIDES MORE SPECIFIC DETAILS ABOUT THE DATASET, INCLUDING THE NUMBER OF UNIQUE SCHOOL IDENTIFIERS AND THE TEMPORAL ASPECT OF THE DATA, WHILE MAINTAINING CLARITY AND CONCISENESS.",1
365,ekck-c5sb,365,B,"('A', 'DESCRIPTION A IS BETTER BECAUSE IT PROVIDES A CLEARER FOCUS ON THE SPECIFIC CONTEXT OF COMMUNITY SCHOOLS AND THE ROLES OF REPRESENTATIVES, WHILE ALSO MAINTAINING A CONCISE AND READABLE STRUCTURE.')",A,"DESCRIPTION A IS BETTER BECAUSE IT PROVIDES A CLEARER FOCUS ON THE SPECIFIC CONTEXT OF COMMUNITY SCHOOLS AND THE ROLES OF REPRESENTATIVES, WHILE ALSO MAINTAINING A CONCISE AND READABLE STRUCTURE.",0
366,8a4n-zmpj,366,A,"('A', 'DESCRIPTION A IS BETTER BECAUSE IT PROVIDES A MORE COMPREHENSIVE OVERVIEW OF THE DATASET, INCLUDING DETAILED INFORMATION ABOUT THE NUMBER OF ARTWORKS, THEIR ATTRIBUTES, AND THE SIGNIFICANCE OF THE COLLECTION, WHILE ALSO MAINTAINING GOOD READABILITY.')",A,"DESCRIPTION A IS BETTER BECAUSE IT PROVIDES A MORE COMPREHENSIVE OVERVIEW OF THE DATASET, INCLUDING DETAILED INFORMATION ABOUT THE NUMBER OF ARTWORKS, THEIR ATTRIBUTES, AND THE SIGNIFICANCE OF THE COLLECTION, WHILE ALSO MAINTAINING GOOD READABILITY.",1
367,p8e4-uwuv,367,B,"('A', 'DESCRIPTION A IS BETTER BECAUSE IT PROVIDES A MORE COMPREHENSIVE OVERVIEW OF THE DATASET, INCLUDING A CLEAR EXPLANATION OF ITS SCOPE, UNIQUE ENTRIES, AND POTENTIAL APPLICATIONS, WHILE MAINTAINING GOOD READABILITY.')",A,"DESCRIPTION A IS BETTER BECAUSE IT PROVIDES A MORE COMPREHENSIVE OVERVIEW OF THE DATASET, INCLUDING A CLEAR EXPLANATION OF ITS SCOPE, UNIQUE ENTRIES, AND POTENTIAL APPLICATIONS, WHILE MAINTAINING GOOD READABILITY.",0
368,a3nt-yts4,368,B,"('B', 'DESCRIPTION B IS BETTER BECAUSE IT PROVIDES SPECIFIC NUMERICAL DETAILS ABOUT THE DATASET, ENHANCING COMPLETENESS, WHILE MAINTAINING CONCISENESS AND READABILITY.')",B,"DESCRIPTION B IS BETTER BECAUSE IT PROVIDES SPECIFIC NUMERICAL DETAILS ABOUT THE DATASET, ENHANCING COMPLETENESS, WHILE MAINTAINING CONCISENESS AND READABILITY.",1
369,8mzw-jfss,369,A,"('A', ""DESCRIPTION A IS BETTER BECAUSE IT PROVIDES MORE DETAILED INFORMATION ABOUT THE DATASET, INCLUDING SPECIFIC COLUMN CONSTRAINTS AND A COMPREHENSIVE OVERVIEW OF THE DATA'S POTENTIAL APPLICATIONS, ENHANCING COMPLETENESS AND CLARITY."")",A,"DESCRIPTION A IS BETTER BECAUSE IT PROVIDES MORE DETAILED INFORMATION ABOUT THE DATASET, INCLUDING SPECIFIC COLUMN CONSTRAINTS AND A COMPREHENSIVE OVERVIEW OF THE DATA'S POTENTIAL APPLICATIONS, ENHANCING COMPLETENESS AND CLARITY.",1
370,n7ta-pz8k,370,A,"('A', 'DESCRIPTION A IS BETTER BECAUSE IT PROVIDES A MORE COMPREHENSIVE OVERVIEW OF THE DATASET, INCLUDING SPECIFIC DETAILS ABOUT THE DATA RANGE, UNIQUE IDENTIFIERS, AND THE IMPLICATIONS FOR URBAN PLANNING AND EDUCATIONAL INFRASTRUCTURE.')",A,"DESCRIPTION A IS BETTER BECAUSE IT PROVIDES A MORE COMPREHENSIVE OVERVIEW OF THE DATASET, INCLUDING SPECIFIC DETAILS ABOUT THE DATA RANGE, UNIQUE IDENTIFIERS, AND THE IMPLICATIONS FOR URBAN PLANNING AND EDUCATIONAL INFRASTRUCTURE.",1
371,s47t-kwt5,371,A,"('A', 'DESCRIPTION A IS MORE COMPREHENSIVE, PROVIDING DETAILED METRICS AND SPECIFIC RANGES FOR CLASS SIZES AND STUDENT COUNTS, WHICH ENHANCES ITS COMPLETENESS AND USEFULNESS FOR ANALYSIS.')",A,"DESCRIPTION A IS MORE COMPREHENSIVE, PROVIDING DETAILED METRICS AND SPECIFIC RANGES FOR CLASS SIZES AND STUDENT COUNTS, WHICH ENHANCES ITS COMPLETENESS AND USEFULNESS FOR ANALYSIS.",1
372,q9xk-w9iv,372,B,"('A', ""DESCRIPTION A PROVIDES A MORE COMPREHENSIVE OVERVIEW OF THE DATASET'S PURPOSE, ATTRIBUTES, AND POTENTIAL APPLICATIONS, MAKING IT MORE INFORMATIVE OVERALL."")",A,"DESCRIPTION A PROVIDES A MORE COMPREHENSIVE OVERVIEW OF THE DATASET'S PURPOSE, ATTRIBUTES, AND POTENTIAL APPLICATIONS, MAKING IT MORE INFORMATIVE OVERALL.",0
373,mjm3-8dw8,373,B,"('B', ""DESCRIPTION B IS BETTER BECAUSE IT PROVIDES MORE SPECIFIC DETAILS ABOUT THE DATASET'S SCOPE, INCLUDING THE TYPES OF DIPLOMAS AND ADDITIONAL METRICS, WHILE MAINTAINING CLARITY AND CONCISENESS."")",B,"DESCRIPTION B IS BETTER BECAUSE IT PROVIDES MORE SPECIFIC DETAILS ABOUT THE DATASET'S SCOPE, INCLUDING THE TYPES OF DIPLOMAS AND ADDITIONAL METRICS, WHILE MAINTAINING CLARITY AND CONCISENESS.",1
374,hsst-tgws,374,A,"('A', ""DESCRIPTION A IS MORE COMPREHENSIVE AND DETAILED, PROVIDING A CLEARER UNDERSTANDING OF THE DATASET'S METRICS AND POTENTIAL APPLICATIONS."")",A,"DESCRIPTION A IS MORE COMPREHENSIVE AND DETAILED, PROVIDING A CLEARER UNDERSTANDING OF THE DATASET'S METRICS AND POTENTIAL APPLICATIONS.",1
375,ujdf-5byz,375,B,"('B', ""DESCRIPTION B IS BETTER BECAUSE IT PROVIDES MORE DETAILED INFORMATION ABOUT THE DATASET'S STRUCTURE AND SPECIFIC METRICS, ENHANCING COMPLETENESS WHILE MAINTAINING CLARITY AND CONCISENESS."")",B,"DESCRIPTION B IS BETTER BECAUSE IT PROVIDES MORE DETAILED INFORMATION ABOUT THE DATASET'S STRUCTURE AND SPECIFIC METRICS, ENHANCING COMPLETENESS WHILE MAINTAINING CLARITY AND CONCISENESS.",1
376,ugqd-j3dx,376,B,"('B', 'DESCRIPTION B IS BETTER BECAUSE IT PROVIDES MORE SPECIFIC DETAILS ABOUT THE DATASET, INCLUDING THE CONTEXT OF NEW YORK CITY, ADDITIONAL DEMOGRAPHIC INDICATORS, AND GRADUATION RATES, WHILE MAINTAINING CLARITY AND CONCISENESS.')",B,"DESCRIPTION B IS BETTER BECAUSE IT PROVIDES MORE SPECIFIC DETAILS ABOUT THE DATASET, INCLUDING THE CONTEXT OF NEW YORK CITY, ADDITIONAL DEMOGRAPHIC INDICATORS, AND GRADUATION RATES, WHILE MAINTAINING CLARITY AND CONCISENESS.",1
377,bjmk-35w5,377,A,"('A', 'DESCRIPTION A IS BETTER BECAUSE IT PROVIDES A MORE COMPREHENSIVE OVERVIEW OF THE DATASET, INCLUDING SPECIFIC DETAILS ABOUT THE NUMBER OF DISTRICTS AND SCHOOLS, AS WELL AS A CLEAR SEMANTIC PROFILE THAT ENHANCES UNDERSTANDING.')",A,"DESCRIPTION A IS BETTER BECAUSE IT PROVIDES A MORE COMPREHENSIVE OVERVIEW OF THE DATASET, INCLUDING SPECIFIC DETAILS ABOUT THE NUMBER OF DISTRICTS AND SCHOOLS, AS WELL AS A CLEAR SEMANTIC PROFILE THAT ENHANCES UNDERSTANDING.",1
378,cwqt-nvfg,378,A,"('A', ""DESCRIPTION A IS MORE COMPREHENSIVE AND PROVIDES CLEARER DETAILS ABOUT THE DATASET'S ATTRIBUTES AND POTENTIAL APPLICATIONS, MAKING IT MORE INFORMATIVE OVERALL."")",A,"DESCRIPTION A IS MORE COMPREHENSIVE AND PROVIDES CLEARER DETAILS ABOUT THE DATASET'S ATTRIBUTES AND POTENTIAL APPLICATIONS, MAKING IT MORE INFORMATIVE OVERALL.",1
379,w99a-xtai,379,B,"('A', ""DESCRIPTION A IS BETTER BECAUSE IT PROVIDES A CLEARER FOCUS ON THE DATASET'S PURPOSE AND POTENTIAL APPLICATIONS WHILE MAINTAINING A CONCISE AND READABLE STRUCTURE."")",A,DESCRIPTION A IS BETTER BECAUSE IT PROVIDES A CLEARER FOCUS ON THE DATASET'S PURPOSE AND POTENTIAL APPLICATIONS WHILE MAINTAINING A CONCISE AND READABLE STRUCTURE.,0
380,635b-dk9f,380,B,"('B', 'DESCRIPTION B IS BETTER BECAUSE IT PROVIDES MORE DETAILED INFORMATION ABOUT THE DATASET SIZE AND STRUCTURE, WHILE MAINTAINING CLARITY AND CONCISENESS.')",B,"DESCRIPTION B IS BETTER BECAUSE IT PROVIDES MORE DETAILED INFORMATION ABOUT THE DATASET SIZE AND STRUCTURE, WHILE MAINTAINING CLARITY AND CONCISENESS.",1
381,yiqb-mq9h,381,B,"('A', ""DESCRIPTION A IS BETTER BECAUSE IT PROVIDES A CLEARER OVERVIEW OF THE DATASET'S PURPOSE AND STRUCTURE WHILE MAINTAINING A LOGICAL FLOW, MAKING IT MORE READABLE AND COMPREHENSIVE."")",A,"DESCRIPTION A IS BETTER BECAUSE IT PROVIDES A CLEARER OVERVIEW OF THE DATASET'S PURPOSE AND STRUCTURE WHILE MAINTAINING A LOGICAL FLOW, MAKING IT MORE READABLE AND COMPREHENSIVE.",0
382,xs6e-ka4w,382,A,"('A', 'DESCRIPTION A IS BETTER BECAUSE IT PROVIDES A MORE COMPREHENSIVE OVERVIEW OF THE DATASET, INCLUDING DETAILED ATTRIBUTES AND CONSTRAINTS, WHICH ENHANCES ITS COMPLETENESS AND UTILITY FOR POTENTIAL USERS.')",A,"DESCRIPTION A IS BETTER BECAUSE IT PROVIDES A MORE COMPREHENSIVE OVERVIEW OF THE DATASET, INCLUDING DETAILED ATTRIBUTES AND CONSTRAINTS, WHICH ENHANCES ITS COMPLETENESS AND UTILITY FOR POTENTIAL USERS.",1
383,x4sg-2jca,383,A,"('A', 'DESCRIPTION A IS BETTER BECAUSE IT PROVIDES MORE DETAILED INFORMATION ABOUT THE DATASET, INCLUDING SPECIFIC COLUMN CONSTRAINTS AND A BROADER CONTEXT FOR ITS USE, ENHANCING COMPLETENESS AND READABILITY.')",A,"DESCRIPTION A IS BETTER BECAUSE IT PROVIDES MORE DETAILED INFORMATION ABOUT THE DATASET, INCLUDING SPECIFIC COLUMN CONSTRAINTS AND A BROADER CONTEXT FOR ITS USE, ENHANCING COMPLETENESS AND READABILITY.",1
384,cvqn-xqrr,384,B,"('B', 'DESCRIPTION B IS BETTER BECAUSE IT PROVIDES MORE SPECIFIC DETAILS ABOUT THE DATASET SIZE AND STRUCTURE, ENHANCING COMPLETENESS WHILE MAINTAINING CLARITY AND CONCISENESS.')",B,"DESCRIPTION B IS BETTER BECAUSE IT PROVIDES MORE SPECIFIC DETAILS ABOUT THE DATASET SIZE AND STRUCTURE, ENHANCING COMPLETENESS WHILE MAINTAINING CLARITY AND CONCISENESS.",1
385,rrfc-w3w8,385,B,"('A', ""DESCRIPTION A IS BETTER BECAUSE IT PROVIDES A CLEARER OVERVIEW OF THE DATASET'S FOCUS, METRICS, AND POTENTIAL APPLICATIONS WHILE MAINTAINING A CONCISE AND READABLE FORMAT."")",A,"DESCRIPTION A IS BETTER BECAUSE IT PROVIDES A CLEARER OVERVIEW OF THE DATASET'S FOCUS, METRICS, AND POTENTIAL APPLICATIONS WHILE MAINTAINING A CONCISE AND READABLE FORMAT.",0
386,u9k7-x2z3,386,A,"('A', 'DESCRIPTION A IS BETTER BECAUSE IT PROVIDES A MORE DETAILED AND COMPREHENSIVE OVERVIEW OF THE DATASET, INCLUDING SPECIFIC DEMOGRAPHIC CATEGORIES AND POTENTIAL APPLICATIONS, WHILE MAINTAINING GOOD READABILITY.')",A,"DESCRIPTION A IS BETTER BECAUSE IT PROVIDES A MORE DETAILED AND COMPREHENSIVE OVERVIEW OF THE DATASET, INCLUDING SPECIFIC DEMOGRAPHIC CATEGORIES AND POTENTIAL APPLICATIONS, WHILE MAINTAINING GOOD READABILITY.",1
387,6ewv-5j4c,387,A,"('A', ""DESCRIPTION A PROVIDES MORE DETAILED INFORMATION ON THE DATASET'S STRUCTURE AND POTENTIAL APPLICATIONS, MAKING IT MORE COMPREHENSIVE AND USEFUL FOR STAKEHOLDERS."")",A,"DESCRIPTION A PROVIDES MORE DETAILED INFORMATION ON THE DATASET'S STRUCTURE AND POTENTIAL APPLICATIONS, MAKING IT MORE COMPREHENSIVE AND USEFUL FOR STAKEHOLDERS.",1
388,s27g-2w3u,388,B,"('B', 'DESCRIPTION B IS BETTER BECAUSE IT PROVIDES MORE DETAILED INFORMATION ABOUT THE DATASET, INCLUDING THE NUMBER OF UNIQUE SCHOOL IDENTIFIERS AND SPECIFIC COLUMN CONSTRAINTS, ENHANCING COMPLETENESS WHILE MAINTAINING CLARITY AND CONCISENESS.')",B,"DESCRIPTION B IS BETTER BECAUSE IT PROVIDES MORE DETAILED INFORMATION ABOUT THE DATASET, INCLUDING THE NUMBER OF UNIQUE SCHOOL IDENTIFIERS AND SPECIFIC COLUMN CONSTRAINTS, ENHANCING COMPLETENESS WHILE MAINTAINING CLARITY AND CONCISENESS.",1
389,tzwr-vksx,389,B,"('B', 'DESCRIPTION B IS BETTER BECAUSE IT PROVIDES MORE DETAILED INFORMATION ABOUT THE TYPES OF SCHOOLS INCLUDED AND THE SPECIFIC METRICS FOR EACH, WHILE MAINTAINING CLARITY AND CONCISENESS.')",B,"DESCRIPTION B IS BETTER BECAUSE IT PROVIDES MORE DETAILED INFORMATION ABOUT THE TYPES OF SCHOOLS INCLUDED AND THE SPECIFIC METRICS FOR EACH, WHILE MAINTAINING CLARITY AND CONCISENESS.",1
390,ne9b-qgmm,390,B,"('B', ""DESCRIPTION B IS BETTER BECAUSE IT PROVIDES MORE DETAILED INFORMATION ABOUT THE DATASET, INCLUDING SPECIFIC METRICS, A BROADER RANGE OF STUDENT COUNTS, AND A CLEAR EXPLANATION OF THE DATA'S POTENTIAL APPLICATIONS, WHILE MAINTAINING GOOD READABILITY."")",B,"DESCRIPTION B IS BETTER BECAUSE IT PROVIDES MORE DETAILED INFORMATION ABOUT THE DATASET, INCLUDING SPECIFIC METRICS, A BROADER RANGE OF STUDENT COUNTS, AND A CLEAR EXPLANATION OF THE DATA'S POTENTIAL APPLICATIONS, WHILE MAINTAINING GOOD READABILITY.",1
391,udss-6pus,391,A,"('A', 'DESCRIPTION A IS BETTER BECAUSE IT PROVIDES A MORE COMPREHENSIVE OVERVIEW OF THE DATASET, INCLUDING SPECIFIC DETAILS ABOUT THE NUMBER OF UNIQUE SCHOOLS AND THE RANGE OF RESPONSE RATES, WHILE ALSO CLEARLY OUTLINING THE POTENTIAL APPLICATIONS OF THE DATA.')",A,"DESCRIPTION A IS BETTER BECAUSE IT PROVIDES A MORE COMPREHENSIVE OVERVIEW OF THE DATASET, INCLUDING SPECIFIC DETAILS ABOUT THE NUMBER OF UNIQUE SCHOOLS AND THE RANGE OF RESPONSE RATES, WHILE ALSO CLEARLY OUTLINING THE POTENTIAL APPLICATIONS OF THE DATA.",1
392,gk83-aa6y,392,B,"('B', 'DESCRIPTION B PROVIDES A MORE COMPREHENSIVE OVERVIEW OF THE DATASET, INCLUDING SPECIFIC EXAMPLES OF PROJECT TYPES AND A CLEAR MENTION OF THE DATASET SIZE, WHILE MAINTAINING GOOD READABILITY AND CONCISENESS.')",B,"DESCRIPTION B PROVIDES A MORE COMPREHENSIVE OVERVIEW OF THE DATASET, INCLUDING SPECIFIC EXAMPLES OF PROJECT TYPES AND A CLEAR MENTION OF THE DATASET SIZE, WHILE MAINTAINING GOOD READABILITY AND CONCISENESS.",1
393,xqea-6ihi,393,B,"('A', ""DESCRIPTION A IS BETTER BECAUSE IT PROVIDES A MORE DETAILED OVERVIEW OF THE DATASET'S CONTENTS, INCLUDING SPECIFIC ENROLLMENT FIGURES AND PERFORMANCE METRICS ACROSS MULTIPLE YEARS, WHICH ENHANCES COMPLETENESS AND CLARITY."")",A,"DESCRIPTION A IS BETTER BECAUSE IT PROVIDES A MORE DETAILED OVERVIEW OF THE DATASET'S CONTENTS, INCLUDING SPECIFIC ENROLLMENT FIGURES AND PERFORMANCE METRICS ACROSS MULTIPLE YEARS, WHICH ENHANCES COMPLETENESS AND CLARITY.",0
394,arzb-yfdv,394,A,"('A', 'DESCRIPTION A IS BETTER BECAUSE IT PROVIDES A MORE COMPREHENSIVE OVERVIEW OF THE DATASET, INCLUDING SPECIFIC DEMOGRAPHIC CATEGORIES AND POTENTIAL APPLICATIONS, WHILE MAINTAINING CLARITY AND LOGICAL FLOW.')",A,"DESCRIPTION A IS BETTER BECAUSE IT PROVIDES A MORE COMPREHENSIVE OVERVIEW OF THE DATASET, INCLUDING SPECIFIC DEMOGRAPHIC CATEGORIES AND POTENTIAL APPLICATIONS, WHILE MAINTAINING CLARITY AND LOGICAL FLOW.",1
395,99gz-6gpw,395,A,"('A', ""DESCRIPTION A IS BETTER BECAUSE IT PROVIDES MORE DETAILED INFORMATION ABOUT THE DATASET, INCLUDING SPECIFIC IDENTIFIERS, THE NUMBER OF UNIQUE ALLOCATIONS, AND A CLEARER EXPLANATION OF THE DATASET'S POTENTIAL APPLICATIONS."")",A,"DESCRIPTION A IS BETTER BECAUSE IT PROVIDES MORE DETAILED INFORMATION ABOUT THE DATASET, INCLUDING SPECIFIC IDENTIFIERS, THE NUMBER OF UNIQUE ALLOCATIONS, AND A CLEARER EXPLANATION OF THE DATASET'S POTENTIAL APPLICATIONS.",1
396,hphr-4k9z,396,B,"('B', ""DESCRIPTION B IS BETTER BECAUSE IT PROVIDES MORE DETAILED INFORMATION ABOUT THE DATASET'S SIZE, STRUCTURE, AND SPECIFIC METRICS, WHILE MAINTAINING CLARITY AND CONCISENESS."")",B,"DESCRIPTION B IS BETTER BECAUSE IT PROVIDES MORE DETAILED INFORMATION ABOUT THE DATASET'S SIZE, STRUCTURE, AND SPECIFIC METRICS, WHILE MAINTAINING CLARITY AND CONCISENESS.",1
397,sk7w-byju,397,A,"('A', 'DESCRIPTION A IS BETTER BECAUSE IT PROVIDES A MORE COMPREHENSIVE OVERVIEW OF THE DATASET, INCLUDING SPECIFIC DETAILS ABOUT THE DATA STRUCTURE AND POTENTIAL APPLICATIONS, WHILE MAINTAINING CLARITY AND READABILITY.')",A,"DESCRIPTION A IS BETTER BECAUSE IT PROVIDES A MORE COMPREHENSIVE OVERVIEW OF THE DATASET, INCLUDING SPECIFIC DETAILS ABOUT THE DATA STRUCTURE AND POTENTIAL APPLICATIONS, WHILE MAINTAINING CLARITY AND READABILITY.",1
398,tcj7-bhry,398,A,"('A', 'DESCRIPTION A IS BETTER BECAUSE IT PROVIDES A MORE COMPREHENSIVE OVERVIEW OF THE DATASET, INCLUDING DETAILS ABOUT THE NUMBER OF DISTRICTS, THE GEOGRAPHIC COVERAGE, AND THE SPECIFIC FOCUS ON GIFTED ADMISSIONS, WHILE MAINTAINING CLARITY AND READABILITY.')",A,"DESCRIPTION A IS BETTER BECAUSE IT PROVIDES A MORE COMPREHENSIVE OVERVIEW OF THE DATASET, INCLUDING DETAILS ABOUT THE NUMBER OF DISTRICTS, THE GEOGRAPHIC COVERAGE, AND THE SPECIFIC FOCUS ON GIFTED ADMISSIONS, WHILE MAINTAINING CLARITY AND READABILITY.",1
399,77u7-ptbn,399,A,"('A', 'DESCRIPTION A IS BETTER BECAUSE IT PROVIDES A MORE COMPREHENSIVE OVERVIEW OF THE DATASET, INCLUDING SPECIFIC DETAILS ABOUT THE NUMBER OF UNIQUE SCHOOL IDENTIFIERS AND THE POTENTIAL APPLICATIONS OF THE DATA, WHILE MAINTAINING CLARITY AND READABILITY.')",A,"DESCRIPTION A IS BETTER BECAUSE IT PROVIDES A MORE COMPREHENSIVE OVERVIEW OF THE DATASET, INCLUDING SPECIFIC DETAILS ABOUT THE NUMBER OF UNIQUE SCHOOL IDENTIFIERS AND THE POTENTIAL APPLICATIONS OF THE DATA, WHILE MAINTAINING CLARITY AND READABILITY.",1
400,jtus-srrj,400,B,"('B', 'DESCRIPTION B IS BETTER BECAUSE IT PROVIDES A MORE COMPREHENSIVE OVERVIEW OF THE DATASET, INCLUDING A LARGER NUMBER OF UNIQUE SCHOOL IDENTIFIERS AND DETAILED COLUMN CONSTRAINTS, WHILE MAINTAINING CLARITY AND CONCISENESS.')",B,"DESCRIPTION B IS BETTER BECAUSE IT PROVIDES A MORE COMPREHENSIVE OVERVIEW OF THE DATASET, INCLUDING A LARGER NUMBER OF UNIQUE SCHOOL IDENTIFIERS AND DETAILED COLUMN CONSTRAINTS, WHILE MAINTAINING CLARITY AND CONCISENESS.",1
401,9vpe-8zuf,401,B,"('B', ""DESCRIPTION B IS BETTER BECAUSE IT PROVIDES A MORE DETAILED OVERVIEW OF THE DATASET'S SCOPE, INCLUDING SPECIFIC METRICS AND A CLEAR STRUCTURE, WHILE MAINTAINING READABILITY AND CONCISENESS."")",B,"DESCRIPTION B IS BETTER BECAUSE IT PROVIDES A MORE DETAILED OVERVIEW OF THE DATASET'S SCOPE, INCLUDING SPECIFIC METRICS AND A CLEAR STRUCTURE, WHILE MAINTAINING READABILITY AND CONCISENESS.",1
402,5mxw-kxpt,402,A,"('A', 'DESCRIPTION A IS BETTER BECAUSE IT PROVIDES A MORE COMPREHENSIVE OVERVIEW OF THE DATASET, INCLUDING SPECIFIC ATTRIBUTES AND THEIR CONSTRAINTS, WHILE MAINTAINING CLARITY AND READABILITY.')",A,"DESCRIPTION A IS BETTER BECAUSE IT PROVIDES A MORE COMPREHENSIVE OVERVIEW OF THE DATASET, INCLUDING SPECIFIC ATTRIBUTES AND THEIR CONSTRAINTS, WHILE MAINTAINING CLARITY AND READABILITY.",1
403,gnum-kz6r,403,B,"('B', ""DESCRIPTION B IS BETTER BECAUSE IT PROVIDES MORE DETAILED INFORMATION ABOUT THE DATASET'S STRUCTURE, INCLUDING SPECIFIC COLUMN CONSTRAINTS AND VALUE RANGES, WHILE MAINTAINING CLARITY AND CONCISENESS."")",B,"DESCRIPTION B IS BETTER BECAUSE IT PROVIDES MORE DETAILED INFORMATION ABOUT THE DATASET'S STRUCTURE, INCLUDING SPECIFIC COLUMN CONSTRAINTS AND VALUE RANGES, WHILE MAINTAINING CLARITY AND CONCISENESS.",1
404,x3kb-2vbv,404,B,"('B', 'DESCRIPTION B IS BETTER BECAUSE IT PROVIDES A MORE COMPREHENSIVE OVERVIEW OF THE DATASET, INCLUDING A LARGER NUMBER OF ENTRIES AND A WIDER RANGE FOR PUPIL-TEACHER RATIOS, WHILE MAINTAINING CLARITY AND CONCISENESS.')",B,"DESCRIPTION B IS BETTER BECAUSE IT PROVIDES A MORE COMPREHENSIVE OVERVIEW OF THE DATASET, INCLUDING A LARGER NUMBER OF ENTRIES AND A WIDER RANGE FOR PUPIL-TEACHER RATIOS, WHILE MAINTAINING CLARITY AND CONCISENESS.",1
405,hdpu-mku8,405,B,"('B', 'DESCRIPTION B IS BETTER BECAUSE IT PROVIDES A MORE COMPREHENSIVE OVERVIEW OF THE DATASET, INCLUDING SPECIFIC DETAILS ABOUT THE NUMBER OF UNIQUE SCHOOL IDENTIFIERS AND THE RANGE OF RESPONSE RATES, WHILE MAINTAINING CLARITY AND CONCISENESS.')",B,"DESCRIPTION B IS BETTER BECAUSE IT PROVIDES A MORE COMPREHENSIVE OVERVIEW OF THE DATASET, INCLUDING SPECIFIC DETAILS ABOUT THE NUMBER OF UNIQUE SCHOOL IDENTIFIERS AND THE RANGE OF RESPONSE RATES, WHILE MAINTAINING CLARITY AND CONCISENESS.",1
406,mpg8-b8s5,406,A,"('A', ""DESCRIPTION A IS MORE COMPREHENSIVE, PROVIDING DETAILED INFORMATION ABOUT THE DATASET'S ATTRIBUTES AND THEIR CONSTRAINTS, WHICH ENHANCES ITS COMPLETENESS AND CLARITY."")",A,"DESCRIPTION A IS MORE COMPREHENSIVE, PROVIDING DETAILED INFORMATION ABOUT THE DATASET'S ATTRIBUTES AND THEIR CONSTRAINTS, WHICH ENHANCES ITS COMPLETENESS AND CLARITY.",1
407,q45m-5vk4,407,A,"('A', 'DESCRIPTION A IS BETTER BECAUSE IT PROVIDES A MORE COMPREHENSIVE OVERVIEW OF THE DATASET, INCLUDING ADDITIONAL DETAILS ON THE IMPLICATIONS FOR POLICY AND EDUCATIONAL EQUITY, WHILE MAINTAINING CLARITY AND READABILITY.')",A,"DESCRIPTION A IS BETTER BECAUSE IT PROVIDES A MORE COMPREHENSIVE OVERVIEW OF THE DATASET, INCLUDING ADDITIONAL DETAILS ON THE IMPLICATIONS FOR POLICY AND EDUCATIONAL EQUITY, WHILE MAINTAINING CLARITY AND READABILITY.",1
408,3c9q-94ad,408,A,"('A', 'DESCRIPTION A IS BETTER BECAUSE IT PROVIDES MORE DETAILED INFORMATION ABOUT THE DATASET, INCLUDING SPECIFIC METRICS AND POTENTIAL APPLICATIONS, WHILE MAINTAINING CLARITY AND COHERENCE.')",A,"DESCRIPTION A IS BETTER BECAUSE IT PROVIDES MORE DETAILED INFORMATION ABOUT THE DATASET, INCLUDING SPECIFIC METRICS AND POTENTIAL APPLICATIONS, WHILE MAINTAINING CLARITY AND COHERENCE.",1
409,is5y-7g3y,409,B,"('B', ""DESCRIPTION B IS BETTER BECAUSE IT PROVIDES MORE DETAILED INFORMATION ABOUT THE DATASET'S STRUCTURE, INCLUDING SPECIFIC ATTRIBUTES AND CONSTRAINTS, WHILE MAINTAINING CLARITY AND RELEVANCE."")",B,"DESCRIPTION B IS BETTER BECAUSE IT PROVIDES MORE DETAILED INFORMATION ABOUT THE DATASET'S STRUCTURE, INCLUDING SPECIFIC ATTRIBUTES AND CONSTRAINTS, WHILE MAINTAINING CLARITY AND RELEVANCE.",1
410,kiwq-bb5k,410,B,"('B', 'DESCRIPTION B IS BETTER BECAUSE IT PROVIDES A MORE COMPREHENSIVE OVERVIEW OF THE DATASET, INCLUDING A LARGER NUMBER OF UNIQUE SCHOOLS AND A BROADER RANGE OF ENROLLMENT FIGURES, WHILE MAINTAINING CLARITY AND CONCISENESS.')",B,"DESCRIPTION B IS BETTER BECAUSE IT PROVIDES A MORE COMPREHENSIVE OVERVIEW OF THE DATASET, INCLUDING A LARGER NUMBER OF UNIQUE SCHOOLS AND A BROADER RANGE OF ENROLLMENT FIGURES, WHILE MAINTAINING CLARITY AND CONCISENESS.",1
411,d4mz-3bq9,411,A,"('A', 'DESCRIPTION A IS BETTER BECAUSE IT PROVIDES A MORE COMPREHENSIVE OVERVIEW OF THE DATASET, INCLUDING SPECIFIC METRICS AND A CLEARER CONTEXT FOR ITS USE, WHILE MAINTAINING GOOD READABILITY.')",A,"DESCRIPTION A IS BETTER BECAUSE IT PROVIDES A MORE COMPREHENSIVE OVERVIEW OF THE DATASET, INCLUDING SPECIFIC METRICS AND A CLEARER CONTEXT FOR ITS USE, WHILE MAINTAINING GOOD READABILITY.",1
412,5kru-rjmf,412,A,"('A', 'DESCRIPTION A IS BETTER BECAUSE IT PROVIDES A MORE COMPREHENSIVE OVERVIEW OF THE DATASET, INCLUDING SPECIFIC METRICS AND POTENTIAL APPLICATIONS, WHILE MAINTAINING CLARITY AND READABILITY.')",A,"DESCRIPTION A IS BETTER BECAUSE IT PROVIDES A MORE COMPREHENSIVE OVERVIEW OF THE DATASET, INCLUDING SPECIFIC METRICS AND POTENTIAL APPLICATIONS, WHILE MAINTAINING CLARITY AND READABILITY.",1
413,ywiv-5gyw,413,B,"('B', 'DESCRIPTION B IS BETTER BECAUSE IT PROVIDES MORE DETAILED INFORMATION ABOUT THE DATASET, INCLUDING SPECIFIC RANGES FOR RESPONSE RATES AND A CLEAR OUTLINE OF COLUMN CONSTRAINTS, ENHANCING COMPLETENESS AND READABILITY.')",B,"DESCRIPTION B IS BETTER BECAUSE IT PROVIDES MORE DETAILED INFORMATION ABOUT THE DATASET, INCLUDING SPECIFIC RANGES FOR RESPONSE RATES AND A CLEAR OUTLINE OF COLUMN CONSTRAINTS, ENHANCING COMPLETENESS AND READABILITY.",1
414,exe6-f2vx,414,B,"('B', ""DESCRIPTION B IS BETTER BECAUSE IT PROVIDES SPECIFIC DETAILS ABOUT THE RANGE OF GRADUATE COUNTS AND EMPHASIZES THE DATASET'S VALUE FOR ANALYZING ARTS EDUCATION, ENHANCING BOTH COMPLETENESS AND READABILITY."")",B,"DESCRIPTION B IS BETTER BECAUSE IT PROVIDES SPECIFIC DETAILS ABOUT THE RANGE OF GRADUATE COUNTS AND EMPHASIZES THE DATASET'S VALUE FOR ANALYZING ARTS EDUCATION, ENHANCING BOTH COMPLETENESS AND READABILITY.",1
415,g52i-ijbe,415,B,"('B', ""DESCRIPTION B IS BETTER BECAUSE IT PROVIDES A MORE DETAILED OVERVIEW OF THE DATASET'S STRUCTURE AND METRICS WHILE MAINTAINING CLARITY AND CONCISENESS."")",B,DESCRIPTION B IS BETTER BECAUSE IT PROVIDES A MORE DETAILED OVERVIEW OF THE DATASET'S STRUCTURE AND METRICS WHILE MAINTAINING CLARITY AND CONCISENESS.,1
416,nenq-ccpd,416,B,"('B', 'DESCRIPTION B IS BETTER BECAUSE IT PROVIDES MORE DETAILED INFORMATION ABOUT THE DATASET, INCLUDING THE NUMBER OF SCHOOLS, SPECIFIC METRICS, AND A COMPREHENSIVE DATA DICTIONARY, ENHANCING COMPLETENESS AND CLARITY.')",B,"DESCRIPTION B IS BETTER BECAUSE IT PROVIDES MORE DETAILED INFORMATION ABOUT THE DATASET, INCLUDING THE NUMBER OF SCHOOLS, SPECIFIC METRICS, AND A COMPREHENSIVE DATA DICTIONARY, ENHANCING COMPLETENESS AND CLARITY.",1
417,wmn9-zjsc,417,A,"('A', 'DESCRIPTION A IS BETTER BECAUSE IT PROVIDES A MORE DETAILED OVERVIEW OF THE DATASET, INCLUDING SPECIFIC METRICS AND THEIR IMPLICATIONS FOR EDUCATIONAL ANALYSIS, WHILE MAINTAINING CLARITY AND COHERENCE.')",A,"DESCRIPTION A IS BETTER BECAUSE IT PROVIDES A MORE DETAILED OVERVIEW OF THE DATASET, INCLUDING SPECIFIC METRICS AND THEIR IMPLICATIONS FOR EDUCATIONAL ANALYSIS, WHILE MAINTAINING CLARITY AND COHERENCE.",1
418,xijd-ubiu,418,A,"('A', 'DESCRIPTION A IS BETTER BECAUSE IT PROVIDES A MORE COMPREHENSIVE OVERVIEW OF THE DATASET, INCLUDING SPECIFIC METRICS, UNIQUE IDENTIFIERS, AND DETAILED COLUMN CONSTRAINTS, WHICH ENHANCES ITS COMPLETENESS AND UTILITY FOR POTENTIAL USERS.')",A,"DESCRIPTION A IS BETTER BECAUSE IT PROVIDES A MORE COMPREHENSIVE OVERVIEW OF THE DATASET, INCLUDING SPECIFIC METRICS, UNIQUE IDENTIFIERS, AND DETAILED COLUMN CONSTRAINTS, WHICH ENHANCES ITS COMPLETENESS AND UTILITY FOR POTENTIAL USERS.",1
419,irg8-quqm,419,A,"('A', 'DESCRIPTION A IS BETTER BECAUSE IT PROVIDES A MORE COMPREHENSIVE OVERVIEW OF THE DATASET, INCLUDING DETAILS ON THE NUMBER OF UNIQUE ORGANIZATIONS AND THE VARIABILITY IN TRANSPORT NEEDS, WHILE MAINTAINING CLARITY AND READABILITY.')",A,"DESCRIPTION A IS BETTER BECAUSE IT PROVIDES A MORE COMPREHENSIVE OVERVIEW OF THE DATASET, INCLUDING DETAILS ON THE NUMBER OF UNIQUE ORGANIZATIONS AND THE VARIABILITY IN TRANSPORT NEEDS, WHILE MAINTAINING CLARITY AND READABILITY.",1
420,g4zf-s85y,420,B,"('B', 'DESCRIPTION B IS BETTER BECAUSE IT PROVIDES MORE SPECIFIC DETAILS ABOUT THE DATASET, INCLUDING THE NUMBER OF UNIQUE SCHOOL IDENTIFIERS AND THE NUMBER OF DISTRICTS COVERED, ENHANCING ITS COMPLETENESS WHILE MAINTAINING CLARITY AND CONCISENESS.')",B,"DESCRIPTION B IS BETTER BECAUSE IT PROVIDES MORE SPECIFIC DETAILS ABOUT THE DATASET, INCLUDING THE NUMBER OF UNIQUE SCHOOL IDENTIFIERS AND THE NUMBER OF DISTRICTS COVERED, ENHANCING ITS COMPLETENESS WHILE MAINTAINING CLARITY AND CONCISENESS.",1
421,xne4-4v8f,421,B,"('B', 'DESCRIPTION B IS BETTER BECAUSE IT PROVIDES MORE SPECIFIC DETAILS ABOUT THE DATASET, SUCH AS THE NUMBER OF SCHOOLS AND DISTRICTS, WHILE MAINTAINING CLARITY AND CONCISENESS.')",B,"DESCRIPTION B IS BETTER BECAUSE IT PROVIDES MORE SPECIFIC DETAILS ABOUT THE DATASET, SUCH AS THE NUMBER OF SCHOOLS AND DISTRICTS, WHILE MAINTAINING CLARITY AND CONCISENESS.",1
422,kd8f-uxui,422,B,"('A', 'DESCRIPTION A PROVIDES A MORE COMPREHENSIVE OVERVIEW OF THE DATASET, INCLUDING ITS PURPOSE, POTENTIAL APPLICATIONS, AND THE SIGNIFICANCE OF THE DATA, MAKING IT MORE INFORMATIVE OVERALL.')",A,"DESCRIPTION A PROVIDES A MORE COMPREHENSIVE OVERVIEW OF THE DATASET, INCLUDING ITS PURPOSE, POTENTIAL APPLICATIONS, AND THE SIGNIFICANCE OF THE DATA, MAKING IT MORE INFORMATIVE OVERALL.",0
423,m9yq-6n44,423,B,"('A', ""DESCRIPTION A IS BETTER BECAUSE IT PROVIDES A CLEARER RANGE FOR THE IDENTIFIERS AND THE NUMBER OF TEACHERS, WHILE MAINTAINING A CONCISE AND COHERENT NARRATIVE THAT EFFECTIVELY COMMUNICATES THE DATASET'S PURPOSE AND POTENTIAL APPLICATIONS."")",A,"DESCRIPTION A IS BETTER BECAUSE IT PROVIDES A CLEARER RANGE FOR THE IDENTIFIERS AND THE NUMBER OF TEACHERS, WHILE MAINTAINING A CONCISE AND COHERENT NARRATIVE THAT EFFECTIVELY COMMUNICATES THE DATASET'S PURPOSE AND POTENTIAL APPLICATIONS.",0
424,dh83-nwj8,424,A,"('A', ""DESCRIPTION A IS BETTER BECAUSE IT PROVIDES MORE DETAILED INFORMATION ABOUT THE DATASET'S STRUCTURE, INCLUDING SPECIFIC COLUMN CONSTRAINTS AND A COMPREHENSIVE OVERVIEW OF THE DATA'S POTENTIAL APPLICATIONS."")",A,"DESCRIPTION A IS BETTER BECAUSE IT PROVIDES MORE DETAILED INFORMATION ABOUT THE DATASET'S STRUCTURE, INCLUDING SPECIFIC COLUMN CONSTRAINTS AND A COMPREHENSIVE OVERVIEW OF THE DATA'S POTENTIAL APPLICATIONS.",1
425,7pi4-r8u2,425,B,"('B', ""DESCRIPTION B IS BETTER BECAUSE IT PROVIDES A MORE DETAILED OVERVIEW OF THE DATASET'S SIZE AND UNIQUE IDENTIFIERS WHILE MAINTAINING CLARITY AND CONCISENESS."")",B,DESCRIPTION B IS BETTER BECAUSE IT PROVIDES A MORE DETAILED OVERVIEW OF THE DATASET'S SIZE AND UNIQUE IDENTIFIERS WHILE MAINTAINING CLARITY AND CONCISENESS.,1
426,ms9y-qe37,426,B,"('B', 'DESCRIPTION B IS BETTER BECAUSE IT PROVIDES MORE SPECIFIC DETAILS ABOUT THE DATASET, INCLUDING SCORE RANGES AND A CLEAR STRUCTURE, ENHANCING COMPLETENESS AND READABILITY WHILE MAINTAINING CONCISENESS.')",B,"DESCRIPTION B IS BETTER BECAUSE IT PROVIDES MORE SPECIFIC DETAILS ABOUT THE DATASET, INCLUDING SCORE RANGES AND A CLEAR STRUCTURE, ENHANCING COMPLETENESS AND READABILITY WHILE MAINTAINING CONCISENESS.",1
427,2gcj-p28u,427,B,"('B', 'DESCRIPTION B IS BETTER BECAUSE IT PROVIDES A MORE COMPREHENSIVE OVERVIEW OF THE DATASET, INCLUDING SPECIFIC NUMBERS OF UNIQUE IDENTIFIERS AND DISTRICTS, WHILE MAINTAINING CLARITY AND CONCISENESS.')",B,"DESCRIPTION B IS BETTER BECAUSE IT PROVIDES A MORE COMPREHENSIVE OVERVIEW OF THE DATASET, INCLUDING SPECIFIC NUMBERS OF UNIQUE IDENTIFIERS AND DISTRICTS, WHILE MAINTAINING CLARITY AND CONCISENESS.",1
428,v4se-2t5p,428,A,"('A', 'DESCRIPTION A IS BETTER BECAUSE IT PROVIDES A MORE COMPREHENSIVE OVERVIEW OF THE DATASET, INCLUDING SPECIFIC DETAILS ABOUT THE DATA FIELDS AND THEIR CONSTRAINTS, WHICH ENHANCES COMPLETENESS AND CLARITY.')",A,"DESCRIPTION A IS BETTER BECAUSE IT PROVIDES A MORE COMPREHENSIVE OVERVIEW OF THE DATASET, INCLUDING SPECIFIC DETAILS ABOUT THE DATA FIELDS AND THEIR CONSTRAINTS, WHICH ENHANCES COMPLETENESS AND CLARITY.",1
429,xr5s-zsn6,429,A,"('A', ""DESCRIPTION A IS BETTER BECAUSE IT PROVIDES A MORE DETAILED OVERVIEW OF THE DATASET'S CONTENTS, INCLUDING SPECIFIC STATISTICS AND A CLEARER EXPLANATION OF ITS APPLICATIONS, WHILE MAINTAINING READABILITY."")",A,"DESCRIPTION A IS BETTER BECAUSE IT PROVIDES A MORE DETAILED OVERVIEW OF THE DATASET'S CONTENTS, INCLUDING SPECIFIC STATISTICS AND A CLEARER EXPLANATION OF ITS APPLICATIONS, WHILE MAINTAINING READABILITY.",1
430,95ii-vcsx,430,A,"('A', 'DESCRIPTION A IS BETTER BECAUSE IT PROVIDES MORE DETAILED STATISTICS AND INSIGHTS ABOUT THE DATASET, ENHANCING COMPLETENESS WHILE MAINTAINING CLARITY AND READABILITY.')",A,"DESCRIPTION A IS BETTER BECAUSE IT PROVIDES MORE DETAILED STATISTICS AND INSIGHTS ABOUT THE DATASET, ENHANCING COMPLETENESS WHILE MAINTAINING CLARITY AND READABILITY.",1
431,hi2h-7vr7,431,A,"('A', ""DESCRIPTION A IS BETTER BECAUSE IT PROVIDES MORE DETAILED INFORMATION ABOUT THE DATASET'S STRUCTURE, SPECIFIC METRICS, AND COLUMN CONSTRAINTS, ENHANCING COMPLETENESS AND CLARITY FOR POTENTIAL USERS."")",A,"DESCRIPTION A IS BETTER BECAUSE IT PROVIDES MORE DETAILED INFORMATION ABOUT THE DATASET'S STRUCTURE, SPECIFIC METRICS, AND COLUMN CONSTRAINTS, ENHANCING COMPLETENESS AND CLARITY FOR POTENTIAL USERS.",1
432,npwk-bcm6,432,B,"('B', 'DESCRIPTION B IS BETTER BECAUSE IT PROVIDES MORE SPECIFIC DETAILS ABOUT THE DATASET, INCLUDING THE NUMBER OF UNIQUE SCHOOLS AND THE RANGE OF METRICS, WHILE MAINTAINING CLARITY AND RELEVANCE FOR POTENTIAL USERS.')",B,"DESCRIPTION B IS BETTER BECAUSE IT PROVIDES MORE SPECIFIC DETAILS ABOUT THE DATASET, INCLUDING THE NUMBER OF UNIQUE SCHOOLS AND THE RANGE OF METRICS, WHILE MAINTAINING CLARITY AND RELEVANCE FOR POTENTIAL USERS.",1
433,5fgn-pgqe,433,A,"('A', ""DESCRIPTION A IS BETTER BECAUSE IT PROVIDES MORE DETAILED INFORMATION ABOUT THE DATASET'S STRUCTURE, SPECIFIC DATA POINTS, AND POTENTIAL APPLICATIONS, MAKING IT MORE COMPREHENSIVE AND INFORMATIVE."")",A,"DESCRIPTION A IS BETTER BECAUSE IT PROVIDES MORE DETAILED INFORMATION ABOUT THE DATASET'S STRUCTURE, SPECIFIC DATA POINTS, AND POTENTIAL APPLICATIONS, MAKING IT MORE COMPREHENSIVE AND INFORMATIVE.",1
434,shsq-aapc,434,B,"('A', 'DESCRIPTION A IS BETTER BECAUSE IT PROVIDES A MORE COMPREHENSIVE OVERVIEW OF THE DATASET, INCLUDING THE SIGNIFICANCE OF THE DATA FOR VARIOUS STAKEHOLDERS AND A CLEARER EXPLANATION OF THE EDUCATIONAL CONTEXT.')",A,"DESCRIPTION A IS BETTER BECAUSE IT PROVIDES A MORE COMPREHENSIVE OVERVIEW OF THE DATASET, INCLUDING THE SIGNIFICANCE OF THE DATA FOR VARIOUS STAKEHOLDERS AND A CLEARER EXPLANATION OF THE EDUCATIONAL CONTEXT.",0
435,gsyv-em48,435,B,"('A', ""DESCRIPTION A IS BETTER BECAUSE IT PROVIDES A MORE COMPREHENSIVE OVERVIEW OF THE DATASET'S PURPOSE AND POTENTIAL APPLICATIONS, WHILE MAINTAINING CLARITY AND LOGICAL FLOW."")",A,"DESCRIPTION A IS BETTER BECAUSE IT PROVIDES A MORE COMPREHENSIVE OVERVIEW OF THE DATASET'S PURPOSE AND POTENTIAL APPLICATIONS, WHILE MAINTAINING CLARITY AND LOGICAL FLOW.",0
436,gk67-cwwz,436,A,"('A', 'DESCRIPTION A IS BETTER BECAUSE IT PROVIDES A MORE DETAILED OVERVIEW OF THE DATASET, INCLUDING SPECIFIC METRICS AND POTENTIAL APPLICATIONS, WHILE MAINTAINING CLARITY AND COHERENCE.')",A,"DESCRIPTION A IS BETTER BECAUSE IT PROVIDES A MORE DETAILED OVERVIEW OF THE DATASET, INCLUDING SPECIFIC METRICS AND POTENTIAL APPLICATIONS, WHILE MAINTAINING CLARITY AND COHERENCE.",1
437,ccgt-mp8e,437,B,"('A', ""DESCRIPTION A IS BETTER BECAUSE IT PROVIDES A MORE COMPREHENSIVE OVERVIEW OF THE DATASET'S SCOPE AND POTENTIAL APPLICATIONS WHILE MAINTAINING CLARITY AND READABILITY."")",A,DESCRIPTION A IS BETTER BECAUSE IT PROVIDES A MORE COMPREHENSIVE OVERVIEW OF THE DATASET'S SCOPE AND POTENTIAL APPLICATIONS WHILE MAINTAINING CLARITY AND READABILITY.,0
438,ihu4-ncc7,438,B,"('A', 'DESCRIPTION A IS SLIGHTLY BETTER DUE TO ITS CLEARER PHRASING AND MORE STRUCTURED PRESENTATION OF THE DATA BREAKDOWN, ENHANCING READABILITY.')",A,"DESCRIPTION A IS SLIGHTLY BETTER DUE TO ITS CLEARER PHRASING AND MORE STRUCTURED PRESENTATION OF THE DATA BREAKDOWN, ENHANCING READABILITY.",0
439,dmuj-yrxd,439,A,"('A', ""DESCRIPTION A IS BETTER BECAUSE IT PROVIDES MORE DETAILED INFORMATION ABOUT THE DATASET'S METRICS AND POTENTIAL APPLICATIONS, ENHANCING COMPLETENESS WHILE MAINTAINING READABILITY."")",A,"DESCRIPTION A IS BETTER BECAUSE IT PROVIDES MORE DETAILED INFORMATION ABOUT THE DATASET'S METRICS AND POTENTIAL APPLICATIONS, ENHANCING COMPLETENESS WHILE MAINTAINING READABILITY.",1
440,qiyv-ty5u,440,A,"('B', 'DESCRIPTION B IS BETTER BECAUSE IT PROVIDES A CLEARER STRUCTURE AND FLOW OF INFORMATION WHILE MAINTAINING CONCISENESS AND COMPLETENESS WITHOUT UNNECESSARY REPETITION.')",B,DESCRIPTION B IS BETTER BECAUSE IT PROVIDES A CLEARER STRUCTURE AND FLOW OF INFORMATION WHILE MAINTAINING CONCISENESS AND COMPLETENESS WITHOUT UNNECESSARY REPETITION.,0
441,ptkq-bbd4,441,A,"('A', 'DESCRIPTION A IS BETTER BECAUSE IT PROVIDES MORE DETAILED INFORMATION ABOUT THE DATASET, INCLUDING SPECIFIC METRICS, UNIQUE VALUES, AND COLUMN CONSTRAINTS, WHICH ENHANCES COMPLETENESS AND CLARITY.')",A,"DESCRIPTION A IS BETTER BECAUSE IT PROVIDES MORE DETAILED INFORMATION ABOUT THE DATASET, INCLUDING SPECIFIC METRICS, UNIQUE VALUES, AND COLUMN CONSTRAINTS, WHICH ENHANCES COMPLETENESS AND CLARITY.",1
442,2bs8-z87y,442,B,"('B', ""DESCRIPTION B IS BETTER BECAUSE IT PROVIDES MORE DETAILED INFORMATION ABOUT THE DATASET'S SIZE, STRUCTURE, AND SPECIFIC METRICS, WHILE MAINTAINING CLARITY AND CONCISENESS."")",B,"DESCRIPTION B IS BETTER BECAUSE IT PROVIDES MORE DETAILED INFORMATION ABOUT THE DATASET'S SIZE, STRUCTURE, AND SPECIFIC METRICS, WHILE MAINTAINING CLARITY AND CONCISENESS.",1
443,urz8-dybm,443,B,"('B', 'DESCRIPTION B IS BETTER BECAUSE IT PROVIDES MORE SPECIFIC DETAILS ABOUT THE DATASET, INCLUDING THE NUMBER OF UNIQUE BUILDING AND ORGANIZATION IDS, WHILE MAINTAINING CLARITY AND CONCISENESS.')",B,"DESCRIPTION B IS BETTER BECAUSE IT PROVIDES MORE SPECIFIC DETAILS ABOUT THE DATASET, INCLUDING THE NUMBER OF UNIQUE BUILDING AND ORGANIZATION IDS, WHILE MAINTAINING CLARITY AND CONCISENESS.",1
444,vmbc-b9fa,444,A,"('A', ""DESCRIPTION A PROVIDES A MORE DETAILED OVERVIEW OF THE DATASET'S APPLICATIONS AND IMPLICATIONS, ENHANCING ITS COMPLETENESS AND READABILITY COMPARED TO DESCRIPTION B."")",A,"DESCRIPTION A PROVIDES A MORE DETAILED OVERVIEW OF THE DATASET'S APPLICATIONS AND IMPLICATIONS, ENHANCING ITS COMPLETENESS AND READABILITY COMPARED TO DESCRIPTION B.",1
445,qq3t-y24y,445,B,"('A', 'DESCRIPTION A IS BETTER BECAUSE IT PROVIDES A MORE COMPREHENSIVE OVERVIEW OF THE DATASET, INCLUDING SPECIFIC METRICS AND POTENTIAL APPLICATIONS, WHILE MAINTAINING CLARITY AND READABILITY.')",A,"DESCRIPTION A IS BETTER BECAUSE IT PROVIDES A MORE COMPREHENSIVE OVERVIEW OF THE DATASET, INCLUDING SPECIFIC METRICS AND POTENTIAL APPLICATIONS, WHILE MAINTAINING CLARITY AND READABILITY.",0
446,msnn-ey3g,446,A,"('A', ""DESCRIPTION A IS MORE COMPREHENSIVE AND DETAILED, PROVIDING SPECIFIC INFORMATION ABOUT THE DATASET'S STRUCTURE, METRICS, AND POTENTIAL APPLICATIONS, WHICH ENHANCES ITS OVERALL QUALITY."")",A,"DESCRIPTION A IS MORE COMPREHENSIVE AND DETAILED, PROVIDING SPECIFIC INFORMATION ABOUT THE DATASET'S STRUCTURE, METRICS, AND POTENTIAL APPLICATIONS, WHICH ENHANCES ITS OVERALL QUALITY.",1
