dataset_id,dataset url,description,description_original,search_focused_description,search_focus_description,data_dict,rows,columns,is_data_dict,is_columns_description
43nn-pn8j,https://data.cityofnewyork.us/d/43nn-pn8j,"This dataset provides detailed information on restaurant inspection violations across various boroughs, including Manhattan, Brooklyn, Queens, the Bronx, and Staten Island. It includes unique identifiers for each establishment, such as the CAMIS number, along with the name, address, and contact information. The dataset covers a wide range of cuisines and highlights critical and non-critical violations, along with their descriptions and associated scores. Temporal coverage spans from March 2022 to March 2026, while spatial data includes precise latitude and longitude coordinates for each location. This dataset can be utilized for monitoring food safety compliance, analyzing trends in restaurant inspections, and identifying areas for improvement in public health standards. It serves as a valuable resource for researchers, policymakers, and the general public interested in food safety and restaurant quality.","This dataset contains information on restaurant inspection violations across various boroughs, including Manhattan, Brooklyn, Queens, Staten Island, and the Bronx. It features unique identifiers for each establishment, such as the CAMIS number, and includes details like the name, address, cuisine type, and contact information. The dataset spans inspection dates from 2018 to 2026, providing insights into compliance with health regulations. It categorizes violations by severity, indicating critical and non-critical issues. This dataset can be utilized for monitoring food safety standards, identifying trends in violations, and enhancing public awareness regarding restaurant hygiene practices.","Dataset Overview:
- This dataset provides detailed information on restaurant inspection violations across various boroughs, including Manhattan, Brooklyn, Queens, the Bronx, and Staten Island. It includes unique identifiers for each establishment, such as the CAMIS number, along with the name, address, and contact information. The dataset covers a wide range of cuisines and highlights critical and non-critical violations, along with their descriptions and associated scores. Temporal coverage spans from March 2022 to March 2026, while spatial data includes precise latitude and longitude coordinates for each location. This dataset can be utilized for monitoring food safety compliance, analyzing trends in restaurant inspections, and identifying areas for improvement in public health standards. It serves as a valuable resource for researchers, policymakers, and the general public interested in food safety and restaurant quality.

Key Themes or Topics:
- Food safety
- Public health
- Restaurant quality
- Health inspections
- Compliance monitoring
- Violation analysis
- Urban health
- Consumer protection
- Foodborne illness prevention
- Regulatory enforcement

Applications and Use Cases:
- Monitoring food safety compliance in restaurants
- Analyzing trends in restaurant inspection violations over time
- Identifying areas for improvement in public health standards
- Supporting policymakers in developing food safety regulations
- Assisting researchers in studying the impact of restaurant violations on public health
- Informing consumers about restaurant safety and quality
- Evaluating the effectiveness of health inspection programs
- Conducting spatial analysis of restaurant violations by borough

Potential Questions:
- What are the most common critical and non-critical violations reported in restaurants?
- How do restaurant inspection scores vary across different boroughs?
- What trends can be observed in restaurant inspection violations from March 2022 to March 2026?
- How does the distribution of restaurant violations correlate with specific cuisines?
- What is the relationship between restaurant inspection scores and the number of violations reported?
- Are there specific areas within boroughs that have higher rates of food safety violations?

Concepts and Synonyms:
- Restaurant inspections/health inspections
- Food safety compliance/food safety regulations
- Violations/infractions
- Critical violations/non-critical violations
- Public health standards/health regulations
- Foodborne illness/food safety risks
- Regulatory compliance/health code adherence
- Inspection scores/violation scores
- Establishment identifiers/CAMIS number

Keywords and Themes:
- Restaurant inspection
- Food safety
- Health violations
- Public health
- Compliance monitoring
- Inspection scores
- Borough analysis
- Consumer safety
- Food quality
- Violation trends

Additional Context:
- This dataset is crucial for addressing public health challenges related to food safety and restaurant quality, particularly in urban environments where dining options are abundant. It can be integrated with other datasets related to health outcomes, foodborne illness reports, and demographic data to provide a comprehensive view of food safety issues. The dataset's temporal and spatial dimensions allow for in-depth analysis of trends and patterns that can inform both policy and consumer choices.","Dataset Overview:
- This dataset contains information on restaurant inspection violations across various boroughs, including Manhattan, Brooklyn, Queens, Staten Island, and the Bronx. It features unique identifiers for each establishment, such as the CAMIS number, and includes details like the name, address, cuisine type, and contact information. The dataset spans inspection dates from 2018 to 2026, providing insights into compliance with health regulations. It categorizes violations by severity, indicating critical and non-critical issues. This dataset can be utilized for monitoring food safety standards, identifying trends in violations, and enhancing public awareness regarding restaurant hygiene practices.

Key Themes or Topics:
- Food safety
- Public health
- Restaurant compliance
- Health inspections
- Sanitation standards
- Regulatory enforcement
- Consumer protection
- Foodborne illness prevention
- Hygiene practices in food service
- Urban health and safety

Applications and Use Cases:
- Enables health department officials to monitor compliance with health regulations.
- Assists researchers in studying trends in restaurant violations over time.
- Supports policymakers in developing regulations and standards for food safety.
- Aids public health advocates in raising awareness about restaurant hygiene.
- Facilitates data analysis for food safety audits and inspections.
- Provides insights for restaurant owners to improve compliance and safety practices.

Concepts and Synonyms:
- Restaurant inspection/food establishment inspection
- Health violations/sanitation violations
- Compliance monitoring/regulatory compliance
- Critical violations/non-critical violations
- Food safety standards/health standards
- Inspection reports/violation reports
- Public health data/health statistics
- Food hygiene/restaurant hygiene
- Sanitary conditions/cleanliness standards

Keywords and Themes:
- restaurant inspection
- health violations
- food safety
- sanitation
- compliance
- public health
- inspection data
- violation severity
- foodborne illness
- regulatory compliance

Additional Context:
- This dataset is crucial for addressing public health challenges related to food safety and hygiene in urban environments.
- It can be integrated with other datasets related to health outcomes, foodborne illness reports, and demographic data to provide a comprehensive view of food safety issues.
- The dataset supports interdisciplinary research that combines public health, urban studies, and consumer behavior analysis, enhancing the understanding of food safety dynamics in metropolitan areas.",,297,27.0,0.0,1.0
jb7j-dtam,https://data.cityofnewyork.us/d/jb7j-dtam,"This dataset provides comprehensive information on the leading causes of death in the United States from 2007 to 2021, categorized by year, sex, and race/ethnicity. It includes key metrics such as the number of deaths, death rates, and age-adjusted death rates, allowing for detailed analysis of mortality trends across different demographic groups. The dataset features 15 unique years and covers various medical conditions, including mental health disorders, chronic diseases, and accidents. Each entry represents a specific cause of death, with counts and rates that facilitate comparisons and insights into public health issues. The data can be utilized for research, policy-making, and healthcare planning, helping to identify high-risk populations and inform strategies to reduce mortality rates. Overall, this dataset serves as a vital resource for understanding the dynamics of health and mortality in diverse communities.

Column constraints outlined in Data Dictionary:
year: integer; range: 2007-2016  
leading_cause: string; allowed values: Top 10 leading causes of death  
sex: string; allowed values: Male, Female  
race_ethnicity: string; allowed values: Hispanic, Asian and Pacific Islander, Non-Hispanic White, Non-Hispanic Black, Other Race/Ethnicity, Not Stated/Unknown  
deaths: integer; counts under 5 are suppressed; null values allowed  
death_rate: float; unit: per 100,000 population; rates with relative standard error (RSE) >30 are suppressed; null values allowed  
age_adjusted_death_rate: float; unit: per 100,000 population; rates with relative standard error (RSE) >30 are suppressed; null values allowed","This dataset provides comprehensive information on the leading causes of death in New York City, covering the years from 2006 to 2020. It includes data on various demographic factors such as sex and race/ethnicity, allowing for detailed analysis of health disparities. The dataset features key measurements like the number of deaths, death rates, and age-adjusted death rates, which are essential for statistical analysis in healthcare. Researchers and public health officials can utilize this dataset to identify trends, assess the impact of health interventions, and develop strategies to address the leading causes of mortality in the city.","Dataset Overview:
- This dataset provides comprehensive information on the leading causes of death in the United States from 2007 to 2021, categorized by year, sex, and race/ethnicity. It includes key metrics such as the number of deaths, death rates, and age-adjusted death rates, allowing for detailed analysis of mortality trends across different demographic groups. The dataset features 15 unique years and covers various medical conditions, including mental health disorders, chronic diseases, and accidents. Each entry represents a specific cause of death, with counts and rates that facilitate comparisons and insights into public health issues. The data can be utilized for research, policy-making, and healthcare planning, helping to identify high-risk populations and inform strategies to reduce mortality rates. Overall, this dataset serves as a vital resource for understanding the dynamics of health and mortality in diverse communities.

Key Themes or Topics:
- Public health
- Mortality analysis
- Epidemiology
- Health disparities
- Demographic trends
- Chronic disease prevalence
- Mental health statistics
- Accidental deaths
- Racial and ethnic health outcomes
- Gender differences in mortality

Applications and Use Cases:
- Facilitates public health research and analysis for healthcare professionals and epidemiologists.
- Useful for policymakers in formulating health policies and interventions.
- Enables healthcare planning and resource allocation based on mortality trends.
- Assists in identifying high-risk populations for targeted health initiatives.
- Supports academic research in sociology, public health, and health economics.

Potential Questions:
- What are the leading causes of death by year and demographic group?
- How do death rates differ between males and females for specific causes?
- What trends can be observed in age-adjusted death rates over the years?
- How do mortality rates vary across different race/ethnicity categories?
- What is the impact of chronic diseases on overall mortality in the U.S.?

Concepts and Synonyms:
- Leading causes of death/mortality causes
- Death rates/mortality rates
- Age-adjusted death rates/standardized mortality rates
- Health disparities/health inequities
- Chronic diseases/long-term health conditions
- Mental health disorders/psychological conditions
- Accidents/unintentional injuries
- Demographic analysis/population health statistics

Keywords and Themes:
- Leading death causes
- Mortality statistics
- Public health data
- Health trends
- Demographic mortality analysis
- Chronic disease mortality
- Mental health and mortality
- Racial disparities in health
- Gender differences in health outcomes

Additional Context:
- This dataset is relevant for addressing public health challenges and understanding the impact of social determinants on health outcomes.
- It provides valuable insights for interdisciplinary research, combining elements of sociology, medicine, and public policy.
- The dataset can be integrated with other health-related datasets to enhance the understanding of mortality and health trends in the U.S.","Dataset Overview:
- This dataset provides comprehensive information on the leading causes of death in New York City, covering the years from 2006 to 2020. It includes data on various demographic factors such as sex and race/ethnicity, allowing for detailed analysis of health disparities. The dataset features key measurements like the number of deaths, death rates, and age-adjusted death rates, which are essential for statistical analysis in healthcare. Researchers and public health officials can utilize this dataset to identify trends, assess the impact of health interventions, and develop strategies to address the leading causes of mortality in the city.

Key Themes or Topics:
- Public health
- Mortality analysis
- Health disparities
- Demographic health trends
- Epidemiology
- Urban health
- Social determinants of health
- Chronic diseases
- Infectious diseases
- Health interventions
- Statistical health metrics

Applications and Use Cases:
- Supports public health research and policy development
- Aids in the identification of health trends and disparities among different demographic groups
- Facilitates the evaluation of health interventions and their effectiveness
- Assists in resource allocation for healthcare services
- Informs community health initiatives and prevention strategies
- Guides healthcare planning and emergency response strategies

Concepts and Synonyms:
- Causes of death/mortality causes
- Death rates/mortality rates
- Age-adjusted death rates/age-standardized mortality rates
- Health disparities/health inequities
- Demographics/population characteristics
- Epidemiological data/health statistics
- Public health data/healthcare data
- Chronic illness/chronic disease
- Infectious disease/communicable disease
- Statistical analysis/quantitative analysis

Keywords and Themes:
- NYC death causes
- mortality statistics
- health outcomes
- demographic analysis
- public health trends
- healthcare disparities
- mortality trends
- health interventions
- epidemiological research
- urban mortality

Additional Context:
- The dataset is crucial for understanding the impact of socio-economic factors on health outcomes in urban settings.
- It provides insights into the effectiveness of public health policies and interventions over time.
- The dataset can be integrated with other health-related datasets for comprehensive analyses of health trends and outcomes in New York City and similar urban environments.","{'year': {'column_description': 'The year of death.', 'term_acronym_or_code_definitions': 'Calendar year', 'additional_notes': '2007-2016'}, 'leading_cause': {'column_description': 'The cause of death.', 'term_acronym_or_code_definitions': 'Top 10 leading causes of death', 'additional_notes': 'Top 10 leading causes by each category.'}, 'sex': {'column_description': ""The decendent's sex."", 'additional_notes': 'Male, Female'}, 'race_ethnicity': {'column_description': ""The decendent's ethnicity."", 'additional_notes': 'Hispanic, Asian and Pacific Islancer, Non-Hispanic White, Non-Hispanic Black, Other Race/Ethnicity, Not Stated/Unknown'}, 'deaths': {'column_description': 'The number of people who died due to cause of death.', 'additional_notes': 'Counts under 5 are suppressed.'}, 'death_rate': {'column_description': 'The death rate within the sex and Race/ethnicity category', 'term_acronym_or_code_definitions': 'Death rate per 100,000 population.', 'additional_notes': 'Rates with relative standard error (RSE) >30 are suppressed.'}, 'age_adjusted_death_rate': {'column_description': 'The age-adjusted death rate within the sex and Race/ethnicity category', 'term_acronym_or_code_definitions': 'Age-adjusted death rate per 100,000 population.', 'additional_notes': 'Rates with relative standard error (RSE) >30 are suppressed.'}}","2,102",7.0,1.0,1.0
rc75-m7u3,https://data.cityofnewyork.us/d/rc75-m7u3,"This dataset provides comprehensive COVID-19 statistics, including daily counts of confirmed cases, probable cases, hospitalizations, and deaths across various regions. The data spans from April 2, 2020, to September 9, 2025, with a total of 2,054 unique dates recorded. Key metrics include case counts, hospitalization rates, and death counts, along with their respective 7-day averages, allowing for detailed trend analysis. The dataset is structured to facilitate healthcare research, public health monitoring, and policy-making, offering insights into the progression of the pandemic. Each column represents specific measurements relevant to healthcare, such as case counts and hospitalization rates, which are crucial for understanding the impact of COVID-19 on communities. This dataset can be utilized by researchers, public health officials, and policymakers to inform decisions and strategies in response to the ongoing pandemic.","This dataset provides comprehensive COVID-19 statistics, including daily counts of confirmed cases, probable cases, hospitalizations, and deaths across various regions. It spans from April 2, 2020, to October 4, 2025, offering valuable insights into the pandemic's progression over time. The dataset includes key metrics such as 7-day averages for case counts and hospitalizations, allowing for trend analysis. It can be utilized by researchers, public health officials, and policymakers to monitor the impact of COVID-19, assess healthcare resource needs, and inform decision-making processes. The data is structured to facilitate easy aggregation and analysis for various healthcare contexts.","Dataset Overview:
- This dataset provides comprehensive COVID-19 statistics, including daily counts of confirmed cases, probable cases, hospitalizations, and deaths across various regions. The data spans from April 2, 2020, to September 9, 2025, with a total of 2,054 unique dates recorded. Key metrics include case counts, hospitalization rates, and death counts, along with their respective 7-day averages, allowing for detailed trend analysis. The dataset is structured to facilitate healthcare research, public health monitoring, and policy-making, offering insights into the progression of the pandemic. Each column represents specific measurements relevant to healthcare, such as case counts and hospitalization rates, which are crucial for understanding the impact of COVID-19 on communities. This dataset can be utilized by researchers, public health officials, and policymakers to inform decisions and strategies in response to the ongoing pandemic.

Key Themes or Topics:
- COVID-19 statistics
- Public health data
- Epidemiology
- Infectious disease tracking
- Healthcare analytics
- Pandemic response
- Health policy analysis
- Disease surveillance

Applications and Use Cases:
- Facilitates analysis for public health officials in monitoring disease spread.
- Useful for researchers studying the epidemiology of COVID-19.
- Supports policymakers in formulating health policies and interventions.
- Enables healthcare providers to assess hospital resource needs.
- Assists in statistical modeling of disease trends and outcomes.
- Aids in community health assessments and planning.

Potential Questions:
- What is the daily distribution of confirmed COVID-19 cases over the specified dates?
- How do hospitalization rates for COVID-19 differ across various regions?
- What trends can be observed in death counts related to COVID-19 over time?
- How do 7-day averages of confirmed cases compare to probable cases?
- What is the correlation between hospitalization rates and confirmed case counts?

Concepts and Synonyms:
- COVID-19/coronavirus
- confirmed cases/positive cases
- probable cases/suspected cases
- hospitalizations/admissions
- deaths/mortality
- case counts/infection counts
- hospitalization rates/admission rates
- trend analysis/time series analysis

Keywords and Themes:
- COVID-19 statistics
- public health monitoring
- epidemiological data
- healthcare research
- pandemic statistics
- disease incidence
- mortality rates
- health outcomes

Additional Context:
- This dataset is crucial for understanding the ongoing impact of COVID-19 on global health systems and communities.
- It provides valuable insights for interdisciplinary research, combining public health, data science, and policy studies.
- The dataset can be integrated with other health datasets to enhance the understanding of COVID-19's effects on various demographics and regions.","Dataset Overview:
- This dataset provides comprehensive COVID-19 statistics, including daily counts of confirmed cases, probable cases, hospitalizations, and deaths across various regions. It spans from April 2, 2020, to October 4, 2025, offering valuable insights into the pandemic's progression over time. The dataset includes key metrics such as 7-day averages for case counts and hospitalizations, allowing for trend analysis. It can be utilized by researchers, public health officials, and policymakers to monitor the impact of COVID-19, assess healthcare resource needs, and inform decision-making processes. The data is structured to facilitate easy aggregation and analysis for various healthcare contexts.

Key Themes or Topics:
- COVID-19 statistics
- Public health data
- Epidemiology
- Infectious disease tracking
- Healthcare resource management
- Pandemic response analysis
- Disease surveillance
- Health outcomes assessment

Applications and Use Cases:
- Facilitates analysis for public health officials
- Useful for researchers studying infectious diseases
- Supports policymakers in decision-making regarding healthcare resources
- Enables trend analysis for healthcare providers
- Assists in modeling the impact of interventions
- Aids in the assessment of healthcare system capacity
- Provides insights for vaccine distribution planning

Concepts and Synonyms:
- COVID-19/coronavirus disease 2019
- SARS-CoV-2/novel coronavirus
- confirmed cases/positive cases
- probable cases/suspected cases
- hospitalizations/admissions
- deaths/mortality
- 7-day averages/moving averages
- trend analysis/time series analysis
- public health surveillance/epidemiological surveillance
- healthcare resource allocation/healthcare capacity

Keywords and Themes:
- COVID-19 statistics
- pandemic data
- health metrics
- case counts
- hospitalization rates
- mortality rates
- public health response
- disease progression
- healthcare analytics
- epidemiological data

Additional Context:
- Highlights the dataset's relevance to ongoing public health challenges related to COVID-19.
- Emphasizes its value for interdisciplinary applications, including collaboration between healthcare, data science, and policy-making sectors.
- Supports the integration of COVID-19 data with other health datasets for comprehensive analysis and research.",,"2,054",55.0,0.0,1.0
nu7n-tubp,https://data.cityofnewyork.us/d/nu7n-tubp,"This dataset contains information on dog licenses issued in New York City, featuring a total of 33,636 unique dog names and 1,595 distinct breeds. It includes key details such as the dog's gender, birth year, and the owner's zip code, allowing for comprehensive analysis of pet demographics across the city. The dataset spans from 2015 to 2024, with license issuance and expiration dates providing temporal context for each entry. The data can be utilized for various purposes, including tracking pet ownership trends, understanding breed popularity, and assessing the distribution of dog licenses by geographic area. Additionally, the dataset's semantic profile highlights the classification of dogs by gender and breed, as well as the temporal aspects of license issuance and expiration, making it a valuable resource for researchers, policymakers, and animal welfare organizations interested in canine demographics and licensing practices in NYC.

Column constraints outlined in Data Dictionary:
animalname: required; string format
animalgender: allowed values: {M, F}
animalbirth: integer; value range: 2002 to 2023
breedname: string format
zipcode: numeric; value range: 10000 to 11599; null values allowed","This dataset contains information on dog licenses issued in New York City, featuring details such as the animal's name, gender, birth year, breed, and associated zip code. It includes 100 unique entries, with data spanning from 2002 to 2024. The dataset provides insights into the demographics of licensed dogs, including 53 different breeds and 59 zip codes. The license issuance and expiration dates are recorded with weekly resolution, allowing for temporal analysis. This dataset can be utilized for understanding pet ownership trends, breed popularity, and geographic distribution of licensed dogs in NYC.","Dataset Overview:
- This dataset contains information on dog licenses issued in New York City, featuring a total of 33,636 unique dog names and 1,595 distinct breeds. It includes key details such as the dog's gender, birth year, and the owner's zip code, allowing for comprehensive analysis of pet demographics across the city. The dataset spans from 2015 to 2024, with license issuance and expiration dates providing temporal context for each entry. The data can be utilized for various purposes, including tracking pet ownership trends, understanding breed popularity, and assessing the distribution of dog licenses by geographic area. Additionally, the dataset's semantic profile highlights the classification of dogs by gender and breed, as well as the temporal aspects of license issuance and expiration, making it a valuable resource for researchers, policymakers, and animal welfare organizations interested in canine demographics and licensing practices in NYC.

Key Themes or Topics:
- Urban pet ownership
- Animal welfare and licensing
- Canine demographics
- Breed diversity and popularity
- Geographic distribution of pets
- Temporal trends in pet licensing
- Socioeconomic factors influencing pet ownership
- Public health and safety related to pets

Applications and Use Cases:
- Analyzing trends in dog ownership across different neighborhoods in NYC
- Assessing the popularity of specific dog breeds over time
- Evaluating the impact of socioeconomic factors on pet licensing rates
- Informing policy decisions related to animal control and welfare
- Supporting research on the relationship between pet ownership and community engagement
- Identifying areas with high concentrations of dog licenses for targeted outreach or services

Potential Questions:
- What is the distribution of dog breeds across different zip codes in NYC?
- How does the gender ratio of licensed dogs vary by neighborhood?
- What trends can be observed in dog license issuance from 2015 to 2024?
- How does the age of licensed dogs correlate with their breed popularity?
- What is the relationship between dog ownership and socioeconomic status in various NYC neighborhoods?

Concepts and Synonyms:
- Dog licensing/canine licensing
- Pet demographics/pet population statistics
- Breed classification/breed identification
- Animal control/pet regulation
- Geographic analysis/spatial distribution
- Temporal analysis/time series data
- Ownership trends/pet ownership patterns

Keywords and Themes:
- NYC dog licenses
- Canine demographics
- Dog breeds
- Pet ownership trends
- Animal welfare
- Geographic distribution of dogs
- License issuance and expiration
- Dog gender statistics

Additional Context:
- This dataset is relevant for understanding the dynamics of pet ownership in urban environments, particularly in relation to public policy and community health. It can be integrated with other datasets on urban demographics, public health, and community resources to provide a comprehensive view of the role of pets in city life. The insights derived from this dataset can inform initiatives aimed at improving animal welfare and enhancing community engagement through pet ownership.","Dataset Overview:
- This dataset contains information on dog licenses issued in New York City, featuring details such as the animal's name, gender, birth year, breed, and associated zip code. It includes 100 unique entries, with data spanning from 2002 to 2024. The dataset provides insights into the demographics of licensed dogs, including 53 different breeds and 59 zip codes. The license issuance and expiration dates are recorded with weekly resolution, allowing for temporal analysis. This dataset can be utilized for understanding pet ownership trends, breed popularity, and geographic distribution of licensed dogs in NYC.

Key Themes or Topics:
- Urban pet ownership
- Animal licensing and regulation
- Demographics of pet ownership
- Breed diversity and popularity
- Geographic distribution of pets
- Temporal trends in dog licensing
- Public health and safety related to pets
- Community engagement and pet services

Applications and Use Cases:
- Facilitates analysis for animal control agencies and city planners
- Useful for researchers studying pet demographics and ownership trends
- Supports policymakers in formulating pet-related regulations and initiatives
- Enables insights into community needs for pet services and facilities
- Assists in marketing strategies for pet-related businesses
- Aids in public health studies related to pet ownership and community well-being

Concepts and Synonyms:
- Dog licenses/pet licenses
- Canine demographics/pet demographics
- Breed classification/breed types
- Geographic analysis/spatial distribution
- Ownership trends/pet ownership patterns
- Licensing data/registration data
- Animal welfare/pet welfare
- Urban ecology/pet ecology

Keywords and Themes:
- NYC dog licenses
- pet ownership statistics
- dog breed popularity
- animal demographics NYC
- licensed dogs data
- pet registration trends
- geographic pet distribution
- dog licensing history

Additional Context:
- Highlights the dataset's relevance to urban planning and community services, particularly in relation to pet ownership and its impact on city infrastructure.
- Emphasizes its value for interdisciplinary applications, including sociology, public health, and urban studies, by providing insights into the relationship between pet ownership and community dynamics.
- Supports integration with other datasets related to urban living, public health, and animal welfare to enhance understanding of the role of pets in urban environments.","{'animalname': {'column_description': 'User-provided dog name (unless specified otherwise)', 'additional_notes': 'Provided by the owner'}, 'animalgender': {'column_description': 'M (Male) or F (Female) dog gender', 'additional_notes': 'Provided by the owner'}, 'animalbirth': {'column_description': 'Year dog was born', 'additional_notes': 'Provided by the owner'}, 'breedname': {'column_description': 'Dog breed', 'additional_notes': 'Provided by the owner'}, 'zipcode': {'column_description': 'Owner zip code', 'additional_notes': 'Provided by the owner'}, 'licenseissueddate': {'column_description': 'Date the dog license was issued'}, 'licenseexpireddate': {'column_description': 'Date the dog license expires'}, 'extract_year': {'column_description': 'Year the data was extracted'}}",723,8.0,1.0,1.0
25th-nujf,https://data.cityofnewyork.us/d/25th-nujf,"This dataset provides insights into baby name popularity from 2011 to 2021, capturing various demographic factors such as gender and ethnicity. It includes 3,302 unique names, with data categorized by birth year, gender, ethnicity, count of occurrences, and rank. The birth year serves as a temporal reference, allowing for analysis of trends over time. Gender and ethnicity classifications enable a deeper understanding of naming patterns across different demographics. The count reflects the frequency of each name, while the rank indicates its popularity relative to others. This dataset can be utilized for research in social trends, cultural studies, and marketing strategies, helping to identify shifts in naming preferences and their correlation with demographic changes. Overall, it serves as a valuable resource for anyone interested in the dynamics of baby names and their societal implications.","This dataset provides insights into baby name popularity, capturing various attributes such as birth year, gender, ethnicity, name, count, and rank. It includes data from 2011 to 2021, with a total of 100 unique entries. The dataset categorizes names by gender and ethnicity, allowing for demographic analysis. The count reflects the frequency of each name, while the rank indicates its popularity relative to others. This information can be valuable for understanding naming trends, cultural influences, and shifts in societal preferences over time, making it a useful resource for researchers, marketers, and parents alike.","Dataset Overview:
- This dataset provides insights into baby name popularity from 2011 to 2021, capturing various demographic factors such as gender and ethnicity. It includes 3,302 unique names, with data categorized by birth year, gender, ethnicity, count of occurrences, and rank. The birth year serves as a temporal reference, allowing for analysis of trends over time. Gender and ethnicity classifications enable a deeper understanding of naming patterns across different demographics. The count reflects the frequency of each name, while the rank indicates its popularity relative to others. This dataset can be utilized for research in social trends, cultural studies, and marketing strategies, helping to identify shifts in naming preferences and their correlation with demographic changes. Overall, it serves as a valuable resource for anyone interested in the dynamics of baby names and their societal implications.

Key Themes or Topics:
- Baby name trends
- Demographic analysis
- Cultural naming practices
- Gender studies
- Ethnic diversity in naming
- Temporal analysis of names
- Social trends in naming
- Popularity metrics of names

Applications and Use Cases:
- Facilitates analysis for sociologists studying naming conventions.
- Useful for marketers targeting specific demographics based on naming trends.
- Enables researchers to explore cultural shifts reflected in baby names.
- Assists in understanding the impact of ethnicity on name selection.
- Supports policymakers in analyzing demographic changes over time.

Potential Questions:
- What is the distribution of baby names by gender and ethnicity from 2011 to 2021?
- How does the popularity of specific names differ across various ethnic groups?
- How has the ranking of baby names changed over the years within different demographics?
- What are the most common baby names for each year in the dataset?
- Are there any notable trends in baby name popularity based on gender over the decade?

Concepts and Synonyms:
- Baby names/naming conventions
- Popularity/popular names
- Demographics/demographic factors
- Ethnicity/race
- Gender/sex
- Trends/naming trends
- Occurrences/frequency
- Rank/popularity rank

Keywords and Themes:
- baby name popularity
- demographic analysis
- cultural studies
- naming trends
- gender and ethnicity
- temporal trends
- social implications of names
- name frequency and rank

Additional Context:
- This dataset is relevant for understanding how societal changes influence naming practices over time.
- It provides insights into the intersection of culture, gender, and ethnicity in the context of baby names.
- The dataset can be integrated with other demographic datasets to enhance research on population dynamics and cultural shifts.","Dataset Overview:
- This dataset provides insights into baby name popularity, capturing various attributes such as birth year, gender, ethnicity, name, count, and rank. It includes data from 2011 to 2021, with a total of 100 unique entries. The dataset categorizes names by gender and ethnicity, allowing for demographic analysis. The count reflects the frequency of each name, while the rank indicates its popularity relative to others. This information can be valuable for understanding naming trends, cultural influences, and shifts in societal preferences over time, making it a useful resource for researchers, marketers, and parents alike.

Key Themes or Topics:
- Baby name trends
- Name popularity analysis
- Demographic naming patterns
- Cultural influences on naming
- Gender-based name preferences
- Ethnic diversity in baby names
- Temporal changes in name popularity
- Societal shifts in naming conventions

Applications and Use Cases:
- Facilitates analysis for parents choosing baby names
- Useful for marketers targeting family-oriented products
- Supports researchers studying cultural and social trends
- Aids in demographic studies related to naming practices
- Assists in the development of baby name recommendation tools
- Enables insights for sociologists examining identity and culture
- Provides data for educational purposes in sociology and anthropology

Concepts and Synonyms:
- Baby names/naming
- Name frequency/name count
- Popularity ranking/rank
- Gender classification/male and female names
- Ethnicity/race in naming
- Naming conventions/naming trends
- Cultural significance of names
- Demographic analysis/population studies

Keywords and Themes:
- baby name popularity
- name trends
- demographic analysis
- cultural influences
- gender and ethnicity in names
- naming statistics
- birth year data
- societal preferences in names

Additional Context:
- Highlights the dataset's relevance to understanding how cultural and societal factors influence naming choices over time.
- Emphasizes its value for interdisciplinary applications, including sociology, marketing, and family studies.
- Provides insights into how naming trends can reflect broader societal changes, making it a critical resource for analyzing shifts in identity and cultural values.",,21,6.0,0.0,1.0
uiay-nctu,https://data.cityofnewyork.us/d/uiay-nctu,"This dataset focuses on the Open Streets Initiative, which aims to enhance pedestrian and cyclist access in urban areas by temporarily closing streets to vehicular traffic. It includes detailed information about various open streets programs across New York City, covering aspects such as the organization responsible, street names, boroughs, operational days, and hours of operation. The dataset contains 391 unique entries, with data spanning from December 31, 2023, to December 31, 2024, providing a comprehensive view of the initiative's temporal coverage. Each entry includes identifiers for streets and segments, as well as geometric data for spatial analysis. This dataset can be utilized for urban planning, community engagement, and promoting social distancing measures by facilitating safe walking and cycling environments. It serves as a valuable resource for researchers, city planners, and community organizations interested in improving public spaces and promoting active transportation.

Column constraints outlined in Data Dictionary:
object_id: Unique identifier; must be a sequential number auto-generated by ESRI  
boroughname: Allowed values are Manhattan, Bronx, Brooklyn, Queens, Staten Island  
apprdayswe: Allowed values are mon, tue, wed, thu, fri, sat, sun; values may be comma-separated  
apprmonope: Format must be HH:MM (24 hours)  
apprmonclo: Format must be HH:MM (24 hours)  
apprtueope: Format must be HH:MM (24 hours)  
apprtueclo: Format must be HH:MM (24 hours)  
apprwedope: Format must be HH:MM (24 hours)  
apprwedclo: Format must be HH:MM (24 hours)  
apprthuope: Format must be HH:MM (24 hours)  
apprthuclo: Format must be HH:MM (24 hours)  
apprfriope: Format must be HH:MM (24 hours)  
apprfriclo: Format must be HH:MM (24 hours)  
apprsatope: Format must be HH:MM (24 hours)  
apprsatclo: Format must be HH:MM (24 hours)  
apprsunope: Format must be HH:MM (24 hours)  
apprsunclo: Format must be HH:MM (24 hours)  
lionversion: Format must be a string like ""XXA"", where XX is a two-digit year and A is a quarter designation (A, B, C, D)","This dataset focuses on Open Streets initiatives in New York City, detailing various street closures and their operational hours. It includes information such as the organization responsible, street names, boroughs, and the days of the week when the streets are open. The dataset spans from January 9, 2024, to June 26, 2025, providing a comprehensive view of the program's temporal coverage. Each entry is uniquely identified by an object ID, and the dataset contains spatial data for precise location mapping. This information can be utilized for urban planning, community engagement, and enhancing public awareness of Open Streets events.","Dataset Overview:
- This dataset focuses on the Open Streets Initiative, which aims to enhance pedestrian and cyclist access in urban areas by temporarily closing streets to vehicular traffic. It includes detailed information about various open streets programs across New York City, covering aspects such as the organization responsible, street names, boroughs, operational days, and hours of operation. The dataset contains 391 unique entries, with data spanning from December 31, 2023, to December 31, 2024, providing a comprehensive view of the initiative's temporal coverage. Each entry includes identifiers for streets and segments, as well as geometric data for spatial analysis. This dataset can be utilized for urban planning, community engagement, and promoting social distancing measures by facilitating safe walking and cycling environments. It serves as a valuable resource for researchers, city planners, and community organizations interested in improving public spaces and promoting active transportation.

Key Themes or Topics:
- Urban mobility
- Active transportation
- Public space management
- Community health and safety
- Environmental sustainability
- Urban design and planning
- Traffic management
- Social equity in transportation
- Temporary street closures
- Pedestrianization initiatives

Applications and Use Cases:
- Urban planning and development
- Policy formulation for transportation and public health
- Community engagement and outreach programs
- Analysis of pedestrian and cyclist behavior
- Evaluation of urban mobility initiatives
- Research on social distancing measures and public health
- Geographic information system (GIS) analysis for spatial planning
- Assessment of community impact and accessibility
- Event planning and management for public spaces

Potential Questions:
- What are the operational days and hours for open streets in each borough?
- How does the distribution of open streets vary across different neighborhoods in New York City?
- What is the total number of unique street segments involved in the Open Streets Initiative?
- How have the operational hours of open streets changed over the specified time period?
- Which borough has the highest number of open streets programs?
- What are the common days of the week for open streets operations?

Concepts and Synonyms:
- Open Streets/Street closures
- Active transportation/Pedestrian and cyclist access
- Urban planning/City planning
- Public health/Social distancing
- Community engagement/Public participation
- Traffic calming measures/Traffic management
- Temporary public spaces/Pop-up parks
- Mobility equity/Transportation equity

Keywords and Themes:
- Open Streets Initiative
- New York City
- pedestrian access
- cyclist access
- urban mobility
- public health
- community safety
- street closures
- urban planning
- active transportation

Additional Context:
- The dataset is relevant for addressing urban mobility challenges in densely populated areas.
- It provides insights into the effectiveness of temporary street closures in promoting active transportation and public health.
- The dataset can be integrated with other urban datasets to analyze the impact of open streets on traffic patterns, air quality, and community well-being.
- It supports interdisciplinary research involving urban studies, public health, and environmental science.","Dataset Overview:
- This dataset focuses on Open Streets initiatives in New York City, detailing various street closures and their operational hours. It includes information such as the organization responsible, street names, boroughs, and the days of the week when the streets are open. The dataset spans from January 9, 2024, to June 26, 2025, providing a comprehensive view of the program's temporal coverage. Each entry is uniquely identified by an object ID, and the dataset contains spatial data for precise location mapping. This information can be utilized for urban planning, community engagement, and enhancing public awareness of Open Streets events.

Key Themes or Topics:
- Urban planning
- Public space management
- Community engagement
- Transportation and mobility
- Public health and safety
- Environmental sustainability
- Civic participation
- Event planning and management
- Social equity in urban spaces

Applications and Use Cases:
- Urban planning and development
- Policy formulation for public spaces
- Community outreach and engagement strategies
- Traffic and transportation analysis
- Event scheduling and management
- Research on urban mobility patterns
- Evaluation of public health impacts
- Analysis of social equity in urban environments
- Geographic information system (GIS) applications

Concepts and Synonyms:
- Open Streets/Street closures
- Public space/Community space
- Urban mobility/Transportation access
- Street festivals/Community events
- Temporary street closures/Seasonal street use
- Active transportation/Biking and walking initiatives
- Urban revitalization/Neighborhood improvement
- Civic engagement/Public participation
- Local government initiatives/City planning

Keywords and Themes:
- Open Streets NYC
- Street closure data
- Urban initiatives
- Community engagement programs
- Public health initiatives
- Spatial data mapping
- New York City transportation
- Event planning in urban areas
- Public space utilization

Additional Context:
- The dataset is relevant for addressing urban challenges such as traffic congestion, public health crises, and the need for increased community interaction in urban settings. It provides valuable insights for interdisciplinary applications, integrating urban studies, public policy, and community development. The data can also support research on the effectiveness of Open Streets initiatives in promoting active transportation and enhancing the quality of urban life.","{'object_id': {'column_description': 'A sequential count of records in the dataset. ', 'field_limitations': 'Sequential number auto-geneated by ESRI'}, 'orgname': {'column_description': 'The name of the organziation hosting the open streets program.'}, 'boroughname': {'column_description': 'Full name of the borough the open streets is located in.', 'expected_per_allowed_values': 'Manhattan\nBronx\nBrooklyn\nQueens\nStaten Island'}, 'appronstre': {'column_description': 'Name of the street that the application was approved for.'}, 'apprfromst': {'column_description': 'Cross-Street that the open streets application starts at'}, 'apprtostre': {'column_description': 'Cross-Street that the open streets application ends at'}, 'apprdayswe': {'column_description': 'Days of the week the streets are open to pedestrians and cyclists.', 'expected_per_allowed_values': 'mon- Monday\ntue- Tuesday\nwed- Wednesday\nthu- Thursday\nfri- Friday\nsat- Saturday\nsun- Sunday'}, 'apprmonope': {'column_description': 'The approved start time of the open streets program on Monday.', 'field_limitations': 'HH:MM (24 hours)'}, 'apprmonclo': {'column_description': 'The approved end time of the open streets program on Monday.', 'field_limitations': 'HH:MM (24 hours)'}, 'apprtueope': {'column_description': 'The approved start time of the open streets program on Tuesday.', 'field_limitations': 'HH:MM (24 hours)'}, 'apprtueclo': {'column_description': 'The approved end time of the open streets program on Tuesday.', 'field_limitations': 'HH:MM (24 hours)'}, 'apprwedope': {'column_description': 'The approved start time of the open streets program on Wednesday.', 'field_limitations': 'HH:MM (24 hours)'}, 'apprwedclo': {'column_description': 'The approved end time of the open streets program on Wednesday.', 'field_limitations': 'HH:MM (24 hours)'}, 'apprthuope': {'column_description': 'The approved start time of the open streets program on Thursday.', 'field_limitations': 'HH:MM (24 hours)'}, 'apprthuclo': {'column_description': 'The approved end time of the open streets program on Thursday.', 'field_limitations': 'HH:MM (24 hours)'}, 'apprfriope': {'column_description': 'The approved start time of the open streets program on Friday.', 'field_limitations': 'HH:MM (24 hours)'}, 'apprfriclo': {'column_description': 'The approved end time of the open streets program on Friday.', 'field_limitations': 'HH:MM (24 hours)'}, 'apprsatope': {'column_description': 'The approved start time of the open streets program on Saturday.', 'field_limitations': 'HH:MM (24 hours)'}, 'apprsatclo': {'column_description': 'The approved end time of the open streets program on Saturday.', 'field_limitations': 'HH:MM (24 hours)'}, 'apprsunope': {'column_description': 'The approved start time of the open streets program on Sunday.', 'field_limitations': 'HH:MM (24 hours)'}, 'apprsunclo': {'column_description': 'The approved end time of the open streets program on Sunday.', 'field_limitations': 'HH:MM (24 hours)'}, 'apprstartd': {'column_description': 'First Day that Open Street permit is active'}, 'apprenddat': {'column_description': 'Last Day that Open Street permit is active'}, 'segmentidt': {'column_description': 'The segment unique identifier for apprstreetto based on the LION dataset. '}, 'segmentidf': {'column_description': 'The segment unique identifier for apprstreetfrom based on the LION dataset. '}, 'lionversion': {'column_description': 'The data version for Department of City Planning LION, versions are based on year/quarter. ', 'expected_per_allowed_values': 'Ex: 22A (version from 2022, first quarter)', 'additional_notes': 'LION- Linear Integrated Ordred Network. Data updated quartly (A, B, C, D).  '}}",391,29.0,1.0,1.0
csut-3wpr,https://data.cityofnewyork.us/d/csut-3wpr,"This dataset provides insights into community health trends among adults in New York City, focusing on various health metrics over the years from 2010 to 2020. It includes prevalence data, along with lower and upper confidence intervals for ten different health-related questions, allowing for a comprehensive analysis of health trends. The dataset features 11 unique years, with prevalence values ranging from 10.0 to 22.2 across different health indicators. Each question (q_1 to q_10) captures specific health metrics, making it a valuable resource for public health research and policy-making. The temporal coverage of the dataset allows researchers to track changes over time, providing essential context for understanding health dynamics in urban populations. This dataset can be utilized to inform public health initiatives, evaluate the effectiveness of health programs, and identify areas needing attention in community health.","This dataset provides insights into community health trends, focusing on the prevalence of various health metrics from 2010 to 2020. It includes annual data on ten different quantitative measures, represented as q_1 through q_10, which capture a range of health-related statistics. Each entry includes the prevalence rates along with their corresponding lower and upper 95% confidence intervals, allowing for a comprehensive understanding of health trends over time. This dataset is valuable for researchers and policymakers in the healthcare sector, as it aids in analyzing changes in community health and identifying areas that may require intervention or further study.","Dataset Overview:
- This dataset provides insights into community health trends among adults in New York City, focusing on various health metrics over the years from 2010 to 2020. It includes prevalence data, along with lower and upper confidence intervals for ten different health-related questions, allowing for a comprehensive analysis of health trends. The dataset features 11 unique years, with prevalence values ranging from 10.0 to 22.2 across different health indicators. Each question (q_1 to q_10) captures specific health metrics, making it a valuable resource for public health research and policy-making. The temporal coverage of the dataset allows researchers to track changes over time, providing essential context for understanding health dynamics in urban populations. This dataset can be utilized to inform public health initiatives, evaluate the effectiveness of health programs, and identify areas needing attention in community health.

Key Themes or Topics:
- Community health
- Public health trends
- Health metrics
- Urban health dynamics
- Health prevalence
- Confidence intervals in health data
- Health indicators
- Adult health statistics
- Temporal health analysis
- Health policy evaluation

Applications and Use Cases:
- Facilitates analysis for public health researchers
- Useful for policymakers in health program formulation
- Enables evaluation of community health initiatives
- Supports statistical modeling of health trends
- Assists in identifying health disparities in urban populations
- Aids in tracking changes in health behaviors over time
- Informs health education and outreach strategies

Potential Questions:
- What is the distribution of health metrics (q_1 to q_10) among adults in New York City from 2010 to 2020?
- How does the prevalence of specific health indicators (e.g., q_1, q_2) differ across the years?
- How has the prevalence of health issues changed over the decade in New York City?
- What are the confidence intervals for health metrics (q_1 to q_10) in specific years?
- Are there significant trends in community health indicators among different demographic groups?

Concepts and Synonyms:
- Community health trends / public health trends
- Health metrics / health indicators
- Prevalence data / prevalence rates
- Confidence intervals / statistical confidence
- Urban health / metropolitan health
- Adult health / adult population health
- Temporal analysis / longitudinal study
- Health disparities / health inequalities
- Public health research / health policy research

Keywords and Themes:
- community health
- public health
- health metrics
- prevalence data
- confidence intervals
- urban health
- health trends
- adult health statistics
- New York City health
- health policy

Additional Context:
- This dataset is relevant for addressing public health challenges in urban settings, particularly in understanding the health dynamics of diverse populations.
- It provides a foundation for interdisciplinary research that combines public health, sociology, and urban studies.
- The dataset can be integrated with other health-related datasets to enhance the understanding of health trends and inform comprehensive health strategies.","Dataset Overview:
- This dataset provides insights into community health trends, focusing on the prevalence of various health metrics from 2010 to 2020. It includes annual data on ten different quantitative measures, represented as q_1 through q_10, which capture a range of health-related statistics. Each entry includes the prevalence rates along with their corresponding lower and upper 95% confidence intervals, allowing for a comprehensive understanding of health trends over time. This dataset is valuable for researchers and policymakers in the healthcare sector, as it aids in analyzing changes in community health and identifying areas that may require intervention or further study.

Key Themes or Topics:
- Community health
- Public health trends
- Health metrics analysis
- Epidemiology
- Health statistics
- Health disparities
- Preventive health measures
- Health interventions
- Population health
- Chronic disease prevalence
- Health risk factors
- Health outcomes

Applications and Use Cases:
- Facilitates analysis for public health professionals
- Useful for healthcare policymakers in decision-making
- Supports researchers in epidemiological studies
- Aids in the development of health programs and interventions
- Enables statistical modeling of health trends
- Assists in identifying health disparities among different populations
- Provides data for grant applications and funding proposals in health research

Concepts and Synonyms:
- Community health trends / community health patterns
- Health metrics / health indicators
- Prevalence rates / incidence rates
- Confidence intervals / statistical confidence
- Health statistics / health data
- Epidemiological data / public health data
- Health interventions / health initiatives
- Chronic diseases / long-term health conditions
- Risk factors / determinants of health
- Health outcomes / health results

Keywords and Themes:
- community health
- public health
- health metrics
- epidemiology
- prevalence
- confidence intervals
- health statistics
- chronic diseases
- health disparities
- preventive health
- population health
- health interventions

Additional Context:
- Highlights the dataset's relevance to addressing public health challenges and improving community health outcomes.
- Emphasizes its value for interdisciplinary applications, integrating insights from sociology, economics, and healthcare.
- Supports the identification of emerging health trends and the evaluation of public health policies over the decade.",,33,12.0,0.0,1.0
f7dc-2q9f,https://data.cityofnewyork.us/d/f7dc-2q9f,"This dataset focuses on the detection of SARS-CoV-2 in wastewater, providing valuable insights for wastewater-based epidemiology. It includes samples collected from various locations, identified by their respective names and abbreviations, with a temporal coverage spanning from September 2020 to March 2026. The dataset features 499 unique sample dates and 522 unique test dates, allowing for detailed temporal analysis. Each entry records the number of viral copies per liter and the corresponding average flow rate, with measurements ranging from 30 to over 2 million copies per liter. Annotations provide context for specific results, such as duplicate analyses or issues with sample integrity. The dataset serves a diverse population, with coverage extending from approximately 118,000 to over 1.2 million individuals. Utilizing advanced technologies like RT-qPCR and dPCR, this dataset is essential for monitoring and understanding the spread of COVID-19 through wastewater analysis.","This dataset focuses on the monitoring of SARS-CoV-2 in wastewater, providing valuable insights into the presence of the virus in various neighborhoods. It includes sample and test dates from September 2020 to February 2026, with data collected from 14 different wastewater treatment facilities. The dataset features measurements of viral copies per liter and their correlation with average flow rates, serving a population of over 1.2 million. Annotations provide context for specific results, enhancing the understanding of the data. This dataset is essential for public health officials and researchers studying the spread of COVID-19 through wastewater analysis.","Dataset Overview:
- This dataset focuses on the detection of SARS-CoV-2 in wastewater, providing valuable insights for wastewater-based epidemiology. It includes samples collected from various locations, identified by their respective names and abbreviations, with a temporal coverage spanning from September 2020 to March 2026. The dataset features 499 unique sample dates and 522 unique test dates, allowing for detailed temporal analysis. Each entry records the number of viral copies per liter and the corresponding average flow rate, with measurements ranging from 30 to over 2 million copies per liter. Annotations provide context for specific results, such as duplicate analyses or issues with sample integrity. The dataset serves a diverse population, with coverage extending from approximately 118,000 to over 1.2 million individuals. Utilizing advanced technologies like RT-qPCR and dPCR, this dataset is essential for monitoring and understanding the spread of COVID-19 through wastewater analysis.

Key Themes or Topics:
- Wastewater-based epidemiology
- SARS-CoV-2 detection
- Viral load analysis
- Public health surveillance
- Environmental monitoring
- Infectious disease tracking
- Epidemiological modeling
- Wastewater management
- COVID-19 spread analysis

Applications and Use Cases:
- Facilitates analysis for public health officials, epidemiologists, researchers, and environmental scientists.
- Useful for monitoring trends in COVID-19 prevalence in communities.
- Supports policy formulation for public health interventions based on wastewater data.
- Enables insights into the effectiveness of containment measures and vaccination campaigns.
- Assists in understanding the relationship between wastewater viral loads and clinical COVID-19 cases.

Potential Questions:
- What is the distribution of SARS-CoV-2 viral copies per liter across different locations?
- How does the average flow rate correlate with the number of viral copies detected in wastewater samples?
- How has the detection of SARS-CoV-2 in wastewater changed over time from September 2020 to March 2026?
- What patterns can be observed in the temporal analysis of wastewater samples in relation to COVID-19 case surges?
- Are there significant differences in viral load between urban and rural sampling sites?

Concepts and Synonyms:
- Wastewater analysis/wastewater testing
- SARS-CoV-2/COVID-19 virus
- Viral RNA detection/viral RNA quantification
- RT-qPCR/real-time quantitative polymerase chain reaction
- dPCR/digital polymerase chain reaction
- Epidemiology/public health
- Environmental virology
- Pathogen monitoring
- Community health assessment

Keywords and Themes:
- SARS-CoV-2 wastewater detection
- COVID-19 epidemiology
- Viral load monitoring
- Wastewater surveillance
- Public health data
- Environmental health
- Infectious disease monitoring
- RT-qPCR data
- dPCR results

Additional Context:
- This dataset is relevant for addressing public health challenges related to the COVID-19 pandemic and understanding the dynamics of virus transmission in communities.
- It provides critical data for interdisciplinary research combining environmental science, public health, and epidemiology.
- The dataset can be integrated with clinical case data to enhance the understanding of COVID-19 trends and inform public health responses.","Dataset Overview:
- This dataset focuses on the monitoring of SARS-CoV-2 in wastewater, providing valuable insights into the presence of the virus in various neighborhoods. It includes sample and test dates from September 2020 to February 2026, with data collected from 14 different wastewater treatment facilities. The dataset features measurements of viral copies per liter and their correlation with average flow rates, serving a population of over 1.2 million. Annotations provide context for specific results, enhancing the understanding of the data. This dataset is essential for public health officials and researchers studying the spread of COVID-19 through wastewater analysis.

Key Themes or Topics:
- Public health monitoring
- Environmental virology
- Epidemiology of infectious diseases
- Wastewater-based epidemiology (WBE)
- COVID-19 surveillance
- Viral load assessment
- Urban health dynamics
- Infectious disease transmission pathways

Applications and Use Cases:
- Supports public health officials in tracking COVID-19 trends
- Aids researchers in understanding the correlation between wastewater data and community infection rates
- Facilitates epidemiological studies on the spread of SARS-CoV-2
- Assists in the development of early warning systems for outbreaks
- Useful for environmental scientists studying the impact of wastewater on public health
- Enables policymakers to make informed decisions regarding public health interventions

Concepts and Synonyms:
- SARS-CoV-2/wastewater monitoring
- COVID-19/wastewater analysis
- viral RNA detection/viral load measurement
- wastewater treatment facilities/sewage treatment plants
- epidemiological modeling/public health surveillance
- community health assessment/population health monitoring
- flow rate/average flow dynamics
- viral transmission/infection spread

Keywords and Themes:
- SARS-CoV-2
- wastewater monitoring
- COVID-19
- viral copies per liter
- public health
- epidemiology
- wastewater treatment
- environmental health
- community surveillance
- infectious disease monitoring

Additional Context:
- This dataset is crucial for addressing public health challenges related to the COVID-19 pandemic, particularly in understanding how wastewater can serve as an indicator of community infection levels. It provides a framework for integrating environmental data with health outcomes, highlighting the importance of interdisciplinary approaches in managing infectious disease outbreaks. The dataset can also be linked with other health datasets to enhance the understanding of the socio-environmental factors influencing disease spread.",,"7,602",9.0,0.0,1.0
rsgh-akpg,https://data.cityofnewyork.us/d/rsgh-akpg,"This dataset contains detailed records of dog bite incidents, with a total of 12,383 unique cases documented from March 16, 2015, to October 25, 2024. Each entry includes a unique identifier, the date of the incident, the species (all entries are dogs), breed, age, gender, spay/neuter status, borough, and zip code. The dataset features 2,075 unique breeds and captures a wide range of ages, with specific notes indicating whether the age is in months or years. The gender of the dogs is categorized as male, female, or unknown, while the spay/neuter status indicates whether the dog has undergone the procedure. This dataset can be utilized for analyzing trends in dog bite incidents across different boroughs and breeds, assessing the effectiveness of spay/neuter programs, and informing public health initiatives aimed at reducing dog bite occurrences.

Column constraints outlined in Data Dictionary:
age: Numeric values; may include 'M' for months; valid formats include integers and integers followed by 'M' or 'Y' for years.  
gender: Allowed values are M (Male), F (Female), U (Unknown).  
spayneuter: Allowed values are True (reported as Spayed or Neutered), False (Unknown or Not Spayed or Neutered).  
borough: Allowed values include specific borough names and 'Other' for bites outside New York City.  
zipcode: Numeric values; blank indicates information was not available; may include decimal points.","This dataset contains information on dog bite incidents, including details such as the unique identifier, date of the bite, species, breed, age, gender, spay/neuter status, borough, and zipcode. It features 100 unique entries, with data spanning from March 2015 to November 2024. The dataset includes a variety of breeds and ages, providing a comprehensive overview of dog bite incidents across different boroughs. It can be utilized for analyzing trends in dog bites, understanding breed-related risks, and informing public safety measures. The dataset's semantic profile highlights its temporal and spatial dimensions, making it valuable for geographic and temporal analysis.","Dataset Overview:
- This dataset contains detailed records of dog bite incidents, with a total of 12,383 unique cases documented from March 16, 2015, to October 25, 2024. Each entry includes a unique identifier, the date of the incident, the species (all entries are dogs), breed, age, gender, spay/neuter status, borough, and zip code. The dataset features 2,075 unique breeds and captures a wide range of ages, with specific notes indicating whether the age is in months or years. The gender of the dogs is categorized as male, female, or unknown, while the spay/neuter status indicates whether the dog has undergone the procedure. This dataset can be utilized for analyzing trends in dog bite incidents across different boroughs and breeds, assessing the effectiveness of spay/neuter programs, and informing public health initiatives aimed at reducing dog bite occurrences.

Key Themes or Topics:
- Animal behavior
- Public health and safety
- Veterinary science
- Urban animal control
- Dog ownership and responsibility
- Breed-specific legislation
- Community safety initiatives
- Animal welfare and rights
- Epidemiology of animal bites
- Risk assessment in pet ownership

Applications and Use Cases:
- Facilitates analysis for animal control agencies, public health officials, and researchers studying canine behavior.
- Useful for developing policies aimed at reducing dog bite incidents and improving community safety.
- Enables insights into the effectiveness of spay/neuter programs and their impact on dog bite rates.
- Assists in identifying high-risk breeds and demographics for targeted educational campaigns.
- Supports veterinary studies on the correlation between spay/neuter status and aggressive behavior in dogs.

Potential Questions:
- What is the distribution of dog bite incidents by breed?
- How do dog bite incidents vary across different boroughs?
- What trends can be observed in dog bite incidents over the years?
- How does the spay/neuter status correlate with the frequency of dog bite incidents?
- What is the average age of dogs involved in bite incidents, and how does it differ by breed?

Concepts and Synonyms:
- Dog bite incidents/dog attacks
- Canine aggression/dog aggression
- Spay/neuter/spaying/neutering
- Breed identification/breed classification
- Public safety/animal safety
- Animal control/animal management
- Epidemiology of dog bites/animal bite epidemiology
- Canine behavior studies/dog behavior research
- Risk factors for dog bites

Keywords and Themes:
- Dog bites
- Canine incidents
- Animal welfare
- Public health
- Spay/neuter programs
- Breed statistics
- Dog demographics
- Urban safety
- Animal control policies
- Dog ownership trends

Additional Context:
- This dataset is relevant for addressing public health concerns related to dog bites, which can lead to serious injuries and require medical attention.
- It provides valuable insights for interdisciplinary applications, including veterinary medicine, public policy, and community health initiatives.
- The dataset can be integrated with other datasets related to animal control, public health, and urban planning to enhance understanding of the factors contributing to dog bite incidents.","Dataset Overview:
- This dataset contains information on dog bite incidents, including details such as the unique identifier, date of the bite, species, breed, age, gender, spay/neuter status, borough, and zipcode. It features 100 unique entries, with data spanning from March 2015 to November 2024. The dataset includes a variety of breeds and ages, providing a comprehensive overview of dog bite incidents across different boroughs. It can be utilized for analyzing trends in dog bites, understanding breed-related risks, and informing public safety measures. The dataset's semantic profile highlights its temporal and spatial dimensions, making it valuable for geographic and temporal analysis.

Key Themes or Topics:
- Animal behavior
- Public safety
- Urban wildlife management
- Veterinary science
- Epidemiology of animal bites
- Risk assessment in animal interactions
- Community health and safety
- Dog ownership regulations
- Animal control policies

Applications and Use Cases:
- Facilitates analysis for animal control officers and public health officials.
- Useful for researchers studying the epidemiology of dog bites and animal behavior.
- Supports policymakers in formulating regulations and safety measures regarding dog ownership.
- Enables insights into trends for insurance companies assessing risk related to dog ownership.
- Assists in community outreach programs aimed at educating the public about dog safety.

Concepts and Synonyms:
- Dog bite incidents/dog attack occurrences
- Canine aggression/canine behavior
- Breed-specific legislation/breed-related risks
- Animal welfare/animal rights
- Spay/neuter programs/sterilization initiatives
- Geographic information systems (GIS)/spatial analysis
- Public health surveillance/health data analysis
- Risk factors/causal factors in dog bites

Keywords and Themes:
- dog bites
- canine incidents
- animal attacks
- public safety data
- breed analysis
- demographic data
- urban safety
- animal control
- bite prevention strategies
- veterinary public health

Additional Context:
- Highlights the dataset's relevance to ongoing discussions about breed-specific legislation and its effectiveness in reducing dog bite incidents.
- Emphasizes the importance of understanding demographic factors in dog bite occurrences for targeted interventions.
- May serve as a resource for interdisciplinary studies combining public health, urban planning, and animal behavior research.","{'uniqueid': {'column_description': 'Unique dog bite case identifier'}, 'dateofbite': {'column_description': 'Date bitten'}, 'species': {'column_description': 'Animal Type (Dog)'}, 'breed': {'column_description': 'Breed type'}, 'age': {'column_description': ""Dog's age at time of bite"", 'additional_notes': ""Numbers with 'M' indicate months""}, 'gender': {'column_description': 'Sex of Dog', 'additional_notes': 'M=Male, F=Female, U=Unknown'}, 'spayneuter': {'column_description': ""Surgical removal of dog's reproductive organs "", 'additional_notes': 'True (reported to DOHMH as Spayed or Neutered), False (Unknown or Not Spayed or Neutered)'}, 'borough': {'column_description': 'Dog bite Borough', 'additional_notes': ""Other' indicates that the bite took place outside New York City""}, 'zipcode': {'column_description': 'Dog bite zipcode', 'additional_notes': 'Blank ZipCode indicates that information was not available'}}",34,9.0,1.0,1.0
dsg6-ifza,https://data.cityofnewyork.us/d/dsg6-ifza,"This dataset contains comprehensive information on childcare facilities in New York City, focusing on inspections, permits, and violations. It includes details such as the center name, legal name, address, contact information, permit status, age range of children served, maximum capacity, and various violation rates. The dataset spans multiple years, with temporal coverage for permit expiration and inspection dates, allowing for analysis of compliance trends over time. Each entry provides insights into the facility's operational status, types of violations encountered, and the outcomes of inspections, categorized into public health hazards, critical violations, and general violations. This dataset is valuable for researchers, policymakers, and parents seeking to understand the quality and safety of childcare services, as well as for monitoring compliance with health regulations and improving childcare standards across the city.

Column constraints outlined in Data Dictionary:
centername: min_length: 1; max_length: 255; required: Y  
legalname: min_length: 1; max_length: 255; required: Y  
street: min_length: 1; max_length: 130; required: Y  
borough: min_length: 1; max_length: 20; required: Y  
zipcode: min_length: 1; max_length: 10; required: Y  
phone: min_length: 1; max_length: 20; required: N  
permitnumber: min_length: 0; max_length: 7; required: N  
permitexp: required: Y  
status: min_length: 1; max_length: 50; required: Y  
maximumcapacity: min_length: 1; max_length: 4; required: N  
dc_id: min_length: 1; max_length: 20; required: Y  
actual: min_length: 0; max_length: 1; expected_values: Y, N, Null; required: N  
violationcategory: min_length: 0; max_length: 100; expected_values: Public Health Hazard, Critical, General, null/blank; required: N  
violationstatus: min_length: 0; max_length: 20; expected_values: Open, Corrected, N/A; required: N  
inspectionsummaryresult: min_length: 0; max_length: 1000; required: N","This dataset contains comprehensive information on childcare facilities, including their names, locations, contact details, and inspection results. It features data on permit statuses, age ranges served, maximum capacities, and various violation rates, providing insights into compliance with health and safety regulations. The dataset spans a temporal coverage from 1999 to 2117, allowing for historical analysis and trend identification. It can be utilized for monitoring childcare quality, ensuring regulatory compliance, and enhancing public health initiatives. This resource is essential for parents, policymakers, and researchers interested in the standards and safety of childcare services.","Dataset Overview:
- This dataset contains comprehensive information on childcare facilities in New York City, focusing on inspections, permits, and violations. It includes details such as the center name, legal name, address, contact information, permit status, age range of children served, maximum capacity, and various violation rates. The dataset spans multiple years, with temporal coverage for permit expiration and inspection dates, allowing for analysis of compliance trends over time. Each entry provides insights into the facility's operational status, types of violations encountered, and the outcomes of inspections, categorized into public health hazards, critical violations, and general violations. This dataset is valuable for researchers, policymakers, and parents seeking to understand the quality and safety of childcare services, as well as for monitoring compliance with health regulations and improving childcare standards across the city.

Key Themes or Topics:
- Childcare services
- Childcare facility inspections
- Health and safety compliance
- Regulatory oversight
- Public health and safety
- Early childhood education
- Child welfare
- Urban childcare systems
- Violation tracking and reporting
- Permit management

Applications and Use Cases:
- Analysis of childcare facility compliance with health regulations
- Monitoring trends in childcare inspections and violations over time
- Informing parents about the safety and quality of childcare options
- Supporting policymakers in developing childcare regulations and standards
- Evaluating the effectiveness of childcare programs and services
- Researching the impact of violations on childcare quality
- Assessing the distribution of childcare facilities across New York City

Potential Questions:
- What is the distribution of violation categories across different childcare facilities?
- How does the permit status vary among childcare centers in different boroughs?
- What trends can be observed in inspection outcomes over the past five years?
- How do maximum capacities of childcare facilities differ by borough?
- What percentage of facilities have critical violations compared to general violations?
- How has the number of inspections changed over time for specific types of violations?

Concepts and Synonyms:
- Childcare/early childhood care
- Inspections/assessments/evaluations
- Violations/infractions/non-compliance
- Permits/licenses/authorization
- Compliance/regulatory adherence
- Public health/safety standards
- Childcare quality/safety ratings
- Facility capacity/occupancy limits
- Operational status/functional status

Keywords and Themes:
- childcare inspections
- facility violations
- permit status
- public health hazards
- critical violations
- general violations
- compliance trends
- childcare quality
- New York City childcare
- early childhood education standards

Additional Context:
- This dataset is crucial for addressing challenges related to childcare safety and quality in urban environments.
- It provides a foundation for interdisciplinary research involving public health, education policy, and urban planning.
- The dataset can be integrated with other datasets related to public health, education, and social services to enhance understanding of childcare dynamics in New York City.","**Dataset Overview:**
- This dataset contains comprehensive information on childcare facilities, including their names, locations, contact details, and inspection results. It features data on permit statuses, age ranges served, maximum capacities, and various violation rates, providing insights into compliance with health and safety regulations. The dataset spans a temporal coverage from 1999 to 2117, allowing for historical analysis and trend identification. It can be utilized for monitoring childcare quality, ensuring regulatory compliance, and enhancing public health initiatives. This resource is essential for parents, policymakers, and researchers interested in the standards and safety of childcare services.

**Key Themes or Topics:**
- Childcare services
- Childcare quality assessment
- Health and safety regulations
- Childcare facility inspections
- Early childhood education
- Regulatory compliance in childcare
- Public health initiatives related to childcare
- Child development and safety standards

**Applications and Use Cases:**
- Monitoring and evaluating childcare facility compliance
- Informing parents about childcare options and safety
- Assisting policymakers in developing childcare regulations
- Supporting researchers in studying childcare trends and outcomes
- Enhancing public health strategies related to early childhood care
- Analyzing violation rates and their impact on childcare quality
- Facilitating community awareness and engagement in childcare standards

**Concepts and Synonyms:**
- Childcare facilities/childcare centers
- Inspections/assessments/evaluations
- Compliance/regulatory adherence
- Health and safety standards/safety regulations
- Violation rates/infraction statistics
- Permit statuses/licensing information
- Age ranges served/child age demographics
- Maximum capacities/enrollment limits

**Keywords and Themes:**
- Childcare inspection data
- Childcare quality metrics
- Health compliance in childcare
- Early childhood care statistics
- Childcare facility information
- Safety violations in childcare
- Childcare licensing and permits
- Historical childcare data analysis

**Additional Context:**
- The dataset is crucial for addressing challenges in childcare quality and safety, particularly in light of increasing public concern over child welfare.
- It serves as a valuable resource for interdisciplinary research, linking education, health, and social policy.
- The temporal coverage allows for longitudinal studies that can inform future childcare policies and practices, making it relevant for ongoing discussions about early childhood education and care standards.","{'centername': {'identifier_number': 1, 'source_column_name': 'Centername', 'domain_values': 'Characters', 'source_type': 'Varchar', 'target_type': 'text', 'description_per_comment': 'This is the Legal name of the Entity that permits the Child Care Center ', 'required_per_optional': 'Y', 'min_length': 1.0, 'max_length': 255.0}, 'legalname': {'identifier_number': 2, 'source_column_name': 'PermitHolder', 'domain_values': 'Characters', 'source_type': 'Varchar', 'target_type': 'text', 'description_per_comment': 'This is the name of the Child Care Center as known to the public (DBA)', 'required_per_optional': 'Y', 'min_length': 1.0, 'max_length': 255.0}, 'street': {'identifier_number': 3, 'source_column_name': 'Address', 'domain_values': 'Characters', 'source_type': 'Varchar', 'target_type': 'text', 'description_per_comment': 'Building and Street portion of the address.', 'required_per_optional': 'Y', 'min_length': 1.0, 'max_length': 130.0}, 'borough': {'identifier_number': 4, 'source_column_name': 'Borough', 'domain_values': 'Characters', 'source_type': 'Varchar', 'target_type': 'text', 'description_per_comment': 'Borough as per the address of the entity', 'required_per_optional': 'Y', 'min_length': 1.0, 'max_length': 20.0}, 'zipcode': {'identifier_number': 5, 'source_column_name': 'Zipcode', 'domain_values': 'Characters', 'source_type': 'Varchar', 'target_type': 'text', 'description_per_comment': 'Zip code as per the address of the entity', 'required_per_optional': 'Y', 'min_length': 1.0, 'max_length': 10.0}, 'phone': {'identifier_number': 7, 'source_column_name': 'Phone', 'domain_values': 'Characters', 'source_type': 'Varchar', 'target_type': 'text', 'description_per_comment': 'Phone Number', 'required_per_optional': 'N', 'min_length': 1.0, 'max_length': 20.0}, 'permitnumber': {'identifier_number': 8, 'source_column_name': 'PermitNumber', 'domain_values': 'Characters', 'source_type': 'Varchar', 'target_type': 'text', 'description_per_comment': 'This is the Permit Number of a Child Care or a Camp. This number is not required for a School Based Child Care or After School Program.', 'required_per_optional': 'N', 'min_length': 0.0, 'max_length': 7.0}, 'permitexp': {'identifier_number': 9, 'source_column_name': 'PermitExp', 'domain_values': 'Dates/Time', 'source_type': 'Datetime', 'target_type': 'calendar_date', 'description_per_comment': 'This field represents the date a permit expired. All Group Child Care Centers (GDC) are permitted for 2 years and Camps for one. (All camps expire automatically on Sept. 15 of the year they opened).', 'required_per_optional': 'Y'}, 'status': {'identifier_number': 10, 'source_column_name': 'Status', 'domain_values': 'Characters', 'source_type': 'Varchar', 'target_type': 'text', 'description_per_comment': ""SBCC: 'Active''; GDC & Camp: 'Permitted', 'Expired-In Renewal', 'Permit Suspended'; SMPG: 'Registered'. There are other statuses, such as Pending (prior to operational status) and OOB (Out of Business), but data are available only for currently operating child care facilities."", 'required_per_optional': 'Y', 'min_length': 1.0, 'max_length': 50.0}, 'agerange': {'identifier_number': 11, 'source_column_name': 'AgeRange', 'domain_values': 'Characters', 'source_type': 'Varchar', 'target_type': 'text', 'description_per_comment': 'This field represents the possible age range of children in the program.', 'required_per_optional': 'N', 'min_length': 0.0, 'max_length': 130.0}, 'maximumcapacity': {'identifier_number': 12, 'source_column_name': 'Capacity', 'domain_values': 'Characters', 'source_type': 'Integer', 'target_type': 'number', 'description_per_comment': 'The maximum number of children the facility is allowed, based on the square footage of class and play rooms, the number of toilets and sinks, and overall estimates from the NYC Department of Buildings. Enrollment can be higher than the maximum capacity if there are part-time programs.', 'required_per_optional': 'N', 'min_length': 1.0, 'max_length': 4.0}, 'dc_id': {'identifier_number': 13, 'source_column_name': 'Dc_id', 'domain_values': 'Characters', 'source_type': 'Varchar', 'target_type': 'text', 'description_per_comment': 'Unique DOHMH ID', 'required_per_optional': 'Y', 'min_length': 1.0, 'max_length': 20.0}, 'programtype': {'identifier_number': 16, 'source_column_name': 'ProgramType', 'domain_values': 'Characters', 'source_type': 'Varchar', 'target_type': 'text', 'description_per_comment': 'Program Type - Infant Toddler, Preschool, After School, Preschool Camp, School Age Camp, All Age Camp', 'required_per_optional': 'N', 'min_length': 0.0, 'max_length': 255.0}, 'facilitytype': {'identifier_number': 17, 'source_column_name': 'FacilityType', 'domain_values': 'Characters', 'source_type': 'Varchar', 'target_type': 'text', 'description_per_comment': 'Facility Type: FDC  - Family Day Care (State licensed),  GFDC - Group Family Day Care (State Licensed), SBCC - School Base Child Care (Licensed by NYS, DOE, Charter School or Regents), Camp, SMPG - Summer Program (NYS or NYC licensed), GDC - Group Day Care (NYC DOHMH Permitted), SACC - School Age Child Care (After School - State Licesned)', 'required_per_optional': 'Y', 'min_length': 1.0, 'max_length': 255.0}, 'childcaretype': {'identifier_number': 18, 'source_column_name': 'FacilityPrg_Type', 'domain_values': 'Characters', 'source_type': 'Varchar', 'target_type': 'text', 'description_per_comment': 'Group Child Care (GCC) facilities are one of 2 program types: Preschool or Infant/Toddler. All GCC citywide statistics are calculated by type.', 'required_per_optional': 'Y', 'min_length': 1.0, 'max_length': 255.0}, 'url': {'identifier_number': 21, 'source_column_name': 'URL', 'domain_values': 'Characters', 'source_type': 'Varchar', 'target_type': 'text', 'description_per_comment': 'Website for the child care center. ', 'required_per_optional': 'N', 'min_length': 0.0, 'max_length': 75.0}, 'datepermitted': {'identifier_number': 22, 'source_column_name': 'DatePermitted', 'domain_values': 'Dates/Time', 'source_type': 'Datetime', 'target_type': 'calendar_date', 'description_per_comment': 'Estimated date that the site was orignally permitted, used to calculate the age of the program. See Actual field for additional information.', 'required_per_optional': 'N'}, 'actual': {'identifier_number': 23, 'source_column_name': 'Actual', 'domain_values': 'Characters', 'source_type': 'Varchar', 'target_type': 'text', 'description_per_comment': ""Flag for correct (actual) date of original permit. Some programs pre-date the current DOHMH systems and do not have record of their original permit date. 'Y' indicates that the actual date is available, while 'N' indicates that the program was originally permitted sometime before the DatePermitted."", 'required_per_optional': 'N', 'min_length': 0.0, 'max_length': 1.0, 'expected_values': ""Y', 'N', Null""}, 'violationratepercent': {'identifier_number': 27, 'source_column_name': 'ViolationRate', 'domain_values': 'Numbers', 'source_type': 'Numeric(18,4)', 'target_type': 'Numeric(18,4)', 'description_per_comment': 'Percent of Initial Inspections that resulted in at least one Critical or Public Health Hazard (PHH) violation', 'required_per_optional': 'N'}, 'totaleducationalworkers': {'identifier_number': 29, 'source_column_name': 'TotalWorkerED', 'domain_values': 'Numbers', 'source_type': 'Integer', 'target_type': 'Interger', 'description_per_comment': 'Current number of Educational Staff in the program, including teachers, assistant teachers, teacher directors and education directors. Note that staff data are updated only upon inspection and may be outdated.', 'required_per_optional': 'N'}, 'averagetotaleducationalworkers': {'identifier_number': 30, 'source_column_name': 'Twavg', 'domain_values': 'Numbers', 'source_type': 'Numeric(18,4)', 'target_type': 'Numeric(18,4)', 'description_per_comment': 'Citywide average total number of Educational Staff in the program - includes teachers, assistant teachers and non administrative directors for a Child Care Type', 'required_per_optional': 'N'}, 'publichealthhazardviolationrate': {'identifier_number': 33, 'source_column_name': 'PHHViolationRate', 'domain_values': 'Numbers', 'source_type': 'Integer', 'target_type': 'Interger', 'description_per_comment': 'Percent of Public Health Hazard violations among all violations issued at initial inspections during the past 3 years. If the same violation is cited multiple times during one inspection, it is counted only once. ', 'required_per_optional': 'N'}, 'averagepublichealthhazardiolationrate': {'identifier_number': 34, 'source_column_name': 'PHHViolationAvg', 'domain_values': 'Numbers', 'source_type': 'Numeric(18,4)', 'target_type': 'Numeric(18,4)', 'description_per_comment': 'Citywide average number of PHH (Public Health Hazard) violation categories over 3 years for a Child Care Type. ', 'required_per_optional': 'N'}, 'criticalviolationrate': {'identifier_number': 35, 'source_column_name': 'CriticalViolationRate', 'domain_values': 'Numbers', 'source_type': 'Integer', 'target_type': 'Interger', 'description_per_comment': 'Percent of Critical violations among all violations issued at initial inspections during the past 3 years. If the same violation is cited multiple times during one inspection, it is counted only once. ', 'required_per_optional': 'N'}, 'avgcriticalviolationrate': {'identifier_number': 36, 'source_column_name': 'CriticalViolationAvg', 'domain_values': 'Numbers', 'source_type': 'Numeric(18,4)', 'target_type': 'Numeric(18,4)', 'description_per_comment': 'Citywide average number of Critical violation categories over 3 years for a Child Care Type. ', 'required_per_optional': 'N'}, 'inspectiondate': {'identifier_number': 37, 'source_column_name': 'InspectionDate', 'domain_values': 'Dates/Time', 'source_type': 'Datetime', 'target_type': 'calendar_date', 'description_per_comment': 'Inspection Date', 'required_per_optional': 'N'}, 'regulationsummary': {'identifier_number': 38, 'source_column_name': 'RegulationSummary', 'domain_values': 'Characters', 'source_type': 'Varchar', 'target_type': 'text', 'description_per_comment': 'Violation Description Language or null/blank for no violation in the inspection', 'required_per_optional': 'N', 'min_length': 0.0, 'max_length': 2000.0}, 'violationcategory': {'identifier_number': 39, 'source_column_name': 'ViolationCategory', 'domain_values': 'Characters', 'source_type': 'Varchar', 'target_type': 'text', 'description_per_comment': 'Violation Category - Public Health Hazard (violation needs to be fixed within 1 day),  Critical (Violation needs to be fixed within 2 weeks), General (Violation needs to be fixed in 30 days) or null/blank for no violation in the inspection', 'required_per_optional': 'N', 'min_length': 0.0, 'max_length': 100.0, 'expected_values': ' Public Health Hazard ,  Critical , General or null/blank '}, 'healthcodesubsection': {'identifier_number': 40, 'source_column_name': 'SubSection', 'domain_values': 'Characters', 'source_type': 'Varchar', 'target_type': 'text', 'description_per_comment': 'Health Code Sub Section', 'required_per_optional': 'N', 'min_length': 0.0, 'max_length': 40.0}, 'violationstatus': {'identifier_number': 41, 'source_column_name': 'ViolationStatus', 'domain_values': 'Characters', 'source_type': 'Varchar', 'target_type': 'text', 'description_per_comment': 'Violation Status - Open, Corrected or N/A.', 'required_per_optional': 'N', 'min_length': 0.0, 'max_length': 20.0, 'expected_values': 'Open, Corrected or N/A.'}, 'inspectionsummaryresult': {'identifier_number': 42, 'source_column_name': 'InspectionSummaryResult', 'domain_values': 'Characters', 'source_type': 'Varchar', 'target_type': 'text', 'description_per_comment': 'The summary result of the inspection, based on the type of inspection and the number and types of violations.', 'required_per_optional': 'N', 'min_length': 0.0, 'max_length': 1000.0}}",27,34.0,1.0,1.0
cwmx-mvra,https://data.cityofnewyork.us/d/cwmx-mvra,"This dataset provides a comprehensive overview of COVID-19 outcomes in New York City, capturing critical metrics such as the number of residents tested, confirmed cases, hospitalizations, and deaths. The data spans from January 21, 2020, to September 24, 2021, with daily resolution for both specimen and extract dates, allowing for detailed temporal analysis. It includes 532 unique extract dates and 643 unique specimen dates, reflecting the dynamic nature of the pandemic. The dataset contains 14,740 records of individuals tested, 6,344 confirmed cases, 1,868 hospitalizations, and 915 deaths, offering valuable insights into the impact of SARS-CoV-2. This dataset is essential for researchers and public health officials aiming to analyze trends, evaluate healthcare responses, and inform policy decisions related to COVID-19. By utilizing the latest extract date, users can ensure accurate assessments of the evolving situation.

Column constraints outlined in Data Dictionary:
extract_date: must be a valid date in ISO 8601 format; must not be null; only the latest extract date should be used for analysis  
specimen_date: must be a valid date in ISO 8601 format; must not be null  
number_tested: must be a non-negative integer; must not be null  
number_confirmed: must be a non-negative integer; must not be null  
number_hospitalized: must be a non-negative integer; must not be null  
number_deaths: must be a non-negative integer; must not be null","This dataset provides a comprehensive analysis of COVID-19 outcomes, including key metrics such as the number of tests conducted, confirmed cases, hospitalizations, and deaths. It spans from April 16, 2020, to September 24, 2021, with specimen dates ranging from January 5, 2020, to April 29, 2021. The dataset contains 100 unique entries, with measurements on the number of tests, confirmed cases, hospitalizations, and deaths, offering valuable insights into the pandemic's impact on public health. Researchers and policymakers can utilize this data to assess trends, evaluate healthcare responses, and inform future strategies in managing COVID-19.","Dataset Overview:
- This dataset provides a comprehensive overview of COVID-19 outcomes in New York City, capturing critical metrics such as the number of residents tested, confirmed cases, hospitalizations, and deaths. The data spans from January 21, 2020, to September 24, 2021, with daily resolution for both specimen and extract dates, allowing for detailed temporal analysis. It includes 532 unique extract dates and 643 unique specimen dates, reflecting the dynamic nature of the pandemic. The dataset contains 14,740 records of individuals tested, 6,344 confirmed cases, 1,868 hospitalizations, and 915 deaths, offering valuable insights into the impact of SARS-CoV-2. This dataset is essential for researchers and public health officials aiming to analyze trends, evaluate healthcare responses, and inform policy decisions related to COVID-19. By utilizing the latest extract date, users can ensure accurate assessments of the evolving situation.

Key Themes or Topics:
- COVID-19 outcomes
- Public health analysis
- Epidemiology
- Infectious disease tracking
- Healthcare response evaluation
- Urban health metrics
- Pandemic impact assessment
- Statistical analysis of health data

Applications and Use Cases:
- Facilitates analysis for public health officials and epidemiologists.
- Useful for healthcare policy formulation and evaluation.
- Enables researchers to study trends in COVID-19 testing and outcomes.
- Supports statistical modeling of disease spread and healthcare resource allocation.
- Assists in evaluating the effectiveness of public health interventions.

Potential Questions:
- What is the distribution of the number of residents tested on different specimen dates?
- How do confirmed COVID-19 cases vary across different extract dates?
- What trends can be observed in hospitalizations over the course of the pandemic?
- How has the number of deaths changed from the beginning to the end of the dataset period?
- What is the correlation between the number of tests conducted and the number of confirmed cases?

Concepts and Synonyms:
- COVID-19/coronavirus
- SARS-CoV-2/novel coronavirus
- Testing/testing rates
- Confirmed cases/positive cases
- Hospitalizations/admissions
- Deaths/mortality
- Public health/public health metrics
- Epidemiological data/health statistics

Keywords and Themes:
- COVID-19 outcomes
- New York City health data
- pandemic response
- health metrics
- epidemiological trends
- healthcare analysis
- mortality rates
- testing data

Additional Context:
- This dataset is relevant for understanding the impact of COVID-19 on urban populations and healthcare systems.
- It provides critical insights for interdisciplinary research involving public health, sociology, and data science.
- The dataset can be integrated with other health datasets to enhance the understanding of COVID-19's broader implications on society and health systems.","**Dataset Overview:**
- This dataset provides a comprehensive analysis of COVID-19 outcomes, including key metrics such as the number of tests conducted, confirmed cases, hospitalizations, and deaths. It spans from April 16, 2020, to September 24, 2021, with specimen dates ranging from January 5, 2020, to April 29, 2021. The dataset contains 100 unique entries, with measurements on the number of tests, confirmed cases, hospitalizations, and deaths, offering valuable insights into the pandemic's impact on public health. Researchers and policymakers can utilize this data to assess trends, evaluate healthcare responses, and inform future strategies in managing COVID-19.

**Key Themes or Topics:**
- COVID-19 outcomes
- Public health analysis
- Epidemiology
- Infectious disease tracking
- Healthcare response evaluation
- Pandemic impact assessment
- Health metrics analysis

**Applications and Use Cases:**
- Facilitates analysis for public health officials and epidemiologists.
- Useful for healthcare policy formulation and strategic planning.
- Enables statistical modeling of disease spread and healthcare resource allocation.
- Assists researchers in studying the effectiveness of interventions and public health measures.
- Supports trend analysis for future pandemic preparedness and response strategies.

**Concepts and Synonyms:**
- COVID-19/coronavirus disease 2019
- SARS-CoV-2/novel coronavirus
- testing/testing rates
- confirmed cases/positive cases
- hospitalizations/admissions
- mortality/deaths
- public health response/healthcare response
- epidemiological data/health statistics
- disease surveillance/monitoring

**Keywords and Themes:**
- COVID-19 outcomes
- public health metrics
- epidemiological analysis
- healthcare data
- pandemic response
- disease tracking
- health outcomes
- statistical analysis
- healthcare utilization

**Additional Context:**
- Highlights the dataset's relevance to understanding the dynamics of COVID-19 and its effects on healthcare systems.
- Emphasizes its value for interdisciplinary applications, including public health, sociology, and health economics.
- Provides insights into the effectiveness of public health interventions and informs future strategies for managing infectious diseases.","{'extract_date': {'column_description': 'Date of extraction from live disease surveillance database', 'additional_notes': 'The extract_date column can be used to evaluate how data changed over time. To analyze the most current data, only use the latest extract date. This dataset preserves historical records and source data changes, so each extract date reflects the current copy of the data as of that date. For example, an extract date of 5/1/2020 and extract date of 5/2/2020 will both contain all records as they were as of that extract date. Without filtering or grouping by extract date, an analysis will almost certainly be miscalculating or counting the same values multiple times.'}, 'specimen_date': {'column_description': 'Date of specimen collection, equivalent to diagnosis date', 'additional_notes': 'For persons who had an earlier negative or indeterminant test result and a later positive test result, only the specimen collection date corresponding to the first positive test is used.'}, 'number_tested': {'column_description': 'Count of NYC residents newly tested for SARS-CoV-2', 'additional_notes': 'To analyze the most current data, only use the latest extract date'}, 'number_confirmed': {'column_description': 'For patients with specimens collected for SARS-CoV-2 testing on the given specimen_date, the count of those same patients who were confirmed to be COVID-19 cases', 'additional_notes': 'To analyze the most current data, only use the latest extract date'}, 'number_hospitalized': {'column_description': 'For patients with specimens collected for SARS-CoV-2 testing on the given specimen_date and confirmed to be COVID-19 cases, the count of those same patients who were ever hospitalized', 'additional_notes': 'To analyze the most current data, only use the latest extract date'}, 'number_deaths': {'column_description': 'For patients with specimens collected for SARS-CoV-2 testing on the given specimen_date and confirmed to be COVID-19 cases, the count of those same patients who died', 'additional_notes': 'To analyze the most current data, only use the latest extract date'}}",176,6.0,1.0,1.0
y4fw-iqfr,https://data.cityofnewyork.us/d/y4fw-iqfr,"This dataset contains information on cooling tower registrations in New York City, including details such as the building identification number (BIN), system ID, registration date, address, borough, ZIP code, sample dates, number of active equipment, and geographic coordinates (latitude and longitude). It features 3,951 unique BINs and 4,916 unique system IDs, with data spanning from August 17, 2015, to July 28, 2019. The dataset provides valuable insights into the locations and operational status of cooling towers, which are essential for public health and safety monitoring. Each entry includes the borough and community board, allowing for spatial analysis of cooling tower distribution across the city. This dataset can be utilized by urban planners, public health officials, and researchers to assess compliance with regulations, track maintenance schedules, and analyze the impact of cooling towers on local environments.

Column constraints outlined in Data Dictionary:
bin: 7-digit number; must start with a borough code; may contain all zeroes indicating unassigned BIN  
system_id: 10-digit number; must start with the digit ""2""  
date_registered: Date format YYYY-MM-DD  
borough: Allowed values: Manhattan, Queens, Brooklyn, Bronx, Staten Island  
zip: 5-digit number  
sampledates: Text; may contain multiple dates in MM/DD/YYYY format; blank indicates no sample dates reported  
activeequipment: 2-digit number; must be non-negative  
bbl: 10-digit number; must contain a borough code, a 5-byte tax block, and a 4-byte tax lot  
latitude: Number; must be within the range of -90 to 90 degrees  
longitude: Number; must be within the range of -180 to 180 degrees  
community_board: 3-digit number; first digit is a borough code  
council_district: 2-digit number  
census_tract: 6-digit number  
ntacode: 4-character alpha-numeric","This dataset contains information on Cooling Tower Registrations, including details such as the registration date, address, borough, and geographic coordinates. It features 100 unique entries, with data spanning from August 16, 2015, to March 13, 2025. The dataset includes various identifiers, such as system IDs and BBLs, as well as temporal data related to sample dates. The spatial coverage encompasses multiple boroughs and zip codes, providing valuable geolocation data. This dataset can be utilized for monitoring compliance with cooling tower regulations, analyzing trends in cooling tower registrations, and supporting public health initiatives related to waterborne pathogens.","Dataset Overview:
- This dataset contains information on cooling tower registrations in New York City, including details such as the building identification number (BIN), system ID, registration date, address, borough, ZIP code, sample dates, number of active equipment, and geographic coordinates (latitude and longitude). It features 3,951 unique BINs and 4,916 unique system IDs, with data spanning from August 17, 2015, to July 28, 2019. The dataset provides valuable insights into the locations and operational status of cooling towers, which are essential for public health and safety monitoring. Each entry includes the borough and community board, allowing for spatial analysis of cooling tower distribution across the city. This dataset can be utilized by urban planners, public health officials, and researchers to assess compliance with regulations, track maintenance schedules, and analyze the impact of cooling towers on local environments.

Key Themes or Topics:
- Urban infrastructure
- Public health and safety
- Environmental monitoring
- Regulatory compliance
- Urban planning and development
- Cooling systems and HVAC (Heating, Ventilation, and Air Conditioning)
- Building management and maintenance
- Geographic information systems (GIS)
- Community health and safety

Applications and Use Cases:
- Facilitates analysis for urban planners to assess cooling tower distribution and compliance with city regulations.
- Useful for public health officials to monitor potential health risks associated with cooling towers, such as Legionnaires' disease.
- Enables researchers to study the environmental impact of cooling towers on urban ecosystems.
- Assists in engineering assessments for the design and maintenance of cooling systems.
- Supports statistical modeling of cooling tower operations and their correlation with local climate data.

Potential Questions:
- What is the distribution of cooling towers across different boroughs in New York City?
- How does the number of active cooling towers vary by community board?
- What trends can be observed in cooling tower registrations over the specified date range?
- How do sample dates correlate with the number of active equipment reported?
- What is the relationship between cooling tower locations and ZIP code demographics?

Concepts and Synonyms:
- Cooling towers / evaporative coolers
- Building identification number (BIN) / facility ID
- System ID / equipment ID
- Registration date / compliance date
- Borough / district
- Active equipment / operational units
- Geographic coordinates / location data
- Public health monitoring / health safety
- Environmental impact / ecological assessment

Keywords and Themes:
- Cooling tower registration
- New York City cooling systems
- Urban health and safety
- HVAC systems
- Environmental compliance
- Spatial analysis
- Community health
- Building codes
- Infrastructure management

Additional Context:
- The dataset is relevant for addressing public health challenges related to waterborne pathogens and the maintenance of cooling systems in urban environments.
- It provides critical data for interdisciplinary studies involving urban planning, public health, and environmental science.
- The dataset can be integrated with other urban datasets, such as building permits and health inspection records, to enhance analysis and policy formulation.","Dataset Overview:
- This dataset contains information on Cooling Tower Registrations, including details such as the registration date, address, borough, and geographic coordinates. It features 100 unique entries, with data spanning from August 16, 2015, to March 13, 2025. The dataset includes various identifiers, such as system IDs and BBLs, as well as temporal data related to sample dates. The spatial coverage encompasses multiple boroughs and zip codes, providing valuable geolocation data. This dataset can be utilized for monitoring compliance with cooling tower regulations, analyzing trends in cooling tower registrations, and supporting public health initiatives related to waterborne pathogens.

Key Themes or Topics:
- Environmental health
- Public health and safety
- Urban infrastructure management
- Water quality monitoring
- Regulatory compliance
- Epidemiology of waterborne diseases
- Cooling systems and HVAC (Heating, Ventilation, and Air Conditioning)
- Urban planning and development

Applications and Use Cases:
- Monitoring compliance with cooling tower regulations for public health safety
- Analyzing trends in cooling tower registrations for urban planning and infrastructure development
- Supporting public health initiatives aimed at preventing outbreaks of Legionnaires' disease and other waterborne pathogens
- Assisting researchers in studying the relationship between cooling towers and environmental health
- Informing policymakers on regulatory needs and public health strategies

Concepts and Synonyms:
- Cooling towers/evaporative cooling systems
- Registrations/permits
- Compliance monitoring/regulatory oversight
- Waterborne pathogens/Legionella
- Geographic information systems (GIS)/spatial analysis
- Urban boroughs/municipalities
- System IDs/identifiers
- BBL (Borough, Block, Lot)/property identification

Keywords and Themes:
- Cooling tower registration
- Public health compliance
- Water quality
- Environmental monitoring
- Urban infrastructure
- Health regulations
- Geographic coordinates
- Sample dates
- Trend analysis
- Waterborne disease prevention

Additional Context:
- The dataset is crucial for addressing public health challenges related to cooling towers, particularly in urban areas where such systems are prevalent.
- It provides a foundation for interdisciplinary research that combines environmental science, public health, and urban planning.
- The dataset can be integrated with other health and environmental datasets to enhance understanding of the impact of cooling towers on community health and safety.","{'bin': {'column_description': 'Department of Buildings (DOB) Building Identification Number', 'expected_per_allowed_values': '7-digit number', 'field_limitations': 'Provided by DOB', 'additional_notes': 'Building Identification Number (BIN) is a seven-digit numerical identifier unique to each building in the City of New York. The first digit is the Borough Code. If the borough code is followed by all zeroes (commonly referred to as a ‘million BIN’, this indicates that a BIN has not been assigned, either because the address associated with the building has not yet been built, an address is assigned as a potential valid range where there is no building (vacant lot or vacant street frontage), or it is associated with a constituent entity of a Complex NAP (Non-Addressable Placename) but does not indicate a building or structure that would have a BIN assignment (such as the Children’s Zoo Spider Web within Central Park).'}, 'system_id': {'column_description': 'Unique NYC Cooling Tower System Identification Number', 'expected_per_allowed_values': '10-digit number', 'field_limitations': 'BWSO system-generated', 'additional_notes': 'Cooling tower system identification number is a unique identifier starting with the digit ""2"". It is assigned to a cooling tower system upon registration in the NYC Cooling Tower Registration Portal.'}, 'date_registered': {'column_description': 'Cooling tower system registration date', 'expected_per_allowed_values': 'Date: YYYY-MM-DD', 'field_limitations': 'BWSO system-generated', 'additional_notes': 'The date a cooling tower system is registered in the NYC Cooling Tower Registration Portal.'}, 'address': {'column_description': 'Street name and street number of the physical location of the cooling tower system', 'expected_per_allowed_values': 'Text', 'field_limitations': 'Self-reported by the registrant'}, 'borough': {'column_description': 'Borough of the physical location of the cooling tower system', 'expected_per_allowed_values': 'Text: Manhattan, Queens, Brooklyn, Bronx, or Staten Island', 'field_limitations': 'Self-reported by the registrant'}, 'zip': {'column_description': 'ZIP code of the physical location of the cooling tower system', 'expected_per_allowed_values': '5-digit number', 'field_limitations': 'Self-reported by the registrant'}, 'sampledates': {'column_description': 'Dates of water tests reported by the qualified person', 'expected_per_allowed_values': 'Text', 'field_limitations': 'Self-reported by the qualified person. This field lists any test dates reported within the last 365 days for the cooling tower system. A blank field indicates no sample dates were reported for the last 365 days.', 'additional_notes': 'The qualified person as defined in Title 24 of the Rules of the City of New York, Chapter 8, Section 8-02 must report Legionella test dates to the Department as required by NYC Administrative Code Section 17-194.1(f). '}, 'activeequipment': {'column_description': 'Number of active cooling tower equipment associated with the cooling tower system at the time of publication', 'expected_per_allowed_values': '2-digit number', 'field_limitations': 'Calculated field based on registrant-entered data', 'additional_notes': 'The number of active cooling tower equipment registered under the cooling tower system. It does not include equipment that are inactive (previously decommissioned or deleted).'}, 'bbl': {'column_description': 'Borough Block Lot', 'expected_per_allowed_values': '10-digit number', 'field_limitations': 'Provided by geocoding services', 'additional_notes': 'Identifies a parcel of real property in New York City, called a tax lot. The BBL contains a 1 byte Borough Code, a 5-byte Tax Block, and a 4-byte tax lot. The tax block and tax lot are both right justified, zero filled. '}, 'latitude': {'column_description': 'Latitude of the location of the building having the cooling tower', 'expected_per_allowed_values': 'Number', 'field_limitations': 'Provided by geocoding services', 'additional_notes': 'Lines of latitude measure the north-south position between the poles with the equator defined as 0 degrees. The units of measure are degrees and minutes.'}, 'longitude': {'column_description': 'Longitude of the location of the building having the cooling tower', 'expected_per_allowed_values': 'Number', 'field_limitations': 'Provided by geocoding services', 'additional_notes': 'Lines of longitude (or meridians) measure the east-west position, with the prime meridian running through Greenwich, England. The units of measure are degrees and minutes.'}, 'community_board': {'column_description': 'Community Board of the location of the building having the cooling tower', 'expected_per_allowed_values': '3-digit number', 'field_limitations': 'Provided by geocoding services', 'additional_notes': 'The first byte is a borough code and the second and third bytes are the community board number. There are 59 community districts in the city of New York, as well as 12 Joint Interest Areas (JIAs). The JIAs are major parks and airports that are not contained within any community districts.'}, 'council_district': {'column_description': 'Council District of the location of the building having the cooling tower', 'expected_per_allowed_values': '2-digit number', 'field_limitations': 'Provided by geocoding services', 'additional_notes': 'A district represented by a member of the New York City Council. Consists of an aggregation of Election Districts.'}, 'census_tract': {'column_description': 'The Census Tract of the location of the building having the cooling tower', 'expected_per_allowed_values': '6-digit number', 'field_limitations': 'Provided by geocoding services', 'additional_notes': 'Small, relatively permanent statistical subdivisions of a geographical area as defined by the U.S. Census Bureau.'}, 'ntacode': {'column_description': 'NTA (Neighborhood Tabulation Area) code of the location of the building having the cooling tower', 'expected_per_allowed_values': '4-character alpha-numeric', 'field_limitations': 'Provided by geocoding services', 'additional_notes': 'Unique identifier for each NTA. NTAs were created by the Department of City Planning to project populations at a small area level for PlaNYC, the long-term sustainability plan for New York City. These are now being used to present data from the Decennial Census and American Community Survey.'}}","5,952",15.0,1.0,1.0
9jgj-bmct,https://data.cityofnewyork.us/d/9jgj-bmct,"This dataset contains detailed records of indoor complaints reported to the 311 service, focusing on issues such as air quality, mold, and ventilation across various neighborhoods in New York City. It includes 107,565 unique complaint identifiers, with incidents spanning from October 2010 to February 2026, providing a comprehensive temporal coverage. The dataset features spatial data, including incident addresses and geographic coordinates, allowing for precise location tracking of complaints. Each entry includes information on the complaint type, descriptor, status, and the community board and council district associated with the incident. This dataset can be utilized for analyzing trends in indoor air quality complaints, identifying areas with frequent issues, and informing public health initiatives. It serves as a valuable resource for researchers, policymakers, and community organizations aiming to improve living conditions and address environmental health concerns in urban settings.","This dataset contains detailed records of indoor complaints reported to the 311 service, focusing on issues such as air quality, mold, and sewage odors. It includes 100 unique complaints, with data spanning from March 2011 to March 2026. Each entry provides information on the complaint number, incident address, complaint type, and status, along with geographic coordinates for precise location tracking. The dataset can be utilized for analyzing trends in indoor environmental complaints, assessing public health concerns, and informing policy decisions related to urban living conditions. It serves as a valuable resource for researchers, city planners, and public health officials.","Dataset Overview:
- This dataset contains detailed records of indoor complaints reported to the 311 service, focusing on issues such as air quality, mold, and ventilation across various neighborhoods in New York City. It includes 107,565 unique complaint identifiers, with incidents spanning from October 2010 to February 2026, providing a comprehensive temporal coverage. The dataset features spatial data, including incident addresses and geographic coordinates, allowing for precise location tracking of complaints. Each entry includes information on the complaint type, descriptor, status, and the community board and council district associated with the incident. This dataset can be utilized for analyzing trends in indoor air quality complaints, identifying areas with frequent issues, and informing public health initiatives. It serves as a valuable resource for researchers, policymakers, and community organizations aiming to improve living conditions and address environmental health concerns in urban settings.

Key Themes or Topics:
- Indoor air quality
- Environmental health
- Urban living conditions
- Public health
- Community health
- Housing quality
- Environmental justice
- Urban planning
- Neighborhood analysis
- Complaint management systems

Applications and Use Cases:
- Analyzing trends in indoor air quality complaints for public health assessments
- Identifying neighborhoods with high frequencies of mold and ventilation issues for targeted interventions
- Informing policy formulation regarding housing regulations and environmental standards
- Supporting community organizations in addressing indoor environmental health concerns
- Conducting spatial analysis of complaint distribution to inform urban planning decisions
- Evaluating the effectiveness of public health initiatives over time

Potential Questions:
- What is the distribution of indoor complaints related to air quality across different neighborhoods?
- How do mold complaints vary by community board and council district?
- What trends can be observed in ventilation-related complaints from 2010 to 2026?
- How does the status of indoor complaints differ across various complaint types?
- What are the most common descriptors associated with indoor complaints in New York City?
- Are there specific time periods with increased indoor complaints, and what factors may contribute to these spikes?

Concepts and Synonyms:
- Indoor complaints/indoor issues
- Air quality/air pollution
- Mold/mildew
- Ventilation/air circulation
- 311 service/city services
- Community board/neighborhood council
- Geographic coordinates/spatial data
- Public health initiatives/community health programs
- Environmental health concerns/health risks

Keywords and Themes:
- Indoor complaints
- Air quality issues
- Mold remediation
- Ventilation problems
- 311 service data
- New York City complaints
- Environmental health data
- Public health analysis
- Urban environmental issues
- Housing complaints

Additional Context:
- This dataset is crucial for understanding the impact of indoor environmental factors on public health, particularly in urban settings where housing quality can significantly affect residents' well-being. It provides insights into the effectiveness of existing policies and the need for new regulations to address indoor air quality and related health issues. The dataset can also be integrated with other urban datasets to enhance analyses of socio-economic factors and their relationship with environmental health.","Dataset Overview:
- This dataset contains detailed records of indoor complaints reported to the 311 service, focusing on issues such as air quality, mold, and sewage odors. It includes 100 unique complaints, with data spanning from March 2011 to March 2026. Each entry provides information on the complaint number, incident address, complaint type, and status, along with geographic coordinates for precise location tracking. The dataset can be utilized for analyzing trends in indoor environmental complaints, assessing public health concerns, and informing policy decisions related to urban living conditions. It serves as a valuable resource for researchers, city planners, and public health officials.

Key Themes or Topics:
- Indoor environmental quality
- Public health and safety
- Urban living conditions
- Environmental health
- Complaint management systems
- Urban infrastructure and services
- Community health issues
- Air quality monitoring
- Mold and mildew issues
- Sewage and plumbing complaints

Applications and Use Cases:
- Analysis of indoor air quality trends
- Assessment of public health risks related to indoor environments
- Policy formulation for urban health initiatives
- Urban planning and development strategies
- Statistical modeling of complaint patterns
- Resource allocation for city services
- Community engagement and awareness programs
- Environmental impact assessments
- Health risk assessments for urban populations

Concepts and Synonyms:
- Indoor complaints/indoor grievances
- 311 service/city service hotline
- Air quality/indoor air pollution
- Mold/mildew
- Sewage odors/sewage issues
- Geographic coordinates/location data
- Complaint type/issue category
- Public health/public safety
- Urban planning/city planning
- Environmental monitoring/health monitoring

Keywords and Themes:
- indoor complaints
- air quality issues
- mold complaints
- sewage odors
- public health data
- urban complaints
- environmental complaints
- 311 service data
- geographic information
- urban health analysis

Additional Context:
- The dataset is relevant for addressing urban health challenges, particularly in densely populated areas where indoor environmental quality can significantly impact residents' health. It provides insights into the frequency and types of complaints that can inform city officials and health professionals about potential public health interventions. The data can also be integrated with other datasets related to urban infrastructure, health statistics, and environmental monitoring to enhance understanding and response strategies.",,108,19.0,0.0,1.0
8vwk-6iz2,https://data.cityofnewyork.us/d/8vwk-6iz2,"This dataset provides comprehensive information on NYC Farmers Markets, detailing their operational years, locations, and services. It includes data on 17 unique years, covering markets across five boroughs, with specific street addresses and community districts. The dataset captures essential operational details such as days and hours of operation, whether markets accept EBT, and if they are open year-round. The spatial data includes latitude and longitude coordinates for precise location mapping. Additionally, the dataset highlights the community districts, which are vital for understanding local governance and community engagement in these markets. This dataset can be utilized for various purposes, including research on food accessibility, community health initiatives, and urban planning, making it a valuable resource for policymakers, researchers, and community organizations interested in promoting local food systems and enhancing public health in New York City.

Column constraints outlined in Data Dictionary:
community_district: Only available for years 2016-2025; must be a valid community district identifier in NYC (e.g., numeric values representing community districts)","This dataset provides comprehensive information on NYC Farmers Markets, including details such as market names, locations, operational days, and hours. It covers a temporal range from 2008 to 2024, with data on 100 unique markets across five boroughs. Each entry includes geographic coordinates, allowing for precise mapping. The dataset also indicates whether markets accept EBT and if they operate year-round. This information is valuable for researchers, policymakers, and community organizations aiming to promote local food access and support sustainable agriculture initiatives in New York City.","**Dataset Overview:**
This dataset provides comprehensive information on NYC Farmers Markets, detailing their operational years, locations, and services. It includes data on 17 unique years, covering markets across five boroughs, with specific street addresses and community districts. The dataset captures essential operational details such as days and hours of operation, whether markets accept EBT, and if they are open year-round. The spatial data includes latitude and longitude coordinates for precise location mapping. Additionally, the dataset highlights the community districts, which are vital for understanding local governance and community engagement in these markets. This dataset can be utilized for various purposes, including research on food accessibility, community health initiatives, and urban planning, making it a valuable resource for policymakers, researchers, and community organizations interested in promoting local food systems and enhancing public health in New York City.

**Key Themes or Topics:**
- Urban agriculture
- Food systems
- Local food access
- Community health
- Economic development
- Urban planning
- Food security
- Public health initiatives
- Community engagement
- Sustainability
- Socio-economic factors
- Geographic information systems (GIS)

**Applications and Use Cases:**
- Analysis of food accessibility in urban environments
- Research on the impact of farmers markets on community health
- Policy formulation for local food systems and urban agriculture
- Urban planning and development strategies
- Statistical modeling of market operations and community engagement
- Evaluation of EBT acceptance and its effects on food access
- Mapping and spatial analysis of farmers market locations

**Potential Questions:**
- What are the operational hours and days of NYC Farmers Markets across different boroughs?
- How does the acceptance of EBT vary among farmers markets in NYC?
- What is the distribution of farmers markets by community district in NYC from 2016 to 2025?
- How has the number of farmers markets changed over the years in NYC?
- Are there differences in services offered by farmers markets in different boroughs?
- What percentage of farmers markets are open year-round compared to seasonal markets?

**Concepts and Synonyms:**
- Farmers markets/local markets
- Urban agriculture/community gardens
- Food access/food availability
- EBT/SNAP benefits
- Community districts/neighborhoods
- Local produce/fresh food
- Economic impact/community development
- Public health/health initiatives
- Sustainability/green practices

**Keywords and Themes:**
- NYC Farmers Markets
- Food accessibility
- Community health
- Urban planning
- EBT acceptance
- Local food systems
- Geographic data
- Community engagement
- Market operations
- Spatial mapping

**Additional Context:**
- The dataset is relevant for addressing challenges related to food deserts and urban food insecurity in New York City.
- It provides insights into the role of farmers markets in promoting healthy eating and local economies.
- The dataset can be integrated with other urban planning datasets to enhance understanding of community needs and resource allocation.","Dataset Overview:
- This dataset provides comprehensive information on NYC Farmers Markets, including details such as market names, locations, operational days, and hours. It covers a temporal range from 2008 to 2024, with data on 100 unique markets across five boroughs. Each entry includes geographic coordinates, allowing for precise mapping. The dataset also indicates whether markets accept EBT and if they operate year-round. This information is valuable for researchers, policymakers, and community organizations aiming to promote local food access and support sustainable agriculture initiatives in New York City.

Key Themes or Topics:
- Urban agriculture
- Local food systems
- Food access and equity
- Community development
- Sustainable agriculture
- Economic development
- Public health and nutrition
- Environmental sustainability
- Urban planning and policy
- Social justice in food distribution

Applications and Use Cases:
- Supports urban planning and development initiatives
- Aids in policy formulation for food access programs
- Facilitates research on local food systems and their impact on communities
- Enables analysis of food security and nutrition-related issues
- Assists community organizations in outreach and program development
- Provides data for environmental impact assessments related to agriculture
- Informs economic studies on local markets and small businesses

Concepts and Synonyms:
- Farmers markets/local markets
- Food access/food security
- EBT/SNAP benefits
- Community-supported agriculture (CSA)
- Seasonal markets/year-round markets
- Urban food deserts/food swamps
- Local produce/fresh food
- Agricultural sustainability/eco-friendly practices
- Market hours/operational days
- Geographic information systems (GIS)/spatial data

Keywords and Themes:
- NYC Farmers Markets
- Local food access
- Sustainable food systems
- EBT acceptance
- Market locations
- Community health
- Urban agriculture initiatives
- Food policy
- Economic impact of farmers markets
- Geographic coordinates

Additional Context:
- The dataset is crucial for addressing challenges related to food deserts and improving access to fresh produce in urban areas.
- It serves as a resource for interdisciplinary studies that combine urban planning, public health, and environmental science.
- The dataset can be integrated with other datasets related to demographics, health outcomes, and economic indicators to provide a comprehensive view of food access issues in New York City.","{'year': {'column_description': 'Calendar year of the report'}, 'borough': {'column_description': 'Borough in which site is located'}, 'community_district': {'column_description': 'Community District where the site is located', 'field_limitations': 'Only available for 2016-2025', 'additional_notes': 'Community Boards are volunteer-run neighborhood organizations that work on all kinds of issues pertinent to their communities, often working with elected city officials in doing so. Community Board members, \ufeffwho can be as young as 16\ufeff, are appointed by Borough Presidents and City Council representatives. They serve two-year terms. There are 59 Community Boards in NYC, each of which represents a unique geographical area, known as a Community District. Note: as a column header, “Community Board” (which refers to a group of Board members) is often used to mean “Community District” (the geographical area) instead.'}, 'latitude': {'column_description': 'Site latitude coordinate'}, 'longitude': {'column_description': 'Site longitude coordinate'}, 'daysoperation': {'column_description': 'Days of the week when the market is open'}, 'hoursoperations': {'column_description': 'Hours when the market is open'}, 'season_begin': {'column_description': 'Range of dates when the market is open'}, 'accepts_ebt': {'column_description': 'Locations accepts EBT (Yes or No)'}, 'open_year_round': {'column_description': 'Site is Year round (Yes or No)'}}","2,115",13.0,1.0,1.0
ud4g-9x9z,https://data.cityofnewyork.us/d/ud4g-9x9z,"This dataset focuses on Healthy Grocery Recognition, providing valuable insights into grocery stores and delis across various boroughs in New York City. It includes essential information such as store names, street addresses, boroughs, zip codes, and the years they were awarded recognition, spanning from 2013 to 2024. The dataset features 676 unique store names and 686 unique street addresses, highlighting the diversity of food retail options available. Each entry contains spatial data, including latitude and longitude coordinates, which allows for precise location mapping. Additionally, the dataset includes community board and council district information, enhancing its utility for urban planning and public health initiatives. This dataset can be used to identify and promote healthy food access in underserved areas, supporting efforts to encourage healthier eating habits and improve community well-being. Overall, it serves as a vital resource for researchers, policymakers, and organizations focused on food equity and public health.","This dataset focuses on Healthy Store Recognition, providing valuable insights into grocery stores and delis across various boroughs. It includes essential information such as store names, addresses, boroughs, zip codes, and the years they were awarded recognition. The dataset features spatial data, including latitude and longitude coordinates, which allows for geographic analysis of store locations. Additionally, it contains temporal data regarding the year of award and program wave, making it useful for tracking trends over time. This dataset can be utilized by researchers, policymakers, and community organizations to promote healthy food access and support local businesses.","**Dataset Overview:**
- This dataset focuses on Healthy Grocery Recognition, providing valuable insights into grocery stores and delis across various boroughs in New York City. It includes essential information such as store names, street addresses, boroughs, zip codes, and the years they were awarded recognition, spanning from 2013 to 2024. The dataset features 676 unique store names and 686 unique street addresses, highlighting the diversity of food retail options available. Each entry contains spatial data, including latitude and longitude coordinates, which allows for precise location mapping. Additionally, the dataset includes community board and council district information, enhancing its utility for urban planning and public health initiatives. This dataset can be used to identify and promote healthy food access in underserved areas, supporting efforts to encourage healthier eating habits and improve community well-being. Overall, it serves as a vital resource for researchers, policymakers, and organizations focused on food equity and public health.

**Key Themes or Topics:**
- Healthy food access
- Urban food environments
- Food equity
- Public health initiatives
- Community health
- Urban planning
- Socio-economic factors
- Food deserts
- Nutrition education
- Local food systems

**Applications and Use Cases:**
- Supports urban planning for food accessibility
- Aids public health research on nutrition and health outcomes
- Facilitates policy formulation for food equity initiatives
- Enables community assessments of healthy food availability
- Assists in identifying underserved areas for targeted interventions
- Provides data for statistical modeling of food access trends
- Supports advocacy for healthier food options in urban settings

**Potential Questions:**
- What is the distribution of healthy grocery stores across different boroughs in New York City?
- How does the recognition of healthy grocery stores vary by zip code?
- What trends can be observed in the number of recognized healthy grocery stores from 2013 to 2024?
- Which borough has the highest concentration of healthy grocery stores?
- How do community board and council district designations correlate with the presence of healthy grocery stores?
- What is the geographic distribution of healthy grocery stores in relation to food deserts in NYC?

**Concepts and Synonyms:**
- Healthy grocery/health food store
- Food access/food availability
- Urban grocery/urban food retail
- Food recognition/food awards
- Community health initiatives/public health programs
- Nutrition access/healthy eating
- Food equity/food justice
- Spatial data/geographic information
- Urban planning/community development

**Keywords and Themes:**
- Healthy grocery recognition
- New York City grocery stores
- Food equity dataset
- Urban health data
- Community food access
- Nutrition and public health
- Food retail mapping
- Healthy eating initiatives
- Food environment analysis

**Additional Context:**
- This dataset is relevant for addressing public health challenges related to nutrition and food access in urban areas.
- It can be integrated with other datasets on socio-economic factors to analyze the impact of food access on community health outcomes.
- The dataset supports interdisciplinary research involving urban studies, public health, and nutrition science, making it a valuable resource for various stakeholders.","**Dataset Overview:**
- This dataset focuses on Healthy Store Recognition, providing valuable insights into grocery stores and delis across various boroughs. It includes essential information such as store names, addresses, boroughs, zip codes, and the years they were awarded recognition. The dataset features spatial data, including latitude and longitude coordinates, which allows for geographic analysis of store locations. Additionally, it contains temporal data regarding the year of award and program wave, making it useful for tracking trends over time. This dataset can be utilized by researchers, policymakers, and community organizations to promote healthy food access and support local businesses.

**Key Themes or Topics:**
- Healthy food access
- Food environment
- Community health
- Urban food systems
- Public health initiatives
- Nutrition and wellness
- Local business support
- Food deserts and food swamps
- Grocery store distribution
- Health equity

**Applications and Use Cases:**
- Supports public health research and initiatives
- Aids in community planning and development
- Facilitates policy formulation for food access programs
- Enables geographic analysis for food distribution
- Assists in identifying areas for health interventions
- Provides data for academic research on nutrition and health
- Helps local governments in promoting healthy eating
- Supports community organizations in advocacy efforts

**Concepts and Synonyms:**
- Healthy store/health-conscious store
- Grocery store/deli/market
- Recognition/award/certification
- Spatial data/geographic information
- Temporal data/time series data
- Food access/food availability
- Community organizations/nonprofits
- Local businesses/independent retailers
- Nutritional equity/health equity
- Food policy/food systems policy

**Keywords and Themes:**
- Healthy Store Recognition
- Grocery stores
- Delis
- Food access
- Community health
- Spatial analysis
- Temporal trends
- Award years
- Boroughs
- Zip codes
- Latitude and longitude

**Additional Context:**
- The dataset is relevant for addressing public health challenges related to nutrition and food access in urban areas.
- It can be integrated with other datasets on health outcomes, socioeconomic factors, and demographic information to provide a comprehensive view of community health.
- The dataset supports interdisciplinary research that combines public health, urban planning, and social justice initiatives aimed at improving food environments.",,709,14.0,0.0,1.0
w9ei-idxz,https://data.cityofnewyork.us/d/w9ei-idxz,"This dataset provides comprehensive information on flu vaccination locations across various boroughs, including details such as facility names, addresses, contact numbers, and websites. It contains 885 unique entries, each identified by a unique object ID, and includes data on whether walk-in services and insurance are accepted, as well as whether children can receive vaccinations at these sites. The dataset is spatially enriched with latitude and longitude coordinates, allowing users to pinpoint locations accurately. It serves as a valuable resource for individuals seeking flu vaccinations, healthcare providers looking to refer patients, and public health officials aiming to monitor vaccination accessibility. The dataset can be utilized to analyze vaccination trends, identify service gaps, and enhance community health initiatives related to influenza prevention. For further information, users can access the Department of Health's website linked within the dataset.","This dataset provides comprehensive information on flu vaccination locations across various boroughs, including details such as facility names, addresses, contact numbers, and websites. It includes data on whether walk-in services are available and if insurance is required, making it a valuable resource for individuals seeking flu vaccinations. The dataset covers 100 unique locations, with spatial data represented by latitude and longitude coordinates for precise mapping. It serves as an essential tool for public health initiatives, enabling users to easily locate vaccination sites and access relevant information about services offered.","Dataset Overview:
- This dataset provides comprehensive information on flu vaccination locations across various boroughs, including details such as facility names, addresses, contact numbers, and websites. It contains 885 unique entries, each identified by a unique object ID, and includes data on whether walk-in services and insurance are accepted, as well as whether children can receive vaccinations at these sites. The dataset is spatially enriched with latitude and longitude coordinates, allowing users to pinpoint locations accurately. It serves as a valuable resource for individuals seeking flu vaccinations, healthcare providers looking to refer patients, and public health officials aiming to monitor vaccination accessibility. The dataset can be utilized to analyze vaccination trends, identify service gaps, and enhance community health initiatives related to influenza prevention. For further information, users can access the Department of Health's website linked within the dataset.

Key Themes or Topics:
- Public Health
- Vaccination Services
- Healthcare Accessibility
- Influenza Prevention
- Community Health Initiatives
- Disease Prevention
- Immunization Programs
- Health Equity
- Health Resources Distribution

Applications and Use Cases:
- Facilitates analysis for healthcare providers in patient referrals.
- Useful for public health officials in monitoring vaccination accessibility and trends.
- Enables researchers to study vaccination patterns and service gaps.
- Assists policymakers in planning and improving community health initiatives.
- Supports individuals in locating nearby flu vaccination sites.
- Aids in evaluating the effectiveness of flu vaccination campaigns.

Potential Questions:
- What are the locations of flu vaccination sites across different boroughs?
- How many flu vaccination locations accept walk-in services?
- What percentage of vaccination sites accept insurance?
- Are there differences in flu vaccination availability for children across boroughs?
- How does the distribution of flu vaccination locations correlate with population density?
- What trends can be observed in flu vaccination site accessibility over time?

Concepts and Synonyms:
- Flu Vaccination/Influenza Immunization
- Vaccination Locations/Immunization Sites
- Healthcare Facilities/Health Services
- Walk-in Clinics/Immediate Care Centers
- Insurance Acceptance/Health Insurance Coverage
- Pediatric Vaccination/Child Immunization
- Geographic Information Systems (GIS)/Spatial Data
- Public Health Surveillance/Health Monitoring

Keywords and Themes:
- Flu vaccination
- Immunization locations
- Healthcare access
- Public health data
- Vaccination trends
- Community health resources
- Influenza prevention strategies
- Health service availability

Additional Context:
- This dataset is crucial for addressing public health challenges related to influenza outbreaks and vaccination coverage.
- It can be integrated with demographic data to assess health disparities in vaccination access.
- The dataset supports interdisciplinary research involving public health, epidemiology, and healthcare management.","Dataset Overview:
- This dataset provides comprehensive information on flu vaccination locations across various boroughs, including details such as facility names, addresses, contact numbers, and websites. It includes data on whether walk-in services are available and if insurance is required, making it a valuable resource for individuals seeking flu vaccinations. The dataset covers 100 unique locations, with spatial data represented by latitude and longitude coordinates for precise mapping. It serves as an essential tool for public health initiatives, enabling users to easily locate vaccination sites and access relevant information about services offered.

Key Themes or Topics:
- Public Health
- Immunization Services
- Vaccination Accessibility
- Healthcare Facilities
- Preventive Healthcare
- Community Health Initiatives
- Disease Prevention
- Health Promotion
- Emergency Health Services

Applications and Use Cases:
- Supports public health officials in planning vaccination campaigns and outreach programs.
- Assists healthcare providers in identifying service locations for patient referrals.
- Aids researchers in studying vaccination trends and public health outcomes.
- Facilitates community organizations in promoting flu vaccination awareness.
- Enables policymakers to assess healthcare access and equity in vaccination services.

Concepts and Synonyms:
- Flu Vaccination/Influenza Immunization
- Vaccination Sites/Vaccination Centers
- Walk-in Clinics/Walk-in Services
- Health Facilities/Healthcare Providers
- Insurance Requirements/Insurance Coverage
- Public Health Data/Health Information
- Immunization Locations/Vaccination Locations
- Community Clinics/Health Centers
- Preventive Medicine/Preventive Services

Keywords and Themes:
- flu vaccination
- influenza vaccine
- vaccination locations
- healthcare access
- public health initiatives
- immunization data
- walk-in vaccination
- insurance for vaccinations
- community health resources
- spatial data for health services

Additional Context:
- The dataset is crucial for addressing public health challenges related to flu outbreaks and vaccination rates.
- It provides insights into geographic disparities in vaccination access, aiding in targeted health interventions.
- The dataset can be integrated with other health-related datasets to enhance understanding of vaccination impacts on community health outcomes.",,885,26.0,0.0,1.0
qgc5-ecnb,https://data.cityofnewyork.us/d/qgc5-ecnb,"This dataset provides comprehensive nutritional information for menu items from various restaurants, covering a wide range of food categories such as salads, burgers, desserts, and beverages. Each entry includes details like the menu item ID, restaurant name, item description, serving size, and nutritional values, including calories, fats, cholesterol, sodium, and more. The data spans multiple years, allowing for tracking changes in menu offerings and nutritional content over time. With 96 unique restaurants represented, this dataset serves as a valuable resource for analyzing food trends, dietary choices, and nutritional standards in the restaurant industry. It can be utilized by health professionals, researchers, and consumers interested in understanding the nutritional profiles of popular restaurant items, making informed dietary decisions, and promoting healthier eating habits. The dataset also includes indicators for kids' meals, limited-time offers, and regional specialties, enhancing its usability for targeted dietary assessments.

Column constraints outlined in Data Dictionary:
year: integer; range: 2017-2018  
restaurant_item_name: string; required  
restaurant: string; required  
restaurant_id: integer; required  
item_name: string; required  
item_description: string; required  
food_category: string; allowed values: Appetizers & Sides, Baked Goods, Beverages, Burgers, Desserts, Entrees, Fried Potatoes, Pizza, Salads, Sandwiches, Soup, Toppings & Ingredients  
serving_size: number; required  
serving_size_text: string; required  
serving_size_unit: string; required  
calories: number; required  
total_fat: number; required  
saturated_fat: number; required  
trans_fat: number; required  
cholesterol: number; required  
sodium: number; required  
potassium: number; required  
carbohydrates: number; required  
protein: number; required  
sugar: number; required  
dietary_fiber: number; required  
calories_100g: number; required  
total_fat_100g: number; required  
saturated_fat_100g: number; required  
trans_fat_100g: number; required  
cholesterol_100g: number; required  
sodium_100g: number; required  
potassium_100g: number; required  
carbohydrates_100g: number; required  
protein_100g: number; required  
sugar_100g: number; required  
dietary_fiber_100g: number; required  
calories_text: string; required  
total_fat_text: string; required  
saturated_fat_text: string; required  
trans_fat_text: string; required  
cholesterol_text: string; required  
sodium_text: string; required  
potassium_text: string; required  
carbohydrates_text: string; required  
protein_text: string; required  
sugar_text: string; required  
dietary_fiber_text: string; required  
kids_meal: integer; required  
limited_time_offer: integer; required  
regional: integer; required  
shareable: integer; required","This dataset contains detailed nutritional information for various menu items from multiple restaurants, covering the years 2017 and 2018. Each entry includes essential data such as item names, descriptions, serving sizes, and nutritional components like calories, fats, cholesterol, and carbohydrates. The dataset is valuable for analyzing food options, understanding dietary choices, and promoting healthier eating habits. It can be used by nutritionists, dietitians, and health-conscious consumers to make informed decisions about their meals. Additionally, the dataset's structure allows for easy aggregation and classification of food items based on their nutritional profiles and categories.","Dataset Overview:
- This dataset provides comprehensive nutritional information for menu items from various restaurants, covering a wide range of food categories such as salads, burgers, desserts, and beverages. Each entry includes details like the menu item ID, restaurant name, item description, serving size, and nutritional values, including calories, fats, cholesterol, sodium, and more. The data spans multiple years, allowing for tracking changes in menu offerings and nutritional content over time. With 96 unique restaurants represented, this dataset serves as a valuable resource for analyzing food trends, dietary choices, and nutritional standards in the restaurant industry. It can be utilized by health professionals, researchers, and consumers interested in understanding the nutritional profiles of popular restaurant items, making informed dietary decisions, and promoting healthier eating habits. The dataset also includes indicators for kids' meals, limited-time offers, and regional specialties, enhancing its usability for targeted dietary assessments.

Key Themes or Topics:
- Nutrition analysis
- Restaurant menu offerings
- Dietary choices
- Food trends
- Nutritional standards
- Health and wellness
- Food categories
- Menu item variations
- Consumer behavior
- Public health nutrition

Applications and Use Cases:
- Facilitates nutritional analysis for health professionals and dietitians.
- Useful for researchers studying dietary patterns and food consumption trends.
- Enables consumers to make informed dietary choices when dining out.
- Assists policymakers in understanding nutritional standards in the restaurant industry.
- Supports food industry stakeholders in menu development and marketing strategies.
- Aids in the evaluation of kids' meal options and their nutritional adequacy.

Potential Questions:
- What is the average calorie content of burgers across different restaurants?
- How does the sodium content of salads compare to that of appetizers?
- What trends can be observed in the nutritional values of desserts over the years?
- Which restaurant offers the highest protein content in its menu items?
- How do limited-time offers affect the nutritional profiles of menu items?
- What percentage of menu items are classified as kids' meals, and what are their average nutritional values?

Concepts and Synonyms:
- Nutritional information/nutrition facts
- Menu items/food items
- Restaurant data/eating establishments
- Dietary analysis/nutritional assessment
- Food categories/food types
- Healthier eating/healthy choices
- Nutritional content/nutritional values
- Kids' meals/children's menu
- Limited-time offers/promotional items
- Regional specialties/local cuisine

Keywords and Themes:
- restaurant nutrition
- menu analysis
- dietary information
- food categories
- nutritional values
- health trends
- consumer nutrition
- food industry
- public health
- dietary guidelines

Additional Context:
- This dataset is relevant for addressing public health challenges related to obesity and dietary-related diseases.
- It provides insights into the nutritional quality of food options available in restaurants, which is crucial for promoting healthier eating habits.
- The dataset can be integrated with other health-related datasets to enhance research on dietary impacts on health outcomes.
- It supports interdisciplinary applications, linking nutrition science with consumer behavior and public health policy.","Dataset Overview:
- This dataset contains detailed nutritional information for various menu items from multiple restaurants, covering the years 2017 and 2018. Each entry includes essential data such as item names, descriptions, serving sizes, and nutritional components like calories, fats, cholesterol, and carbohydrates. The dataset is valuable for analyzing food options, understanding dietary choices, and promoting healthier eating habits. It can be used by nutritionists, dietitians, and health-conscious consumers to make informed decisions about their meals. Additionally, the dataset's structure allows for easy aggregation and classification of food items based on their nutritional profiles and categories.

Key Themes or Topics:
- Nutrition analysis
- Dietary choices
- Food health and wellness
- Menu item categorization
- Restaurant food options
- Nutritional profiling
- Healthier eating habits
- Caloric intake and management
- Food composition and labeling

Applications and Use Cases:
- Supports nutritionists in meal planning and dietary recommendations
- Assists dietitians in creating personalized nutrition plans
- Aids health-conscious consumers in making informed food choices
- Facilitates research on dietary trends and public health
- Enables restaurants to analyze and improve menu offerings
- Assists in the development of nutrition education programs
- Supports food policy formulation and health promotion initiatives

Concepts and Synonyms:
- Nutritional information/nutrition facts
- Menu items/food items
- Serving sizes/portion sizes
- Calories/energy content
- Fats/lipids
- Cholesterol/heart health
- Carbohydrates/sugars
- Dietary fiber/roughage
- Macronutrients/micronutrients
- Healthful eating/healthy diets

Keywords and Themes:
- restaurant nutrition
- food analysis
- dietary data
- nutrition education
- health and wellness
- food composition
- caloric content
- dietary guidelines
- nutrition tracking
- food labeling

Additional Context:
- The dataset is relevant for addressing public health challenges related to obesity and diet-related diseases.
- It provides insights into consumer behavior regarding food choices in restaurant settings.
- The dataset can be integrated with other health-related datasets for comprehensive health studies and interventions.
- It supports interdisciplinary research involving nutrition, public health, and food science.","{'year': {'a_unique_identifier_for_each_item_when_the_same_item_is_served_by_a_restaurant_over_multiple_years_it_has_an_identical_menu_item_identifier_to_allow_for_tracking': 'MenuStat data are collected annually in January. ', 'number': 'Number'}, 'restaurant_item_name': {'a_unique_identifier_for_each_item_when_the_same_item_is_served_by_a_restaurant_over_multiple_years_it_has_an_identical_menu_item_identifier_to_allow_for_tracking': 'Concatenated variable of Restaurant and Item Name', 'number': 'Plain Text'}, 'restaurant': {'a_unique_identifier_for_each_item_when_the_same_item_is_served_by_a_restaurant_over_multiple_years_it_has_an_identical_menu_item_identifier_to_allow_for_tracking': 'Restaurant name', 'number': 'Plain Text'}, 'restaurant_id': {'a_unique_identifier_for_each_item_when_the_same_item_is_served_by_a_restaurant_over_multiple_years_it_has_an_identical_menu_item_identifier_to_allow_for_tracking': 'Unique Identifier for Restaurant', 'number': 'Number'}, 'item_name': {'a_unique_identifier_for_each_item_when_the_same_item_is_served_by_a_restaurant_over_multiple_years_it_has_an_identical_menu_item_identifier_to_allow_for_tracking': 'Menu item name', 'number': 'Plain Text'}, 'item_description': {'a_unique_identifier_for_each_item_when_the_same_item_is_served_by_a_restaurant_over_multiple_years_it_has_an_identical_menu_item_identifier_to_allow_for_tracking': 'Menu item name with additional menu information (e.g. menu item components)', 'number': 'Plain Text'}, 'food_category': {'a_unique_identifier_for_each_item_when_the_same_item_is_served_by_a_restaurant_over_multiple_years_it_has_an_identical_menu_item_identifier_to_allow_for_tracking': 'Each menu item is coded into a mutually exclusive food category', 'number': 'Plain Text', 'unnamed_3': 'Appetizers & Sides\nBaked Goods\nBeverages\nBurgers\nDesserts\nEntrees\nFried Potatoes\nPizza\nSalads\nSandwiches\nSoup\nToppings & Ingredients'}, 'serving_size': {'a_unique_identifier_for_each_item_when_the_same_item_is_served_by_a_restaurant_over_multiple_years_it_has_an_identical_menu_item_identifier_to_allow_for_tracking': 'Serving size in grams or ounces when reported by restaurants', 'number': 'Number'}, 'serving_size_text': {'a_unique_identifier_for_each_item_when_the_same_item_is_served_by_a_restaurant_over_multiple_years_it_has_an_identical_menu_item_identifier_to_allow_for_tracking': 'Serving size reported in a non-specific value', 'number': 'Plain Text', 'unnamed_3': '≤1, 100-150'}, 'serving_size_unit': {'a_unique_identifier_for_each_item_when_the_same_item_is_served_by_a_restaurant_over_multiple_years_it_has_an_identical_menu_item_identifier_to_allow_for_tracking': 'Serving size in grams or ounces when reported by restaurants. For a limited number of items, serving size was converted to grams for foods and to ounces for beverages; these cases are marked by an asterisk.\n', 'number': 'Number'}, 'serving_size_household': {'a_unique_identifier_for_each_item_when_the_same_item_is_served_by_a_restaurant_over_multiple_years_it_has_an_identical_menu_item_identifier_to_allow_for_tracking': 'Household metric reported to describe serving size ', 'number': 'Plain Text', 'unnamed_3': 'e.g. 1 Slice'}, 'calories': {'number': 'Number'}, 'total_fat': {'number': 'Number'}, 'saturated_fat': {'number': 'Number'}, 'trans_fat': {'number': 'Number'}, 'cholesterol': {'number': 'Number'}, 'sodium': {'number': 'Number'}, 'potassium': {'number': 'Number'}, 'carbohydrates': {'number': 'Number'}, 'protein': {'number': 'Number'}, 'sugar': {'number': 'Number'}, 'dietary_fiber': {'number': 'Number'}, 'calories_100g': {'a_unique_identifier_for_each_item_when_the_same_item_is_served_by_a_restaurant_over_multiple_years_it_has_an_identical_menu_item_identifier_to_allow_for_tracking': 'Nutrient density is calculated by standardizing the serving size to 100 g when serving size and nutrient information is reported by the restaurant.', 'number': 'Number'}, 'total_fat_100g': {'a_unique_identifier_for_each_item_when_the_same_item_is_served_by_a_restaurant_over_multiple_years_it_has_an_identical_menu_item_identifier_to_allow_for_tracking': 'Nutrient density is calculated by standardizing the serving size to 100 g when serving size and nutrient information is reported by the restaurant.', 'number': 'Number'}, 'saturated_fat_100g': {'a_unique_identifier_for_each_item_when_the_same_item_is_served_by_a_restaurant_over_multiple_years_it_has_an_identical_menu_item_identifier_to_allow_for_tracking': 'Nutrient density is calculated by standardizing the serving size to 100 g when serving size and nutrient information is reported by the restaurant.', 'number': 'Number'}, 'trans_fat_100g': {'a_unique_identifier_for_each_item_when_the_same_item_is_served_by_a_restaurant_over_multiple_years_it_has_an_identical_menu_item_identifier_to_allow_for_tracking': 'Nutrient density is calculated by standardizing the serving size to 100 g when serving size and nutrient information is reported by the restaurant.', 'number': 'Number'}, 'cholesterol_100g': {'a_unique_identifier_for_each_item_when_the_same_item_is_served_by_a_restaurant_over_multiple_years_it_has_an_identical_menu_item_identifier_to_allow_for_tracking': 'Nutrient density is calculated by standardizing the serving size to 100 g when serving size and nutrient information is reported by the restaurant.', 'number': 'Number'}, 'sodium_100g': {'a_unique_identifier_for_each_item_when_the_same_item_is_served_by_a_restaurant_over_multiple_years_it_has_an_identical_menu_item_identifier_to_allow_for_tracking': 'Nutrient density is calculated by standardizing the serving size to 100 g when serving size and nutrient information is reported by the restaurant.', 'number': 'Number'}, 'potassium_100g': {'a_unique_identifier_for_each_item_when_the_same_item_is_served_by_a_restaurant_over_multiple_years_it_has_an_identical_menu_item_identifier_to_allow_for_tracking': 'Nutrient density is calculated by standardizing the serving size to 100 g when serving size and nutrient information is reported by the restaurant.', 'number': 'Number'}, 'carbohydrates_100g': {'a_unique_identifier_for_each_item_when_the_same_item_is_served_by_a_restaurant_over_multiple_years_it_has_an_identical_menu_item_identifier_to_allow_for_tracking': 'Nutrient density is calculated by standardizing the serving size to 100 g when serving size and nutrient information is reported by the restaurant.', 'number': 'Number'}, 'protein_100g': {'a_unique_identifier_for_each_item_when_the_same_item_is_served_by_a_restaurant_over_multiple_years_it_has_an_identical_menu_item_identifier_to_allow_for_tracking': 'Nutrient density is calculated by standardizing the serving size to 100 g when serving size and nutrient information is reported by the restaurant.', 'number': 'Number'}, 'sugar_100g': {'a_unique_identifier_for_each_item_when_the_same_item_is_served_by_a_restaurant_over_multiple_years_it_has_an_identical_menu_item_identifier_to_allow_for_tracking': 'Nutrient density is calculated by standardizing the serving size to 100 g when serving size and nutrient information is reported by the restaurant.', 'number': 'Number'}, 'dietary_fiber_100g': {'a_unique_identifier_for_each_item_when_the_same_item_is_served_by_a_restaurant_over_multiple_years_it_has_an_identical_menu_item_identifier_to_allow_for_tracking': 'Nutrient density is calculated by standardizing the serving size to 100 g when serving size and nutrient information is reported by the restaurant.', 'number': 'Number'}, 'calories_text': {'a_unique_identifier_for_each_item_when_the_same_item_is_served_by_a_restaurant_over_multiple_years_it_has_an_identical_menu_item_identifier_to_allow_for_tracking': 'Nutrient reported in a non-specific value ', 'number': 'Plain Text', 'unnamed_3': '≤1, 100-150'}, 'total_fat_text': {'a_unique_identifier_for_each_item_when_the_same_item_is_served_by_a_restaurant_over_multiple_years_it_has_an_identical_menu_item_identifier_to_allow_for_tracking': 'Nutrient reported in a non-specific value ', 'number': 'Plain Text', 'unnamed_3': '≤1, 100-150'}, 'saturated_fat_text': {'a_unique_identifier_for_each_item_when_the_same_item_is_served_by_a_restaurant_over_multiple_years_it_has_an_identical_menu_item_identifier_to_allow_for_tracking': 'Nutrient reported in a non-specific value ', 'number': 'Plain Text', 'unnamed_3': '≤1, 100-150'}, 'trans_fat_text': {'a_unique_identifier_for_each_item_when_the_same_item_is_served_by_a_restaurant_over_multiple_years_it_has_an_identical_menu_item_identifier_to_allow_for_tracking': 'Nutrient reported in a non-specific value ', 'number': 'Plain Text', 'unnamed_3': '≤1, 100-150'}, 'cholesterol_text': {'a_unique_identifier_for_each_item_when_the_same_item_is_served_by_a_restaurant_over_multiple_years_it_has_an_identical_menu_item_identifier_to_allow_for_tracking': 'Nutrient reported in a non-specific value ', 'number': 'Plain Text', 'unnamed_3': '≤1, 100-150'}, 'sodium_text': {'a_unique_identifier_for_each_item_when_the_same_item_is_served_by_a_restaurant_over_multiple_years_it_has_an_identical_menu_item_identifier_to_allow_for_tracking': 'Nutrient reported in a non-specific value ', 'number': 'Plain Text', 'unnamed_3': '≤1, 100-150'}, 'potassium_text': {'a_unique_identifier_for_each_item_when_the_same_item_is_served_by_a_restaurant_over_multiple_years_it_has_an_identical_menu_item_identifier_to_allow_for_tracking': 'Nutrient reported in a non-specific value ', 'number': 'Plain Text', 'unnamed_3': '≤1, 100-150'}, 'carbohydrates_text': {'a_unique_identifier_for_each_item_when_the_same_item_is_served_by_a_restaurant_over_multiple_years_it_has_an_identical_menu_item_identifier_to_allow_for_tracking': 'Nutrient reported in a non-specific value ', 'number': 'Plain Text', 'unnamed_3': '≤1, 100-150'}, 'protein_text': {'a_unique_identifier_for_each_item_when_the_same_item_is_served_by_a_restaurant_over_multiple_years_it_has_an_identical_menu_item_identifier_to_allow_for_tracking': 'Nutrient reported in a non-specific value ', 'number': 'Plain Text', 'unnamed_3': '≤1, 100-150'}, 'sugar_text': {'a_unique_identifier_for_each_item_when_the_same_item_is_served_by_a_restaurant_over_multiple_years_it_has_an_identical_menu_item_identifier_to_allow_for_tracking': 'Nutrient reported in a non-specific value ', 'number': 'Plain Text', 'unnamed_3': '≤1, 100-150'}, 'dietary_fiber_text': {'a_unique_identifier_for_each_item_when_the_same_item_is_served_by_a_restaurant_over_multiple_years_it_has_an_identical_menu_item_identifier_to_allow_for_tracking': 'Nutrient reported in a non-specific value ', 'number': 'Plain Text', 'unnamed_3': '≤1, 100-150'}, 'kids_meal': {'a_unique_identifier_for_each_item_when_the_same_item_is_served_by_a_restaurant_over_multiple_years_it_has_an_identical_menu_item_identifier_to_allow_for_tracking': 'Coded as ‘1’ if the restaurant describes the item as being for kids.  Items described as for kids and adults (e.g. kids fries = small fries) says ‘Kids and Adults Menu’ in the Item Description.', 'number': 'Number'}, 'limited_time_offer': {'a_unique_identifier_for_each_item_when_the_same_item_is_served_by_a_restaurant_over_multiple_years_it_has_an_identical_menu_item_identifier_to_allow_for_tracking': 'Coded as ‘1’ if the restaurant describes the item as a limited time offer or seasonal.', 'number': 'Number'}, 'regional': {'a_unique_identifier_for_each_item_when_the_same_item_is_served_by_a_restaurant_over_multiple_years_it_has_an_identical_menu_item_identifier_to_allow_for_tracking': 'Coded as ‘1’ if the restaurant describes the item as regional (e.g. Midwest states only or at participating locations only).', 'number': 'Number'}, 'shareable': {'a_unique_identifier_for_each_item_when_the_same_item_is_served_by_a_restaurant_over_multiple_years_it_has_an_identical_menu_item_identifier_to_allow_for_tracking': 'Coded as ‘1’ if the restaurant describes the item as shareable and the nutrition cannot be divided in to a single serving (e.g. carafes, whole pies, quarts of ice cream, 2 liter drinks).', 'number': 'Number'}}",65,49.0,1.0,1.0
ykvb-493p,https://data.cityofnewyork.us/d/ykvb-493p,"This dataset provides a comprehensive analysis of HIV/AIDS demographics across various neighborhoods in New York City from 2010 to 2021. It includes key variables such as year, borough, neighborhood, sex, race, and the number of HIV and AIDS diagnoses, allowing for a detailed examination of trends and disparities in HIV/AIDS diagnoses over time. The dataset features 10 unique years, 6 boroughs, and 66 neighborhoods, capturing a wide range of demographic information. It includes metrics like the number of reported HIV diagnoses, concurrent HIV/AIDS cases, and their rates per 100,000 population, which are essential for understanding the public health landscape. This dataset can be utilized by researchers, public health officials, and policymakers to identify at-risk populations, evaluate the effectiveness of interventions, and inform strategies to combat HIV/AIDS in diverse communities.

Column constraints outlined in Data Dictionary:
hiv_diagnoses_num: >=0; NA; *
hiv_diagnoses_num_per_100k: >=0; NA; *
hiv_aids_concurrent_num: >=0; NA; *
concurrent_hiv_aids_among_all: >=0; NA; *
aids_diagnoses_num: >=0; NA; *
aids_diagnoses_num_per_100k: >=0; NA; *
year: 2010-latest available
sex: All; Male; Female
neighborhood: Kingsbridge-Riverdale, North East Bronx, Fordham-Bronx Pk, Pelham-Throgs Neck, Crotona-Tremont, Highbridge-Morrisania, Hunts Point-Mott Haven, Greenpoint, Downtown-Brooklyn Heights-Park Slope, Bedford Stuyvesant-Crown Heights, East New York, Sunset Park, Borough Park, East Flatbush-Flatbush, Canarsie-Flatlands, Bensonhurst-Bay Ridge, Coney Island, Williamsburg-Bushwick, Washington Heights-Inwood, Central Harlem, East Harlem, Upper West Side, Upper East Side, Chelsea-Clinton, Gramercy Park-Murray Hill, Greenwich Village - Soho, Union Square, Lower Manhattan, LI City-Astoria, West Queens, Flushing, Bayside-Little Neck, Ridgewood, Fresh Meadows, Southwest Queens, Jamaica, Southeast Queens, Rockaway, Port Richmond, Stapleton-St George, Willowbrook, South Beach-Tottenville","This dataset provides a comprehensive analysis of HIV/AIDS demographics across various neighborhoods in New York City from 2010 to 2021. It includes key variables such as year, borough, neighborhood, sex, race, and the number of HIV and AIDS diagnoses, allowing for detailed insights into the healthcare landscape. The data spans six boroughs and covers multiple demographic categories, making it a valuable resource for public health research and policy-making. Researchers can utilize this dataset to identify trends, disparities, and the impact of interventions on HIV/AIDS diagnoses within different communities.","Dataset Overview:
- This dataset provides a comprehensive analysis of HIV/AIDS demographics across various neighborhoods in New York City from 2010 to 2021. It includes key variables such as year, borough, neighborhood, sex, race, and the number of HIV and AIDS diagnoses, allowing for a detailed examination of trends and disparities in HIV/AIDS diagnoses over time. The dataset features 10 unique years, 6 boroughs, and 66 neighborhoods, capturing a wide range of demographic information. It includes metrics like the number of reported HIV diagnoses, concurrent HIV/AIDS cases, and their rates per 100,000 population, which are essential for understanding the public health landscape. This dataset can be utilized by researchers, public health officials, and policymakers to identify at-risk populations, evaluate the effectiveness of interventions, and inform strategies to combat HIV/AIDS in diverse communities.

Key Themes or Topics:
- HIV/AIDS epidemiology
- Public health analysis
- Demographic disparities in health
- Urban health studies
- Infectious disease trends
- Social determinants of health
- Health equity and access
- Community health assessments
- Disease prevention and intervention strategies

Applications and Use Cases:
- Facilitates analysis for public health officials to monitor HIV/AIDS trends.
- Useful for researchers studying the impact of socio-economic factors on health outcomes.
- Enables policymakers to develop targeted health interventions for at-risk populations.
- Assists in evaluating the effectiveness of public health campaigns and education programs.
- Supports community organizations in identifying areas of need for health services.

Potential Questions:
- What is the distribution of HIV diagnoses by neighborhood in New York City?
- How do HIV/AIDS diagnosis rates differ between males and females across various boroughs?
- What trends can be observed in AIDS diagnoses from 2010 to 2021 in specific neighborhoods?
- How do concurrent HIV/AIDS cases vary by race and sex in different areas?
- What is the relationship between population density and HIV diagnosis rates per 100,000 population?

Concepts and Synonyms:
- HIV/AIDS prevalence
- Demographic analysis of HIV/AIDS
- Health disparities
- Epidemiological trends
- Public health metrics
- At-risk populations
- Disease burden
- Health interventions
- Socio-economic health factors

Keywords and Themes:
- HIV diagnoses
- AIDS diagnoses
- New York City health data
- Neighborhood health disparities
- Public health research
- Epidemiology
- Health statistics
- Disease prevention
- Community health

Additional Context:
- This dataset is relevant for addressing public health challenges related to HIV/AIDS in urban settings.
- It provides valuable insights for interdisciplinary research combining public health, sociology, and urban studies.
- The dataset can be integrated with other health datasets to enhance understanding of broader health issues in New York City.","Dataset Overview:
- This dataset provides a comprehensive analysis of HIV/AIDS demographics across various neighborhoods in New York City from 2010 to 2021. It includes key variables such as year, borough, neighborhood, sex, race, and the number of HIV and AIDS diagnoses, allowing for detailed insights into the healthcare landscape. The data spans six boroughs and covers multiple demographic categories, making it a valuable resource for public health research and policy-making. Researchers can utilize this dataset to identify trends, disparities, and the impact of interventions on HIV/AIDS diagnoses within different communities.

Key Themes or Topics:
- HIV/AIDS epidemiology
- Public health demographics
- Health disparities and inequalities
- Urban health analysis
- Community health assessment
- Disease prevention and control
- Social determinants of health
- Racial and ethnic health disparities
- Gender and health outcomes
- Healthcare access and utilization

Applications and Use Cases:
- Facilitates analysis for public health officials and epidemiologists.
- Useful for policy formulation and healthcare planning.
- Enables researchers to study the effectiveness of health interventions.
- Assists in identifying at-risk populations for targeted outreach.
- Supports community health initiatives and resource allocation.
- Aids in the development of educational programs on HIV/AIDS awareness.
- Provides data for grant applications and funding proposals in public health.

Concepts and Synonyms:
- HIV/AIDS statistics
- HIV prevalence and incidence
- AIDS-related morbidity and mortality
- Demographic analysis of HIV/AIDS
- Neighborhood health disparities
- Socioeconomic factors in health
- Racial and ethnic minorities in health research
- Gender differences in HIV/AIDS
- Public health surveillance
- Epidemiological trends in HIV/AIDS

Keywords and Themes:
- HIV
- AIDS
- New York City
- demographics
- healthcare disparities
- public health research
- epidemiology
- community health
- health interventions
- disease diagnosis

Additional Context:
- Highlights the dataset's relevance to understanding the impact of socio-economic factors on health outcomes in urban settings.
- Emphasizes its value for interdisciplinary applications, integrating insights from sociology, public health, and urban studies.
- Addresses critical questions regarding the effectiveness of public health policies and interventions aimed at reducing HIV/AIDS rates in diverse communities.","{'hiv_diagnoses_num': {'column_description': 'Number of reported HIV diagnoses for respective year', 'additional_notes': 'Plain text\n\n>=0; NA; *'}, 'hiv_diagnoses_num_per_100k': {'column_description': 'Number of reported HIV diagnoses for respective year per 100,000 population ', 'additional_notes': 'Plain text\n\n>=0; NA; *'}, 'hiv_aids_concurrent_num': {'column_description': 'Number of reported diagnosed HIV cases with a concurrent AIDS diagnosis (AIDS diagnosis within 31 days of HIV diagnosis) for respective year', 'additional_notes': 'Plain text\n\n>=0; NA; *'}, 'concurrent_hiv_aids_among_all': {'column_description': 'Proportion of concurrent HIV/AIDS diagnosis compared to all HIV diagnoses for respective year', 'additional_notes': 'Plain text\n\n>=0; NA; *'}, 'aids_diagnoses_num_per_100k': {'column_description': 'Number of reported AIDS diagnoses for respective year per 100,000 population ', 'additional_notes': 'Plain text\n\n>=0; NA; *'}, 'aids_diagnoses_num': {'column_description': 'Number of reported AIDS diagnoses for respective year', 'additional_notes': 'Plain text\n\n>=0; NA; *'}, 'year': {'column_description': 'Calendar year of report', 'additional_notes': 'Plain text\n\n2010-latest available'}, 'sex': {'column_description': 'Sex', 'additional_notes': 'Plain text\n\nAll; Male; Female'}, 'neighborhood': {'column_description': 'United Hospital Fund neighborhood of residence', 'additional_notes': 'Plain text\n\nKingsbridge-Riverdale, North East Bronx, Fordham-Bronx Pk, Pelham-Throgs Neck, Crotona-Tremont, Highbridge-Morrisania, Hunts Point-Mott Haven, Greenpoint, Downtown-Brooklyn Heights-Park Slope, Bedford Stuyvesant-Crown Heights, East New York, Sunset Park, Borough Park, East Flatbush-Flatbush, Canarsie-Flatlands, Bensonhurst-Bay Ridge, Coney Island, Williamsburg-Bushwick, Washington Heights-Inwood, Central Harlem, East Harlem, Upper West Side, Upper East Side, Chelsea-Clinton, Gramercy Park-Murray Hill, Greenwich Village - Soho, Union Square, Lower Manhattan, LI City-Astoria, West Queens, Flushing, Bayside-Little Neck, Ridgewood, Fresh Meadows, Southwest Queens, Jamaica, Southeast Queens, Rockaway, Port Richmond, Stapleton-St George, Willowbrook, South Beach-Tottenville'}}","8,976",11.0,1.0,1.0
3qty-g4aq,https://data.cityofnewyork.us/d/3qty-g4aq,"This dataset focuses on Youth Risk Behavior, providing valuable insights into various health-related behaviors among adolescents. It includes data on smoking, binge drinking, soda consumption, and physical activity levels, collected through surveys conducted from 2011 to 2021. The dataset features measurements such as the prevalence of smoking in the past 30 days, binge drinking, and the percentage of adolescents who received help from a counselor in the past year. Additionally, it captures the rates of adolescent obesity and the frequency of physical activity, offering a comprehensive view of youth health trends. The data spans multiple years, allowing for temporal analysis of these behaviors. This dataset can be utilized by researchers, policymakers, and health professionals to assess risk factors, develop interventions, and promote healthier lifestyles among youth. Overall, it serves as a crucial resource for understanding and addressing adolescent health issues.","This dataset focuses on Youth Risk Behaviors, providing insights into various health-related metrics among adolescents. It includes data on smoking and binge drinking prevalence, as well as the percentage of youth who sought help from counselors in the past year. The dataset spans multiple years, from 2011 to 2021, and covers key health indicators such as adolescent obesity and physical activity levels. Each measurement is categorized within the healthcare domain, allowing for comprehensive analysis of trends over time. Researchers and policymakers can utilize this dataset to assess risk behaviors and develop targeted interventions for youth health improvement.","**Dataset Overview:**
- This dataset focuses on Youth Risk Behavior, providing valuable insights into various health-related behaviors among adolescents. It includes data on smoking, binge drinking, soda consumption, and physical activity levels, collected through surveys conducted from 2011 to 2021. The dataset features measurements such as the prevalence of smoking in the past 30 days, binge drinking, and the percentage of adolescents who received help from a counselor in the past year. Additionally, it captures the rates of adolescent obesity and the frequency of physical activity, offering a comprehensive view of youth health trends. The data spans multiple years, allowing for temporal analysis of these behaviors. This dataset can be utilized by researchers, policymakers, and health professionals to assess risk factors, develop interventions, and promote healthier lifestyles among youth. Overall, it serves as a crucial resource for understanding and addressing adolescent health issues.

**Key Themes or Topics:**
- Youth Risk Behavior
- Adolescent Health
- Substance Use
- Physical Activity
- Nutrition and Diet
- Mental Health
- Health Trends
- Behavioral Health
- Public Health
- Health Interventions

**Applications and Use Cases:**
- Facilitates analysis for health professionals in understanding youth health behaviors.
- Useful for policymakers in developing health-related policies and interventions.
- Enables researchers to study trends in adolescent health and risk behaviors over time.
- Assists educators in creating programs aimed at reducing risky behaviors among youth.
- Supports public health campaigns focused on promoting healthy lifestyles.

**Potential Questions:**
- What is the prevalence of smoking among adolescents in the past 30 days?
- How does binge drinking vary across different demographic groups?
- What percentage of adolescents reported receiving help from a counselor in the past year?
- How has the rate of adolescent obesity changed from 2011 to 2021?
- What is the frequency of physical activity among adolescents, and how does it relate to soda consumption?

**Concepts and Synonyms:**
- Youth Risk Behavior/Risky Behaviors
- Adolescent Substance Use/Teen Substance Abuse
- Binge Drinking/Heavy Drinking
- Smoking/Tobacco Use
- Physical Activity/Exercise
- Obesity/Overweight
- Mental Health/Counseling
- Health Interventions/Preventive Measures
- Nutrition/Soda Consumption

**Keywords and Themes:**
- Youth Health
- Risk Factors
- Adolescent Behavior
- Health Surveys
- Temporal Analysis
- Health Trends
- Substance Abuse
- Counseling Services
- Public Health Data

**Additional Context:**
- The dataset is relevant for addressing public health challenges related to adolescent health and risk behaviors.
- It provides a foundation for interdisciplinary research combining health, education, and social sciences.
- The temporal aspect of the data allows for longitudinal studies that can inform future health initiatives and policies.","Dataset Overview:
- This dataset focuses on Youth Risk Behaviors, providing insights into various health-related metrics among adolescents. It includes data on smoking and binge drinking prevalence, as well as the percentage of youth who sought help from counselors in the past year. The dataset spans multiple years, from 2011 to 2021, and covers key health indicators such as adolescent obesity and physical activity levels. Each measurement is categorized within the healthcare domain, allowing for comprehensive analysis of trends over time. Researchers and policymakers can utilize this dataset to assess risk behaviors and develop targeted interventions for youth health improvement.

Key Themes or Topics:
- Youth health behaviors
- Adolescent risk factors
- Substance use and abuse
- Mental health and counseling
- Physical health indicators
- Obesity and nutrition
- Physical activity and exercise
- Health education and awareness
- Preventive health measures
- Public health policy

Applications and Use Cases:
- Facilitates analysis for public health officials, educators, and mental health professionals.
- Useful for developing health promotion programs and interventions targeting youth.
- Enables statistical modeling and trend analysis for researchers studying adolescent health.
- Assists policymakers in formulating evidence-based health policies and initiatives.
- Supports community health assessments and resource allocation for youth services.

Concepts and Synonyms:
- Youth risk behaviors/adolescent risk behaviors
- Substance use/substance abuse
- Binge drinking/excessive alcohol consumption
- Smoking/tobacco use
- Mental health support/counseling services
- Physical inactivity/lack of exercise
- Obesity/overweight
- Health indicators/health metrics
- Preventive health care/youth health interventions
- Health disparities/inequities in youth health

Keywords and Themes:
- youth risk behaviors
- adolescent health
- smoking prevalence
- binge drinking rates
- mental health counseling
- obesity statistics
- physical activity levels
- health trends
- youth interventions
- public health data

Additional Context:
- Highlights the dataset's relevance to addressing public health challenges related to adolescent health and well-being.
- Emphasizes its value for interdisciplinary applications, integrating insights from psychology, sociology, and public health.
- Supports ongoing research into the impact of socio-economic factors on youth risk behaviors and health outcomes.",,18,10.0,0.0,1.0
fcau-jc6k,https://data.cityofnewyork.us/d/fcau-jc6k,"This dataset provides comprehensive information on infant mortality rates in New York City, covering the years from 2006 to 2022. It includes key metrics such as the infant mortality rate, neonatal mortality rate, and postneonatal mortality rate, along with the number of infant deaths categorized by maternal race or ethnicity. The dataset features 16 unique years and 14 different racial or ethnic categories, allowing for detailed demographic analysis. Each entry reflects the number of live births and mortality rates per 1,000 live births, offering valuable insights into healthcare outcomes. This dataset can be utilized for research on public health trends, policy-making, and interventions aimed at reducing infant mortality. It serves as a critical resource for understanding the disparities in health outcomes among different racial and ethnic groups, ultimately contributing to efforts in improving maternal and infant health in urban settings.

Column constraints outlined in Data Dictionary:
year: integer; range 2007-2016  
materal_race_or_ethnicity: allowed values include Puerto Rican, Other Hispanic, Asian and Pacific Islander, White Non-Hispanic, Black Non-Hispanic, Other/Two or More  
infant_mortality_rate: numeric; rates with relative standard error (RSE) >30 are suppressed  
neonatal_mortality_rate: numeric; rates with relative standard error (RSE) >30 are suppressed  
postneonatal_mortality_rate: numeric; rates with relative standard error (RSE) >30 are suppressed  
infant_deaths: integer; counts under 5 are suppressed  
neonatal_infant_deaths: integer; counts under 5 are suppressed  
postneonatal_infant_deaths: integer; counts under 5 are suppressed","This dataset focuses on infant mortality rates, providing valuable insights into healthcare outcomes across different racial and ethnic groups. It includes data from 2006 to 2022, with key metrics such as infant mortality rates, neonatal mortality rates, and postneonatal mortality rates, along with the number of infant deaths and live births. The dataset categorizes information by year and maternal race or ethnicity, allowing for detailed statistical analysis and demographic comparisons. Researchers and policymakers can utilize this dataset to identify trends, assess healthcare disparities, and develop targeted interventions to improve infant health outcomes.","Dataset Overview:
- This dataset provides comprehensive information on infant mortality rates in New York City, covering the years from 2006 to 2022. It includes key metrics such as the infant mortality rate, neonatal mortality rate, and postneonatal mortality rate, along with the number of infant deaths categorized by maternal race or ethnicity. The dataset features 16 unique years and 14 different racial or ethnic categories, allowing for detailed demographic analysis. Each entry reflects the number of live births and mortality rates per 1,000 live births, offering valuable insights into healthcare outcomes. This dataset can be utilized for research on public health trends, policy-making, and interventions aimed at reducing infant mortality. It serves as a critical resource for understanding the disparities in health outcomes among different racial and ethnic groups, ultimately contributing to efforts in improving maternal and infant health in urban settings.

Key Themes or Topics:
- Infant mortality
- Neonatal mortality
- Postneonatal mortality
- Maternal health
- Racial and ethnic disparities in health
- Public health trends
- Urban health outcomes
- Healthcare interventions
- Demographic analysis
- Maternal race and ethnicity

Applications and Use Cases:
- Facilitates analysis for public health researchers and practitioners.
- Useful for policymakers in formulating health interventions and policies.
- Enables healthcare providers to identify at-risk populations and tailor services.
- Supports academic research on health disparities and outcomes.
- Assists in evaluating the effectiveness of public health initiatives over time.

Potential Questions:
- What is the distribution of infant mortality rates across different racial and ethnic groups in New York City?
- How does the neonatal mortality rate vary by maternal race or ethnicity from 2006 to 2022?
- What trends can be observed in postneonatal mortality rates over the years in New York City?
- How do infant deaths correlate with the number of live births in different demographic categories?
- What are the differences in infant mortality rates between Black Non-Hispanic and White Non-Hispanic populations?

Concepts and Synonyms:
- Infant mortality rate / child mortality rate
- Neonatal mortality rate / early infant mortality rate
- Postneonatal mortality rate / late infant mortality rate
- Maternal race / maternal ethnicity
- Public health / community health
- Health disparities / health inequities
- Live births / birth statistics
- Mortality statistics / death rates

Keywords and Themes:
- Infant mortality
- Neonatal deaths
- Postneonatal deaths
- Maternal health disparities
- Racial and ethnic health outcomes
- Public health data
- Urban health statistics
- Healthcare outcomes
- Mortality rates
- Birth outcomes

Additional Context:
- This dataset is relevant for addressing public health challenges related to infant mortality in urban settings, particularly in diverse populations.
- It provides critical insights for interdisciplinary research that combines public health, sociology, and epidemiology.
- The dataset can be integrated with other health-related datasets to enhance understanding of broader health trends and outcomes in New York City and similar urban environments.","Dataset Overview:
- This dataset focuses on infant mortality rates, providing valuable insights into healthcare outcomes across different racial and ethnic groups. It includes data from 2006 to 2022, with key metrics such as infant mortality rates, neonatal mortality rates, and postneonatal mortality rates, along with the number of infant deaths and live births. The dataset categorizes information by year and maternal race or ethnicity, allowing for detailed statistical analysis and demographic comparisons. Researchers and policymakers can utilize this dataset to identify trends, assess healthcare disparities, and develop targeted interventions to improve infant health outcomes.

Key Themes or Topics:
- Infant mortality
- Neonatal mortality
- Postneonatal mortality
- Racial and ethnic disparities in healthcare
- Maternal health
- Public health outcomes
- Healthcare access and quality
- Demographic analysis
- Child health statistics
- Health equity

Applications and Use Cases:
- Supports public health research and policy development
- Aids in the evaluation of healthcare programs and interventions
- Facilitates demographic studies and health disparities analysis
- Useful for epidemiological studies and statistical modeling
- Assists in the identification of at-risk populations for targeted health initiatives
- Informs maternal and child health policy formulation

Concepts and Synonyms:
- Infant death rate/mortality rate
- Neonatal death rate/neonatal mortality
- Postneonatal death rate/postneonatal mortality
- Live birth statistics
- Maternal race/ethnicity
- Health disparities/health inequities
- Child mortality rates
- Public health data
- Healthcare outcomes
- Statistical analysis of health data

Keywords and Themes:
- infant mortality
- neonatal mortality
- postneonatal mortality
- maternal health
- racial disparities
- ethnic disparities
- healthcare outcomes
- public health
- demographic data
- health statistics

Additional Context:
- The dataset is crucial for understanding the impact of socio-economic factors on infant health outcomes.
- It provides a foundation for interdisciplinary research involving public health, sociology, and epidemiology.
- The dataset can be integrated with other health-related datasets to enhance the analysis of trends and disparities in infant mortality across different regions and populations.","{'year': {'column_description': 'Year of death for infant/neonatal/post-neonatal mortality rate, infant/neonatal/post-neonatal deaths in New York City.\nYear of birth for number of live births in New York City.\n', 'term_acronym_or_code_definitions': 'Calendar year', 'additional_notes': '2007-2016'}, 'materal_race_or_ethnicity': {'column_description': 'Race/Ethnicity of the mother', 'additional_notes': 'Puerto Rican, Other Hispanic, Asian and Pacific Islander, White Non-Hispanic, Black Non-Hispanic, Other/Two or More'}, 'infant_mortality_rate': {'column_description': 'Number of infant deaths under 1 year of age per 1,000 live births in the same calendar year in New York City.\n', 'term_acronym_or_code_definitions': 'IMR', 'additional_notes': 'Rates with relative standard error (RSE) >30 are suppressed.'}, 'neonatal_mortality_rate': {'column_description': 'Number of infant deaths under 28 days of age per 1,000 live births in the same calendar year in New York City.', 'additional_notes': 'Rates with relative standard error (RSE) >30 are suppressed.'}, 'postneonatal_mortality_rate': {'column_description': 'Number of infant deaths with age between 1 month and 1 year per 1,000 live births in the same calendar year in New York City.', 'additional_notes': 'Rates with relative standard error (RSE) >30 are suppressed.'}, 'infant_deaths': {'column_description': 'Number of infant deaths under 1 year of age in New York City.', 'additional_notes': 'Counts under 5 are suppressed.'}, 'neonatal_infant_deaths': {'column_description': 'Number of infant deaths under 28 days of age in New York City.', 'additional_notes': 'Counts under 5 are suppressed.'}, 'postneonatal_infant_deaths': {'column_description': 'Number of infant deaths with age between 1 month and 1 year in New York City.', 'additional_notes': 'Counts under 5 are suppressed.'}, 'number_of_live_births': {'column_description': 'Number of live newborns in New York City.'}}",102,9.0,1.0,1.0
da9u-wz3r,https://data.cityofnewyork.us/d/da9u-wz3r,"This dataset focuses on heavy metal testing across various consumer products, including cosmetics, food items, dietary supplements, and toys. It contains 8,494 unique entries, detailing the presence of metals such as lead, mercury, arsenic, and cadmium in products from diverse manufacturers and countries. Each entry includes information on product type, name, concentration levels, and the countries of manufacture and purchase, providing a comprehensive overview of potential hazardous materials in everyday items. The dataset spans a temporal range from April 3, 2011, to October 14, 2024, allowing for trend analysis over time. It serves as a valuable resource for researchers, policymakers, and consumers interested in understanding the risks associated with heavy metal exposure in consumer products, particularly in regions like India, Pakistan, and Bangladesh, where such issues are prevalent. This dataset can aid in regulatory assessments and public health initiatives aimed at reducing lead poisoning and other metal-related health risks.

Column constraints outlined in Data Dictionary:
product_type: allowed values are Cosmetics, Food-Spice, Food-Candy, Food-Other, Jewelry, Dietary Supplement/Medications/Remedy, Paint Supplies, Religious Powder, Tableware/Pottery, Toys/Children's products, QA/QC - Lab Test, Other  
metal: allowed values are Arsenic, Cadmium, Lead, Mercury  
concentration: value is numerical; sentinel value of -1 indicates ""Not Detected""  
units: allowed values are ppm, mg/kg, mg/cm², mg/L  
manufacturer: allow text and numerical values; sentinel value of ""Unknown"" is permitted  
made_in_country: allow text value; sentinel value of ""Unknown"" is permitted  
purchase_country: allow text value; sentinel value of ""Unknown"" is permitted  
investigation_type: allowed values are Child case investigation (C), Adult case investigation (A), Store survey (S)  
collection_date: format is MM/DD/YYYY","This dataset focuses on consumer products containing metals, specifically analyzing the concentration of harmful metals like lead, mercury, and cadmium in various items such as cosmetics, food, and dietary supplements. It includes 100 unique entries, detailing product types, names, manufacturers, and their countries of origin and purchase. The data spans from March 2011 to September 2024, providing a comprehensive temporal coverage. This dataset can be utilized for assessing the safety of consumer products, regulatory compliance, and public health research, helping to identify potential risks associated with metal exposure in everyday items.","**Dataset Overview:**
- This dataset focuses on heavy metal testing across various consumer products, including cosmetics, food items, dietary supplements, and toys. It contains 8,494 unique entries, detailing the presence of metals such as lead, mercury, arsenic, and cadmium in products from diverse manufacturers and countries. Each entry includes information on product type, name, concentration levels, and the countries of manufacture and purchase, providing a comprehensive overview of potential hazardous materials in everyday items. The dataset spans a temporal range from April 3, 2011, to October 14, 2024, allowing for trend analysis over time. It serves as a valuable resource for researchers, policymakers, and consumers interested in understanding the risks associated with heavy metal exposure in consumer products, particularly in regions like India, Pakistan, and Bangladesh, where such issues are prevalent. This dataset can aid in regulatory assessments and public health initiatives aimed at reducing lead poisoning and other metal-related health risks.

**Key Themes or Topics:**
- Heavy metal contamination
- Consumer product safety
- Public health and safety
- Environmental health
- Toxicology of heavy metals
- Regulatory compliance and assessments
- Risk assessment and management
- Food safety and quality
- Product testing and quality assurance
- Health risks associated with heavy metals

**Applications and Use Cases:**
- Facilitates analysis for public health officials and policymakers to assess risks associated with heavy metal exposure.
- Useful for researchers studying the impact of heavy metals on health and safety in consumer products.
- Enables manufacturers to ensure compliance with safety regulations and improve product safety.
- Supports consumer advocacy groups in raising awareness about hazardous materials in everyday items.
- Assists in trend analysis for heavy metal contamination over time in various product categories.

**Potential Questions:**
- What is the concentration distribution of lead in cosmetics across different manufacturers?
- How does the presence of cadmium in dietary supplements vary by country of manufacture?
- What trends can be observed in mercury levels in toys over the years from 2011 to 2024?
- Which product types have the highest reported levels of arsenic contamination?
- How do concentration levels of heavy metals differ between products purchased in India versus those purchased in Bangladesh?

**Concepts and Synonyms:**
- Heavy metals/toxic metals
- Contaminants/toxic substances
- Consumer safety/product safety
- Risk factors/health risks
- Environmental contaminants/toxicological risks
- Regulatory standards/safety regulations
- Quality control/product testing
- Public health initiatives/health advocacy
- Exposure assessment/toxicity assessment

**Keywords and Themes:**
- Heavy metal testing
- Lead contamination
- Mercury exposure
- Arsenic levels
- Cadmium toxicity
- Consumer products
- Food safety
- Public health data
- Toxicology
- Regulatory compliance

**Additional Context:**
- The dataset is particularly relevant for addressing public health challenges related to heavy metal exposure in developing countries.
- It can be integrated with other datasets focused on environmental health and consumer safety to provide a more comprehensive analysis.
- The dataset supports interdisciplinary research that combines toxicology, public health, and consumer safety, making it valuable for a wide range of stakeholders.","Dataset Overview:
- This dataset focuses on consumer products containing metals, specifically analyzing the concentration of harmful metals like lead, mercury, and cadmium in various items such as cosmetics, food, and dietary supplements. It includes 100 unique entries, detailing product types, names, manufacturers, and their countries of origin and purchase. The data spans from March 2011 to September 2024, providing a comprehensive temporal coverage. This dataset can be utilized for assessing the safety of consumer products, regulatory compliance, and public health research, helping to identify potential risks associated with metal exposure in everyday items.

Key Themes or Topics:
- Consumer product safety
- Toxic metal exposure
- Public health and safety
- Environmental health
- Regulatory compliance in consumer goods
- Risk assessment of consumer products
- Heavy metals in consumer items
- Food safety and contamination
- Cosmetic safety and regulations
- Dietary supplement safety

Applications and Use Cases:
- Facilitates analysis for public health researchers and toxicologists.
- Useful for regulatory agencies and policymakers in consumer safety.
- Enables manufacturers to assess compliance with safety standards.
- Supports epidemiological studies on metal exposure and health outcomes.
- Assists in consumer awareness and education regarding product safety.
- Aids in risk management and mitigation strategies for harmful substances.

Concepts and Synonyms:
- Heavy metals/toxic metals
- Lead exposure/lead contamination
- Mercury toxicity/mercury exposure
- Cadmium risk/cadmium contamination
- Consumer safety/product safety
- Environmental contaminants/toxic substances
- Health risks/public health concerns
- Regulatory standards/safety regulations
- Product testing/quality assurance
- Hazardous materials/unsafe products

Keywords and Themes:
- consumer products
- harmful metals
- lead
- mercury
- cadmium
- safety assessment
- product analysis
- toxicology
- health risk assessment
- regulatory compliance
- environmental health
- food safety
- cosmetics
- dietary supplements

Additional Context:
- Highlights the dataset's relevance to ongoing public health challenges related to metal exposure in consumer products.
- Emphasizes its value for interdisciplinary applications, integrating toxicology, environmental science, and consumer safety.
- Supports the need for improved regulatory frameworks and consumer protection measures in the face of rising concerns about metal contamination in everyday items.","{'product_type': {'column_description': 'Type of consumer product tested', 'expected_per_allowed_values': ""•Cosmetics\n•Food-Spice\n•Food-Candy\n•Food-Other\n•Jewelry\n•Dietary Supplement/Medications/Remedy\n•Paint Supplies\n•Religious Powder\n•Tableware/Pottery\n•Toys/Children's products\n•QA/QC - Lab Test\n•Other""}, 'product_name': {'column_description': 'Name of product as it appears on product label or as reported to staff during a case investigation', 'expected_per_allowed_values': 'Allow text and numerical values (ex. Chanel No. 5)', 'field_limitations': 'May contain misspellings when self-reported by a case due to language barriers and terminology variations.'}, 'metal': {'column_description': 'Name of metal for which product was tested. Metals include, but not limited to, the metals listed here.', 'expected_per_allowed_values': '•Arsenic\n•Cadmium\n•Lead\n•Mercury'}, 'concentration': {'column_description': 'The amount of metal found in the sample of product tested', 'expected_per_allowed_values': 'Value is numerical. Sample with a metal concentration below the laboratory reporting limit is marked ""-1"", meaning ""Not Detected"".', 'field_limitations': 'This data is a function of the lab reporting limit.'}, 'units': {'column_description': 'Unit of measurement', 'expected_per_allowed_values': '•ppm or parts per million\n•mg/kg or milligram per gram\n•mg/cm² or milligram per square centimeter\n•mg/L'}, 'manufacturer': {'column_description': 'The name of the manufacturer as it appears on product label or as reported to staff during a case investigation', 'expected_per_allowed_values': 'Allow text and numerical values', 'field_limitations': 'This data is not always available, resulting in ""Unknown"" value.'}, 'made_in_country': {'column_description': 'Name of country where the product was made as it appears on product label or as reported to staff during a case investigation', 'expected_per_allowed_values': 'Allow text value', 'field_limitations': 'This data is not always available, resulting in ""Unknown"" value.'}, 'purchase_country': {'column_description': 'Name of country in which the product was purchased as reported to staff during case investigation or noted by staff during store survey.', 'expected_per_allowed_values': 'Allow text value', 'field_limitations': 'This data is not always available, resulting in ""Unknown"" value.'}, 'investigation_type': {'column_description': 'How the product was obtained', 'expected_per_allowed_values': '•Child case investigation (C)\n•Adult case investigation (A)\n•Store survey (S)'}, 'collection_date': {'column_description': 'Date the product sample was collected', 'expected_per_allowed_values': 'MM/DD/YYYY'}}","8,494",11.0,1.0,1.0
5ery-qagt,https://data.cityofnewyork.us/d/5ery-qagt,"This dataset provides detailed information on cafeteria inspections for various schools across New York City, including both public and private institutions. It includes key attributes such as the school name, address, inspection dates, and descriptions of any violations found during inspections. The dataset contains 2,236 unique entries, covering a wide range of schools from different boroughs, including Manhattan, Brooklyn, Queens, the Bronx, and Staten Island. Each entry is identified by a unique entity ID and includes spatial data such as latitude and longitude for precise geolocation. The violations are categorized by severity, allowing for an understanding of compliance with health and safety regulations. This dataset can be utilized by researchers, policymakers, and the public to assess food safety standards in school cafeterias, track compliance over time, and identify areas needing improvement to ensure the health and safety of students.

Column constraints outlined in Data Dictionary:
borough: Allowed values are MANHATTAN, BRONX, BROOKLYN, QUEENS, STATEN ISLAND; Note: discrepancies may exist between zip code and listed borough due to differences in mailing address and physical location  
lastinspection: Nullable; NULL indicates no inspection has occurred  
inspectiondate: Nullable; Format is YYYY-MM-DDTHH:MM:SS.sss  
ptet: Allowed values are 2529, 2530, 2531, 2533  
site_type: Allowed values are 2529, 2530, 2531, 2533  
level: Allowed values are CP, A, CH, C, AV, NV, G; Critical violations are most likely to contribute to foodborne illness  
code: Nullable; Blank indicates no violations were cited during inspection  
latitude: Must be a valid coordinate; Format is degrees and minutes; Nullable  
longitude: Must be a valid coordinate; Format is degrees and minutes; Nullable  
communityboard: Nullable  
councildistrict: Allowed values are 1 to 51; Nullable  
censustract: Nullable  
bin: Must be a seven-digit numerical identifier; The first digit is the borough code  
bbl: Nullable  
nta: Nullable  
borocode: Allowed values are 1 (Manhattan), 2 (Bronx), 3 (Brooklyn), 4 (Queens), 5 (Staten Island)","This dataset contains detailed information on school cafeteria inspections across New York City, covering various educational institutions. It includes key attributes such as school names, addresses, inspection dates, and violation descriptions, which help identify compliance with health and safety regulations. The dataset spans a temporal range from May 2023 to April 2026, providing insights into inspection trends over time. It features spatial data, including latitude and longitude coordinates, allowing for geographic analysis. This dataset can be utilized by researchers, policymakers, and the public to assess food safety practices in school cafeterias and improve overall health standards in educational settings.","Dataset Overview:
- This dataset provides detailed information on cafeteria inspections for various schools across New York City, including both public and private institutions. It includes key attributes such as the school name, address, inspection dates, and descriptions of any violations found during inspections. The dataset contains 2,236 unique entries, covering a wide range of schools from different boroughs, including Manhattan, Brooklyn, Queens, the Bronx, and Staten Island. Each entry is identified by a unique entity ID and includes spatial data such as latitude and longitude for precise geolocation. The violations are categorized by severity, allowing for an understanding of compliance with health and safety regulations. This dataset can be utilized by researchers, policymakers, and the public to assess food safety standards in school cafeterias, track compliance over time, and identify areas needing improvement to ensure the health and safety of students.

Key Themes or Topics:
- Food safety
- Public health
- School nutrition
- Health inspections
- Compliance monitoring
- Regulatory enforcement
- Educational institutions
- Urban health
- Community health standards
- Safety violations

Applications and Use Cases:
- Enables health department officials to monitor compliance with food safety regulations in school cafeterias.
- Assists researchers in analyzing trends in food safety violations over time across different boroughs.
- Supports policymakers in identifying areas with high rates of violations to target interventions and improve health standards.
- Facilitates public awareness and transparency regarding food safety in schools for parents and guardians.
- Aids in the development of educational programs focused on food safety and hygiene in schools.

Potential Questions:
- What is the distribution of health inspection violations across different boroughs in New York City?
- How do the rates of critical violations differ between public and private schools?
- What trends can be observed in inspection dates and the frequency of violations over the past years?
- Which schools have the highest number of violations categorized by severity level?
- How does the compliance rate vary by community board or council district?

Concepts and Synonyms:
- Cafeteria inspections/food service inspections
- Health violations/safety violations
- School food safety/nutrition standards
- Regulatory compliance/health compliance
- Inspection reports/violation reports
- Public health standards/health regulations
- Foodborne illness prevention/food safety measures

Keywords and Themes:
- cafeteria inspections
- school health inspections
- food safety violations
- New York City schools
- public health compliance
- health and safety regulations
- inspection data
- school nutrition programs
- urban food safety
- health department data

Additional Context:
- This dataset is crucial for addressing public health challenges related to food safety in educational settings, particularly in urban environments where diverse populations may face varying health risks.
- It provides a foundation for interdisciplinary research that combines public health, education, and urban planning to enhance the overall well-being of students.
- The dataset can be integrated with other health-related datasets to provide a comprehensive view of health standards and outcomes in schools, contributing to broader public health initiatives.","Dataset Overview:
- This dataset contains detailed information on school cafeteria inspections across New York City, covering various educational institutions. It includes key attributes such as school names, addresses, inspection dates, and violation descriptions, which help identify compliance with health and safety regulations. The dataset spans a temporal range from May 2023 to April 2026, providing insights into inspection trends over time. It features spatial data, including latitude and longitude coordinates, allowing for geographic analysis. This dataset can be utilized by researchers, policymakers, and the public to assess food safety practices in school cafeterias and improve overall health standards in educational settings.

Key Themes or Topics:
- School health and safety
- Food safety compliance
- Public health inspections
- Educational institution regulations
- Nutrition standards in schools
- Health code violations
- Foodborne illness prevention
- Environmental health in schools

Applications and Use Cases:
- Enables public health officials to monitor and enforce health regulations in school cafeterias.
- Assists researchers in studying the impact of food safety practices on student health and well-being.
- Supports policymakers in developing strategies to improve food safety standards in educational settings.
- Facilitates geographic analysis of inspection data to identify trends and areas needing improvement.
- Aids in community awareness and advocacy for better food safety practices in schools.

Concepts and Synonyms:
- Cafeteria inspections/school food inspections
- Health regulations/health codes
- Compliance monitoring/regulatory compliance
- Violation reports/infraction descriptions
- Food safety audits/nutrition audits
- School nutrition programs/child nutrition initiatives
- Sanitation standards/cleanliness protocols
- Risk assessment/health risk evaluation

Keywords and Themes:
- school cafeteria
- food safety
- health inspections
- New York City
- compliance data
- inspection trends
- violation records
- public health
- educational institutions
- geographic analysis

Additional Context:
- This dataset is crucial for addressing public health challenges related to food safety in schools, particularly in urban environments like New York City.
- It provides valuable insights for interdisciplinary research that intersects public health, education policy, and environmental health.
- The temporal and spatial dimensions of the dataset allow for comprehensive analysis of trends and patterns in school cafeteria inspections, contributing to improved health outcomes for students.","{'schoolname': {'column_description': 'Establishment (school) name', 'expected_per_allowed_values': 'Name of school'}, 'number': {'column_description': 'Building number for establishment (school) location'}, 'street': {'column_description': 'Street name for establishment (school) location'}, 'city': {'column_description': 'Municipality of establishment (school)'}, 'state': {'column_description': 'State of establishment (school)'}, 'borough': {'column_description': 'Borough of establishment (school) location', 'expected_per_allowed_values': '• MANHATTAN\n• BRONX\n•BROOKLYN\n• QUEENS\n• STATEN ISLAND', 'field_limitations': ""NOTE: There may be discrepancies between zip code and listed boro due to differences in an establishment's mailing address and physical location""}, 'zipcode': {'column_description': 'Zip code of establishment (school) location'}, 'lastinspection': {'column_description': 'Date of last inspection', 'field_limitations': 'NOTE: NULL inspection dates mean an establishment has not yet had an inspection'}, 'permittee': {'column_description': 'Name of business owner holding the permit'}, 'inspectiondate': {'column_description': 'Date an inspection was conducted', 'field_limitations': 'Inspection date is the date that this row violation listed in the dataset was cited. Last inspection date is the date that the establishment had their last inspection. It may be different from the inspection date as there may have been additional inspections of the establishment conducted since the inspection that this violation was cited on.'}, 'ptet': {'column_description': 'Permit Type Establishment Type - The four digit code indicating the type of permit and the type of food service establishment (FSE)', 'expected_per_allowed_values': '2529 - FSE (Private School Cafeteria - For Profit); 2530 - FSE (Public School Cafeteria); 2531 - FSE (Private School Cafeteria); 2533 - FSE (Private School Cafeteria - Not-For-Profit)\n\n'}, 'site_type': {'column_description': 'The description of the type of food service establishment (FSE)', 'expected_per_allowed_values': '2529 - FSE (Private School Cafeteria - For Profit); 2530 - FSE (Public School Cafeteria); 2531 - FSE (Private School Cafeteria); 2533 - FSE (Private School Cafeteria - Not-For-Profit)'}, 'level': {'column_description': 'Indicator of the type of violation.', 'expected_per_allowed_values': 'CP‐Critical Violation ‐ Pre‐Permit Serious Violation\nA‐Administrative Violation\nCH‐ Critical Violation ‐ Public Health Hazard\nC‐ Critical Violation\nAV‐ Administrative Violation\nNV‐ Nutrition Violation\nG‐ General Violation', 'field_limitations': 'Critical violations are those most likely to contribute to foodborne illness.'}, 'code': {'column_description': 'Violation code associated with inspection finding', 'expected_per_allowed_values': 'For list of violation codes visit\nhttps://www.nyc.gov/assets/doh/downloads/pdf/rii/blue‐book.pdf', 'field_limitations': 'Blank field indicates no violations were cited during inspection'}, 'latitude': {'column_description': 'Latitude', 'expected_per_allowed_values': 'Coordinate location north or south of the equator.', 'field_limitations': 'Degrees and minutes'}, 'longitude': {'column_description': 'Longitude', 'expected_per_allowed_values': 'Coordinate location east or west of the meridian at Greenwich, England. ', 'field_limitations': 'Degrees and minutes'}, 'communityboard': {'column_description': 'Community Board', 'expected_per_allowed_values': 'An advisory group representing the needs of the local community in city planning and budgeting, consisting of members appointed by the borough presidents.'}, 'councildistrict': {'column_description': 'NYC Council District', 'expected_per_allowed_values': 'An area represented by a NYC City Council member. ', 'field_limitations': 'In 2019, there are 51 Council Districts in NYC'}, 'censustract': {'column_description': 'Census Tract', 'expected_per_allowed_values': 'A small-area geography encompassing populations of 2,500 to 8,000 people.'}, 'bin': {'column_description': 'Building Identification Number ', 'expected_per_allowed_values': 'Seven digit numerical identifier unique to each building in NYC. The first digit is the borough code. '}, 'bbl': {'column_description': 'Borough-Block-Lot', 'expected_per_allowed_values': 'Parcel number system used to identify the location of building or property.'}, 'nta': {'column_description': 'Neighborhood Tabulation Area', 'expected_per_allowed_values': ""Geographical areas representing aggregations of census tracts that are subsets of NYC's 55 Public Use Microdata Areas (PUMAs).""}, 'borocode': {'column_description': 'Numerical code for the borough of establishment (school) location', 'expected_per_allowed_values': '1‐ Manhattan\n2‐ Bronx\n3‐ Brooklyn\n4‐ Queens\n5‐ Staten Island'}}",19,25.0,1.0,1.0
dxnu-p2qd,https://data.cityofnewyork.us/d/dxnu-p2qd,"This dataset provides a comprehensive analysis of HIV/AIDS demographics across various neighborhoods in New York City from 2010 to 2021. It includes key variables such as year, neighborhood, race, age, and the number of reported HIV and AIDS diagnoses, allowing for a detailed examination of trends over time. The dataset features 54 unique neighborhoods and covers multiple demographic categories, including race and age groups, which can be instrumental in understanding the impact of HIV/AIDS on different communities. Additionally, it offers insights into concurrent HIV/AIDS diagnoses, providing a measure of the proportion of individuals diagnosed with both conditions. This dataset can be utilized by public health officials, researchers, and policymakers to identify at-risk populations, allocate resources effectively, and develop targeted interventions to combat the spread of HIV/AIDS in specific areas. Overall, it serves as a valuable resource for studying the epidemiology of HIV/AIDS in urban settings.

Column constraints outlined in Data Dictionary:
hiv_diagnoses_num: >=0; NA; *
hiv_diagnoses_num_per_100k: >=0; NA; *
hiv_aids_concurrent_num: >=0; NA; *
concurrent_hiv_aids_among_all: >=0; NA; *
aids_diagnoses_num: >=0; NA; *
aids_diagnoses_num_per_100k: >=0; NA; *
year: 2010-latest available
age: All; 0-19; 20-29; 30-39; 40-49; 50-59; 60+
neighborhood: Kingsbridge-Riverdale; North East Bronx; Fordham-Bronx Pk; Pelham-Throgs Neck; Crotona-Tremont; Highbridge-Morrisania; Hunts Point-Mott Haven; Greenpoint; Downtown-Brooklyn Heights-Park Slope; Bedford Stuyvesant-Crown Heights; East New York; Sunset Park; Borough Park; East Flatbush-Flatbush; Canarsie-Flatlands; Bensonhurst-Bay Ridge; Coney Island; Williamsburg-Bushwick; Washington Heights-Inwood; Central Harlem; East Harlem; Upper West Side; Upper East Side; Chelsea-Clinton; Gramercy Park-Murray Hill; Greenwich Village - Soho; Union Square; Lower Manhattan; LI City-Astoria; West Queens; Flushing; Bayside-Little Neck; Ridgewood; Fresh Meadows; Southwest Queens; Jamaica; Southeast Queens; Rockaway; Port Richmond; Stapleton-St George; Willowbrook; South Beach-Tottenville","This dataset provides a comprehensive analysis of HIV/AIDS demographics across various neighborhoods in New York City from 2010 to 2021. It includes key variables such as year, neighborhood, race, age, and the number of HIV and AIDS diagnoses, allowing for a detailed examination of trends and disparities in healthcare outcomes. The data covers 45 unique neighborhoods and includes demographic information categorized by race and age. This dataset can be utilized for public health research, policy-making, and community health initiatives aimed at understanding and addressing the impact of HIV/AIDS in different populations.","Dataset Overview:
- This dataset provides a comprehensive analysis of HIV/AIDS demographics across various neighborhoods in New York City from 2010 to 2021. It includes key variables such as year, neighborhood, race, age, and the number of reported HIV and AIDS diagnoses, allowing for a detailed examination of trends over time. The dataset features 54 unique neighborhoods and covers multiple demographic categories, including race and age groups, which can be instrumental in understanding the impact of HIV/AIDS on different communities. Additionally, it offers insights into concurrent HIV/AIDS diagnoses, providing a measure of the proportion of individuals diagnosed with both conditions. This dataset can be utilized by public health officials, researchers, and policymakers to identify at-risk populations, allocate resources effectively, and develop targeted interventions to combat the spread of HIV/AIDS in specific areas. Overall, it serves as a valuable resource for studying the epidemiology of HIV/AIDS in urban settings.

Key Themes or Topics:
- HIV/AIDS epidemiology
- Public health analysis
- Demographic trends in health
- Urban health disparities
- Racial and ethnic health disparities
- Age-related health trends
- Disease prevalence and incidence
- Community health assessment
- Health resource allocation
- Social determinants of health

Applications and Use Cases:
- Facilitates analysis for public health officials to identify at-risk populations.
- Useful for researchers studying the epidemiology of HIV/AIDS.
- Supports policymakers in resource allocation and intervention development.
- Enables community health organizations to tailor outreach programs.
- Assists in statistical modeling of disease trends over time.
- Aids in evaluating the effectiveness of public health interventions.

Potential Questions:
- What is the distribution of HIV diagnoses by neighborhood from 2010 to 2021?
- How do HIV and AIDS diagnoses differ across racial and ethnic groups?
- What trends can be observed in concurrent HIV/AIDS diagnoses over the years?
- How does the number of HIV diagnoses per 100k vary by age group?
- What is the relationship between neighborhood demographics and the incidence of HIV/AIDS?
- How have HIV/AIDS diagnoses changed in specific neighborhoods over the decade?

Concepts and Synonyms:
- HIV/AIDS demographics/demographic analysis
- Disease incidence/prevalence
- Public health data/health statistics
- Racial disparities/ethnic disparities
- Age groups/age demographics
- Urban health/community health
- Concurrent diagnoses/co-infection
- Health trends/health patterns
- Epidemiological study/epidemiology

Keywords and Themes:
- HIV
- AIDS
- Demographics
- New York City
- Public health
- Epidemiology
- Health disparities
- Disease trends
- Neighborhood analysis
- Racial and ethnic health

Additional Context:
- This dataset is relevant for addressing public health challenges related to HIV/AIDS in urban settings, particularly in understanding how demographic factors influence disease spread and health outcomes. It can be integrated with other health datasets to provide a more comprehensive view of health disparities and inform targeted public health strategies. The insights gained can contribute to interdisciplinary research in public health, sociology, and urban studies.","Dataset Overview:
- This dataset provides a comprehensive analysis of HIV/AIDS demographics across various neighborhoods in New York City from 2010 to 2021. It includes key variables such as year, neighborhood, race, age, and the number of HIV and AIDS diagnoses, allowing for a detailed examination of trends and disparities in healthcare outcomes. The data covers 45 unique neighborhoods and includes demographic information categorized by race and age. This dataset can be utilized for public health research, policy-making, and community health initiatives aimed at understanding and addressing the impact of HIV/AIDS in different populations.

Key Themes or Topics:
- HIV/AIDS epidemiology
- Public health disparities
- Demographic analysis
- Urban health
- Racial and ethnic health disparities
- Age-related health trends
- Healthcare access and outcomes
- Community health assessment
- Social determinants of health

Applications and Use Cases:
- Facilitates analysis for public health officials and epidemiologists
- Useful for policy formulation and health program development
- Enables community health initiatives targeting specific demographics
- Supports academic research in public health and social sciences
- Assists in evaluating the effectiveness of HIV prevention and treatment programs
- Aids in resource allocation for healthcare services

Concepts and Synonyms:
- HIV/AIDS prevalence/incidence
- Demographic profiling
- Racial demographics
- Age demographics
- Neighborhood health disparities
- Health equity
- Social epidemiology
- Public health surveillance
- Health outcomes analysis

Keywords and Themes:
- HIV
- AIDS
- demographics
- New York City
- healthcare disparities
- race
- age
- neighborhood
- public health research
- epidemiological trends
- health policy
- community health

Additional Context:
- Highlights the dataset's relevance to understanding the impact of socio-economic factors on health outcomes related to HIV/AIDS.
- Emphasizes its value for interdisciplinary applications, integrating insights from sociology, public health, and urban studies.
- Addresses critical questions regarding the effectiveness of interventions aimed at reducing HIV/AIDS rates in marginalized communities.","{'hiv_diagnoses_num': {'column_description': 'Number of reported HIV diagnoses for respective year', 'additional_notes': 'Plain text\n\n>=0; NA; *'}, 'hiv_diagnoses_num_per_100k': {'column_description': 'Number of reported HIV diagnoses for respective year per 100,000 population ', 'additional_notes': 'Plain text\n\n>=0; NA; *'}, 'hiv_aids_concurrent_num': {'column_description': 'Number of reported diagnosed HIV cases with a concurrent AIDS diagnosis (AIDS diagnosis within 31 days of HIV diagnosis) for respective year', 'additional_notes': 'Plain text\n\n>=0; NA; *'}, 'concurrent_hiv_aids_among_all': {'column_description': 'Proportion of concurrent HIV/AIDS diagnosis compared to all HIV diagnoses for respective year', 'additional_notes': 'Plain text\n\n>=0; NA; *'}, 'aids_diagnoses_num_per_100k': {'column_description': 'Number of reported AIDS diagnoses for respective year per 100,000 population ', 'additional_notes': 'Plain text\n\n>=0; NA; *'}, 'aids_diagnoses_num': {'column_description': 'Number of reported AIDS diagnoses for respective year', 'additional_notes': 'Plain text\n\n>=0; NA; *'}, 'year': {'column_description': 'Calendar year of report', 'additional_notes': 'Plain text\n\n2010-latest available'}, 'age': {'column_description': 'Age', 'additional_notes': 'Plain text\n\nAll; 0-19; 20-29; 30-39; 40-49; 50-59; 60+'}, 'neighborhood': {'column_description': 'United Hospital Fund neighborhood of residence', 'additional_notes': 'Plain text\n\nKingsbridge-Riverdale, North East Bronx, Fordham-Bronx Pk, Pelham-Throgs Neck, Crotona-Tremont, Highbridge-Morrisania, Hunts Point-Mott Haven, Greenpoint, Downtown-Brooklyn Heights-Park Slope, Bedford Stuyvesant-Crown Heights, East New York, Sunset Park, Borough Park, East Flatbush-Flatbush, Canarsie-Flatlands, Bensonhurst-Bay Ridge, Coney Island, Williamsburg-Bushwick, Washington Heights-Inwood, Central Harlem, East Harlem, Upper West Side, Upper East Side, Chelsea-Clinton, Gramercy Park-Murray Hill, Greenwich Village - Soho, Union Square, Lower Manhattan, LI City-Astoria, West Queens, Flushing, Bayside-Little Neck, Ridgewood, Fresh Meadows, Southwest Queens, Jamaica, Southeast Queens, Rockaway, Port Richmond, Stapleton-St George, Willowbrook, South Beach-Tottenville'}}",21,11.0,1.0,1.0
27x4-cbi6,https://data.cityofnewyork.us/d/27x4-cbi6,"This dataset provides comprehensive information on maternal mortality, specifically focusing on deaths associated with pregnancy from 2016 to 2021 across various boroughs. It includes data on the year of death, the relationship of the death to pregnancy, the underlying cause of death, race and ethnicity, and the borough of residence. The dataset categorizes deaths into three main types: pregnancy-related, pregnancy-associated but not related, and unable to determine pregnancy-relatedness, with underlying causes classified according to the CDC PMSS-MM system. The data spans multiple racial and ethnic groups, allowing for a nuanced understanding of maternal mortality trends. This dataset can be utilized for research and analysis aimed at improving maternal health outcomes, identifying disparities in maternal mortality rates, and informing public health policies. It serves as a vital resource for healthcare professionals, policymakers, and researchers interested in addressing maternal mortality and enhancing maternal care.

Column constraints outlined in Data Dictionary:
year: Numeric field; Range: 2016 to 2021 (inclusive)  
related: Allowed values: Pregnancy-associated death, Pregnancy-related death, Pregnancy-associated but not related death, Unable to Determine, All  
underlying_cause: Allowed values: Hemorrhage, Infection/Sepsis, Embolism, Preeclampsia and Eclampsia, Cardiovascular Conditions, Unintentional Injury, Homicide, Cancer, Mental Health Conditions (Suicide), Mental Health Conditions (Overdose related to substance use disorder), Asthma/Pulmonary Conditions, Unknown COD, Other  
race_ethnicity: Allowed values: All, Asian/Pacific Islander, Black non-Latina, Latina, White non-Latina  
borough: Allowed values: All, Manhattan, Brooklyn, Queens, Staten Island, Bronx, Rest of State  
deaths: Numeric field; Range: 0.0 to 23.0 (inclusive)","This dataset provides a comprehensive analysis of maternal mortality, focusing on various underlying causes of death related to pregnancy across different boroughs. It includes data from 2016 to 2021, capturing 100 unique entries that categorize deaths by year, related conditions, underlying causes, race and ethnicity, and location. The dataset features 14 unique underlying causes, such as mental health conditions and infections, and covers diverse demographic groups. It can be utilized for public health research, policy-making, and interventions aimed at reducing maternal mortality rates, ultimately contributing to improved healthcare outcomes for mothers.","Dataset Overview:
- This dataset provides comprehensive information on maternal mortality, specifically focusing on deaths associated with pregnancy from 2016 to 2021 across various boroughs. It includes data on the year of death, the relationship of the death to pregnancy, the underlying cause of death, race and ethnicity, and the borough of residence. The dataset categorizes deaths into three main types: pregnancy-related, pregnancy-associated but not related, and unable to determine pregnancy-relatedness, with underlying causes classified according to the CDC PMSS-MM system. The data spans multiple racial and ethnic groups, allowing for a nuanced understanding of maternal mortality trends. This dataset can be utilized for research and analysis aimed at improving maternal health outcomes, identifying disparities in maternal mortality rates, and informing public health policies. It serves as a vital resource for healthcare professionals, policymakers, and researchers interested in addressing maternal mortality and enhancing maternal care.

Key Themes or Topics:
- Maternal Mortality
- Pregnancy-Related Deaths
- Public Health
- Health Disparities
- Maternal Health Outcomes
- Racial and Ethnic Health Inequities
- Pregnancy-Associated Conditions
- Underlying Causes of Maternal Death
- Epidemiology of Maternal Mortality
- Health Policy and Maternal Care

Applications and Use Cases:
- Analyzing trends in maternal mortality rates across different boroughs and years.
- Identifying racial and ethnic disparities in maternal health outcomes.
- Informing public health interventions aimed at reducing maternal mortality.
- Supporting healthcare policy formulation and evaluation.
- Conducting epidemiological research on the causes of maternal deaths.
- Evaluating the effectiveness of maternal health programs and services.

Potential Questions:
- What is the distribution of maternal deaths by year from 2016 to 2021?
- How do pregnancy-related death rates differ across racial and ethnic groups?
- What are the underlying causes of maternal mortality in different boroughs?
- How has the rate of pregnancy-associated but not related deaths changed over time?
- What is the relationship between borough of residence and maternal mortality rates?
- How do maternal mortality trends compare between different racial and ethnic groups?

Concepts and Synonyms:
- Maternal Health/Maternal Care
- Pregnancy-Related Deaths/Pregnancy-Associated Deaths
- Health Disparities/Health Inequities
- Underlying Causes of Death/Cause of Death
- Racial and Ethnic Groups/Demographic Categories
- Public Health Policy/Health Interventions
- Epidemiology/Health Statistics
- Maternal Mortality Review/Analysis

Keywords and Themes:
- Maternal Mortality
- Pregnancy-Related Deaths
- Health Disparities
- Racial and Ethnic Health
- Public Health Data
- Maternal Health Research
- Epidemiological Trends
- Health Outcomes
- Public Health Policy
- Maternal Care Services

Additional Context:
- This dataset is crucial for addressing the ongoing challenges of maternal mortality, particularly in marginalized communities.
- It provides a foundation for interdisciplinary research that combines public health, sociology, and healthcare policy.
- The insights derived from this dataset can contribute to national and local efforts to improve maternal health and reduce preventable deaths during pregnancy and childbirth.","Dataset Overview:
- This dataset provides a comprehensive analysis of maternal mortality, focusing on various underlying causes of death related to pregnancy across different boroughs. It includes data from 2016 to 2021, capturing 100 unique entries that categorize deaths by year, related conditions, underlying causes, race and ethnicity, and location. The dataset features 14 unique underlying causes, such as mental health conditions and infections, and covers diverse demographic groups. It can be utilized for public health research, policy-making, and interventions aimed at reducing maternal mortality rates, ultimately contributing to improved healthcare outcomes for mothers.

Key Themes or Topics:
- Maternal mortality
- Pregnancy-related deaths
- Public health
- Maternal health
- Health disparities
- Reproductive health
- Perinatal health
- Epidemiology of maternal mortality
- Social determinants of health
- Healthcare access and quality
- Demographic analysis
- Racial and ethnic disparities in health
- Maternal morbidity and mortality
- Health interventions and policies

Applications and Use Cases:
- Facilitates analysis for public health researchers
- Useful for policymakers in maternal health
- Supports healthcare providers in improving maternal care
- Aids in the development of health interventions
- Enables statistical modeling of maternal mortality trends
- Assists in identifying at-risk populations
- Contributes to maternal health advocacy efforts
- Informs community health programs and initiatives

Concepts and Synonyms:
- Maternal death/maternal mortality
- Pregnancy complications/pregnancy-related complications
- Underlying causes of death/causal factors
- Health outcomes/maternal health outcomes
- Ethnic disparities/racial disparities
- Mental health issues/mental health conditions
- Infectious diseases/infections
- Demographic groups/population groups
- Public health interventions/healthcare interventions
- Maternal care/maternal healthcare

Keywords and Themes:
- Maternal mortality rates
- Pregnancy outcomes
- Health equity
- Maternal health statistics
- Causes of maternal death
- Maternal health research
- Public health data
- Maternal health policies
- Health equity in maternal care
- Maternal health disparities

Additional Context:
- Highlights the dataset's relevance to addressing maternal health crises
- Emphasizes its value for understanding the impact of socio-economic factors on maternal health
- Supports interdisciplinary research linking maternal health with social sciences, epidemiology, and public policy
- Provides insights into the effectiveness of health interventions aimed at reducing maternal mortality
- Contributes to global discussions on maternal health and sustainable development goals (SDGs) related to health and well-being.","{'year': {'column_description': 'Year of death.', 'additional_notes': 'Numeric field. '}, 'related': {'column_description': 'Causal relationship between pregnancy and death categorized as pregnancy-related, pregnancy-associated but not related, or unable to determine pregnancy-relatedness.', 'additional_notes': 'Definitions: \n\nPregnancy-associated death:  The death of a person from any cause during pregnancy or within one year from the end of pregnancy.  These deaths are subset into 3 categories: pregnancy-related, pregnancy-associated, but not related, and unable to determine pregnancy-relatedness.\n\nPregnancy-related death: The death of a person during pregnancy or within one year from the end of pregnancy that is due to a pregnancy complication, a chain of events initiated by pregnancy, or the aggravation of an unrelated condition by the physiologic effects of pregnancy. Pregnancy-related deaths are a subset of pregnancy-associated deaths.\n\nPregnancy-associated, but not-related death: The death of a person during pregnancy or within one year from the end of pregnancy that is due to a cause that is not related to the pregnancy.'}, 'underlying_cause': {'column_description': 'Underlying cause of death as determined by the Maternal Mortality Review Committee', 'additional_notes': ""The underlying cause of death refers to the disease or injury that initiated the chain of events leading to the death or the circumstances of the accident or violence which produced the fatal injury. Underlying cause of death is coded using the CDC PMSS-MM system for categorizing causes of maternal mortality created for the Pregnancy Mortality Surveillance System. \n\nUnderlying cause of death categories include, hemorrhage, infection/sepsis, embolism, preeclampsia and eclampsia, cardiovascular conditions, unintentional injury, homicide, cancer, mental health conditions (suicide), mental health conditions (overdose related to substance use disorder), asthma/pulmonary conditions, unknown COD, and other. 'Other' includes deaths due to amniotic fluid embolism, metabolic/endocrine conditions, blood disorders, liver and gastrointestinal conditions, anesthesia complications, autoimminue diseases and cerebrovascular accidents/seizure disorders.\n\nThe assignment of underlying cause of death is made by the NYC MMRC. More information at https://www.cdc.gov/reproductivehealth/maternal-mortality/pregnancy-mortality-surveillance-system.htm""}, 'race_ethnicity': {'column_description': 'Race and/or ethnicity', 'additional_notes': 'Conforms to OMB standards for reporting race and ethnicity. The preferred source for race and ethnicity data is an associated birth certificate, where it is self-reported by the mother. When that is not available, race and ethnicity data from the death certificate are used. '}, 'borough': {'column_description': 'Borough of residence', 'additional_notes': ""Borough of the woman's last known residence prior to death as reported on the death certificate. ""}, 'deaths': {'column_description': 'Number of deaths', 'additional_notes': 'The number of deaths in the category and year selected. '}}",236,6.0,1.0,1.0
wi3r-8uzb,https://data.cityofnewyork.us/d/wi3r-8uzb,"This dataset, derived from the Community Mental Health Survey (CMHS) conducted in 2012, provides insights into the mental health status of adults in New York City. It includes various measures of mental health prevalence, such as serious psychological distress and serious mental illness, along with treatment access and barriers faced by individuals with these conditions. The dataset features 16 unique prevalence values, with confidence intervals indicating the precision of these estimates. Each entry details the percentage of respondents experiencing specific mental health issues, as well as their treatment experiences and challenges. The data is crucial for understanding the mental health landscape in New York City, highlighting the need for improved access to care and support for those affected by mental health issues. This dataset can be utilized by researchers, policymakers, and healthcare providers to inform mental health initiatives and improve services for the community.

Column constraints outlined in Data Dictionary:
prevalence: value must be a numeric type; values may include an asterisk (*) indicating caution in interpretation due to high relative standard error or confidence interval halfwidth; value range is expected to be between 0 and 100, inclusive.","This dataset contains information from a mental health survey conducted in 2012, focusing on various aspects of mental health among respondents. It includes data on serious psychological distress and serious mental illness, as well as treatment received, barriers to care, and demographic factors such as employment status and poverty level. The dataset features prevalence rates, along with lower and upper confidence intervals, providing a comprehensive view of mental health challenges faced by individuals. It can be utilized for research on mental health trends, treatment accessibility, and the impact of socioeconomic factors on mental health outcomes.","Dataset Overview:
- This dataset, derived from the Community Mental Health Survey (CMHS) conducted in 2012, provides insights into the mental health status of adults in New York City. It includes various measures of mental health prevalence, such as serious psychological distress and serious mental illness, along with treatment access and barriers faced by individuals with these conditions. The dataset features 16 unique prevalence values, with confidence intervals indicating the precision of these estimates. Each entry details the percentage of respondents experiencing specific mental health issues, as well as their treatment experiences and challenges. The data is crucial for understanding the mental health landscape in New York City, highlighting the need for improved access to care and support for those affected by mental health issues. This dataset can be utilized by researchers, policymakers, and healthcare providers to inform mental health initiatives and improve services for the community.

Key Themes or Topics:
- Mental health
- Psychological distress
- Serious mental illness
- Treatment access
- Barriers to mental health care
- Prevalence of mental health issues
- Community health
- Public health
- Urban mental health
- Health disparities
- Adult mental health

Applications and Use Cases:
- Facilitates analysis for mental health professionals, policymakers, researchers, and healthcare providers.
- Useful for developing mental health initiatives and programs.
- Enables assessment of treatment access and barriers for individuals with mental health conditions.
- Supports statistical modeling of mental health trends in urban populations.
- Informs policy formulation regarding mental health services and community support systems.

Potential Questions:
- What is the distribution of serious psychological distress among adults in New York City?
- How does the prevalence of serious mental illness vary across different demographic groups?
- What percentage of respondents report barriers to accessing mental health treatment?
- How have treatment experiences changed for individuals with mental health issues since 2012?
- What are the confidence intervals for the reported prevalence values of specific mental health conditions?

Concepts and Synonyms:
- Mental health status/mental well-being
- Psychological disorders/mental disorders
- Treatment barriers/access to care
- Prevalence rates/incidence rates
- Community mental health/public mental health
- Health care access/health service utilization
- Urban health disparities/health equity
- Serious psychological distress/mental health challenges

Keywords and Themes:
- mental health survey
- community mental health
- psychological distress
- serious mental illness
- treatment access
- health disparities
- New York City mental health
- prevalence of mental health issues
- mental health treatment barriers
- public health data

Additional Context:
- This dataset is relevant for addressing the challenges of mental health care access in urban settings.
- It provides valuable insights for interdisciplinary applications, including sociology, psychology, public health, and urban studies.
- The findings can be integrated with other datasets to enhance understanding of mental health trends and inform comprehensive health policies.","Dataset Overview:
- This dataset contains information from a mental health survey conducted in 2012, focusing on various aspects of mental health among respondents. It includes data on serious psychological distress and serious mental illness, as well as treatment received, barriers to care, and demographic factors such as employment status and poverty level. The dataset features prevalence rates, along with lower and upper confidence intervals, providing a comprehensive view of mental health challenges faced by individuals. It can be utilized for research on mental health trends, treatment accessibility, and the impact of socioeconomic factors on mental health outcomes.

Key Themes or Topics:
- Mental health
- Psychological distress
- Serious mental illness
- Treatment accessibility
- Barriers to mental health care
- Socioeconomic factors
- Employment status
- Poverty level
- Prevalence rates
- Confidence intervals
- Demographic analysis
- Mental health trends
- Health disparities
- Public health

Applications and Use Cases:
- Facilitates analysis for mental health professionals, policymakers, researchers, and public health officials.
- Useful for applications in mental health policy formulation, treatment program development, and resource allocation.
- Enables insights into patterns of mental health issues across different demographic groups and socioeconomic statuses.
- Supports research on the effectiveness of mental health interventions and the identification of barriers to care.
- Assists in understanding the relationship between mental health and socioeconomic factors.

Concepts and Synonyms:
- Mental health survey/mental health assessment
- Psychological distress/psychological suffering
- Serious mental illness/severe mental disorder
- Treatment received/mental health treatment
- Barriers to care/access to mental health services
- Demographic factors/demographic characteristics
- Employment status/work status
- Poverty level/income level
- Prevalence rates/incidence rates
- Confidence intervals/statistical confidence
- Health disparities/health inequities
- Public health/healthcare access

Keywords and Themes:
- mental health
- psychological distress
- serious mental illness
- treatment accessibility
- barriers to care
- socioeconomic factors
- employment
- poverty
- prevalence
- confidence intervals
- demographic analysis
- health disparities
- public health research

Additional Context:
- Highlights the dataset's relevance to ongoing discussions about mental health care accessibility and the impact of socioeconomic status on mental health outcomes.
- Emphasizes its value for interdisciplinary applications, including psychology, sociology, public health, and health policy.
- Provides insights into the mental health landscape of 2012, which can be compared with current data to assess changes over time and inform future mental health initiatives.","{'survey': {'column_description': 'This is a survey of a sample of New York City adults. ', 'term_acronym_or_code_definitions': 'Community Mental Health Survey (CMHS)'}, 'year': {'column_description': 'The year that the survey was conducted'}, 'denominator': {'column_description': 'Respondents included when estimating prevalence of a given characteristic'}, 'question': {'column_description': 'Please see the Codebook tab for detailed descriptions of each question'}, 'prevalence': {'column_description': 'The percent of New York City adults who have the characteristic being described', 'additional_notes': '* indicates that estimate should be interpreted with caution. Estimate’s Relative Standard Error (a measure of estimate precision) is greater than 30% or the 95% Confidence Interval halfwidth is greater than 10, making the estimate potentially unreliable.'}, 'lower_95_ci': {'column_description': 'Confidence Interval (CI) is a measure of the precision of an estimate: the wider the CI, the more imprecise the estimate. The Lower Bound of the confidence interval is the lower threshold of imprecision. If a different sample of New York City adults were interviewed using the same methodology, 95% of the time their answers would fall between the lower bound and the upper bound of the confidence interval.'}, 'upper_95_ci': {'column_description': 'Confidence Interval (CI) is a measure of the precision of the estimate: the wider the CI, the more imprecise the estimate. The Upper Bound of the confidence interval is the upper threshold of imprecision. If a different sample of New York City adults were interviewed using the same methodology, 95% of the time their answers would fall between the lower bound and the upper bound of the confidence interval.'}}",16,7.0,1.0,1.0
4mhf-duep,https://data.cityofnewyork.us/d/4mhf-duep,"This dataset focuses on heat vulnerability assessment, providing valuable insights into the spatial distribution of heat vulnerability across various zip code areas (zcta20) in the region. It contains 184 unique zip codes, ranging from 10001 to 11697, and categorizes heat vulnerability into five distinct levels (hvi), with values from 1 to 5. The zcta20 column represents specific locations, offering a detailed spatial resolution that can be crucial for urban planning and public health initiatives. The hvi column indicates the level of vulnerability to heat, which can be instrumental in identifying areas at higher risk for heat-related health issues, particularly in the context of climate change and urban heat islands. This dataset can be utilized by researchers, policymakers, and community organizations to develop targeted interventions aimed at reducing heat exposure and improving resilience in vulnerable populations.","This dataset focuses on Heat Vulnerability Assessment, providing valuable insights into the heat vulnerability index (HVI) across various zip code areas (zcta20). It contains 100 unique zip codes, each associated with an integer value representing the level of heat vulnerability, ranging from 0 to 5. The dataset can be utilized by researchers, urban planners, and public health officials to identify areas at higher risk during heat events, enabling targeted interventions and resource allocation. The spatial data is organized by zip code, making it easy to analyze and visualize heat vulnerability patterns across different regions.","Dataset Overview:
- This dataset focuses on heat vulnerability assessment, providing valuable insights into the spatial distribution of heat vulnerability across various zip code areas (zcta20) in the region. It contains 184 unique zip codes, ranging from 10001 to 11697, and categorizes heat vulnerability into five distinct levels (hvi), with values from 1 to 5. The zcta20 column represents specific locations, offering a detailed spatial resolution that can be crucial for urban planning and public health initiatives. The hvi column indicates the level of vulnerability to heat, which can be instrumental in identifying areas at higher risk for heat-related health issues, particularly in the context of climate change and urban heat islands. This dataset can be utilized by researchers, policymakers, and community organizations to develop targeted interventions aimed at reducing heat exposure and improving resilience in vulnerable populations.

Key Themes or Topics:
- Heat vulnerability assessment
- Urban heat islands
- Climate change impacts
- Public health and safety
- Environmental justice
- Socioeconomic disparities
- Urban planning and development
- Geographic information systems (GIS)
- Spatial analysis
- Community resilience

Applications and Use Cases:
- Supports urban planning and zoning decisions
- Aids in public health initiatives targeting heat-related illnesses
- Facilitates climate adaptation strategies for vulnerable communities
- Informs policy formulation for heat mitigation measures
- Assists researchers in studying the correlation between heat vulnerability and socioeconomic factors
- Enables community organizations to identify areas needing intervention

Potential Questions:
- What is the distribution of heat vulnerability levels (hvi) across different zip code areas (zcta20)?
- How does heat vulnerability (hvi) differ between urban and suburban zip codes?
- What are the correlations between socioeconomic factors and heat vulnerability levels in the dataset?
- Which zip codes are classified as high-risk (hvi 4-5) for heat-related health issues?
- How has the spatial distribution of heat vulnerability changed over recent years?

Concepts and Synonyms:
- Heat vulnerability/heat risk
- Urban heat islands/urban heat effects
- Climate change/global warming
- Public health/health disparities
- Socioeconomic status/income inequality
- Geographic distribution/spatial analysis
- Resilience/adaptation strategies
- Environmental health/health equity

Keywords and Themes:
- Heat vulnerability
- Urban planning
- Climate adaptation
- Public health
- Socioeconomic factors
- Geographic information systems (GIS)
- Spatial distribution
- Heat-related health issues
- Community resilience
- Environmental justice

Additional Context:
- This dataset is relevant for addressing the challenges posed by increasing temperatures due to climate change, particularly in urban areas where heat islands exacerbate health risks. It provides critical data for interdisciplinary applications, integrating public health, urban planning, and environmental science to foster community resilience against heat exposure. The insights derived from this dataset can guide targeted interventions and resource allocation to protect vulnerable populations from heat-related health impacts.","Dataset Overview:
- This dataset focuses on Heat Vulnerability Assessment, providing valuable insights into the heat vulnerability index (HVI) across various zip code areas (zcta20). It contains 100 unique zip codes, each associated with an integer value representing the level of heat vulnerability, ranging from 0 to 5. The dataset can be utilized by researchers, urban planners, and public health officials to identify areas at higher risk during heat events, enabling targeted interventions and resource allocation. The spatial data is organized by zip code, making it easy to analyze and visualize heat vulnerability patterns across different regions.

Key Themes or Topics:
- Heat Vulnerability Assessment
- Urban Heat Islands
- Climate Change Impact
- Public Health and Safety
- Environmental Justice
- Socioeconomic Disparities
- Urban Planning and Development
- Emergency Management
- Community Resilience
- Geographic Information Systems (GIS)

Applications and Use Cases:
- Supports urban planners in designing heat-resilient infrastructure.
- Aids public health officials in developing heat response strategies.
- Assists researchers in studying the correlation between heat vulnerability and health outcomes.
- Facilitates policymakers in resource allocation for heat-related interventions.
- Enables community organizations to advocate for vulnerable populations.
- Useful for environmental assessments and climate adaptation planning.

Concepts and Synonyms:
- Heat Vulnerability Index (HVI)/Heat Risk Index
- Heat Stress/Heat Exposure
- Vulnerability Mapping/Spatial Analysis
- Socioeconomic Status/Income Disparities
- Demographic Analysis/Population Vulnerability
- Climate Adaptation/Resilience Planning
- Thermal Comfort/Heat Mitigation Strategies
- Public Health Interventions/Health Equity

Keywords and Themes:
- Heat Vulnerability
- Climate Change
- Urban Planning
- Public Health
- Socioeconomic Factors
- Geographic Data
- Risk Assessment
- Resource Allocation
- Emergency Preparedness
- Heat Events

Additional Context:
- The dataset is crucial for addressing the increasing frequency and intensity of heat waves due to climate change.
- It highlights the intersection of environmental health and social equity, emphasizing the need for targeted interventions in vulnerable communities.
- The dataset can be integrated with other environmental datasets to provide a comprehensive view of urban resilience and adaptation strategies.",,184,2.0,0.0,1.0
2xir-kwzz,https://data.cityofnewyork.us/d/2xir-kwzz,"This dataset provides comprehensive information on beach water quality, specifically focusing on enterococci bacteria levels at various New York City beaches. It includes 29,665 unique sample identifiers collected from 2005 to 2025, with sampling locations categorized as left, center, or right on the beach. Each entry records the date of sampling, the beach name, and the measured enterococci results, expressed in most probable number per 100 milliliters (MPN/100 ml). The dataset spans a wide range of enterococci results, from 4.0 to 24,196.0, indicating varying water quality conditions. This data can be utilized for monitoring beach safety, assessing water quality for recreational activities, and informing public health decisions. Additionally, the dataset is enriched with semantic details, such as the context of each measurement and the methodology used for sampling, ensuring users have a clear understanding of the data's significance and application in beach water quality assessments.

Column constraints outlined in Data Dictionary:
sample_id: Format: XXYYMMDDHHMM-##; Uniqueness: Must be unique  
sample_date: Format: MM/DD/YY; Nullability: Missing values are not allowed  
beach_name: Type: Text; Nullability: Missing values are not allowed  
sample_location: Allowed values: left, center, right; Nullability: Missing values are not allowed  
enterococci_results: Type: Numerical; Units: MPN/100 ml; Nullability: Missing values are allowed  
units_or_notes: Allowed values: MPN/100 ml; Nullability: Missing values are not allowed","This dataset focuses on beach water quality, specifically measuring enterococci levels at various beach locations. It includes 100 unique samples collected from 2005 to 2025, with measurements expressed in MPN/100 ml. Each entry features a unique sample ID, the date of sampling, the beach name, and the specific location of the sample. The dataset provides valuable insights into water quality, helping to assess the safety of recreational water activities. The temporal coverage spans from July 17, 2005, to June 22, 2025, allowing for trend analysis over time. This information is crucial for public health monitoring and environmental management.","Dataset Overview:
- This dataset provides comprehensive information on beach water quality, specifically focusing on enterococci bacteria levels at various New York City beaches. It includes 29,665 unique sample identifiers collected from 2005 to 2025, with sampling locations categorized as left, center, or right on the beach. Each entry records the date of sampling, the beach name, and the measured enterococci results, expressed in most probable number per 100 milliliters (MPN/100 ml). The dataset spans a wide range of enterococci results, from 4.0 to 24,196.0, indicating varying water quality conditions. This data can be utilized for monitoring beach safety, assessing water quality for recreational activities, and informing public health decisions. Additionally, the dataset is enriched with semantic details, such as the context of each measurement and the methodology used for sampling, ensuring users have a clear understanding of the data's significance and application in beach water quality assessments.

Key Themes or Topics:
- Environmental monitoring
- Public health and safety
- Water quality assessment
- Recreational water use
- Microbial contamination
- Coastal management
- Urban ecology
- Epidemiology of waterborne diseases

Applications and Use Cases:
- Supports public health officials in assessing beach safety for recreational use.
- Aids environmental scientists in studying the impact of urban runoff on water quality.
- Assists policymakers in formulating regulations and guidelines for beach water quality.
- Enables researchers to analyze trends in enterococci levels over time.
- Facilitates community awareness and education regarding water quality issues.

Potential Questions:
- What is the distribution of enterococci results across different New York City beaches?
- How do enterococci levels vary by sampling location (left, center, right) on the beach?
- How have enterococci levels changed over the years from 2005 to 2025?
- What is the correlation between sampling dates and enterococci results?
- Are there specific beaches that consistently show higher levels of enterococci bacteria?

Concepts and Synonyms:
- Beach water quality/Coastal water quality
- Enterococci bacteria/Enterococci levels
- Microbial water quality/Waterborne pathogens
- Recreational water safety/Beach safety
- Sampling methodology/Water sampling techniques
- Public health monitoring/Environmental health assessment

Keywords and Themes:
- Beach water quality
- Enterococci monitoring
- New York City beaches
- Water quality data
- Environmental health
- Recreational water use
- Public health data
- Microbial contamination levels

Additional Context:
- The dataset is crucial for understanding the implications of water quality on public health, particularly in urban coastal areas.
- It provides valuable insights for interdisciplinary research involving environmental science, public health, and urban planning.
- The dataset can be integrated with meteorological data to analyze the effects of weather patterns on water quality.","Dataset Overview:
- This dataset focuses on beach water quality, specifically measuring enterococci levels at various beach locations. It includes 100 unique samples collected from 2005 to 2025, with measurements expressed in MPN/100 ml. Each entry features a unique sample ID, the date of sampling, the beach name, and the specific location of the sample. The dataset provides valuable insights into water quality, helping to assess the safety of recreational water activities. The temporal coverage spans from July 17, 2005, to June 22, 2025, allowing for trend analysis over time. This information is crucial for public health monitoring and environmental management.

Key Themes or Topics:
- Environmental health
- Water quality assessment
- Public health monitoring
- Recreational water safety
- Microbial contamination
- Coastal management
- Environmental monitoring
- Waterborne pathogens
- Enterococci monitoring
- Beach safety

Applications and Use Cases:
- Supports public health officials in monitoring beach water quality
- Aids environmental scientists in studying microbial levels in coastal waters
- Assists policymakers in formulating regulations for water safety
- Facilitates researchers in analyzing trends in water quality over time
- Useful for recreational planners in ensuring safe beach conditions
- Enables risk assessment for waterborne diseases

Concepts and Synonyms:
- Beach water quality/Coastal water quality
- Enterococci/Enterococcus
- MPN (Most Probable Number)/MPN/100 ml
- Water quality monitoring/Water quality assessment
- Recreational water activities/Beach recreation
- Microbial water quality/Pathogen levels
- Environmental health/Public health
- Water safety standards/Water quality guidelines

Keywords and Themes:
- beach water quality
- enterococci levels
- microbial contamination
- public health
- environmental management
- waterborne pathogens
- coastal waters
- recreational safety
- water quality trends
- sampling data

Additional Context:
- The dataset is relevant for addressing public health concerns related to waterborne illnesses and recreational water use.
- It provides critical data for interdisciplinary studies involving environmental science, public health, and policy development.
- The temporal aspect of the dataset allows for the examination of long-term trends in beach water quality, which is essential for effective environmental management and public health strategies.","{'sample_id': {'column_description': 'Unique identifier consisting of text, date, time, sample subunit number and sample location number', 'expected_per_allowed_values': 'Unique ID: XXYYMMDDHHMM-##', 'field_limitations': 'Autogenerated by third party software used for sampling.'}, 'sample_date': {'column_description': 'Date of sampling ', 'expected_per_allowed_values': 'Date: MM/DD/YY', 'field_limitations': 'Autogenerated by third party software used for sampling.'}, 'beach_name': {'column_description': 'Name of beach sampled', 'expected_per_allowed_values': 'Text', 'additional_notes': 'See Surveillance and Monitoring Beach Reports for more information on permitted NYC Beaches: https://www.nyc.gov/site/doh/health/healt h-topics/beach-class.page'}, 'sample_location': {'column_description': 'Location on the beach where sample was taken', 'expected_per_allowed_values': 'Text: left, center, or right', 'additional_notes': 'This field is in respect to the sampler facing water. Samplers attempt to take water samples at approximately the same location of the beach throughout the season. Water samples are collected at atleast 3 different locations on the beach indicated by Sample Location'}, 'enterococci_results': {'column_description': 'Measurement of bacteria present ', 'expected_per_allowed_values': 'Numerical ', 'field_limitations': 'Data is obtained from analysis performed at the Public Health Laboratory', 'additional_notes': 'Units are measured in most probable number per 100 milliliters (mpn). See https://www.nyc.gov/site/doh/health/healt h-topics/beach-class.page, for more information on sample analysis.'}, 'units_or_notes': {'column_description': 'Unit of measurement', 'expected_per_allowed_values': 'Text: MPN/100 ml', 'additional_notes': 'This unit of measurement is consistent throughout all samples'}}",29,6.0,1.0,1.0
grnn-mvqe,https://data.cityofnewyork.us/d/grnn-mvqe,"This dataset focuses on family leave policies, specifically examining the experiences of parents in New York City regarding maternity leave around the birth of their children. It includes a variety of demographic and health-related variables, such as respondent age, health status, and the number of children born. The dataset contains unique identifiers for each respondent, allowing for detailed analysis of responses related to parental leave, including the duration and type of leave taken, as well as barriers to accessing care and support. Temporal coverage spans from February 23, 2016, to March 30, 2016, providing insights into the immediate context of parental leave experiences. This dataset can be utilized to inform policy discussions on paid family leave, equity in healthcare access, and the impact of maternity leave on family health outcomes, ultimately contributing to the development of more effective family leave policies.

Column constraints outlined in Data Dictionary:
qcell: 0=No; 1=Yes  
sc1: 1=SPEAKING TO RESPONDENT; 2=RESPONDENT COMES TO PHONE; 3=NOT A GOOD TIME; 4=RESPONDENT NOT AVAILABLE; 5=NO SUCH PERSON; 66=(VOL) GAVE BIRTH BUT NO LONGER HAVE THE CHILD LIVING WITH ME; 77=(VOL) DON'T KNOW; 99=(VOL) REFUSED  
sc2: 1=Yes, safe place to talk; 2=No, call me later; 3=No, CB on land-line; 4=On landline; 77=(VOL) DON'T KNOW; 99=(VOL) REFUSED  
sc3: 1=Yes; 2=No; 77=(VOL) DON'T KNOW; 99=(VOL) REFUSED  
sc4: 1=information matches; 2=no; 77=(VOL) DON'T KNOW; 99=(VOL) REFUSED  
sc4a_1: 1=name is different; 2=date of birth is different; 77=(VOL) DON'T KNOW; 99=(VOL) REFUSED  
sc4a_2: 1=name is different; 2=date of birth is different; 77=(VOL) DON'T KNOW; 99=(VOL) REFUSED  
sc4c: 1=gave name; 77=(VOL) DON'T KNOW; 99=(VOL) REFUSED  
sc4b: 1=Yes; 2=Yes, I gave birth to more than one child in 2014; 3=No; 66=(VOL) YES, GAVE BIRTH BUT NO LONGER HAVE THE CHILD LIVING WITH ME; 77=(VOL) DON'T KNOW; 99=(VOL) REFUSED  
sc4b1: 77=(VOL) DON'T KNOW; 99=(VOL) REFUSED  
sc4b2: 1=yes multiple births; 2=no, separate births; 77=(VOL) DON'T KNOW; 99=(VOL) REFUSED  
selchild: 1=first; 2=second; 3=third; 4=fourth  
sc4d: 1=Yes, gave name; 2=NO, REFER TO MY CHILD AS 'YOUR CHILD BORN IN 2014'; 66=(VOL) NO LONGER HAVE THE CHILD LIVING WITH ME; 77=(VOL) DON'T KNOW; 99=(VOL) REFUSED  
sc4d1: 1=Male; 2=Female; 77=(VOL) DON'T KNOW; 99=(VOL) REFUSED  
sc5: 1=Yes; 2=No; 77=(VOL) DON'T KNOW; 99=(VOL) REFUSED  
sc6: 1=Yes; 2=No; 77=(VOL) DON'T KNOW; 99=(VOL) REFUSED  
sc6a: 1=Yes; 2=No  
sc7: 1=Yes; 2=No; 66=(VOL) NO LONGER HAVE THE CHILD LIVING WITH ME; 77=(VOL) DON'T KNOW; 99=(VOL) REFUSED  
mp1: 77=(VOL) DON'T KNOW; 99=(VOL) REFUSED  
ph1: 1=Excellent; 2=Very good; 3=Good; 4=Fair; 5=Poor; 77=(VOL) DON'T KNOW; 99=(VOL) REFUSED  
bc1a: 1=January; 2=February; 3=March; 4=April; 5=May; 6=June; 7=July; 8=August; 9=September; 10=October; 11=November; 12=December; 77=(VOL) DON'T KNOW; 99=(VOL) REFUSED  
bc1: 1=Single; 2=More than me; 77=(VOL) DON'T KNOW; 99=(VOL) REFUSED  
bc2: 1=Vaginally; 2=Cesarean delivery (C-section); 77=(VOL) DON'T KNOW; 99=(VOL) REFUSED  
bc3: 1=Less than 24 hours (less than 1 day); 2=24 to 48 hours (1 to 2 days); 3=3 to 5 days; 4=6 to 14 days; 5=More than 14 days; 6=My baby was not born in a hospital; 7=My baby is still in the hospital; 77=(VOL) DON'T KNOW; 99=(VOL) REFUSED  
pph1: 1=Yes; 2=No; 77=(VOL) DON'T KNOW; 99=(VOL) REFUSED  
pph2a: 1=Yes; 2=No; 77=(VOL) DON'T KNOW; 99=(VOL) REFUSED  
pph2b: 1=Yes; 2=No; 77=(VOL) DON'T KNOW; 99=(VOL) REFUSED  
pph2c: 1=Yes; 2=No; 77=(VOL) DON'T KNOW; 99=(VOL) REFUSED  
el1: 1=Yes; 2=No; 77=(VOL) DON'T KNOW; 99=(VOL) REFUSED  
el3: 1=Government; 2=Private-for-profit company; 3=Non-profit organization including tax exempt and charitable organizations; 4=Self-employed; 5=(VOL) OTHER; 77=(VOL) DON'T KNOW; 99=(VOL) REFUSED  
el4: 1=New York; 2=New Jersey; 3=Another State; 77=(VOL) DON'T KNOW; 99=(VOL) REFUSED  
el7: 1=Yes; 2=No; 77=(VOL) DON'T KNOW; 99=(VOL) REFUSED  
el8: 1=1-9; 2=10-19; 3=20-29; 4=30-39; 5=40-49; 6=50-99; 7=100-249; 8=250-499; 9=500 or more; 77=(VOL) DON'T KNOW; 99=(VOL) REFUSED  
el9: 1=Yes; 2=No; 77=(VOL) DON'T KNOW; 99=(VOL) REFUSED  
el10: 777=(VOL) DON'T KNOW; 999=(VOL) REFUSED  
el11: 1=I took paid leave from my job; 2=I took unpaid leave from my job; 3=I took both paid and unpaid leave; 4=I did not take any leave or time off; 77=(VOL) DON'T KNOW; 99=(VOL) REFUSED  
el12_1: 1=Less than one week; 2=Answered in weeks; 3=Answered in months; 77=(VOL) DON'T KNOW; 99=(VOL) REFUSED  
el12_2: 1=Less than one week; 2=Answered in weeks; 3=Answered in months; 77=(VOL) DON'T KNOW; 99=(VOL) REFUSED  
el12_3: 1=Less than one week; 2=Answered in weeks; 3=Answered in months; 77=(VOL) DON'T KNOW; 99=(VOL) REFUSED  
el12wks: numeric  
el12mns: numeric  
el13a: 77=(VOL) DON'T KNOW; 99=(VOL) REFUSED  
el13b: 77=(VOL) DON'T KNOW; 99=(VOL) REFUSED  
el13c: 77=(VOL) DON'T KNOW; 99=(VOL) REFUSED  
el13d: 77=(VOL) DON'T KNOW; 99=(VOL) REFUSED  
el13e: 77=(VOL) DON'T KNOW; 99=(VOL) REFUSED  
el14: 1=Too little time; 2=Just the right amount of time; 3=Too much time; 77=(VOL) DON'T KNOW; 99=(VOL) REFUSED  
el15: 1=Yes; 2=No; 3=No, but I will be returning; 4=No, but returned to a different job; 77=(VOL) DON'T KNOW; 99=(VOL) REFUSED  
el16: 1=I was fired for a reason relating to the pregnancy, birth or maternity leave; 2=I wanted to stay home full-time with my baby; 3=I could not arrange a schedule flexible enough to meet our needs; 4=I could not find acceptable childcare that I could afford; 5=I had a health problem that kept me from returning to work; 6=My baby had health problems that kept me from returning to work; 7=I am a student/Getting ready to go back to school; 8=I cannot find work; 9=I'm currently seeking employment; 10=OTHER (specify); 77=(VOL) DON'T KNOW; 99=(VOL) REFUSED  
el17a: 1=Yes; 2=No; 77=(VOL) DON'T KNOW; 99=(VOL) REFUSED  
el17b: 1=Yes; 2=No; 77=(VOL) DON'T KNOW; 99=(VOL) REFUSED  
el17c: 1=Yes; 2=No; 77=(VOL) DON'T KNOW; 99=(VOL) REFUSED  
el17d: 1=Yes; 2=No; 77=(VOL) DON'T KNOW; 99=(VOL) REFUSED  
el17e: 1=Yes; 2=No; 77=(VOL) DON'T KNOW; 99=(VOL) REFUSED  
el17f: 1=Yes; 2=No; 77=(VOL) DON'T KNOW; 99=(VOL) REFUSED  
cp1: 1=Yes; 2=No; 77=(VOL) DON'T KNOW; 99=(VOL) REFUSED  
cp2: 1=Gave Response; 77=(VOL) DON'T KNOW; 99=(VOL) REFUSED  
cp3: 1=Male; 2=Female; 3=Other; 77=(VOL) DON'T KNOW; 99=(VOL) REFUSED  
cp4: 1=Yes, lived with me; 2=No, lived somewhere else; 77=(VOL) DON'T KNOW; 99=(VOL) REFUSED  
cp5: 1=Always; 2=Often; 3=Sometimes; 4=Rarely; 5=Never; 77=(VOL) DON'T KNOW; 99=(VOL) REFUSED  
cp6a: 1=More than once a day; 2=About once a day; 3=A few times a week; 4=A few times a month; 5=Rarely; 6=Not at all; 77=(VOL) DON'T KNOW; 99=(VOL) REFUSED  
cp6b: 1=More than once a day; 2=About once a day; 3=A few times a week; 4=A few times a month; 5=Rarely; 6=Not at all; 77=(VOL) DON'T KNOW; 99=(VOL) REFUSED  
cp6c: 1=More than once a day; 2=About once a day; 3=A few times a week; 4=A few times a month; 5=Rarely; 6=Not at all; 77=(VOL) DON'T KNOW; 99=(VOL) REFUSED  
cp7: 1=Yes; 2=No; 77=(VOL) DON'T KNOW; 99=(VOL) REFUSED  
cp8: 666=(VOL) WAS NOT WORKING; 777=(VOL) DON'T KNOW; 999=(VOL) REFUSED  
cp9: 1=He/she took paid leave from his/her job; 2=He/she took unpaid leave from his/her job; 3=He/she took both paid and unpaid leave; 4=He/she did not take any leave or time off; 77=(VOL) DON'T KNOW; 99=(VOL) REFUSED  
cp10_1: 1=Less than one week; 2=Answered in weeks; 3=Answered in months; 77=(VOL) DON'T KNOW; 99=(VOL) REFUSED  
cp10_2: 1=Less than one week; 2=Answered in weeks; 3=Answered in months; 77=(VOL) DON'T KNOW; 99=(VOL) REFUSED  
cp10_3: 1=Less than one week; 2=Answered in weeks; 3=Answered in months; 77=(VOL) DON'T KNOW; 99=(VOL) REFUSED  
cp10wks: numeric  
cp10mns: numeric  
ih1: 1=Excellent; 2=Very good; 3=Good; 4=Fair; 5=Poor; 77=(VOL) DON'T KNOW; 99=(VOL) REFUSED  
ih2: 1=Yes; 2=No; 77=(VOL) DON'T KNOW; 99=(VOL) REFUSED  
ih3: 1=Yes, on schedule; 2=Partial/missing a few; 3=Not vaccinated; 77=(VOL) DON'T KNOW; 99=(VOL) REFUSED  
ih4_1: 1=I didn't have enough money or insurance to pay for it; 2=I didn't have anyone to take care of my other children; 3=I couldn't get time off work; 4=I didn't have enough sick/vacation time to take time off work; 5=My child seemed fine and I did not think he/she needed to have a visit; 6=(VOL) NONE OF THE ABOVE/OTHER; 77=(VOL) DON'T KNOW; 99=(VOL) REFUSED  
ih4_2: 1=I didn't have enough money or insurance to pay for it; 2=I didn't have anyone to take care of my other children; 3=I couldn't get time off work; 4=I didn't have enough sick/vacation time to take time off work; 5=My child seemed fine and I did not think he/she needed to have a visit; 6=(VOL) NONE OF THE ABOVE/OTHER; 77=(VOL) DON'T KNOW; 99=(VOL) REFUSED  
ih4_3: 1=I didn't have enough money or insurance to pay for it; 2=I didn't have anyone to take care of my other children; 3=I couldn't get time off work; 4=I didn't have enough sick/vacation time to take time off work; 5=My child seemed fine and I did not think he/she needed to have a visit; 6=(VOL) NONE OF THE ABOVE/OTHER; 77=(VOL) DON'T KNOW; 99=(VOL) REFUSED  
ih4_4: 1=I didn't have enough money or insurance to pay for it; 2=I didn't have anyone to take care of my other children; 3=I couldn't get time off work; 4=I didn't have enough sick/vacation time to take time off work; 5=My child seemed fine and I did not think he/she needed to have a visit; 6=(VOL) NONE OF THE ABOVE/OTHER; 77=(VOL) DON'T KNOW; 99=(VOL) REFUSED  
ih4_5: 1=I didn't have enough money or insurance to pay for it; 2=I didn't have anyone to take care of my other children; 3=I couldn't get time off work; 4=I didn't have enough sick/vacation time to take time off work; 5=My child seemed fine and I did not think he/she needed to have a visit; 6=(VOL) NONE OF THE ABOVE/OTHER; 77=(VOL) DON'T KNOW; 99=(VOL) REFUSED  
ih5: 1=Yes; 2=No; 77=(VOL) DON'T KNOW; 99=(VOL) REFUSED  
ih5a_1: 1=I didn't have enough money or insurance to pay for it; 2=I didn't have anyone to take care of my other children; 3=I couldn't get time off work; 4=I didn't have enough sick/vacation time to take time off work; 5=My child seemed fine and I did not think he/she needed to have a visit; 6=(VOL) NONE OF THE ABOVE/OTHER; 77=(VOL) DON'T KNOW; 99=(VOL) REFUSED  
ih5a_2: 1=I didn't have enough money or insurance to pay for it; 2=I didn't have anyone to take care of my other children; 3=I couldn't get time off work; 4=I didn't have enough sick/vacation time to take time off work; 5=My child seemed fine and I did not think he/she needed to have a visit; 6=(VOL) NONE OF THE ABOVE/OTHER; 77=(VOL) DON'T KNOW; 99=(VOL) REFUSED  
ih5a_3: 1=I didn't have enough money or insurance to pay for it; 2=I didn't have anyone to take care of my other children; 3=I couldn't get time off work; 4=I didn't have enough sick/vacation time to take time off work; 5=My child seemed fine and I did not think he/she needed to have a visit; 6=(VOL) NONE OF THE ABOVE/OTHER; 77=(VOL) DON'T KNOW; 99=(VOL) REFUSED  
ih5a_4: 1=I didn't have enough money or insurance to pay for it; 2=I didn't have anyone to take care of my other children; 3=I couldn't get time off work; 4=I didn't have enough sick/vacation time to take time off work; 5=My child seemed fine and I did not think he/she needed to have a visit; 6=(VOL) NONE OF THE ABOVE/OTHER; 77=(VOL) DON'T KNOW; 99=(VOL) REFUSED  
bf1_1: 1=Never; 2=Less than 1 week; 3=Weeks; 4=Months; 5=Still breastfeeding; 77=(VOL) DON'T KNOW; 99=(VOL) REFUSED  
bf1_2: 1=Never; 2=Less than 1 week; 3=Weeks; 4=Months; 5=Still breastfeeding; 77=(VOL) DON'T KNOW; 99=(VOL) REFUSED  
bf1_3: 1=Never; 2=Less than 1 week; 3=Weeks; 4=Months; 5=Still breastfeeding; 77=(VOL) DON'T KNOW; 99=(VOL) REFUSED  
bf1_4: 1=Never; 2=Less than 1 week; 3=Weeks; 4=Months; 5=Still breastfeeding; 77=(VOL) DON'T KNOW; 99=(VOL) REFUSED  
bf1_5: 1=Never; 2=Less than 1 week; 3=Weeks; 4=Months; 5=Still breastfeeding; 77=(VOL) DON'T KNOW; 99=(VOL) REFUSED  
bf1wks: numeric  
bf1mns: numeric  
bf1a_1: 1=Less than one week; 2=Answered in weeks; 3=Answered in months; 4=(VOL) Never; 77=(VOL) DON'T KNOW; 99=(VOL) REFUSED  
bf1a_2: 1=Less than one week; 2=Answered in weeks; 3=Answered in months; 4=(VOL) Never; 77=(VOL) DON'T KNOW; 99=(VOL) REFUSED  
bf1a_3: 1=Less than one week; 2=Answered in weeks; 3=Answered in months; 4=(VOL) Never; 77=(VOL) DON'T KNOW; 99=(VOL) REFUSED  
bf1a_4: 1=Less than one week; 2=Answered in weeks; 3=Answered in months; 4=(VOL) Never; 77=(VOL) DON'T KNOW; 99=(VOL) REFUSED  
bf1awks: numeric  
bf1amns: numeric  
bf2: 1=I thought I was not producing enough milk for my baby; 2=It was too time consuming; 3=I felt it was the right time to stop breastfeeding; 4=I got sick or I had to stop for medical reasons; 5=I went back to work; 6=I went back to school; 7=(VOL) NONE OF THE ABOVE/OTHER; 77=(VOL) DON'T KNOW; 99=(VOL) REFUSED  
mh1: 1=Always; 2=Often; 3=Sometimes; 4=Rarely; 5=Never; 77=(VOL) DON'T KNOW; 99=(VOL) REFUSED  
mh2: 1=Yes; 2=No; 77=(VOL) DON'T KNOW; 99=(VOL) REFUSED  
mh3: 1=Yes; 2=No; 77=(VOL) DON'T KNOW; 99=(VOL) REFUSED  
mh3a: 1=Counseling; 2=Medication; 3=Both; 4=Other (Specify); 77=(VOL) DON'T KNOW; 99=(VOL) REFUSED  
mh4: 1=Excellent; 2=Very good; 3=Good; 4=Fair; 5=Poor; 77=(VOL) DON'T KNOW; 99=(VOL) REFUSED  
cc1: 1=My husband or partner; 2=Child's Grandparent; 3=Other close family member or relative; 4=Friend or neighbor; 5=Babysitter, nanny, or other child care provider in your home; 6=Staff at day care, nursery, or preschool; 7=Child is with me while I am at work; 8=Someone else (specify); 77=(VOL) DON'T KNOW; 99=(VOL) REFUSED  
sd1_2: 1=Answered in weeks; 2=Answered in months; 77=(VOL) DON'T KNOW; 99=(VOL) REFUSED  
sd1wks: numeric  
sd1mns: numeric  
sd2: 1=Always; 2=Often; 3=Sometimes; 4=Rarely; 5=Never; 77=(VOL) DON'T KNOW; 99=(VOL) REFUSED  
d1: 1=Gave Response; 77=(VOL) DON'T KNOW; 99=(VOL) REFUSED  
d1yob: numeric  
d2: 1=Gave Response; 77=(VOL) DON'T KNOW; 99=(VOL) REFUSED  
fixd2: numeric  
d3: 1=Yes; 2=No; 77=(VOL) DON'T KNOW; 99=(VOL) REFUSED  
d4_1: 1=White; 2=Black or African American; 3=Asian; 4=Native Hawaiian or Other Pacific Islander; 5=American Indian, Alaska Native; 8=Something else (SPECIFY); 77=(VOL) DON'T KNOW; 99=(VOL) REFUSED  
d4_2: 1=White; 2=Black or African American; 3=Asian; 4=Native Hawaiian or Other Pacific Islander; 5=American Indian, Alaska Native; 8=Something else (SPECIFY); 77=(VOL) DON'T KNOW; 99=(VOL) REFUSED  
d4_3: 1=White; 2=Black or African American; 3=Asian; 4=Native Hawaiian or Other Pacific Islander; 5=American Indian, Alaska Native; 8=Something else (SPECIFY); 77=(VOL) DON'T KNOW; 99=(VOL) REFUSED  
d4_4: 1=White; 2=Black or African American; 3=Asian; 4=Native Hawaiian or Other Pacific Islander; 5=American Indian, Alaska Native; 8=Something else (SPECIFY); 77=(VOL) DON'T KNOW; 99=(VOL) REFUSED  
d4_5: 1=White; 2=Black or African American; 3=Asian; 4=Native Hawaiian or Other Pacific Islander; 5=American Indian, Alaska Native; 8=Something else (SPECIFY); 77=(VOL) DON'T KNOW; 99=(VOL) REFUSED  
d4_6: 1=White; 2=Black or African American; 3=Asian; 4=Native Hawaiian or Other Pacific Islander; 5=American Indian, Alaska Native; 8=Something else (SPECIFY); 77=(VOL) DON'T KNOW; 99=(VOL) REFUSED  
d5: 1=United States of America; 2=OTHER (SPECIFY); 5=AFRICA; 6=ALBANIA; 7=ANTIGUA; 8=ARGENTINA; 9=AUSTRALIA; 10=AUSTRIA; 11=BANGLADESH; 12=BARBADOS; 13=BELARUS; 14=BELIZE; 15=BOLIVIA; 16=BRAZIL; 17=CANADA; 18=CARIBBEAN; 19=CENTRAL AFRICA; 20=CHILE; 21=CHINA; 22=COLUMBIA; 23=COSTA RICA; 24=CUBA; 25=CZECHOSLOVAKIA; 26=DOMINICAN REPUBLIC; 27=EASTERN AFRICA; 28=ECUADOR; 29=EGYPT; 30=EL SALVADOR; 31=ENGLAND; 32=EUROPE; 33=FRANCE; 34=GERMANY; 35=GHANA; 36=GREECE; 37=GRENADA; 38=GUATEMALA; 39=GUINEA; 40=GUYANA; 41=HAITI; 42=HONDURAS; 43=HONG KONG; 44=HUNGARY; 45=INDIA; 46=IRAN; 47=IRELAND; 48=ISRAEL; 49=ITALY; 50=JAMAICA; 51=JAPAN; 52=KOREA; 53=LIBERIA; 54=MALAYSIA; 55=MALI; 56=MEXICO; 57=NICARAGUA; 58=NIGERIA; 59=NORTHERN AFRICA; 60=PAKISTAN; 61=PANAMA; 62=PERU; 63=PHILIPPINES; 64=POLAND; 65=PUERTO RICO; 66=ROMANIA; 67=RUSSIA; 68=SENEGAL; 69=SIERRA LEONE; 70=SOUTH AMERICAN; 71=SOUTHERN AFRICA; 72=SPAIN; 73=ST. LUCIA; 74=ST. VINCENT; 75=TAIWAN; 76=TRINIDAD AND TOBAGO; 77=(VOL) DON'T KNOW; 78=TURKEY; 79=UKRAINE; 80=UNITED KINGDOM (INCLUDES ENGLAND, N. IRELAND, SCOTLAND, WALES); 81=UZBEKISTAN; 82=VENEZUELA; 83=VIETNAM; 84=VIRGIN ISLANDS; 85=WEST INDIAN; 86=WESTERN AFRICA; 87=YUGOSLAVIA; 99=(VOL) REFUSED  
d6: 1=Less than 5 years; 2=5 to 9 years; 3=10 or more years; 77=(VOL) DON'T KNOW; 99=(VOL) REFUSED  
d7: 1=Never attended school or only attended kindergarten; 2=Grades 1 through 8 (ELEMENTARY); 3=Grades 9 through 11 (SOME HIGH SCHOOL); 4=Grade 12 or GED (HIGH SCHOOL GRADUATE); 5=College 1 year to 3 years (SOME COLLEGE OR TECHNICAL SCHOOL); 6=College 4 years or more (COLLEGE GRADUATE); 77=(VOL) DON'T KNOW; 99=(VOL) REFUSED  
de1: 1=Yes; 2=No; 77=(VOL) DON'T KNOW; 99=(VOL) REFUSED  
de2_2: 1=White; 2=Black or African American; 3=Asian; 4=Native Hawaiian or Other Pacific Islander; 5=American Indian, Alaska Native; 8=Something else (SPECIFY); 77=(VOL) DON'T KNOW; 99=(VOL) REFUSED  
de2_3: 1=White; 2=Black or African American; 3=Asian; 4=Native Hawaiian or Other Pacific Islander; 5=American Indian, Alaska Native; 8=Something else (SPECIFY); 77=(VOL) DON'T KNOW; 99=(VOL) REFUSED  
de2_4: 1=White; 2=Black or African American; 3=Asian; 4=Native Hawaiian or Other Pacific Islander; 5=American Indian, Alaska Native; 8=Something else (SPECIFY); 77=(VOL) DON'T KNOW; 99=(VOL) REFUSED  
de2_5: 1=White; 2=Black or African American; 3=Asian; 4=Native Hawaiian or Other Pacific Islander; 5=American Indian, Alaska Native; 8=Something else (SPECIFY); 77=(VOL) DON'T KNOW; 99=(VOL) REFUSED  
de2_6: 1=White; 2=Black or African American; 3=Asian; 4=Native Hawaiian or Other Pacific Islander; 5=American Indian, Alaska Native; 8=Something else (SPECIFY); 77=(VOL) DON'T KNOW; 99=(VOL) REFUSED  
de3: 1=United States of America; 2=OTHER (SPECIFY); 5=AFRICA; 6=ALBANIA; 7=ANTIGUA; 8=ARGENTINA; 9=AUSTRALIA; 10=AUSTRIA; 11=BANGLADESH; 12=BARBADOS; 13=BELARUS; 14=BELIZE; 15=BOLIVIA; 16=BRAZIL; 17=CANADA; 18=CARIBBEAN; 19=CENTRAL AFRICA; 20=CHILE; 21=CHINA; 22=COLUMBIA; 23=COSTA RICA; 24=CUBA; 25=CZECHOSLOVAKIA; 26=DOMINICAN REPUBLIC; 27=EASTERN AFRICA; 28=ECUADOR; 29=EGYPT; 30=EL SALVADOR; 31=ENGLAND; 32=EUROPE; 33=FRANCE; 34=GERMANY; 35=GHANA; 36=GREECE; 37=GRENADA; 38=GUATEMALA; 39=GUINEA; 40=GUYANA; 41=HAITI; 42=HONDURAS; 43=HONG KONG; 44=HUNGARY; 45=INDIA; 46=IRAN; 47=IRELAND; 48=ISRAEL; 49=ITALY; 50=JAMAICA; 51=JAPAN; 52=KOREA; 53=LIBERIA; 54=MALAYSIA; 55=MALI; 56=MEXICO; 57=NICARAGUA; 58=NIGERIA; 59=NORTHERN AFRICA; 60=PAKISTAN; 61=PANAMA; 62=PERU; 63=PHILIPPINES; 64=POLAND; 65=PUERTO RICO; 66=ROMANIA; 67=RUSSIA; 68=SENEGAL; 69=SIERRA LEONE; 70=SOUTH AMERICAN; 71=SOUTHERN AFRICA; 72=SPAIN; 73=ST. LUCIA; 74=ST. VINCENT; 75=TAIWAN; 76=TRINIDAD AND TOBAGO; 77=(VOL) DON'T KNOW; 78=TURKEY; 79=UKRAINE; 80=UNITED KINGDOM (INCLUDES ENGLAND, N. IRELAND, SCOTLAND, WALES); 81=UZBEKISTAN; 82=VENEZUELA; 83=VIETNAM; 84=VIRGIN ISLANDS; 85=WEST INDIAN; 86=WESTERN AFRICA; 87=YUGOSLAVIA; 99=(VOL) REFUSED  
st2: 1=During pregnancy; 2=After Birth; 3=Both; 4=Neither; 77=(VOL) DON'T KNOW; 99=(VOL) REFUSED  
st3: 1=During pregnancy; 2=After Birth; 3=Both; 4=Neither; 77=(VOL) DON'T KNOW; 99=(VOL) REFUSED  
st4: 1=During pregnancy; 2=After Birth; 3=Both; 4=Neither; 77=(VOL) DON'T KNOW; 99=(VOL) REFUSED  
st5: 1=During pregnancy; 2=After Birth; 3=Both; 4=Neither; 77=(VOL) DON'T KNOW; 99=(VOL) REFUSED  
es1a: 1=During pregnancy; 2=After Birth; 3=Both; 4=Neither; 77=(VOL) DON'T KNOW; 99=(VOL) REFUSED  
es1b: 1=During pregnancy; 2=After Birth; 3=Both; 4=Neither; 77=(VOL) DON'T KNOW; 99=(VOL) REFUSED  
es2: 1=Yes; 2=No; 77=(VOL) DON'T KNOW; 99=(VOL) REFUSED  
es3: 1=$0 to $16,000; 2=$16,001 to $20,000; 3=$20,001 to $24,000; 4=$24,001 to $28,000; 5=$28,001 to $32,000; 6=$32,001 to $40,000; 7=$40,001 to $48,000; 8=$48,001 to $57,000; 9=$57,001 to $60,000; 10=$60,001 to $73,000; 11=$73,001 to $85,000; 12=$85,001 or more; 77=(VOL) DON'T KNOW; 99=(VOL) REFUSED  
fulladra: 1=Yes; 2=No  
qc1: 1=Yes; 2=No; 77=(VOL) DON'T KNOW; 99=(VOL) REFUSED  
lang: 1=English; 2=Spanish  
samp_weight: numeric  
pop_weight: numeric  
odate: date  
fdate: date  
stratum: 1 or 2","This dataset focuses on Family Leave Policies and contains detailed information about various aspects of family leave, including client identifiers, responses, and specific policy-related metrics. It features 100 unique client IDs and spans a temporal coverage from February 23, 2016, to April 1, 2016. The dataset includes various integer and float data types, with key variables such as client ID, response, and temporal data points. It can be utilized for analyzing the impact of family leave policies on different demographics, assessing compliance, and informing policy development. The dataset is structured to facilitate aggregation and analysis, making it a valuable resource for researchers and policymakers.","**Dataset Overview:**
- This dataset focuses on family leave policies, specifically examining the experiences of parents in New York City regarding maternity leave around the birth of their children. It includes a variety of demographic and health-related variables, such as respondent age, health status, and the number of children born. The dataset contains unique identifiers for each respondent, allowing for detailed analysis of responses related to parental leave, including the duration and type of leave taken, as well as barriers to accessing care and support. Temporal coverage spans from February 23, 2016, to March 30, 2016, providing insights into the immediate context of parental leave experiences. This dataset can be utilized to inform policy discussions on paid family leave, equity in healthcare access, and the impact of maternity leave on family health outcomes, ultimately contributing to the development of more effective family leave policies.

**Key Themes or Topics:**
- Family Leave Policies
- Maternity Leave
- Parental Leave
- Childbirth Experiences
- Healthcare Access
- Demographic Analysis
- Health Outcomes
- Employment Policies
- Work-Life Balance
- Equity in Family Support

**Applications and Use Cases:**
- Analysis for policymakers on the effectiveness of family leave policies.
- Research on the impact of maternity leave on maternal and child health outcomes.
- Evaluation of barriers to accessing maternity care and support services.
- Insights for employers on employee experiences with family leave.
- Statistical modeling of demographic factors influencing parental leave decisions.

**Potential Questions:**
- What is the average duration of maternity leave taken by respondents?
- How do experiences of maternity leave differ by demographic factors such as age and health status?
- What barriers do parents face in accessing maternity care and support?
- How does the type of leave (paid vs. unpaid) affect the return to work after childbirth?
- What is the relationship between the number of children and the duration of maternity leave taken?

**Concepts and Synonyms:**
- Family Leave/Parental Leave
- Maternity Leave/Childbirth Leave
- Paid Leave/Unpaid Leave
- Child Health/Family Health
- Employment Rights/Workplace Policies
- Healthcare Access/Healthcare Equity
- Demographics/Population Characteristics
- Leave Duration/Leave Type
- Barriers to Care/Access to Support

**Keywords and Themes:**
- Family Leave
- Maternity Leave
- Parental Leave
- Childbirth
- Healthcare Access
- Employment Policies
- New York City
- Demographic Variables
- Health Outcomes
- Policy Analysis

**Additional Context:**
- This dataset is relevant for addressing challenges related to family leave policies in urban settings, particularly in the context of New York City.
- It provides valuable insights for interdisciplinary research combining public health, social policy, and labor economics.
- The findings can inform future legislation aimed at improving family leave policies and enhancing support for new parents.","Dataset Overview:
- This dataset focuses on Family Leave Policies and contains detailed information about various aspects of family leave, including client identifiers, responses, and specific policy-related metrics. It features 100 unique client IDs and spans a temporal coverage from February 23, 2016, to April 1, 2016. The dataset includes various integer and float data types, with key variables such as client ID, response, and temporal data points. It can be utilized for analyzing the impact of family leave policies on different demographics, assessing compliance, and informing policy development. The dataset is structured to facilitate aggregation and analysis, making it a valuable resource for researchers and policymakers.

Key Themes or Topics:
- Family Leave Policies
- Parental Leave
- Maternity Leave
- Paternity Leave
- Family Medical Leave
- Work-Life Balance
- Employee Benefits
- Labor Laws
- Gender Equality in the Workplace
- Childcare Policies
- Family Support Systems
- Workplace Flexibility
- Social Policy

Applications and Use Cases:
- Analyzing the impact of family leave policies on employee retention and satisfaction
- Assessing compliance with national and state family leave regulations
- Informing policy development for family leave legislation
- Evaluating demographic disparities in access to family leave
- Conducting statistical modeling of family leave utilization rates
- Supporting research on the economic implications of family leave policies
- Guiding organizational policy changes regarding employee benefits

Concepts and Synonyms:
- Family Leave/Family Leave Act
- Parental Leave/Parental Leave Policies
- Maternity Leave/Maternity Benefits
- Paternity Leave/Paternity Benefits
- Caregiver Leave/Caregiver Policies
- Job Protection/Job Security
- Leave Entitlement/Leave Benefits
- Work-Life Integration/Work-Life Policies
- Employee Rights/Worker Rights
- Family-Friendly Policies/Family Support Policies

Keywords and Themes:
- Family Leave
- Employee Leave
- Leave Policies
- Labor Market
- Social Security
- Family Welfare
- Employment Law
- Gender Equity
- Child Development
- Workplace Policies
- Economic Impact of Leave
- Compliance and Regulation

Additional Context:
- The dataset is relevant for addressing challenges related to work-life balance and employee well-being in the context of family leave.
- It provides insights into the effectiveness of existing family leave policies and their implications for different demographic groups.
- The dataset can be integrated with other labor market datasets to explore broader socio-economic trends and their relationship with family leave policies.","{'resp': {'client_identifier_number': 'Respondent ID', 'number': 'Number'}, 'qrep': {'client_identifier_number': 'Sample replicate', 'number': 'Number'}, 'qkey': {'client_identifier_number': 'Sample key number', 'number': 'Number'}, 'qcell': {'client_identifier_number': 'Sample cell phone flag', 'number': 'Number', 'unique_identifier_for_each_case_contained_in_the_sample_file_provided_by_the_bureau_of_vital_statistics': '0=No 1=Yes'}, 'sc1': {'client_identifier_number': 'SC1. Hello, my name is [INTERVIEWERNAME]...This survey is about parental leave from work around the birth of a child. If you qualify for the study, we will send you $15 as a thank you for answering our questions. May I please speak to [RESPNAME]?', 'number': 'Number', 'unique_identifier_for_each_case_contained_in_the_sample_file_provided_by_the_bureau_of_vital_statistics': ""1=SPEAKING TO RESPONDENT                              2=RESPONDENT COMES TO PHONE                             3=NOT A GOOD TIME                                                        4=RESPONDENT NOT AVAILABLE                            5=NO SUCH PERSON                                                   66=(VOL) GAVE BIRTH BUT NO LONGER HAVE THE CHILD LIVING WITH ME                              77=(VOL) DON'T KNOW                                           99=(VOL) REFUSED""}, 'sc2': {'client_identifier_number': 'SC2. Are you in a safe place to talk right now? [IF DRIVING VOLUNTEERED, CODE AS 2]', 'number': 'Number', 'unique_identifier_for_each_case_contained_in_the_sample_file_provided_by_the_bureau_of_vital_statistics': ""1=Yes, safe place to talk                               2=No, call me later                                      3=No, CB on land-line                                   4=On landline                                                 77=(VOL) DON'T KNOW                          99= (VOL) REFUSED                                              ""}, 'sc3': {'client_identifier_number': 'SC3. Are you driving?', 'number': 'Number', 'unique_identifier_for_each_case_contained_in_the_sample_file_provided_by_the_bureau_of_vital_statistics': ""1=Yes                                                   2=No                                                      77=(VOL) DON'T KNOW                          99= (VOL) REFUSED                                                                    ""}, 'sc4': {'client_identifier_number': ""SC4. Just to make sure I'm speaking to the correct person, can you confirm your name and year of birth? I have on file: NAME: [RESPNAME] YEAR OF BIRTH: [YOB]"", 'number': 'Number', 'unique_identifier_for_each_case_contained_in_the_sample_file_provided_by_the_bureau_of_vital_statistics': ""1=information matches                               2=no                                                        77=(VOL) DON'T KNOW                          99= (VOL) REFUSED    ""}, 'sc4a_1': {'client_identifier_number': ""SC4A. What's not correct? (MENTION #1)"", 'number': 'Number', 'unique_identifier_for_each_case_contained_in_the_sample_file_provided_by_the_bureau_of_vital_statistics': ""1=name is different                                   2=date of birth is different                          77=(VOL) DON'T KNOW                          99= (VOL) REFUSED                           ""}, 'sc4a_2': {'client_identifier_number': ""SC4A. What's not correct? (MENTION #2)"", 'number': 'Number', 'unique_identifier_for_each_case_contained_in_the_sample_file_provided_by_the_bureau_of_vital_statistics': ""1=name is different                                   2=date of birth is different                          77=(VOL) DON'T KNOW                          99= (VOL) REFUSED  ""}, 'sc4c': {'client_identifier_number': 'SC4C. What is your name?', 'number': 'Number', 'unique_identifier_for_each_case_contained_in_the_sample_file_provided_by_the_bureau_of_vital_statistics': ""1=gave name                                               77=(VOL) DON'T KNOW                          99= (VOL) REFUSED  ""}, 'sc4b': {'client_identifier_number': 'SC4B. Did you give birth to a child in New York City in 2014?', 'number': 'Number', 'unique_identifier_for_each_case_contained_in_the_sample_file_provided_by_the_bureau_of_vital_statistics': ""1=Yes                                                    2=Yes, I gave birth to more than one child in 2014                                                     3=No                                                       66=(VOL) YES, GAVE BIRTH BUT NO LONGER HAVE THE CHILD LIVING WITH ME                                                          77=(VOL) DON'T KNOW                            99= (VOL) REFUSED  ""}, 'sc4b1': {'client_identifier_number': 'SC4B.1. How many children did you give birth to in 2014?', 'number': 'Number', 'unique_identifier_for_each_case_contained_in_the_sample_file_provided_by_the_bureau_of_vital_statistics': ""77=(VOL) DON'T KNOW                            99= (VOL) REFUSED  ""}, 'sc4b2': {'client_identifier_number': 'SC4B.2. Were these children born together or in separate births?', 'number': 'Number', 'unique_identifier_for_each_case_contained_in_the_sample_file_provided_by_the_bureau_of_vital_statistics': ""1=yes multiple births                                 2=no, separate births                                            77=(VOL) DON'T KNOW                            99= (VOL) REFUSED  ""}, 'selchild': {'client_identifier_number': ""IF SC4B.2=1 RANDOMLY SELECT NUMBER BETWEEN 1 AND SC4B.1, CREATE VARIABLE SELCHILD TO STORE SELECTED CHILD] 1 'FIRST' 2 'SECOND' 3 'THIRD' 4 'FOURTH'"", 'number': 'Number', 'unique_identifier_for_each_case_contained_in_the_sample_file_provided_by_the_bureau_of_vital_statistics': '1=first                                                        2=second                                                      3=third                                                       4=fourth'}, 'sc4d': {'client_identifier_number': 'SC4D. For purposes of this survey our system has randomly selected your [SELECTEDCHILD] child. For questions about this child, I can refer to them as THE [SELECTEDCHILD] child born in 2014 or by their name or nickname [Enter name/nickname if given].', 'number': 'Number', 'unique_identifier_for_each_case_contained_in_the_sample_file_provided_by_the_bureau_of_vital_statistics': ""1=Yes, gave name                                                                2=NO, REFER TO MY CHILD AS 'YOUR CHILD BORN IN 2014'                                  66=(VOL) NO LONGER HAVE THE CHILD LIVING WITH ME                                         77=(VOL) DON'T KNOW                            99= (VOL) REFUSED  ""}, 'sc4d1': {'client_identifier_number': 'SC4D.1. Is [CHILDNAME]/your child born in 2014 male or female?', 'number': 'Number', 'unique_identifier_for_each_case_contained_in_the_sample_file_provided_by_the_bureau_of_vital_statistics': ""1=Male                                                       2=Female                                                    77=(VOL) DON'T KNOW                            99= (VOL) REFUSED   ""}, 'sc5': {'client_identifier_number': 'SC5. It is important that I speak directly to [RESPNAME]. Do you know when she will be home?', 'number': 'Number', 'unique_identifier_for_each_case_contained_in_the_sample_file_provided_by_the_bureau_of_vital_statistics': ""1=Yes                                                         2=No                                                             77=(VOL) DON'T KNOW                            99= (VOL) REFUSED  ""}, 'sc6': {'client_identifier_number': 'SC6. Are you at least 18 years old?', 'number': 'Number', 'unique_identifier_for_each_case_contained_in_the_sample_file_provided_by_the_bureau_of_vital_statistics': ""1=Yes                                                         2=No                                                             77=(VOL) DON'T KNOW                            99= (VOL) REFUSED  ""}, 'sc6a': {'client_identifier_number': 'SC6A. Do you have any questions about this survey, the study or your rights as a study participant?', 'number': 'Number', 'unique_identifier_for_each_case_contained_in_the_sample_file_provided_by_the_bureau_of_vital_statistics': '1=Yes                                                          2=No'}, 'sc7': {'client_identifier_number': 'SC7. Shall we begin?', 'number': 'Number', 'unique_identifier_for_each_case_contained_in_the_sample_file_provided_by_the_bureau_of_vital_statistics': ""1=Yes                                                           2=No                                                             66=(VOL) NO LONGER HAVE THE CHILD LIVING WITH ME                                         77=(VOL) DON'T KNOW                            99= (VOL) REFUSED  ""}, 'mp1': {'client_identifier_number': 'MP.1. Before the birth of [CHILDNAME]/your child born in 2014, how many children had you given birth to?', 'number': 'Number', 'unique_identifier_for_each_case_contained_in_the_sample_file_provided_by_the_bureau_of_vital_statistics': ""77=(VOL) DON'T KNOW                            99= (VOL) REFUSED  ""}, 'ph1': {'client_identifier_number': 'PH.1. Before you got pregnant, would you say that, in general, your health was...', 'number': 'Number', 'unique_identifier_for_each_case_contained_in_the_sample_file_provided_by_the_bureau_of_vital_statistics': ""1=Excellent                                             2=Very good                                              3=Good                                                              4=Fair                                                          5=Poor                                                       77=(VOL) DON'T KNOW                            99= (VOL) REFUSED  ""}, 'bc1a': {'client_identifier_number': 'BC.1a. In what month did you give birth to [CHILDNAME]/the child that you gave birth to in 2014?', 'number': 'Number', 'unique_identifier_for_each_case_contained_in_the_sample_file_provided_by_the_bureau_of_vital_statistics': ""1=January                                                  2=February                                                  3=March                                                          4=April                                                        5=May                                                          6=June                                                             7=July                                                       8=August                                                  9=September                                                10=October                                                 11=November                                                    12=December                                                          77=(VOL) DON'T KNOW                            99= (VOL) REFUSED  ""}, 'bc1': {'client_identifier_number': 'BC.1. Just to confirm, did you give birth to a single baby or more than one?', 'number': 'Number', 'unique_identifier_for_each_case_contained_in_the_sample_file_provided_by_the_bureau_of_vital_statistics': ""1=Single                                                    2=More than me                                            77=(VOL) DON'T KNOW                            99= (VOL) REFUSED                                         ""}, 'bc2': {'client_identifier_number': 'BC.2. How was/were your baby/babies delivered?', 'number': 'Number', 'unique_identifier_for_each_case_contained_in_the_sample_file_provided_by_the_bureau_of_vital_statistics': ""1=Vaginally                                                 2=Cesarean delivery (C-section)          77=(VOL) DON'T KNOW                            99= (VOL) REFUSED   ""}, 'bc3': {'client_identifier_number': 'BC.3. After [CHILDNAME]/the child that you gave birth to in 2014 was delivered, how long did [he/she] stay in the hospital? (READ IF NECESSARY)', 'number': 'Number', 'unique_identifier_for_each_case_contained_in_the_sample_file_provided_by_the_bureau_of_vital_statistics': ""1=Less than 24 hours (less than 1 day)         2=24 to 48 hours (1 to 2 days)                             3=3 to 5 days                                                4=6 to 14 days                                               5=More than 14 days                                      6=My baby was not born in a hospital             7=My baby is still in the hospital  77=(VOL) DON'T KNOW                            99= (VOL) REFUSED                    ""}, 'pph1': {'client_identifier_number': 'PPH.1. After [CHILDNAME]/the child that you gave birth to in 2014 was born, did you have a postpartum checkup for yourself? A postpartum checkup is the regular checkup a woman has about 4-6 weeks after she gives birth.', 'number': 'Number', 'unique_identifier_for_each_case_contained_in_the_sample_file_provided_by_the_bureau_of_vital_statistics': ""1=Yes                                                         2=No                                                             77=(VOL) DON'T KNOW                            99= (VOL) REFUSED  ""}, 'pph2a': {'client_identifier_number': ""PPH.2a. Did any of these things keep you from having a postpartum checkup? I didn't have enough money or insurance to pay for it."", 'number': 'Number', 'unique_identifier_for_each_case_contained_in_the_sample_file_provided_by_the_bureau_of_vital_statistics': ""1=Yes                                                         2=No                                                             77=(VOL) DON'T KNOW                            99= (VOL) REFUSED  ""}, 'pph2b': {'client_identifier_number': ""PPH.2b. Did any of these things keep you from having a postpartum checkup? I didn't have anyone to take care of my other children."", 'number': 'Number', 'unique_identifier_for_each_case_contained_in_the_sample_file_provided_by_the_bureau_of_vital_statistics': ""1=Yes                                                         2=No                                                             77=(VOL) DON'T KNOW                            99= (VOL) REFUSED  ""}, 'pph2c': {'client_identifier_number': ""PPH.2c. Did any of these things keep you from having a postpartum checkup? I couldn't get time off work."", 'number': 'Number', 'unique_identifier_for_each_case_contained_in_the_sample_file_provided_by_the_bureau_of_vital_statistics': ""1=Yes                                                         2=No                                                             77=(VOL) DON'T KNOW                            99= (VOL) REFUSED  ""}, 'el1': {'client_identifier_number': 'EL.1. At any time during your pregnancy, did you work at a job for pay?', 'number': 'Number', 'unique_identifier_for_each_case_contained_in_the_sample_file_provided_by_the_bureau_of_vital_statistics': ""1=Yes                                                         2=No                                                             77=(VOL) DON'T KNOW                            99= (VOL) REFUSED  ""}, 'el3': {'client_identifier_number': 'EL.3. During your pregnancy, were you employed by government, by a private company, a nonprofit organization, or were you self-employed?', 'number': 'Number', 'unique_identifier_for_each_case_contained_in_the_sample_file_provided_by_the_bureau_of_vital_statistics': ""1=Government                                              2=Private-for-profit company                           3=Non-profit organization including tax exempt and charitable organizations              4=Self-employed                                          5=(VOL) OTHER                                             77=(VOL) DON'T KNOW                            99= (VOL) REFUSED  ""}, 'el4': {'client_identifier_number': 'EL.4. In what state was that job located?', 'number': 'Number', 'unique_identifier_for_each_case_contained_in_the_sample_file_provided_by_the_bureau_of_vital_statistics': ""1=New York                                               2=New Jersey                                              3=Another State                                            77=(VOL) DON'T KNOW                            99= (VOL) REFUSED  ""}, 'el7': {'client_identifier_number': 'EL.7. At the place where you worked (on your main job) during your pregnancy-- for example the site, store, or building -- would you say there were 50 or more employees?', 'number': 'Number', 'unique_identifier_for_each_case_contained_in_the_sample_file_provided_by_the_bureau_of_vital_statistics': ""1=Yes                                                         2=No                                                             77=(VOL) DON'T KNOW                            99= (VOL) REFUSED  ""}, 'el8': {'client_identifier_number': ""EL.8. Please think now of all of your organization's work sites within 75 miles at the time of your pregnancy. How many people were employed at your organization across all of the work sites within that 75 mile range, including your worksite?"", 'number': 'Number', 'unique_identifier_for_each_case_contained_in_the_sample_file_provided_by_the_bureau_of_vital_statistics': ""1=1-9                                                          2=10-19                                                         3=20-29                                                       4=30-39                                                      5=40-49                                                      6=50-99                                                        7=100-249                                                           8=250-499                                                   9=500 or more                                                                                                     77=(VOL) DON'T KNOW                            99= (VOL) REFUSED  ""}, 'el9': {'client_identifier_number': 'EL.9. During the twelve months before you gave birth to [CHILDNAME]/your child did you work continuously for the same employer (on your main job)?', 'number': 'Number', 'unique_identifier_for_each_case_contained_in_the_sample_file_provided_by_the_bureau_of_vital_statistics': ""1=Yes                                                         2=No                                                             77=(VOL) DON'T KNOW                            99= (VOL) REFUSED  ""}, 'el10': {'client_identifier_number': 'EL.10. During the twelve months before you gave birth to [CHILDNAME]/your child, how many hours per week did you work on average?', 'number': 'Number', 'unique_identifier_for_each_case_contained_in_the_sample_file_provided_by_the_bureau_of_vital_statistics': ""                                                          777=(VOL) DON'T KNOW                            999= (VOL) REFUSED  ""}, 'el11': {'client_identifier_number': 'EL.11. Which of the following describes the leave or time you took off from work after [CHILDNAME]/your child was born?', 'number': 'Number', 'unique_identifier_for_each_case_contained_in_the_sample_file_provided_by_the_bureau_of_vital_statistics': ""1=I took paid leave from my job                        2=I took unpaid leave from my job                   3=I took both paid and unpaid leave                4=I did not take any leave or time off 77=(VOL) DON'T KNOW                            99= (VOL) REFUSED  ""}, 'el12_1': {'client_identifier_number': 'EL.12. How many weeks or months of leave, in total, did you take? (MENTION #1)', 'number': 'Number', 'unique_identifier_for_each_case_contained_in_the_sample_file_provided_by_the_bureau_of_vital_statistics': ""1=Less than one week                              2=Answered in weeks                               3=Answered in months                      77=(VOL) DON'T KNOW                            99= (VOL) REFUSED                ""}, 'el12_2': {'client_identifier_number': 'EL.12. How many weeks or months of leave, in total, did you take? (MENTION #2)', 'number': 'Number', 'unique_identifier_for_each_case_contained_in_the_sample_file_provided_by_the_bureau_of_vital_statistics': ""1=Less than one week                              2=Answered in weeks                               3=Answered in months                      77=(VOL) DON'T KNOW                            99= (VOL) REFUSED    ""}, 'el12_3': {'client_identifier_number': 'EL.12. How many weeks or months of leave, in total, did you take? (MENTION #3)', 'number': 'Number', 'unique_identifier_for_each_case_contained_in_the_sample_file_provided_by_the_bureau_of_vital_statistics': ""1=Less than one week                              2=Answered in weeks                               3=Answered in months                      77=(VOL) DON'T KNOW                            99= (VOL) REFUSED    ""}, 'el12wks': {'client_identifier_number': '[ENTER NUMBER OF WEEKS] EL.12. How many weeks or months of leave, in total, did you take?', 'number': 'Number'}, 'el12mns': {'client_identifier_number': '[ENTER NUMBER OF MONTHS] EL.12. How many weeks or months of leave, in total, did you take?', 'number': 'Number'}, 'el13a': {'client_identifier_number': 'EL.13a. How many WEEKS of pay did you receive from each of these sources: Earned weeks (sick and/or vacation)?', 'number': 'Number', 'unique_identifier_for_each_case_contained_in_the_sample_file_provided_by_the_bureau_of_vital_statistics': ""77=(VOL) DON'T KNOW                            99= (VOL) REFUSED   ""}, 'el13b': {'client_identifier_number': 'EL.13b. How many WEEKS of pay did you receive from each of these sources: Temporary disability insurance?', 'number': 'Number', 'unique_identifier_for_each_case_contained_in_the_sample_file_provided_by_the_bureau_of_vital_statistics': ""77=(VOL) DON'T KNOW                            99= (VOL) REFUSED   ""}, 'el13c': {'client_identifier_number': 'EL.13c. How many WEEKS of pay did you receive from each of these sources: Employer provided maternity leave?', 'number': 'Number', 'unique_identifier_for_each_case_contained_in_the_sample_file_provided_by_the_bureau_of_vital_statistics': ""77=(VOL) DON'T KNOW                            99= (VOL) REFUSED   ""}, 'el13d': {'client_identifier_number': 'EL.13d. How many WEEKS of pay did you receive from each of these sources: Unpaid?', 'number': 'Number', 'unique_identifier_for_each_case_contained_in_the_sample_file_provided_by_the_bureau_of_vital_statistics': ""77=(VOL) DON'T KNOW                            99= (VOL) REFUSED   ""}, 'el13e': {'client_identifier_number': 'EL.13e. How many WEEKS of pay did you receive from each of these sources: Other (specify)?', 'number': 'Number', 'unique_identifier_for_each_case_contained_in_the_sample_file_provided_by_the_bureau_of_vital_statistics': ""77=(VOL) DON'T KNOW                            99= (VOL) REFUSED   ""}, 'el14': {'client_identifier_number': 'EL.14. How did you feel about the amount of time you were able to take off after the birth of [CHILDNAME]/your child? Did you feel it was too little time, just the right amount of time, or too much time?', 'number': 'Number', 'unique_identifier_for_each_case_contained_in_the_sample_file_provided_by_the_bureau_of_vital_statistics': ""1=Too little time                                           2=Just the right amount of time                                    3=Too much time                               77=(VOL) DON'T KNOW                            99= (VOL) REFUSED  ""}, 'el15': {'client_identifier_number': 'EL.15. Did you return to the job you had during your pregnancy?', 'number': 'Number', 'unique_identifier_for_each_case_contained_in_the_sample_file_provided_by_the_bureau_of_vital_statistics': ""1=Yes                                                        2=No                                                          3=No, but I will be returning                            4=No, but returned to a different job               77=(VOL) DON'T KNOW                            99= (VOL) REFUSED  ""}, 'el16': {'client_identifier_number': 'EL.16. Which of the following best describes why you are not currently employed?', 'number': 'Number', 'unique_identifier_for_each_case_contained_in_the_sample_file_provided_by_the_bureau_of_vital_statistics': ""1=I was fired for a reason relating to the pregnancy, birth or maternity leave.             2=I wanted to stay home full-time with my baby.                                                            3=I could not arrange a schedule flexible enough to meet our needs.                             4=I could not find acceptable childcare that I could afford.                                               5=I had a health problem that kept me from returning to work.                                 6=My baby had health problems that kept me from returning to work.                            7=I am a student/Getting ready to go back to school.                                                    8=I cannot find work.                                  9=I'm currently seeking employment.             10=OTHER (specify)                                77=(VOL) DON'T KNOW                            99= (VOL) REFUSED  ""}, 'el17a': {'client_identifier_number': 'El17a. Did any of these situations affect your decision about taking leave from work after [CHILDNAME]/your child was born? I could not financially afford to take leave or as much leave as I would have liked (OR MORE LEAVE).', 'number': 'Number', 'unique_identifier_for_each_case_contained_in_the_sample_file_provided_by_the_bureau_of_vital_statistics': ""1=Yes                                                         2=No                                                             77=(VOL) DON'T KNOW                            99= (VOL) REFUSED  ""}, 'el17b': {'client_identifier_number': ""El17b. Did any of these situations affect your decision about taking leave from work after [CHILDNAME]/your child was born? I was afraid I'd lose my job if I took leave or stayed out longer."", 'number': 'Number', 'unique_identifier_for_each_case_contained_in_the_sample_file_provided_by_the_bureau_of_vital_statistics': ""1=Yes                                                         2=No                                                             77=(VOL) DON'T KNOW                            99= (VOL) REFUSED  ""}, 'el17c': {'client_identifier_number': 'El17c. Did any of these situations affect your decision about taking leave from work after [CHILDNAME]/your child was born? My job does not have paid leave.', 'number': 'Number', 'unique_identifier_for_each_case_contained_in_the_sample_file_provided_by_the_bureau_of_vital_statistics': ""1=Yes                                                         2=No                                                             77=(VOL) DON'T KNOW                            99= (VOL) REFUSED  ""}, 'el17d': {'client_identifier_number': 'El17d. Did any of these situations affect your decision about taking leave from work after [CHILDNAME]/your child was born? I had not built up enough leave time to take any or more time off.', 'number': 'Number', 'unique_identifier_for_each_case_contained_in_the_sample_file_provided_by_the_bureau_of_vital_statistics': ""1=Yes                                                         2=No                                                             77=(VOL) DON'T KNOW                            99= (VOL) REFUSED  ""}, 'el17e': {'client_identifier_number': 'El17e. Did any of these situations affect your decision about taking leave from work after [CHILDNAME]/your child was born? I was ready to go back to work.', 'number': 'Number', 'unique_identifier_for_each_case_contained_in_the_sample_file_provided_by_the_bureau_of_vital_statistics': ""1=Yes                                                         2=No                                                             77=(VOL) DON'T KNOW                            99= (VOL) REFUSED  ""}, 'el17f': {'client_identifier_number': 'El17f. Did any of these situations affect your decision about taking leave from work after [CHILDNAME]/your child was born? I needed health insurance that is provided by my employer.', 'number': 'Number', 'unique_identifier_for_each_case_contained_in_the_sample_file_provided_by_the_bureau_of_vital_statistics': ""1=Yes                                                         2=No                                                             77=(VOL) DON'T KNOW                            99= (VOL) REFUSED  ""}, 'cp1': {'client_identifier_number': 'CP.1. Was there another person such as a spouse or partner helping with [CHILDNAME]/your child when he/she was born in 2014? This could be someone living in your household or somewhere else?', 'number': 'Number', 'unique_identifier_for_each_case_contained_in_the_sample_file_provided_by_the_bureau_of_vital_statistics': ""1=Yes                                                         2=No                                                             77=(VOL) DON'T KNOW                            99= (VOL) REFUSED  ""}, 'cp2': {'client_identifier_number': 'CP.2. Please give me a first name or initial so that I can refer to this person for the next set of questions.', 'number': 'Number', 'unique_identifier_for_each_case_contained_in_the_sample_file_provided_by_the_bureau_of_vital_statistics': ""1=Gave Response                                                                                                                   77=(VOL) DON'T KNOW                            99= (VOL) REFUSED  ""}, 'cp3': {'client_identifier_number': 'CP.3. Is [CP]/this person male or female?', 'number': 'Number', 'unique_identifier_for_each_case_contained_in_the_sample_file_provided_by_the_bureau_of_vital_statistics': ""1=Male                                                       2=Female                                                  3=Other                                                  77=(VOL) DON'T KNOW                            99= (VOL) REFUSED   ""}, 'cp4': {'client_identifier_number': 'CP.4. Did [CP]/HE/SHE live with you or somewhere else when [CHILDNAME]/your child was born?', 'number': 'Number', 'unique_identifier_for_each_case_contained_in_the_sample_file_provided_by_the_bureau_of_vital_statistics': ""1=Yes, lived with me                                      2=No, lived somewhere else                                                                                   77=(VOL) DON'T KNOW                            99= (VOL) REFUSED  ""}, 'cp5': {'client_identifier_number': 'CP.5. Thinking back to the first 12 months after [CHILDNAME]/your child was born, how available was [CP]/HE/SHE to help you care for yourself and your new baby?', 'number': 'Number', 'unique_identifier_for_each_case_contained_in_the_sample_file_provided_by_the_bureau_of_vital_statistics': ""1=Always                                                 2=Often                                                        3=Sometimes                                           4=Rarely                                                  5=Never                                                                                                              77=(VOL) DON'T KNOW                            99= (VOL) REFUSED  ""}, 'cp6a': {'client_identifier_number': 'CP.6a. During the first 12 months after [CHILDNAME]/your child was born, how often did [CP]/HE/SHE do the following things with your child? Change diapers? Did [CP]/HE/SHE do this...', 'number': 'Number', 'unique_identifier_for_each_case_contained_in_the_sample_file_provided_by_the_bureau_of_vital_statistics': ""1=More than once a day                          2=About once a day                                        3=A few times a week                                   4=A few times a month                                5=Rarely                                                    6=Not at all                                            77=(VOL) DON'T KNOW                            99= (VOL) REFUSED  ""}, 'cp6b': {'client_identifier_number': 'CP.6b. During the first 12 months after [CHILDNAME]/your child was born, how often did [CP]/HE/SHE do the following things with your child? Prepare or feed meals or bottles? Did [CP]/HE/SHE do this...', 'number': 'Number', 'unique_identifier_for_each_case_contained_in_the_sample_file_provided_by_the_bureau_of_vital_statistics': ""1=More than once a day                          2=About once a day                                        3=A few times a week                                   4=A few times a month                                5=Rarely                                                    6=Not at all                                            77=(VOL) DON'T KNOW                            99= (VOL) REFUSED  ""}, 'cp6c': {'client_identifier_number': 'CP.6c. During the first 12 months after [CHILDNAME]/your child was born, how often did [CP]/HE/SHE do the following things with your child? Wash or bathe or dress him/her? Did [CP]/HE/SHE do this...', 'number': 'Number', 'unique_identifier_for_each_case_contained_in_the_sample_file_provided_by_the_bureau_of_vital_statistics': ""1=More than once a day                          2=About once a day                                        3=A few times a week                                   4=A few times a month                                5=Rarely                                                    6=Not at all                                            77=(VOL) DON'T KNOW                            99= (VOL) REFUSED  ""}, 'cp7': {'client_identifier_number': 'CP.7. During the twelve months before you gave birth to [CHILDNAME]/your child, did [CP]/HE/SHE work continuously for the same employer?', 'number': 'Number', 'unique_identifier_for_each_case_contained_in_the_sample_file_provided_by_the_bureau_of_vital_statistics': ""1=Yes                                                         2=No                                                             77=(VOL) DON'T KNOW                            99= (VOL) REFUSED  ""}, 'cp8': {'client_identifier_number': 'CP.8. During the twelve months before you gave birth to [CHILDNAME]/your child, how many hours per week did [CP]/HE/SHE work on average?', 'number': 'Number', 'unique_identifier_for_each_case_contained_in_the_sample_file_provided_by_the_bureau_of_vital_statistics': ""666=(VOL) WAS NOT WORKING              777=(VOL) DON'T KNOW                            999= (VOL) REFUSED  ""}, 'cp9': {'client_identifier_number': 'CP.9. Which of the following describes the leave or time [CP]/HE/SHE took off from work after [CHILDNAME]/your child born in 2014 was born?', 'number': 'Number', 'unique_identifier_for_each_case_contained_in_the_sample_file_provided_by_the_bureau_of_vital_statistics': ""1=He/she took paid leave from his/her job 2=He/she took unpaid leave from his/her job                                                             3=He/she took both paid and unpaid leave 4=He/she did not take any leave or time off                                                                                          77=(VOL) DON'T KNOW                            99= (VOL) REFUSED  ""}, 'cp10_1': {'client_identifier_number': 'CP.10. How many weeks or months of leave, in total, did [CP]/HE/SHE take? (MENTION #1)', 'number': 'Number', 'unique_identifier_for_each_case_contained_in_the_sample_file_provided_by_the_bureau_of_vital_statistics': ""1=Less than one week                              2=Answered in weeks                               3=Answered in months                      77=(VOL) DON'T KNOW                            99= (VOL) REFUSED    ""}, 'cp10_2': {'client_identifier_number': 'CP.10. How many weeks or months of leave, in total, did [CP]/HE/SHE take? (MENTION #2)', 'number': 'Number', 'unique_identifier_for_each_case_contained_in_the_sample_file_provided_by_the_bureau_of_vital_statistics': ""1=Less than one week                              2=Answered in weeks                               3=Answered in months                      77=(VOL) DON'T KNOW                            99= (VOL) REFUSED    ""}, 'cp10_3': {'client_identifier_number': 'CP.10. How many weeks or months of leave, in total, did [CP]/HE/SHE take? (MENTION #3)', 'number': 'Number', 'unique_identifier_for_each_case_contained_in_the_sample_file_provided_by_the_bureau_of_vital_statistics': ""1=Less than one week                              2=Answered in weeks                               3=Answered in months                      77=(VOL) DON'T KNOW                            99= (VOL) REFUSED    ""}, 'cp10wks': {'client_identifier_number': '[ENTER NUMBER OF WEEKS] CP.10. How many weeks or months of leave, in total, did [CP]/HE/SHE take?', 'number': 'Number'}, 'cp10mns': {'client_identifier_number': '[ENTER NUMBER OF MONTHS] CP.10. How many weeks or months of leave, in total, did [CP]/HE/SHE take?', 'number': 'Number'}, 'ih1': {'client_identifier_number': ""IH.1. In general, how is [CHILDNAME]/your child's physical health? Would you say it is excellent, very good, good, fair, or poor?"", 'number': 'Number', 'unique_identifier_for_each_case_contained_in_the_sample_file_provided_by_the_bureau_of_vital_statistics': ""1=Excellent                                             2=Very good                                              3=Good                                                              4=Fair                                                          5=Poor                                                       77=(VOL) DON'T KNOW                            99= (VOL) REFUSED  ""}, 'ih2': {'client_identifier_number': ""IH.2. During the first year of [CHILDNAME]/your child's life, did HE/SHE have all recommended well-baby visits? A well-baby visit is a regular visit with a doctor for your baby usually at 2 weeks and then 1, 2, 4, 6 and 12 months of age."", 'number': 'Number', 'unique_identifier_for_each_case_contained_in_the_sample_file_provided_by_the_bureau_of_vital_statistics': ""1=Yes                                                         2=No                                                             77=(VOL) DON'T KNOW                            99= (VOL) REFUSED  ""}, 'ih3': {'client_identifier_number': ""IH.3. During the first year of [CHILDNAME]/your child's life, was your child up-to-date on vaccinations?"", 'number': 'Number', 'unique_identifier_for_each_case_contained_in_the_sample_file_provided_by_the_bureau_of_vital_statistics': ""1=Yes, on schedule                                   2=Partial/missing a few                                  3=Not vaccinated                                                                                                    77=(VOL) DON'T KNOW                            99= (VOL) REFUSED  ""}, 'ih4_1': {'client_identifier_number': 'IH.4. Did any of these things keep your child from having a well-baby checkup during the first year of their life? (Select ALL that apply) (MENTION #1)', 'number': 'Number', 'unique_identifier_for_each_case_contained_in_the_sample_file_provided_by_the_bureau_of_vital_statistics': ""1=I didn't have enough money or insurance to pay for it                                               2=I didn't have anyone to take care of my other children                                              3=I couldn't get time off work                          4=I didn't have enough sick/vacation time to take time off work                                      5=My child seemed fine and I did not think he/she needed to have a visit                        6=(VOL) NONE OF THE ABOVE/OTHER  77=(VOL) DON'T KNOW                            99= (VOL) REFUSED   ""}, 'ih4_2': {'client_identifier_number': 'IH.4. Did any of these things keep your child from having a well-baby checkup during the first year of their life? (Select ALL that apply) (MENTION #2)', 'number': 'Number', 'unique_identifier_for_each_case_contained_in_the_sample_file_provided_by_the_bureau_of_vital_statistics': ""1=I didn't have enough money or insurance to pay for it                                               2=I didn't have anyone to take care of my other children                                              3=I couldn't get time off work                          4=I didn't have enough sick/vacation time to take time off work                                      5=My child seemed fine and I did not think he/she needed to have a visit                        6=(VOL) NONE OF THE ABOVE/OTHER  77=(VOL) DON'T KNOW                            99= (VOL) REFUSED   ""}, 'ih4_3': {'client_identifier_number': 'IH.4. Did any of these things keep your child from having a well-baby checkup during the first year of their life? (Select ALL that apply) (MENTION #3)', 'number': 'Number', 'unique_identifier_for_each_case_contained_in_the_sample_file_provided_by_the_bureau_of_vital_statistics': ""1=I didn't have enough money or insurance to pay for it                                               2=I didn't have anyone to take care of my other children                                              3=I couldn't get time off work                          4=I didn't have enough sick/vacation time to take time off work                                      5=My child seemed fine and I did not think he/she needed to have a visit                        6=(VOL) NONE OF THE ABOVE/OTHER  77=(VOL) DON'T KNOW                            99= (VOL) REFUSED   ""}, 'ih4_4': {'client_identifier_number': 'IH.4. Did any of these things keep your child from having a well-baby checkup during the first year of their life? (Select ALL that apply) (MENTION #4)', 'number': 'Number', 'unique_identifier_for_each_case_contained_in_the_sample_file_provided_by_the_bureau_of_vital_statistics': ""1=I didn't have enough money or insurance to pay for it                                               2=I didn't have anyone to take care of my other children                                              3=I couldn't get time off work                          4=I didn't have enough sick/vacation time to take time off work                                      5=My child seemed fine and I did not think he/she needed to have a visit                        6=(VOL) NONE OF THE ABOVE/OTHER  77=(VOL) DON'T KNOW                            99= (VOL) REFUSED   ""}, 'ih4_5': {'client_identifier_number': 'IH.4. Did any of these things keep your child from having a well-baby checkup during the first year of their life? (Select ALL that apply) (MENTION #5)', 'number': 'Number', 'unique_identifier_for_each_case_contained_in_the_sample_file_provided_by_the_bureau_of_vital_statistics': ""1=I didn't have enough money or insurance to pay for it                                               2=I didn't have anyone to take care of my other children                                              3=I couldn't get time off work                          4=I didn't have enough sick/vacation time to take time off work                                      5=My child seemed fine and I did not think he/she needed to have a visit                        6=(VOL) NONE OF THE ABOVE/OTHER  77=(VOL) DON'T KNOW                            99= (VOL) REFUSED   ""}, 'ih5': {'client_identifier_number': ""IH.5. During the first year of [CHILDNAME]/your child's life, was there any time when [CHILDNAME]/your child needed medical care but DID NOT get it?"", 'number': 'Number', 'unique_identifier_for_each_case_contained_in_the_sample_file_provided_by_the_bureau_of_vital_statistics': ""1=Yes                                                         2=No                                                             77=(VOL) DON'T KNOW                            99= (VOL) REFUSED  ""}, 'ih5a_1': {'client_identifier_number': ""IH.5.a. Why didn't your child receive the needed care? (Select ALL that apply) (MENTION #1)"", 'number': 'Number', 'unique_identifier_for_each_case_contained_in_the_sample_file_provided_by_the_bureau_of_vital_statistics': ""1=I didn't have enough money or insurance to pay for it                                               2=I didn't have anyone to take care of my other children                                              3=I couldn't get time off work                          4=I didn't have enough sick/vacation time to take time off work                                      5=My child seemed fine and I did not think he/she needed to have a visit                        6=(VOL) NONE OF THE ABOVE/OTHER  77=(VOL) DON'T KNOW                            99= (VOL) REFUSED   ""}, 'ih5a_2': {'client_identifier_number': ""IH.5.a. Why didn't your child receive the needed care? (Select ALL that apply) (MENTION #2)"", 'number': 'Number', 'unique_identifier_for_each_case_contained_in_the_sample_file_provided_by_the_bureau_of_vital_statistics': ""1=I didn't have enough money or insurance to pay for it                                               2=I didn't have anyone to take care of my other children                                              3=I couldn't get time off work                          4=I didn't have enough sick/vacation time to take time off work                                      5=My child seemed fine and I did not think he/she needed to have a visit                        6=(VOL) NONE OF THE ABOVE/OTHER  77=(VOL) DON'T KNOW                            99= (VOL) REFUSED   ""}, 'ih5a_3': {'client_identifier_number': ""IH.5.a. Why didn't your child receive the needed care? (Select ALL that apply) (MENTION #3)"", 'number': 'Number', 'unique_identifier_for_each_case_contained_in_the_sample_file_provided_by_the_bureau_of_vital_statistics': ""1=I didn't have enough money or insurance to pay for it                                               2=I didn't have anyone to take care of my other children                                              3=I couldn't get time off work                          4=I didn't have enough sick/vacation time to take time off work                                      5=My child seemed fine and I did not think he/she needed to have a visit                        6=(VOL) NONE OF THE ABOVE/OTHER  77=(VOL) DON'T KNOW                            99= (VOL) REFUSED   ""}, 'ih5a_4': {'client_identifier_number': ""IH.5.a. Why didn't your child receive the needed care? (Select ALL that apply) (MENTION #4)"", 'number': 'Number', 'unique_identifier_for_each_case_contained_in_the_sample_file_provided_by_the_bureau_of_vital_statistics': ""1=I didn't have enough money or insurance to pay for it                                               2=I didn't have anyone to take care of my other children                                              3=I couldn't get time off work                          4=I didn't have enough sick/vacation time to take time off work                                      5=My child seemed fine and I did not think he/she needed to have a visit                        6=(VOL) NONE OF THE ABOVE/OTHER  77=(VOL) DON'T KNOW                            99= (VOL) REFUSED   ""}, 'bf1_1': {'client_identifier_number': 'BF.1. How many weeks or months did you breastfeed or pump milk to feed your child? (MENTION #1)', 'number': 'Number', 'unique_identifier_for_each_case_contained_in_the_sample_file_provided_by_the_bureau_of_vital_statistics': ""1=Never                                                          2=Less than 1 week                                     3=Weeks                                                       4=Months                                                   5=Still breastfeeding                                   77=(VOL) DON'T KNOW                            99= (VOL) REFUSED   ""}, 'bf1_2': {'client_identifier_number': 'BF.1. How many weeks or months did you breastfeed or pump milk to feed your child? (MENTION #2)', 'number': 'Number', 'unique_identifier_for_each_case_contained_in_the_sample_file_provided_by_the_bureau_of_vital_statistics': ""1=Never                                                          2=Less than 1 week                                     3=Weeks                                                       4=Months                                                   5=Still breastfeeding                                   77=(VOL) DON'T KNOW                            99= (VOL) REFUSED   ""}, 'bf1_3': {'client_identifier_number': 'BF.1. How many weeks or months did you breastfeed or pump milk to feed your child? (MENTION #3)', 'number': 'Number', 'unique_identifier_for_each_case_contained_in_the_sample_file_provided_by_the_bureau_of_vital_statistics': ""1=Never                                                          2=Less than 1 week                                     3=Weeks                                                       4=Months                                                   5=Still breastfeeding                                   77=(VOL) DON'T KNOW                            99= (VOL) REFUSED   ""}, 'bf1_4': {'client_identifier_number': 'BF.1. How many weeks or months did you breastfeed or pump milk to feed your child? (MENTION #4)', 'number': 'Number', 'unique_identifier_for_each_case_contained_in_the_sample_file_provided_by_the_bureau_of_vital_statistics': ""1=Never                                                          2=Less than 1 week                                     3=Weeks                                                       4=Months                                                   5=Still breastfeeding                                   77=(VOL) DON'T KNOW                            99= (VOL) REFUSED   ""}, 'bf1_5': {'client_identifier_number': 'BF.1. How many weeks or months did you breastfeed or pump milk to feed your child? (MENTION #5)', 'number': 'Number', 'unique_identifier_for_each_case_contained_in_the_sample_file_provided_by_the_bureau_of_vital_statistics': ""1=Never                                                          2=Less than 1 week                                     3=Weeks                                                       4=Months                                                   5=Still breastfeeding                                   77=(VOL) DON'T KNOW                            99= (VOL) REFUSED   ""}, 'bf1wks': {'client_identifier_number': '[ENTER NUMBER OF WEEKS] BF.1. How many weeks or months did you breastfeed or pump milk to feed your child?', 'number': 'Number'}, 'bf1mns': {'client_identifier_number': '[ENTER NUMBER OF MONTHS] BF.1. How many weeks or months did you breastfeed or pump milk to feed your child?', 'number': 'Number'}, 'bf1a_1': {'client_identifier_number': 'BF.1.a. How old was your baby the first time HE/SHE ate or drank something other than breastmilk: (MENTION #1)', 'number': 'Number', 'unique_identifier_for_each_case_contained_in_the_sample_file_provided_by_the_bureau_of_vital_statistics': ""1=Less than one week                              2=Answered in weeks                               3=Answered in months                                  4=(VOL) Never                                   77=(VOL) DON'T KNOW                            99= (VOL) REFUSED    ""}, 'bf1a_2': {'client_identifier_number': 'BF.1.a. How old was your baby the first time HE/SHE ate or drank something other than breastmilk: (MENTION #2)', 'number': 'Number', 'unique_identifier_for_each_case_contained_in_the_sample_file_provided_by_the_bureau_of_vital_statistics': ""1=Less than one week                              2=Answered in weeks                               3=Answered in months                                  4=(VOL) Never                                   77=(VOL) DON'T KNOW                            99= (VOL) REFUSED    ""}, 'bf1a_3': {'client_identifier_number': 'BF.1.a. How old was your baby the first time HE/SHE ate or drank something other than breastmilk: (MENTION #3)', 'number': 'Number', 'unique_identifier_for_each_case_contained_in_the_sample_file_provided_by_the_bureau_of_vital_statistics': ""1=Less than one week                              2=Answered in weeks                               3=Answered in months                                  4=(VOL) Never                                   77=(VOL) DON'T KNOW                            99= (VOL) REFUSED    ""}, 'bf1a_4': {'client_identifier_number': 'BF.1.a. How old was your baby the first time HE/SHE ate or drank something other than breastmilk: (MENTION #4)', 'number': 'Number', 'unique_identifier_for_each_case_contained_in_the_sample_file_provided_by_the_bureau_of_vital_statistics': ""1=Less than one week                              2=Answered in weeks                               3=Answered in months                                  4=(VOL) Never                                   77=(VOL) DON'T KNOW                            99= (VOL) REFUSED    ""}, 'bf1awks': {'client_identifier_number': '[ENTER NUMBER OF WEEKS] BF.1.a. How old was your baby the first time HE/SHE ate or drank something other than breastmilk:', 'number': 'Number'}, 'bf1amns': {'client_identifier_number': '[ENTER NUMBER OF MONTHS] BF.1.a. How old was your baby the first time HE/SHE ate or drank something other than breastmilk:', 'number': 'Number'}, 'bf2': {'client_identifier_number': 'BF.2. What was the MAIN reason you stopped breastfeeding or pumping?', 'number': 'Number', 'unique_identifier_for_each_case_contained_in_the_sample_file_provided_by_the_bureau_of_vital_statistics': ""1=I thought I was not producing enough milk for my baby                                         2=It was too time consuming                         3=I felt it was the right time to stop breastfeeding                                                   4=I got sick or I had to stop for medical reasons                                                        5=I went back to work                                6=I went back to school                               7=(VOL) NONE OF THE ABOVE/OTHER    77=(VOL) DON'T KNOW                            99= (VOL) REFUSED    ""}, 'mh1': {'client_identifier_number': ""MH.1. During the first year of [CHILDNAME]/your child's life, how often did you experience significant depression that interfered with your life activities for a period of more than 2 weeks?"", 'number': 'Number', 'unique_identifier_for_each_case_contained_in_the_sample_file_provided_by_the_bureau_of_vital_statistics': ""1=Always                                                 2=Often                                                        3=Sometimes                                           4=Rarely                                                  5=Never                                                                                                              77=(VOL) DON'T KNOW                            99= (VOL) REFUSED  ""}, 'mh2': {'client_identifier_number': ""MH.2. During the first year of [CHILDNAME]/your child's life, did a doctor, nurse, or other health care worker tell you that you had depression?"", 'number': 'Number', 'unique_identifier_for_each_case_contained_in_the_sample_file_provided_by_the_bureau_of_vital_statistics': ""1=Yes                                                         2=No                                                             77=(VOL) DON'T KNOW                            99= (VOL) REFUSED  ""}, 'mh3': {'client_identifier_number': ""MH.3. During the first year of [CHILDNAME]/your child's life, did you receive treatment for your depression?"", 'number': 'Number', 'unique_identifier_for_each_case_contained_in_the_sample_file_provided_by_the_bureau_of_vital_statistics': ""1=Yes                                                         2=No                                                             77=(VOL) DON'T KNOW                            99= (VOL) REFUSED  ""}, 'mh3a': {'client_identifier_number': 'MH.3a. What treatment did you receive? Was it counseling, medication or both?', 'number': 'Number', 'unique_identifier_for_each_case_contained_in_the_sample_file_provided_by_the_bureau_of_vital_statistics': ""1=Counseling                                                 2=Medication                                              3=Both                                                          4=Other (Specify)                                        77=(VOL) DON'T KNOW                            99= (VOL) REFUSED                       ""}, 'mh4': {'client_identifier_number': ""MH.4. During the first year of [CHILDNAME]/your child's life, would you say that, in general, your health was--"", 'number': 'Number', 'unique_identifier_for_each_case_contained_in_the_sample_file_provided_by_the_bureau_of_vital_statistics': ""1=Excellent                                             2=Very good                                              3=Good                                                              4=Fair                                                          5=Poor                                                       77=(VOL) DON'T KNOW                            99= (VOL) REFUSED  ""}, 'cc1': {'client_identifier_number': 'CC.1. Which one of the following people spends the most time taking care of your child when you are at work? Is it:', 'number': 'Number', 'unique_identifier_for_each_case_contained_in_the_sample_file_provided_by_the_bureau_of_vital_statistics': ""1=My husband or partner                            2=Child's Grandparent                                3=Other close family member or relative         4=Friend or neighbor                                     5=Babysitter, nanny, or other child care provider in your home                                    6=Staff at day care, nursery, or preschool 7=Child is with me while I am at work            8=Someone else (specify)                           77=(VOL) DON'T KNOW                            99= (VOL) REFUSED  ""}, 'sd1_1': {'client_identifier_number': 'SD.1. How old was [CHILDNAME]/your child born in 2014 when HE/SHE first went to childcare? (MENTION #1)', 'number': 'Number'}, 'sd1_2': {'client_identifier_number': 'SD.1. How old was [CHILDNAME]/your child born in 2014 when HE/SHE first went to childcare? (MENTION #2)', 'number': 'Number', 'unique_identifier_for_each_case_contained_in_the_sample_file_provided_by_the_bureau_of_vital_statistics': ""1=Answered in weeks                               2=Answered in months                                                                  77=(VOL) DON'T KNOW                            99= (VOL) REFUSED    ""}, 'sd1wks': {'client_identifier_number': '[ENTER NUMBER OF WEEKS] SD.1. How old was [CHILDNAME]/your child born in 2014 when HE/SHE first went to childcare?', 'number': 'Number', 'unique_identifier_for_each_case_contained_in_the_sample_file_provided_by_the_bureau_of_vital_statistics': ""1=Answered in weeks                               2=Answered in months                                                                  77=(VOL) DON'T KNOW                            99= (VOL) REFUSED   ""}, 'sd1mns': {'client_identifier_number': '[ENTER NUMBER OF MONTHS] SD.1. How old was [CHILDNAME]/your child born in 2014 when HE/SHE first went to childcare?', 'number': 'Number'}, 'sd2': {'client_identifier_number': 'SD.2. While you are away from your child for work, how often do you feel that HE/SHE is well cared for?', 'number': 'Number', 'unique_identifier_for_each_case_contained_in_the_sample_file_provided_by_the_bureau_of_vital_statistics': ""1=Always                                                 2=Often                                                        3=Sometimes                                           4=Rarely                                                  5=Never                                                                                                              77=(VOL) DON'T KNOW                            99= (VOL) REFUSED  ""}, 'd1': {'client_identifier_number': 'D.1. Now I have just a few questions about you and your household. First, what is your date of birth?', 'number': 'Number', 'unique_identifier_for_each_case_contained_in_the_sample_file_provided_by_the_bureau_of_vital_statistics': ""1=Gave Response                                                                                                                   77=(VOL) DON'T KNOW                            99= (VOL) REFUSED  ""}, 'd1yob': {'client_identifier_number': 'ENTER YEAR OF BIRTH', 'number': 'Number'}, 'd2': {'client_identifier_number': 'D.2. What is your zip code?', 'number': 'Number', 'unique_identifier_for_each_case_contained_in_the_sample_file_provided_by_the_bureau_of_vital_statistics': ""1=Gave Response                                                                                                                   77=(VOL) DON'T KNOW                            99= (VOL) REFUSED  ""}, 'fixd2': {'client_identifier_number': 'Zip code', 'number': 'Number'}, 'd3': {'client_identifier_number': 'D.3. Are you Hispanic or Latino?', 'number': 'Number', 'unique_identifier_for_each_case_contained_in_the_sample_file_provided_by_the_bureau_of_vital_statistics': ""1=Yes                                                        2=No                                                         77=(VOL) DON'T KNOW                            99= (VOL) REFUSED  ""}, 'd4_1': {'client_identifier_number': 'D.4. Which one or more of the following would you say is your race? (READ ANSWER CHOICES, MULTIPLE RESPONSE:) (MENTION #1)', 'number': 'Number', 'unique_identifier_for_each_case_contained_in_the_sample_file_provided_by_the_bureau_of_vital_statistics': ""1=White                                                       2=Black or African American                           3=Asian                                                  4=Native Hawaiian or Other Pacific Islander                                                      5=American Indian, Alaska Native, or              8=Something else (SPECIFY)                          77=(VOL) DON'T KNOW                            99= (VOL) REFUSED ""}, 'd4_2': {'client_identifier_number': 'D.4. Which one or more of the following would you say is your race? (READ ANSWER CHOICES, MULTIPLE RESPONSE:) (MENTION #2)', 'number': 'Number', 'unique_identifier_for_each_case_contained_in_the_sample_file_provided_by_the_bureau_of_vital_statistics': ""1=White                                                       2=Black or African American                           3=Asian                                                  4=Native Hawaiian or Other Pacific Islander                                                      5=American Indian, Alaska Native, or              8=Something else (SPECIFY)                          77=(VOL) DON'T KNOW                            99= (VOL) REFUSED ""}, 'd4_3': {'client_identifier_number': 'D.4. Which one or more of the following would you say is your race? (READ ANSWER CHOICES, MULTIPLE RESPONSE:) (MENTION #3)', 'number': 'Number', 'unique_identifier_for_each_case_contained_in_the_sample_file_provided_by_the_bureau_of_vital_statistics': ""1=White                                                       2=Black or African American                           3=Asian                                                  4=Native Hawaiian or Other Pacific Islander                                                      5=American Indian, Alaska Native, or              8=Something else (SPECIFY)                          77=(VOL) DON'T KNOW                            99= (VOL) REFUSED ""}, 'd4_4': {'client_identifier_number': 'D.4. Which one or more of the following would you say is your race? (READ ANSWER CHOICES, MULTIPLE RESPONSE:) (MENTION #4)', 'number': 'Number', 'unique_identifier_for_each_case_contained_in_the_sample_file_provided_by_the_bureau_of_vital_statistics': ""1=White                                                       2=Black or African American                           3=Asian                                                  4=Native Hawaiian or Other Pacific Islander                                                      5=American Indian, Alaska Native, or              8=Something else (SPECIFY)                          77=(VOL) DON'T KNOW                            99= (VOL) REFUSED ""}, 'd4_5': {'client_identifier_number': 'D.4. Which one or more of the following would you say is your race? (READ ANSWER CHOICES, MULTIPLE RESPONSE:) (MENTION #5)', 'number': 'Number', 'unique_identifier_for_each_case_contained_in_the_sample_file_provided_by_the_bureau_of_vital_statistics': ""1=White                                                       2=Black or African American                           3=Asian                                                  4=Native Hawaiian or Other Pacific Islander                                                      5=American Indian, Alaska Native, or              8=Something else (SPECIFY)                          77=(VOL) DON'T KNOW                            99= (VOL) REFUSED ""}, 'd4_6': {'client_identifier_number': 'D.4. Which one or more of the following would you say is your race? (READ ANSWER CHOICES, MULTIPLE RESPONSE:) (MENTION #6)', 'number': 'Number', 'unique_identifier_for_each_case_contained_in_the_sample_file_provided_by_the_bureau_of_vital_statistics': ""1=White                                                       2=Black or African American                           3=Asian                                                  4=Native Hawaiian or Other Pacific Islander                                                      5=American Indian, Alaska Native, or              8=Something else (SPECIFY)                          77=(VOL) DON'T KNOW                            99= (VOL) REFUSED ""}, 'd5': {'client_identifier_number': 'D.5. Where were you born? Please tell me the country.', 'number': 'Number', 'unique_identifier_for_each_case_contained_in_the_sample_file_provided_by_the_bureau_of_vital_statistics': ""1=United States of America\n2=OTHER (SPECIFY)\n5 =AFRICA\n6 =ALBANIA\n7=ANTIGUA\n8 =ARGENTINA\n9 =AUSTRALIA\n10 =AUSTRIA\n11 =BANGLADESH\n12 =BARBADOS\n13 =BELARUS\n14 =BELIZE\n15 =BOLIVIA\n16 =BRAZIL\n17 =CANADA\n18 =CARIBBEAN\n19 =CENTRAL AFRICA\n20 =CHILE\n21 =CHINA\n22 =COLUMBIA\n23 =COSTA RICA\n24 =CUBA\n25 =CZECHOSLOVAKIA\n26 =DOMINICAN REPUBLIC\n27 =EASTERN AFRICA\n28 =ECUADOR\n29 =EGYPT\n30 =EL SALVADOR\n31 =ENGLAND\n32 =EUROPE\n33 =FRANCE\n34 =GERMANY\n35 =GHANA\n36 =GREECE\n37 =GRENADA\n38 =GUATEMALA\n39 =GUINEA\n40 =GUYANA\n41 =HAITI\n42 =HONDURAS\n43 =HONG KONG\n44 =HUNGARY\n45 =INDIA\n46 =IRAN\n47 =IRELAND\n48 =ISRAEL\n49 =ITALY\n50= JAMAICA\n51 =JAPAN\n52 =KOREA\n53 =LIBERIA\n54= MALAYSIA\n55 =MALI\n56 =MEXICO\n57 =NICARAGUA\n58 =NIGERIA\n59 =NORTHERN AFRICA\n60 =PAKISTAN\n61 =PANAMA\n62 =PERU\n63 =PHILIPPINES\n64 =POLAND\n65 =PUERTO RICO\n66 =ROMANIA\n67 =RUSSIA\n68 =SENEGAL\n69 =SIERRA LEONE\n70 =SOUTH AMERICAN\n71 =SOUTHERN AFRICA\n72 =SPAIN\n73 =ST. LUCIA\n74 =ST. VINCENT\n75 =TAIWAN\n76 =TRINIDAD AND TOBAGO\n77 =(VOL) DON'T KNOW\n78 =TURKEY\n79 =UKRAINE\n80 =UNITED KINGDOM (INCLUDES ENGLAND, N. IRELAND, SCOTLAND, WALES)\n81= UZBEKISTAN\n82 =VENEZUELA\n83 =VIETNAM\n84 =VIRGIN ISLANDS\n85 =WEST INDIAN\n86 =WESTERN AFRICA\n87 =YUGOSLAVIA\n99=(VOL) REFUSED""}, 'd6': {'client_identifier_number': 'D.6. How long have you lived in the United States? (READ IF NEEDED:)', 'number': 'Number', 'unique_identifier_for_each_case_contained_in_the_sample_file_provided_by_the_bureau_of_vital_statistics': ""1=Less than 5 years                                    2=5 to 9 years                                            3=10 or more years                                     77=(VOL) DON'T KNOW                            99= (VOL) REFUSED ""}, 'd7': {'client_identifier_number': 'D.7. What is the highest grade or year of school you completed?', 'number': 'Number', 'unique_identifier_for_each_case_contained_in_the_sample_file_provided_by_the_bureau_of_vital_statistics': ""1=Never attended school or only attended kindergarten                                                     2=Grades 1 through 8 (ELEMENTARY)           3=Grades 9 through 11 (SOME HIGH SCHOOL)                                                      4=Grade 12 or GED (HIGH SCHOOL GRADUATE)                                                  5=College 1 year to 3 years (SOME COLLEGE OR TECHNICAL SCHOOL)           6=College 4 years or more (COLLEGE GRADUATE)                                                77=(VOL) DON'T KNOW                            99= (VOL) REFUSED ""}, 'de1': {'client_identifier_number': 'DE.1. Is [CP/your partner or spouse] Hispanic or Latino?', 'number': 'Number', 'unique_identifier_for_each_case_contained_in_the_sample_file_provided_by_the_bureau_of_vital_statistics': ""1=Yes                                                        2=No                                                      77=(VOL) DON'T KNOW                            99= (VOL) REFUSED ""}, 'de2_1': {'client_identifier_number': ""DE.2. Which one or more of the following would you say is [CP/your partner or spouse]'s race? (READ ANSWER CHOICES, MULTIPLE RESPONSE:) (MENTION #1)"", 'number': 'Number'}, 'de2_2': {'client_identifier_number': ""DE.2. Which one or more of the following would you say is [CP/your partner or spouse]'s race? (READ ANSWER CHOICES, MULTIPLE RESPONSE:) (MENTION #2)"", 'number': 'Number', 'unique_identifier_for_each_case_contained_in_the_sample_file_provided_by_the_bureau_of_vital_statistics': ""1=White                                                       2=Black or African American                           3=Asian                                                  4=Native Hawaiian or Other Pacific Islander                                                      5=American Indian, Alaska Native, or              8=Something else (SPECIFY)                          77=(VOL) DON'T KNOW                            99= (VOL) REFUSED ""}, 'de2_3': {'client_identifier_number': ""DE.2. Which one or more of the following would you say is [CP/your partner or spouse]'s race? (READ ANSWER CHOICES, MULTIPLE RESPONSE:) (MENTION #3)"", 'number': 'Number', 'unique_identifier_for_each_case_contained_in_the_sample_file_provided_by_the_bureau_of_vital_statistics': ""1=White                                                       2=Black or African American                           3=Asian                                                  4=Native Hawaiian or Other Pacific Islander                                                      5=American Indian, Alaska Native, or              8=Something else (SPECIFY)                          77=(VOL) DON'T KNOW                            99= (VOL) REFUSED ""}, 'de2_4': {'client_identifier_number': ""DE.2. Which one or more of the following would you say is [CP/your partner or spouse]'s race? (READ ANSWER CHOICES, MULTIPLE RESPONSE:) (MENTION #4)"", 'number': 'Number', 'unique_identifier_for_each_case_contained_in_the_sample_file_provided_by_the_bureau_of_vital_statistics': ""1=White                                                       2=Black or African American                           3=Asian                                                  4=Native Hawaiian or Other Pacific Islander                                                      5=American Indian, Alaska Native, or              8=Something else (SPECIFY)                          77=(VOL) DON'T KNOW                            99= (VOL) REFUSED ""}, 'de2_5': {'client_identifier_number': ""DE.2. Which one or more of the following would you say is [CP/your partner or spouse]'s race? (READ ANSWER CHOICES, MULTIPLE RESPONSE:) (MENTION #5)"", 'number': 'Number', 'unique_identifier_for_each_case_contained_in_the_sample_file_provided_by_the_bureau_of_vital_statistics': ""1=White                                                       2=Black or African American                           3=Asian                                                  4=Native Hawaiian or Other Pacific Islander                                                      5=American Indian, Alaska Native, or              8=Something else (SPECIFY)                          77=(VOL) DON'T KNOW                            99= (VOL) REFUSED ""}, 'de2_6': {'client_identifier_number': ""DE.2. Which one or more of the following would you say is [CP/your partner or spouse]'s race? (READ ANSWER CHOICES, MULTIPLE RESPONSE:) (MENTION #6)"", 'number': 'Number', 'unique_identifier_for_each_case_contained_in_the_sample_file_provided_by_the_bureau_of_vital_statistics': ""1=White                                                       2=Black or African American                           3=Asian                                                  4=Native Hawaiian or Other Pacific Islander                                                      5=American Indian, Alaska Native, or              8=Something else (SPECIFY)                          77=(VOL) DON'T KNOW                            99= (VOL) REFUSED ""}, 'de3': {'client_identifier_number': 'DE.3. Where was [CP/your partner or spouse] born? Please tell me the country.', 'number': 'Number', 'unique_identifier_for_each_case_contained_in_the_sample_file_provided_by_the_bureau_of_vital_statistics': ""1=United States of America\n2=OTHER (SPECIFY)\n5 =AFRICA\n6 =ALBANIA\n7=ANTIGUA\n8 =ARGENTINA\n9 =AUSTRALIA\n10 =AUSTRIA\n11 =BANGLADESH\n12 =BARBADOS\n13 =BELARUS\n14 =BELIZE\n15 =BOLIVIA\n16 =BRAZIL\n17 =CANADA\n18 =CARIBBEAN\n19 =CENTRAL AFRICA\n20 =CHILE\n21 =CHINA\n22 =COLUMBIA\n23 =COSTA RICA\n24 =CUBA\n25 =CZECHOSLOVAKIA\n26 =DOMINICAN REPUBLIC\n27 =EASTERN AFRICA\n28 =ECUADOR\n29 =EGYPT\n30 =EL SALVADOR\n31 =ENGLAND\n32 =EUROPE\n33 =FRANCE\n34 =GERMANY\n35 =GHANA\n36 =GREECE\n37 =GRENADA\n38 =GUATEMALA\n39 =GUINEA\n40 =GUYANA\n41 =HAITI\n42 =HONDURAS\n43 =HONG KONG\n44 =HUNGARY\n45 =INDIA\n46 =IRAN\n47 =IRELAND\n48 =ISRAEL\n49 =ITALY\n50= JAMAICA\n51 =JAPAN\n52 =KOREA\n53 =LIBERIA\n54= MALAYSIA\n55 =MALI\n56 =MEXICO\n57 =NICARAGUA\n58 =NIGERIA\n59 =NORTHERN AFRICA\n60 =PAKISTAN\n61 =PANAMA\n62 =PERU\n63 =PHILIPPINES\n64 =POLAND\n65 =PUERTO RICO\n66 =ROMANIA\n67 =RUSSIA\n68 =SENEGAL\n69 =SIERRA LEONE\n70 =SOUTH AMERICAN\n71 =SOUTHERN AFRICA\n72 =SPAIN\n73 =ST. LUCIA\n74 =ST. VINCENT\n75 =TAIWAN\n76 =TRINIDAD AND TOBAGO\n77 =(VOL) DON'T KNOW\n78 =TURKEY\n79 =UKRAINE\n80 =UNITED KINGDOM (INCLUDES ENGLAND, N. IRELAND, SCOTLAND, WALES)\n81= UZBEKISTAN\n82 =VENEZUELA\n83 =VIETNAM\n84 =VIRGIN ISLANDS\n85 =WEST INDIAN\n86 =WESTERN AFRICA\n87 =YUGOSLAVIA\n""}, 'st1': {'client_identifier_number': '(The next questions are about things that may have happened during your pregnancy or in the 12 months after your child was born:) ST.1. I was homeless or had to sleep outside, in a car, or in a shelter. Did this happen...', 'number': 'Number'}, 'st2': {'client_identifier_number': '(The next questions are about things that may have happened during your pregnancy or in the 12 months after your child was born:) ST.2. My husband or partner lost his/her job. (Did this happen...)', 'number': 'Number', 'unique_identifier_for_each_case_contained_in_the_sample_file_provided_by_the_bureau_of_vital_statistics': ""1=During pregnancy                                   2=After Birth                                             3=Both                                                    4=Neither                                               77=(VOL) DON'T KNOW                            99= (VOL) REFUSED ""}, 'st3': {'client_identifier_number': '(The next questions are about things that may have happened during your pregnancy or in the 12 months after your child was born:) ST.3. I lost my job even though I wanted to go on working. (Did this happen...)', 'number': 'Number', 'unique_identifier_for_each_case_contained_in_the_sample_file_provided_by_the_bureau_of_vital_statistics': ""1=During pregnancy                                   2=After Birth                                             3=Both                                                    4=Neither                                               77=(VOL) DON'T KNOW                            99= (VOL) REFUSED ""}, 'st4': {'client_identifier_number': '(The next questions are about things that may have happened during your pregnancy or in the 12 months after your child was born:) ST.4. My husband, partner, or I had a cut in work hours or pay. (Did this happen...)', 'number': 'Number', 'unique_identifier_for_each_case_contained_in_the_sample_file_provided_by_the_bureau_of_vital_statistics': ""1=During pregnancy                                   2=After Birth                                             3=Both                                                    4=Neither                                               77=(VOL) DON'T KNOW                            99= (VOL) REFUSED ""}, 'st5': {'client_identifier_number': '(The next questions are about things that may have happened during your pregnancy or in the 12 months after your child was born:) ST.5. I had problems paying the rent, mortgage, or other bills. (Did this happen...)', 'number': 'Number', 'unique_identifier_for_each_case_contained_in_the_sample_file_provided_by_the_bureau_of_vital_statistics': ""1=During pregnancy                                   2=After Birth                                             3=Both                                                    4=Neither                                               77=(VOL) DON'T KNOW                            99= (VOL) REFUSED ""}, 'es1a': {'client_identifier_number': '(Did/do you receive any of the following services? ES.1a. Food stamps or money to buy food? Was this...', 'number': 'Number', 'unique_identifier_for_each_case_contained_in_the_sample_file_provided_by_the_bureau_of_vital_statistics': ""1=During pregnancy                                   2=After Birth                                             3=Both                                                    4=Neither                                               77=(VOL) DON'T KNOW                            99= (VOL) REFUSED ""}, 'es1b': {'client_identifier_number': '(Did/do you receive any of the following services? ES.1b. Welfare/Public Assistance? Was this...', 'number': 'Number', 'unique_identifier_for_each_case_contained_in_the_sample_file_provided_by_the_bureau_of_vital_statistics': ""1=During pregnancy                                   2=After Birth                                             3=Both                                                    4=Neither                                               77=(VOL) DON'T KNOW                            99= (VOL) REFUSED ""}, 'es2': {'client_identifier_number': 'ES.2. In the last 30 days, have you been concerned about having enough food for you or your family?', 'number': 'Number', 'unique_identifier_for_each_case_contained_in_the_sample_file_provided_by_the_bureau_of_vital_statistics': ""1=Yes                                                        2=No                                                      77=(VOL) DON'T KNOW                            99= (VOL) REFUSED ""}, 'es3': {'client_identifier_number': ""ES.3. During the past 12 months, what was your yearly total household income before taxes? Include your income, your husband's or partner's income, and any other income you may have received."", 'number': 'Number', 'unique_identifier_for_each_case_contained_in_the_sample_file_provided_by_the_bureau_of_vital_statistics': ""1=$0 to $16,000                                            2=$16,001 to $20,000                                  3=$20,001 to $24,000                                  4=$24,001 to $28,000                                  5=$28,001 to $32,000                                  6=$32,001 to $40,000                                   7=$40,001 to $48,000                                        8=$48,001 to $57,000                                9=$57,001 to $60,000                                   10=$60,001 to $73,000                                11=$73,001 to $85,000                                  12=$85,001 or more                                    77=(VOL) DON'T KNOW                            99= (VOL) REFUSED                   ""}, 'es4': {'client_identifier_number': 'ES.4. How many people, including yourself, depend on this income? NUMBER OF PEOPLE', 'number': 'Number', 'unique_identifier_for_each_case_contained_in_the_sample_file_provided_by_the_bureau_of_vital_statistics': ""77=(VOL) DON'T KNOW                            99= (VOL) REFUSED""}, 'fulladra': {'client_identifier_number': 'Did we get all the address asked for?', 'number': 'Number', 'unique_identifier_for_each_case_contained_in_the_sample_file_provided_by_the_bureau_of_vital_statistics': '1=Yes                                                        2=No    '}, 'qc1': {'client_identifier_number': 'QC.1. Would you like any of these phone numbers?', 'number': 'Number', 'unique_identifier_for_each_case_contained_in_the_sample_file_provided_by_the_bureau_of_vital_statistics': ""1=Yes                                                         2=No                                                         77=(VOL) DON'T KNOW                            99= (VOL) REFUSED                                               ""}, 'lang': {'client_identifier_number': 'LANG. (INTERVIEWER: DO NOT READ THIS TO RESPONDENT) In what language was this interview completed?', 'number': 'Number', 'unique_identifier_for_each_case_contained_in_the_sample_file_provided_by_the_bureau_of_vital_statistics': '1=English                                                   2=Spanish'}, 'samp_weight': {'client_identifier_number': 'Final Weight Numberd to number of completed interviews', 'number': 'Number'}, 'pop_weight': {'client_identifier_number': 'Final Weight Numberd to population size', 'number': 'Number'}, 'odate': {'client_identifier_number': 'Original start date', 'number': 'Date'}, 'fdate': {'client_identifier_number': 'End date of interview', 'number': 'Date'}, 'stratum': {'client_identifier_number': 'Stratum Variable (should be used when calculating variance)', 'unique_identifier_for_each_case_contained_in_the_sample_file_provided_by_the_bureau_of_vital_statistics': '1 or 2'}}","1,063",153.0,1.0,1.0
wymh-dvmd,https://data.cityofnewyork.us/d/wymh-dvmd,"This dataset provides insights into call center activity, specifically focusing on various metrics related to calls received by different departments, such as the Dog License Unit, Providers, and Vital Records. It includes key measurements like the total number of calls, average speed of answer, and the percentage of calls answered, spanning from 2019 to 2025. The dataset features 296 unique values for total calls, with coverage ranging from 36 to 16,606 calls, and includes data on average wait times, which vary significantly. Each entry is categorized by month and year, allowing for temporal analysis of call patterns. The metrics serve as valuable indicators for assessing call center performance and customer service efficiency. This dataset can be utilized for evaluating operational effectiveness, identifying trends in call volume, and improving response strategies within call centers.

Column constraints outlined in Data Dictionary:
metric: allowed values are ""Dog License Unit"", ""Providers"", ""Vital Records"", ""STD""  
totalnoofcalls: value range is 0 to 10000; required  
avgspeedofanswer: format is HH:MM:SS or MM:SS; required  
callpctansweredw: value range is 0.0 to 1.0; required  
month: value range is 1 to 12; required  
year: value range is 2019 to 2025; required","This dataset provides insights into call center activity, capturing metrics such as the total number of calls, average speed of answer, and the percentage of calls answered. It includes data from various entities, including the Dog License Unit, Providers, and Vital Records, spanning from 2019 to 2025. The dataset features 100 unique entries, with metrics measured in integers and text, and includes temporal data categorized by month and year. This information can be utilized to analyze call center performance, identify trends in call handling, and improve service efficiency.","Dataset Overview:
- This dataset provides insights into call center activity, specifically focusing on various metrics related to calls received by different departments, such as the Dog License Unit, Providers, and Vital Records. It includes key measurements like the total number of calls, average speed of answer, and the percentage of calls answered, spanning from 2019 to 2025. The dataset features 296 unique values for total calls, with coverage ranging from 36 to 16,606 calls, and includes data on average wait times, which vary significantly. Each entry is categorized by month and year, allowing for temporal analysis of call patterns. The metrics serve as valuable indicators for assessing call center performance and customer service efficiency. This dataset can be utilized for evaluating operational effectiveness, identifying trends in call volume, and improving response strategies within call centers.

Key Themes or Topics:
- Call Center Operations
- Customer Service Metrics
- Telecommunication Analytics
- Call Volume Analysis
- Response Time Evaluation
- Departmental Performance Assessment
- Operational Efficiency in Call Centers
- Temporal Call Patterns

Applications and Use Cases:
- Analyzing call center performance for management and operational improvements.
- Evaluating customer service efficiency for various departments.
- Identifying trends in call volume for resource allocation and staffing.
- Assessing average speed of answer to enhance customer satisfaction.
- Developing strategies for improving call response rates.
- Conducting research on telecommunication trends and customer behavior.

Potential Questions:
- What is the distribution of total calls received by the Dog License Unit across the years?
- How does the average speed of answer for Providers compare to Vital Records?
- What trends can be observed in the percentage of calls answered from 2019 to 2025?
- How do average wait times vary by month for different departments?
- What is the relationship between total number of calls and call percentage answered for each department?

Concepts and Synonyms:
- Call Center Activity/Call Center Performance
- Customer Service/Client Support
- Call Metrics/Call Statistics
- Average Wait Time/Average Response Time
- Call Volume/Call Traffic
- Telecommunication/Telephony
- Operational Effectiveness/Operational Efficiency
- Service Level/Service Quality

Keywords and Themes:
- Call Center Data
- Customer Interaction Metrics
- Call Handling Efficiency
- Telecommunication Data Analysis
- Call Answering Rates
- Departmental Call Statistics
- Temporal Analysis of Calls
- Call Center Trends

Additional Context:
- This dataset is relevant for organizations aiming to improve customer service through data-driven decision-making.
- It can be integrated with other datasets related to customer feedback or operational costs for comprehensive analysis.
- The insights derived from this dataset can inform policy decisions and strategic planning in public service departments.","Dataset Overview:
- This dataset provides insights into call center activity, capturing metrics such as the total number of calls, average speed of answer, and the percentage of calls answered. It includes data from various entities, including the Dog License Unit, Providers, and Vital Records, spanning from 2019 to 2025. The dataset features 100 unique entries, with metrics measured in integers and text, and includes temporal data categorized by month and year. This information can be utilized to analyze call center performance, identify trends in call handling, and improve service efficiency.

Key Themes or Topics:
- Call Center Operations
- Customer Service Metrics
- Telecommunication Performance
- Call Handling Efficiency
- Service Level Agreements (SLAs)
- Call Volume Analysis
- Response Time Evaluation
- Customer Satisfaction Assessment
- Workforce Management in Call Centers

Applications and Use Cases:
- Performance analysis for call center managers and supervisors
- Benchmarking against industry standards for customer service
- Identifying trends in call volume and service efficiency for strategic planning
- Resource allocation and staffing optimization in call centers
- Enhancing customer experience through data-driven insights
- Policy formulation for improving public service call centers

Concepts and Synonyms:
- Call center activity/call center performance
- Average speed of answer/response time
- Call volume/total number of calls
- Call abandonment rate/calls not answered
- Customer service/call handling
- Telephony metrics/communication metrics
- Service efficiency/service quality
- Call tracking/call monitoring
- Data analysis/statistical analysis

Keywords and Themes:
- call center
- customer service metrics
- call handling
- response time
- call volume
- service efficiency
- telecommunication
- performance metrics
- data analysis
- customer satisfaction

Additional Context:
- The dataset is relevant for addressing challenges in customer service delivery and operational efficiency in call centers.
- It provides valuable insights for organizations looking to enhance their service quality and responsiveness to customer inquiries.
- The data can be integrated with other datasets related to customer feedback and service quality for a comprehensive analysis of service performance.","{'year': {'column_description': 'The year the call was received'}, 'month': {'column_description': 'The month the call was received'}, 'metric': {'column_description': 'The subject of the call'}, 'totalnoofcalls': {'column_description': 'total number of calls received  '}, 'avgspeedofanswer': {'column_description': 'The average amount of time a customer waits in the queue until the call is answered.'}}",336,6.0,1.0,1.0
tnry-kwh5,https://data.cityofnewyork.us/d/tnry-kwh5,"This dataset focuses on lead exposure in children, providing valuable insights into the demographic of children under six years old across various neighborhoods in New York City. It includes data on the number of children in different boroughs and neighborhoods, collected over a span of years from 2005 to 2016. The dataset features key metrics such as the total number of children under six, as well as specific population counts for various subcategories, allowing for a detailed analysis of lead exposure risks. The geographic data is categorized by neighborhood and borough, enabling users to assess lead exposure trends in specific areas. This dataset can be utilized by researchers, public health officials, and policymakers to identify at-risk populations and develop targeted interventions to reduce lead exposure in children, ultimately contributing to improved health outcomes.","This dataset provides valuable insights into lead exposure in children across various neighborhoods in New York City. It includes demographic data on children under six years old, detailing their population counts and various metrics related to lead exposure. The dataset is organized by geographical areas, including neighborhoods and boroughs, and spans multiple years, allowing for temporal analysis. It features a range of population metrics, making it useful for researchers and policymakers focused on public health and child welfare. By analyzing this data, stakeholders can identify trends and target interventions to reduce lead exposure among young children.","Dataset Overview:
- This dataset focuses on lead exposure in children, providing valuable insights into the demographic of children under six years old across various neighborhoods in New York City. It includes data on the number of children in different boroughs and neighborhoods, collected over a span of years from 2005 to 2016. The dataset features key metrics such as the total number of children under six, as well as specific population counts for various subcategories, allowing for a detailed analysis of lead exposure risks. The geographic data is categorized by neighborhood and borough, enabling users to assess lead exposure trends in specific areas. This dataset can be utilized by researchers, public health officials, and policymakers to identify at-risk populations and develop targeted interventions to reduce lead exposure in children, ultimately contributing to improved health outcomes.

Key Themes or Topics:
- Public health
- Environmental health
- Childhood development
- Lead poisoning
- Urban health disparities
- Socioeconomic factors
- Neighborhood demographics
- Risk assessment
- Health interventions
- Epidemiology

Applications and Use Cases:
- Facilitates analysis for public health officials to identify high-risk areas for lead exposure.
- Useful for researchers studying the effects of lead on child development and health outcomes.
- Supports policymakers in formulating regulations and interventions to mitigate lead exposure risks.
- Enables community organizations to target outreach and education efforts in neighborhoods with high lead exposure.
- Assists in statistical modeling of lead exposure trends over time.

Potential Questions:
- What is the distribution of children under six years old across different neighborhoods in New York City?
- How does the number of children exposed to lead vary by borough from 2005 to 2016?
- What are the demographic characteristics of neighborhoods with the highest lead exposure risks?
- How has the population of children under six changed in areas with known lead contamination over the years?
- What specific subcategories of children are most at risk for lead exposure in various neighborhoods?

Concepts and Synonyms:
- Lead exposure/lead poisoning
- Children under six/young children
- Neighborhood demographics/community demographics
- Public health interventions/health initiatives
- Environmental risk factors/toxic exposure
- Socioeconomic status/income level
- Urban neighborhoods/city boroughs
- Health outcomes/health impacts

Keywords and Themes:
- Lead exposure
- Childhood health
- New York City
- Public health data
- Environmental health risks
- Demographic analysis
- Lead poisoning prevention
- At-risk populations
- Health disparities
- Urban health

Additional Context:
- This dataset is relevant for addressing public health challenges related to environmental toxins and their impact on vulnerable populations, particularly children.
- It provides a foundation for interdisciplinary research that combines public health, environmental science, and social policy.
- The dataset can be integrated with other health and environmental datasets to enhance understanding of lead exposure and its long-term effects on child health and development.","Dataset Overview:
- This dataset provides valuable insights into lead exposure in children across various neighborhoods in New York City. It includes demographic data on children under six years old, detailing their population counts and various metrics related to lead exposure. The dataset is organized by geographical areas, including neighborhoods and boroughs, and spans multiple years, allowing for temporal analysis. It features a range of population metrics, making it useful for researchers and policymakers focused on public health and child welfare. By analyzing this data, stakeholders can identify trends and target interventions to reduce lead exposure among young children.

Key Themes or Topics:
- Public Health
- Child Welfare
- Environmental Health
- Urban Health Disparities
- Socioeconomic Factors
- Lead Poisoning
- Childhood Development
- Neighborhood Health
- Epidemiology
- Toxicology

Applications and Use Cases:
- Supports public health initiatives aimed at reducing lead exposure in children.
- Assists policymakers in formulating regulations and interventions to mitigate lead risks.
- Aids researchers in studying the effects of lead exposure on child development and health outcomes.
- Facilitates community health assessments and resource allocation for at-risk neighborhoods.
- Enables statistical modeling and analysis of lead exposure trends over time.

Concepts and Synonyms:
- Lead exposure/lead poisoning
- Children under six/pediatric population
- Demographic data/population statistics
- Neighborhoods/boroughs
- Public health interventions/health policies
- Environmental toxins/toxic exposure
- Socioeconomic status/SES
- Risk factors/health risks
- Temporal analysis/trend analysis
- Health disparities/inequities

Keywords and Themes:
- Lead exposure
- Child health
- New York City
- Environmental health
- Public health data
- Demographics
- Lead poisoning prevention
- Neighborhood analysis
- Health metrics
- Childhood lead exposure

Additional Context:
- The dataset is crucial for addressing the public health challenge of lead exposure, which disproportionately affects low-income and minority communities.
- It provides a foundation for interdisciplinary research that combines public health, environmental science, and social policy.
- The temporal aspect of the dataset allows for the evaluation of the effectiveness of past interventions and the planning of future strategies to protect vulnerable populations from lead exposure.",,576,19.0,0.0,1.0
7btz-mnc8,https://data.cityofnewyork.us/d/7btz-mnc8,"This dataset contains comprehensive information about healthcare providers in New York City, including their first and last names, practice names, primary specialties, and locations. It features 1,663 unique first names and 1,902 unique last names, reflecting a diverse range of healthcare professionals. The dataset categorizes providers by their primary specialties, with 44 unique specialties represented, and includes details about their practice locations across five boroughs: Bronx, Brooklyn, Manhattan, Staten Island, and Queens. Each entry also specifies the organization type, primarily small practices, and provides mailing addresses and zip codes for geolocation purposes. This dataset is valuable for analyzing healthcare access, understanding provider distribution, and enhancing electronic health record systems. It serves as a vital resource for researchers, policymakers, and healthcare organizations aiming to improve health services in NYC.

Column constraints outlined in Data Dictionary:
practice_name: Required; min_length: 1; max_length: 1000  
practice_borough: Required; min_length: 1; max_length: 13; expected_values: BRONX; BROOKLYN; MANHATTAN; STATEN ISLAND; QUEENS  
organization_type: Required; min_length: 8; max_length: 23; expected_values: HOSPITAL; COMMUNITY HEALTH CENTER; SMALL PRACTICE  
practice_zip_code: Required; min_length: 5; max_length: 10","This dataset contains information about healthcare providers in New York City, including their names, practice details, specialties, and locations. It features 100 unique entries, with data on provider first and last names, practice names, primary specialties, and organizational types. The dataset covers various boroughs and includes detailed mailing addresses and zip codes, making it a valuable resource for identifying healthcare services across the city. It can be used for research, healthcare planning, and improving access to medical services in NYC, as it categorizes providers by specialty and organization type, facilitating targeted outreach and analysis.","Dataset Overview:
- This dataset contains comprehensive information about healthcare providers in New York City, including their first and last names, practice names, primary specialties, and locations. It features 1,663 unique first names and 1,902 unique last names, reflecting a diverse range of healthcare professionals. The dataset categorizes providers by their primary specialties, with 44 unique specialties represented, and includes details about their practice locations across five boroughs: Bronx, Brooklyn, Manhattan, Staten Island, and Queens. Each entry also specifies the organization type, primarily small practices, and provides mailing addresses and zip codes for geolocation purposes. This dataset is valuable for analyzing healthcare access, understanding provider distribution, and enhancing electronic health record systems. It serves as a vital resource for researchers, policymakers, and healthcare organizations aiming to improve health services in NYC.

Key Themes or Topics:
- Healthcare access
- Provider distribution
- Urban health services
- Public health analysis
- Healthcare workforce diversity
- Specialty care availability
- Community health resources
- Health service planning
- Geographic health disparities

Applications and Use Cases:
- Facilitates analysis for healthcare policymakers to improve service delivery.
- Useful for researchers studying healthcare access and provider demographics.
- Enables healthcare organizations to identify gaps in service provision.
- Assists in planning community health initiatives and outreach programs.
- Supports statistical modeling of healthcare trends in urban settings.
- Aids in the development of electronic health record systems by providing provider information.

Potential Questions:
- What is the distribution of healthcare providers by borough in NYC?
- How does the availability of primary care specialties differ across the five boroughs?
- What are the most common organization types among healthcare providers in NYC?
- How many unique healthcare providers are there in each specialty category?
- What is the relationship between practice location and organization type in NYC healthcare?

Concepts and Synonyms:
- Healthcare providers/healthcare professionals
- Primary specialties/specialty care
- Organization type/practice type
- Community health/community health centers
- Urban healthcare/urban health services
- Provider demographics/healthcare workforce
- Geolocation/mailing addresses
- Health services access/healthcare accessibility

Keywords and Themes:
- NYC healthcare providers
- Healthcare access
- Provider specialties
- Urban health
- Community health services
- Healthcare organization types
- Provider distribution
- Health equity
- Geographic disparities in healthcare

Additional Context:
- This dataset is relevant for addressing challenges in healthcare access and equity in urban environments.
- It provides insights into the distribution of healthcare resources, which is critical for public health planning and policy formulation.
- The dataset can be integrated with other health-related datasets to enhance understanding of health outcomes and service utilization in New York City.","Dataset Overview:
- This dataset contains information about healthcare providers in New York City, including their names, practice details, specialties, and locations. It features 100 unique entries, with data on provider first and last names, practice names, primary specialties, and organizational types. The dataset covers various boroughs and includes detailed mailing addresses and zip codes, making it a valuable resource for identifying healthcare services across the city. It can be used for research, healthcare planning, and improving access to medical services in NYC, as it categorizes providers by specialty and organization type, facilitating targeted outreach and analysis.

Key Themes or Topics:
- Healthcare services
- Medical providers
- Urban health
- Public health
- Healthcare access
- Specialty care
- Organizational types in healthcare
- Geographic distribution of healthcare providers
- Health disparities in urban settings

Applications and Use Cases:
- Facilitates analysis for healthcare professionals, urban planners, policymakers, and researchers.
- Useful for healthcare planning and resource allocation in urban environments.
- Supports outreach initiatives to improve access to medical services for underserved populations.
- Enables statistical modeling and analysis of healthcare provider distribution and specialties.
- Assists in identifying trends in healthcare service utilization across different boroughs.

Concepts and Synonyms:
- Healthcare providers/medical practitioners
- Primary care/specialty care
- Organizational types/healthcare organizations
- Provider directory/healthcare directory
- Urban healthcare/urban medical services
- Health services access/healthcare accessibility
- Medical specialties/clinical specialties
- Provider demographics/healthcare workforce

Keywords and Themes:
- NYC healthcare providers
- healthcare access NYC
- medical specialties NYC
- healthcare planning New York City
- urban health services
- healthcare directory NYC
- provider locations NYC
- healthcare organizational types

Additional Context:
- Highlights the dataset's relevance to addressing healthcare access challenges in urban environments, particularly in New York City.
- Emphasizes its value for interdisciplinary applications, including public health research, urban studies, and healthcare policy formulation.
- Supports integration with related datasets, such as demographic data, health outcomes, and socioeconomic factors, to provide a comprehensive view of healthcare in NYC.","{'provider_first_name': {'identifier_number': 'FIRSTNAME', 'source_column_name': 'First Name', 'source_type': 'Character', 'target_type': 'Character', 'description_per_comment': ""The doctor's first name."", 'required_per_optional': 'Optional', 'min_length': 1, 'max_length': 100}, 'provider_last_name': {'identifier_number': 'LASTNAME', 'source_column_name': 'Last Name', 'source_type': 'Character', 'target_type': 'Character', 'description_per_comment': ""The doctor's last name."", 'required_per_optional': 'Optional', 'min_length': 1, 'max_length': 100}, 'practice_name': {'identifier_number': 'SITENAME', 'source_column_name': 'Site: Site Name', 'source_type': 'Character', 'target_type': 'Character', 'description_per_comment': ""The practice's  name."", 'required_per_optional': 'Required', 'min_length': 1, 'max_length': 1000}, 'primary_speciality': {'identifier_number': 'SPECIALITY', 'source_column_name': 'Primary Speciality', 'source_type': 'Character', 'target_type': 'Character', 'description_per_comment': ""The doctor's primary speciality."", 'required_per_optional': 'Optional', 'min_length': 1, 'max_length': 100}, 'practice_borough': {'identifier_number': 'BOROUGH', 'source_column_name': 'Site: Borough', 'source_type': 'Character', 'target_type': 'Character', 'description_per_comment': 'The borough where the practice is located.', 'required_per_optional': 'Required', 'min_length': 1, 'max_length': 13, 'expected_values': 'BRONX; BROOKLYN; MANHATTAN; STATAN ISLAND; QUEENS'}, 'practice_mailing_address': {'identifier_number': 'ADDRESS', 'source_column_name': 'Mailing Address Line', 'description_per_comment': ""The site's mailing address."", 'required_per_optional': 'Optional', 'min_length': 1, 'max_length': 1000}, 'organization_type': {'identifier_number': 'ORGANIZATION', 'source_column_name': 'Organization Type', 'source_type': 'Character', 'target_type': 'Character', 'description_per_comment': ""The practice's organization type."", 'required_per_optional': 'Required', 'min_length': 8, 'max_length': 23, 'expected_values': 'HOSPITAL; COMMUNITY HEALTH CENTER; SMALL PRACTICE'}, 'practice_zip_code': {'identifier_number': 'ZIP', 'source_column_name': 'Zip Code', 'source_type': 'Character', 'target_type': 'Character', 'description_per_comment': 'The zip code where the practice is located.', 'required_per_optional': 'Required', 'min_length': 5, 'max_length': 10}}","2,376",9.0,1.0,1.0
3kfa-rvez,https://data.cityofnewyork.us/d/3kfa-rvez,"This dataset contains detailed information on pool inspections conducted in New York City, covering both indoor and outdoor facilities. It includes various attributes such as permit type, facility name, address, inspection date, and the number of violations identified during inspections. The dataset spans from January 27, 2019, to November 20, 2024, providing a comprehensive temporal coverage for analysis. Each entry is associated with geographical coordinates, allowing for spatial analysis across different community boards and council districts in NYC. The dataset can be utilized for monitoring compliance with health and safety regulations, identifying trends in violations, and assessing the overall safety of public and private pools. With 1,133 unique permit numbers and a variety of inspection types, this dataset serves as a valuable resource for researchers, policymakers, and public health officials interested in pool safety and regulation in urban environments.

Column constraints outlined in Data Dictionary:
permit_type: Allowed values: Indoor, Outdoor  
accela: 8-digit number; Required  
inspection_date: Format: MM/DD/YYYY; Required  
inspection_type: Allowed values: Complaint Inspection, Complaint Re-Inspection, Investigation, Office Visit, Re-Inspection, Routine Inspection  
of_all_violations: Non-negative integer; Required  
of_phh_violations: Non-negative integer; Required  
of_critical_violations: Non-negative integer; Required  
of_general_violations: Non-negative integer; Required","This dataset contains detailed information on pool inspections conducted across various facilities in New York City. It includes data on permit types, facility names, addresses, inspection dates, and the number of violations identified during inspections. The dataset spans from January 22, 2019, to October 23, 2024, providing a comprehensive view of inspection activities over time. Each entry includes geographic coordinates, allowing for spatial analysis of inspection locations. This dataset can be utilized for monitoring compliance with health and safety regulations, identifying trends in violations, and enhancing public safety measures related to pool facilities.","Dataset Overview:
- This dataset contains detailed information on pool inspections conducted in New York City, covering both indoor and outdoor facilities. It includes various attributes such as permit type, facility name, address, inspection date, and the number of violations identified during inspections. The dataset spans from January 27, 2019, to November 20, 2024, providing a comprehensive temporal coverage for analysis. Each entry is associated with geographical coordinates, allowing for spatial analysis across different community boards and council districts in NYC. The dataset can be utilized for monitoring compliance with health and safety regulations, identifying trends in violations, and assessing the overall safety of public and private pools. With 1,133 unique permit numbers and a variety of inspection types, this dataset serves as a valuable resource for researchers, policymakers, and public health officials interested in pool safety and regulation in urban environments.

Key Themes or Topics:
- Public Health and Safety
- Urban Infrastructure and Facilities Management
- Regulatory Compliance and Enforcement
- Environmental Health and Safety
- Community Health and Safety Standards
- Recreational Facility Oversight
- Risk Management in Urban Settings

Applications and Use Cases:
- Monitoring compliance with health and safety regulations for public and private pools
- Analyzing trends in pool safety violations over time
- Assessing the effectiveness of inspection protocols and enforcement actions
- Informing policy decisions related to public health and safety in recreational facilities
- Supporting urban planning and community health initiatives
- Evaluating the spatial distribution of pool safety issues across NYC neighborhoods

Potential Questions:
- What is the distribution of inspection types conducted on indoor versus outdoor pools?
- How do the number of violations differ between complaint inspections and routine inspections?
- What trends can be observed in the number of critical violations over the dataset's time span?
- How does the frequency of inspections vary across different community boards in NYC?
- What is the average number of general violations identified during inspections for different permit types?

Concepts and Synonyms:
- Pool Safety/Swimming Pool Safety
- Health Inspections/Recreational Facility Inspections
- Compliance Monitoring/Regulatory Compliance
- Violations/Non-compliance Issues
- Indoor Pools/Outdoor Pools
- Inspection Types/Inspection Categories
- Public Health Regulations/Health and Safety Standards

Keywords and Themes:
- Pool Inspections
- NYC Pool Safety
- Health and Safety Violations
- Inspection Data
- Recreational Facility Compliance
- Urban Health Data
- Community Board Analysis
- Permit Types

Additional Context:
- This dataset is crucial for addressing public health challenges related to recreational water safety in urban environments.
- It provides insights into the effectiveness of regulatory frameworks governing pool safety and can inform future policy adjustments.
- The dataset can be integrated with other urban health datasets to provide a more comprehensive view of community health and safety issues.","Dataset Overview:
- This dataset contains detailed information on pool inspections conducted across various facilities in New York City. It includes data on permit types, facility names, addresses, inspection dates, and the number of violations identified during inspections. The dataset spans from January 22, 2019, to October 23, 2024, providing a comprehensive view of inspection activities over time. Each entry includes geographic coordinates, allowing for spatial analysis of inspection locations. This dataset can be utilized for monitoring compliance with health and safety regulations, identifying trends in violations, and enhancing public safety measures related to pool facilities.

Key Themes or Topics:
- Public health and safety
- Environmental health
- Urban infrastructure
- Regulatory compliance
- Facility management
- Risk assessment
- Community health
- Recreational facility oversight
- Public policy and governance

Applications and Use Cases:
- Supports health department analysis for compliance with health regulations
- Aids in the development of public safety initiatives and educational programs
- Facilitates research on trends in pool safety and health violations
- Assists policymakers in evaluating the effectiveness of regulatory measures
- Enables urban planners to assess the distribution and safety of recreational facilities
- Provides data for statistical modeling of health outcomes related to pool usage

Concepts and Synonyms:
- Pool inspections/Swimming pool evaluations
- Health and safety regulations/Public health standards
- Violations/Non-compliance issues
- Permit types/License categories
- Facility names/Pool facility identifiers
- Geographic coordinates/Spatial data
- Inspection dates/Assessment timelines
- Compliance monitoring/Regulatory oversight

Keywords and Themes:
- Pool inspection data
- New York City pool facilities
- Health violations
- Safety compliance
- Recreational water safety
- Inspection records
- Public health data
- Facility inspection trends
- Geographic information systems (GIS)

Additional Context:
- The dataset is crucial for addressing public health challenges related to recreational water safety and compliance with health regulations.
- It provides valuable insights for interdisciplinary research involving public health, urban planning, and environmental science.
- The dataset can be integrated with other health and safety datasets to enhance understanding of community health dynamics and inform policy decisions.","{'permit_type': {'column_description': 'Type of permit for the pool: indoor for indoor pool and outdoor for outdoor pool', 'expected_per_allowed_values': 'Values: Indoor, Outdoor'}, 'accela': {'column_description': 'Permit number ', 'expected_per_allowed_values': '8-digit number'}, 'facility_name': {'column_description': 'Name of the facility operating the permit'}, 'address_no': {'column_description': 'Building number for the facility location'}, 'address_st': {'column_description': 'Street name for the facility location'}, 'bo': {'column_description': 'Borough of facility location '}, 'zip': {'column_description': 'Zip code of facility location'}, 'inspection_date': {'column_description': 'Date of inspection', 'expected_per_allowed_values': 'MM/DD/YYYY'}, 'inspection_type': {'column_description': 'Type of inspection performed\n', 'expected_per_allowed_values': 'Values: Complaint Inspection, Complaint Re-Inspection,  Investigation, Office Visit, Re-Inspection, Routine Inspection'}, 'of_all_violations': {'column_description': 'Total number of violations during this inspection', 'expected_per_allowed_values': 'Number'}, 'of_phh_violations': {'column_description': 'Number of public health hazard (PHH)violations during this inspection', 'expected_per_allowed_values': 'Number'}, 'of_critical_violations': {'column_description': 'Number of critical violations during this inspection', 'expected_per_allowed_values': 'Number'}, 'of_general_violations': {'column_description': 'Number of general violations during this inspection', 'expected_per_allowed_values': 'Number'}, 'docket': {'column_description': 'A unique identifier for the summons/Notice of Violation'}, 'bbl': {'column_description': 'Borough Block Lot (BBL): A combination of three numeric codes -- a 1-digit borough number, a block number (up to 5 digits) and a lot number (up to 4 digits) -- designated and modified by the Department of Finance (DOF). BBLs are used by various city agencies to identify real estate for taxes, zoning, construction, and other purposes.'}, 'bin': {'column_description': 'Building Identification Number (BIN): A unique 7-digit number assigned to every known building by the Department of City Planning (DCP), the first digit of which is the borough code. BINs allow city agencies to process and match building-related data easily and in a consistent manner. '}, 'census_tract': {'column_description': 'The Census Tract of the location of the bathing establishment'}, 'council_district': {'column_description': 'NYC Council District of the location of the bathing establishment. The City Council is the lawmaking body of NYC, on equal footing with the mayor in terms of governing power. Besides legislating, the Council has sole approval power over the city budget, and is the final decision-maker in land use matters. There are 51 City Council members in total, each representing a unique geographical area, called a Council District. To find your own Council District, go here.'}, 'community_board': {'column_description': 'Community Board of the location of the bathing establishment. Community Boards are volunteer-run neighborhood organizations that work on all kinds of issues pertinent to their communities, often working with elected city officials in doing so. Community Board members, who can be as young as 16, are appointed by Borough Presidents and City Council representatives. They serve two-year terms. There are 59 Community Boards in NYC, each of which represents a unique geographical area, known as a Community District. Note: as a column header, “Community Board” (which refers to a group of Board members) is often used to mean “Community District” (the geographical area) instead.'}, 'nta_code': {'column_description': 'NTA code of the location of the bathing establishment. NTAs are small area boundaries, created by the Department of City Planning (DCP) to aggregate population projections in a small area.. Each NTA approximates a minimum population of 15,000. While NTAs were initially created to support PlaNYC, the thirty-year (2000-2030) sustainability plan for NYC, NTAs are now also being used to present data from the Decennial Census and American Community Survey. NTA boundaries and their associated names do not definitively represent neighborhood boundaries.'}, 'nta': {'column_description': 'NTA name of the location of the bathing establishment. NTAs are small area boundaries, created by the Department of City Planning (DCP) to aggregate population projections in a small area.. Each NTA approximates a minimum population of 15,000. While NTAs were initially created to support PlaNYC, the thirty-year (2000-2030) sustainability plan for NYC, NTAs are now also being used to present data from the Decennial Census and American Community Survey. NTA boundaries and their associated names do not definitively represent neighborhood boundaries.'}}","5,842",23.0,1.0,1.0
72ss-25qh,https://data.cityofnewyork.us/d/72ss-25qh,"This dataset provides comprehensive information on HIV testing services across various locations, including agency names, addresses, operational hours, and contact details. It covers a wide range of boroughs and zip codes, ensuring accessibility for diverse populations. The dataset includes specific details about the ages served, with many agencies catering to individuals aged 13 and over, and highlights special populations such as youth, transgender individuals, and those recently incarcerated. Additionally, it indicates whether free HIV self-tests are available, which can be crucial for individuals seeking confidential testing options. The dataset can be utilized by healthcare providers, researchers, and public health officials to identify testing resources, assess service availability, and improve outreach efforts in communities at risk for HIV. Overall, this dataset serves as a vital tool for enhancing public health initiatives and ensuring that individuals have access to necessary testing services.

Column constraints outlined in Data Dictionary:
borough: allowed values are BRONX, BROOKLYN, MANHATTAN, STATEN ISLAND, QUEENS  
hours_monday: format is HH:MM AM/PM or 24-hour format; null values are allowed  
hours_tuesday: format is HH:MM AM/PM or 24-hour format; null values are allowed  
hours_wednesday: format is HH:MM AM/PM or 24-hour format; null values are allowed  
hours_thursday: format is HH:MM AM/PM or 24-hour format; null values are allowed  
hours_friday: format is HH:MM AM/PM or 24-hour format; null values are allowed  
hours_saturday: format is HH:MM AM/PM or 24-hour format; null values are allowed  
hours_sunday: format is HH:MM AM/PM or 24-hour format; null values are allowed  
free_self_tests: allowed values are Yes, No  
ages_served: allowed values are 0-4, 5-12, 13-17, 18-24, 25-29, 30-39, 40-49, 50-59, 60+  
payment_cost: allowed values are Free, Medicaid, Medicare, Private Insurance, Uninsured, Sliding Scale, PrEP-AP, PEP for Uninsured, ADAP, ADAP-Plus  
special_populations_served: allowed values include Heterosexual Women, Transgender and Gender Non-Conforming Persons, Men Who Have Sex With Men (MSM), Sex Workers, People who Use Drugs, Incarcerated or Recently Incarcerated Persons, Youth (~13-29 yrs), Homeless Persons, Immigrants","This dataset provides comprehensive information on HIV testing services across various agencies in New York City. It includes details such as agency names, addresses, operational hours, contact information, and the age groups served. The dataset features a range of unique values for each column, ensuring diverse representation of services available. It also highlights special populations served and whether free self-tests are offered. This dataset can be utilized for research, public health initiatives, and resource allocation to improve access to HIV testing services. Overall, it serves as a valuable tool for understanding and enhancing community health resources.","Dataset Overview:
- This dataset provides comprehensive information on HIV testing services across various locations, including agency names, addresses, operational hours, and contact details. It covers a wide range of boroughs and zip codes, ensuring accessibility for diverse populations. The dataset includes specific details about the ages served, with many agencies catering to individuals aged 13 and over, and highlights special populations such as youth, transgender individuals, and those recently incarcerated. Additionally, it indicates whether free HIV self-tests are available, which can be crucial for individuals seeking confidential testing options. The dataset can be utilized by healthcare providers, researchers, and public health officials to identify testing resources, assess service availability, and improve outreach efforts in communities at risk for HIV. Overall, this dataset serves as a vital tool for enhancing public health initiatives and ensuring that individuals have access to necessary testing services.

Key Themes or Topics:
- HIV Testing Services
- Public Health Initiatives
- Healthcare Accessibility
- Community Health Resources
- Targeted Outreach Programs
- Special Populations in Healthcare
- Confidential Testing Options
- Health Disparities and Equity
- Disease Prevention and Control

Applications and Use Cases:
- Identifying available HIV testing locations for community outreach
- Assessing the availability of services for specific populations (e.g., youth, transgender individuals)
- Evaluating operational hours of testing agencies for better service planning
- Analyzing the distribution of free HIV self-tests across different boroughs
- Supporting public health campaigns aimed at increasing HIV testing rates
- Informing policy decisions related to healthcare access and funding
- Conducting research on the effectiveness of HIV testing services in various demographics

Potential Questions:
- What are the operational hours of HIV testing services in each borough?
- How many agencies provide free HIV self-tests in the dataset?
- What age groups are served by HIV testing agencies in the Bronx?
- How does the availability of HIV testing services differ between urban and suburban areas?
- Which special populations are most frequently served by testing agencies?
- What payment options are available for HIV testing services across different locations?
- How does the distribution of HIV testing services correlate with the prevalence of HIV in specific communities?

Concepts and Synonyms:
- HIV Testing/HIV Screening
- HIV Services/HIV Care
- Public Health/Public Health Services
- Community Health Clinics/Health Agencies
- Confidential Testing/Anonymous Testing
- Target Populations/Special Populations
- Health Equity/Healthcare Disparities
- Outreach Programs/Health Promotion
- Self-Testing/At-Home Testing

Keywords and Themes:
- HIV
- Testing Services
- Public Health
- Community Resources
- Accessibility
- Special Populations
- Youth Services
- Transgender Health
- Incarcerated Persons
- Free Testing
- Health Equity

Additional Context:
- This dataset is crucial for addressing the ongoing challenges of HIV prevention and treatment in diverse communities.
- It supports interdisciplinary research by linking public health data with social determinants of health.
- The dataset can be integrated with other health-related datasets to provide a comprehensive view of healthcare access and outcomes in urban settings.","Dataset Overview:
- This dataset provides comprehensive information on HIV testing services across various agencies in New York City. It includes details such as agency names, addresses, operational hours, contact information, and the age groups served. The dataset features a range of unique values for each column, ensuring diverse representation of services available. It also highlights special populations served and whether free self-tests are offered. This dataset can be utilized for research, public health initiatives, and resource allocation to improve access to HIV testing services. Overall, it serves as a valuable tool for understanding and enhancing community health resources.

Key Themes or Topics:
- HIV testing services
- Public health initiatives
- Community health resources
- Disease prevention and control
- Health equity and access
- Sexual health services
- Epidemiology of HIV
- Health service delivery
- Special populations in healthcare

Applications and Use Cases:
- Supports public health research and analysis
- Aids in resource allocation for HIV prevention programs
- Facilitates policy formulation for health services
- Assists healthcare providers in identifying service gaps
- Enables community outreach and education strategies
- Informs stakeholders about available testing options
- Guides interventions for at-risk populations

Concepts and Synonyms:
- HIV testing/HIV screening
- Testing agencies/testing centers
- Health services/healthcare providers
- Free self-tests/at-home testing
- Special populations/vulnerable groups
- Age groups/age demographics
- Operational hours/service availability
- Contact information/agency details
- Public health/public health services

Keywords and Themes:
- HIV
- Testing services
- New York City
- Public health data
- Community health
- Health resources
- Epidemiology
- Sexual health
- Disease prevention
- Access to care

Additional Context:
- Addresses the critical need for accessible HIV testing in urban settings
- Highlights disparities in healthcare access among different demographics
- Supports initiatives aimed at reducing HIV transmission rates
- Provides a framework for evaluating the effectiveness of HIV testing programs
- Encourages collaboration among public health agencies and community organizations","{'agency_name': {'column_description': 'The name of the HIV testing agency'}, 'address': {'column_description': 'The street address of the testing site.'}, 'borough': {'column_description': 'The borough where the testing site is located.', 'expected_per_allowed_values': 'BRONX; BROOKLYN; MANHATTAN; STATAN ISLAND; QUEENS'}, 'zip_code': {'column_description': 'The zip code where the testing site is located'}, 'phone_number': {'column_description': 'The phone number of the testing site.'}, 'hours_monday': {'column_description': 'Days and hours of operation of the testing site.', 'expected_per_allowed_values': '00:00 - 00:00'}, 'hours_tuesday': {'column_description': 'Days and hours of operation of the testing site.', 'expected_per_allowed_values': '00:00 - 00:00'}, 'hours_wednesday': {'column_description': 'Days and hours of operation of the testing site.', 'expected_per_allowed_values': '00:00 - 00:00'}, 'hours_thursday': {'column_description': 'Days and hours of operation of the testing site.', 'expected_per_allowed_values': '00:00 - 00:00'}, 'hours_friday': {'column_description': 'Days and hours of operation of the testing site.', 'expected_per_allowed_values': '00:00 - 00:00'}, 'hours_saturday': {'column_description': 'Days and hours of operation of the testing site.', 'expected_per_allowed_values': '00:00 - 00:00'}, 'hours_sunday': {'column_description': 'Days and hours of operation of the testing site.', 'expected_per_allowed_values': '00:00 - 00:00'}, 'free_self_tests': {'column_description': 'Free HIV self-test available', 'expected_per_allowed_values': 'Yes, No'}, 'ages_served': {'column_description': 'The ages of clients served', 'expected_per_allowed_values': '0-4,5-12,13-17,18-24,25-29,30-39,40-49,50-59,60+'}, 'payment_cost': {'column_description': 'Payment Information', 'expected_per_allowed_values': 'Free, Medicaid,Medicare,Private Insurance,Uninsured,Sliding Scale,PrEP-AP,PEP for Uninsured,ADAP,ADAP-Plus'}, 'special_populations_served': {'column_description': 'Special populations served', 'expected_per_allowed_values': 'Heterosexual Women,Transgender and Gender Non-Conforming Persons,Men Who Have Sex With Men (MSM),Sex Workers,People who Use Drugs,Incarcerated or Recently Incarcerated Persons,Youth (~13-29 yrs),Homeless Persons,Immigrants,'}, 'website': {'column_description': 'Website'}}",599,18.0,1.0,1.0
9hxz-c2kj,https://data.cityofnewyork.us/d/9hxz-c2kj,"This dataset provides detailed information on school cafeteria inspections across New York City, covering a range of establishments including public, private, and parochial schools. It includes key data such as school names, addresses, inspection dates, and descriptions of any violations found during inspections. The dataset contains 2,139 unique entries, with a temporal coverage of inspections from January 2017 to December 2019, and spatial data that includes latitude and longitude coordinates for precise location mapping. Each entry details the nature of violations, categorized by severity, which can be crucial for monitoring food safety and compliance with health regulations. This dataset can be utilized by educational authorities, health inspectors, and researchers to analyze trends in food safety violations, assess compliance with health standards, and improve the overall safety of school cafeterias.

Column constraints outlined in Data Dictionary:
borough: Allowed values are MANHATTAN, BRONX, BROOKLYN, QUEENS, STATEN ISLAND; Note: discrepancies may exist between zip code and listed borough due to differences in mailing address and physical location  
lastinspection: Format is ISO 8601 date; NULL values indicate no inspection has occurred  
inspectiondate: Format is ISO 8601 date; may differ from last inspection date  
level: Allowed values are CP, A, CH, C, AV, NV, G; Critical violations are those most likely to contribute to foodborne illness  
code: Allowed values are defined in an external document; Blank field indicates no violations were cited during inspection  
latitude: Format is decimal degrees; Coordinate location north or south of the equator  
longitude: Format is decimal degrees; Coordinate location east or west of the meridian at Greenwich, England  
councildistrict: Allowed values are integers from 1 to 51; In 2019, there are 51 Council Districts in NYC  
bin: Format is a seven-digit numerical identifier; The first digit is the borough code  
bbl: Format is a parcel number system used to identify the location of building or property  
borocode: Allowed values are 1 (Manhattan), 2 (Bronx), 3 (Brooklyn), 4 (Queens), 5 (Staten Island)","This dataset contains detailed information on cafeteria inspections across various schools in New York City, covering a range of violations related to food safety and facility maintenance. It includes unique identifiers for each school, their names, addresses, and inspection details, such as dates and violation descriptions. The dataset spans inspections from January 2017 to December 2019, providing a comprehensive view of compliance over time. It can be used to analyze trends in food safety violations, assess the effectiveness of health regulations, and inform stakeholders about the conditions of school cafeterias. The data is spatially and temporally rich, allowing for geographic analysis at the borough and community board levels.","Dataset Overview:
- This dataset provides detailed information on school cafeteria inspections across New York City, covering a range of establishments including public, private, and parochial schools. It includes key data such as school names, addresses, inspection dates, and descriptions of any violations found during inspections. The dataset contains 2,139 unique entries, with a temporal coverage of inspections from January 2017 to December 2019, and spatial data that includes latitude and longitude coordinates for precise location mapping. Each entry details the nature of violations, categorized by severity, which can be crucial for monitoring food safety and compliance with health regulations. This dataset can be utilized by educational authorities, health inspectors, and researchers to analyze trends in food safety violations, assess compliance with health standards, and improve the overall safety of school cafeterias.

Key Themes or Topics:
- Food safety
- Public health
- School nutrition
- Health inspections
- Compliance monitoring
- Foodborne illness prevention
- Regulatory enforcement
- Educational facilities
- Urban health
- Community health standards

Applications and Use Cases:
- Enables health inspectors to evaluate compliance with food safety regulations in school cafeterias.
- Assists educational authorities in identifying schools with frequent violations to implement corrective measures.
- Supports researchers in analyzing trends in food safety violations over time and across different boroughs.
- Facilitates policy formulation aimed at improving food safety standards in educational institutions.
- Aids in public health campaigns focused on reducing foodborne illnesses among school-aged children.

Potential Questions:
- What is the distribution of food safety violations across different boroughs in NYC?
- How do the rates of critical violations differ between public and private schools?
- What trends can be observed in school cafeteria inspections from 2017 to 2019?
- Which council districts have the highest number of violations reported?
- How does the severity of violations vary by school type (public, private, parochial)?

Concepts and Synonyms:
- School cafeteria inspections/food service inspections
- Health violations/health code violations
- Food safety compliance/food safety standards
- Inspection dates/inspection records
- Violations severity/violation categories
- Public health regulations/health department standards
- Nutritional safety/food quality assurance

Keywords and Themes:
- School cafeterias
- Health inspections NYC
- Food safety violations
- Compliance data
- Inspection records
- Educational health standards
- Foodborne illness statistics
- School health regulations
- Inspection trends

Additional Context:
- This dataset is relevant for addressing public health challenges related to food safety in schools, particularly in urban environments like New York City.
- It can be integrated with other datasets related to public health, nutrition, and educational outcomes to provide a comprehensive view of health and safety in school settings.
- The dataset's temporal and spatial dimensions allow for detailed analysis of how food safety practices evolve over time and across different geographic areas, making it valuable for interdisciplinary research and policy development.","Dataset Overview:
- This dataset contains detailed information on cafeteria inspections across various schools in New York City, covering a range of violations related to food safety and facility maintenance. It includes unique identifiers for each school, their names, addresses, and inspection details, such as dates and violation descriptions. The dataset spans inspections from January 2017 to December 2019, providing a comprehensive view of compliance over time. It can be used to analyze trends in food safety violations, assess the effectiveness of health regulations, and inform stakeholders about the conditions of school cafeterias. The data is spatially and temporally rich, allowing for geographic analysis at the borough and community board levels.

Key Themes or Topics:
- Food safety
- Public health
- School nutrition
- Health inspections
- Compliance monitoring
- Facility maintenance
- Sanitation standards
- Regulatory enforcement
- Community health
- Educational environments

Applications and Use Cases:
- Supports health department evaluations and inspections
- Assists in policy formulation for food safety regulations
- Aids researchers in studying foodborne illness trends
- Enables school administrators to improve cafeteria conditions
- Facilitates community awareness and advocacy for food safety
- Informs public health campaigns targeting school nutrition
- Assists in geographic analysis of health compliance across neighborhoods

Concepts and Synonyms:
- Cafeteria inspections/food service inspections
- Violations/infractions
- Food safety standards/sanitation regulations
- Health code compliance/health regulations
- School cafeterias/school food services
- Inspection reports/compliance reports
- Foodborne illness prevention/public health safety
- Facility audits/maintenance checks
- Regulatory agencies/health departments

Keywords and Themes:
- cafeteria inspections
- food safety violations
- health inspections NYC
- school nutrition compliance
- sanitation violations
- public health data
- facility maintenance inspections
- educational health standards
- community health assessments
- regulatory compliance data

Additional Context:
- The dataset is crucial for understanding the impact of food safety regulations on school environments and student health.
- It provides insights into the effectiveness of health inspections and the prevalence of violations, which can inform future policy changes.
- The data can be integrated with other public health datasets to analyze broader trends in community health and safety.
- It highlights the importance of maintaining high standards in school cafeterias to protect children's health and well-being.","{'schoolname': {'column_description': 'Establishment (school) name', 'expected_per_allowed_values': 'Name of school'}, 'number': {'column_description': 'Building number for establishment (school) location'}, 'street': {'column_description': 'Street name for establishment (school) location'}, 'borough': {'column_description': 'Borough of establishment (school) location', 'expected_per_allowed_values': '• MANHATTAN\n• BRONX\n•BROOKLYN\n• QUEENS\n• STATEN ISLAND', 'field_limitations': ""NOTE: There may be discrepancies between zip code and listed boro due to differences in an establishment's mailing address and physical location""}, 'zipcode': {'column_description': 'Zip code of establishment (school) location'}, 'lastinspection': {'column_description': 'Date of last inspection', 'field_limitations': 'NOTE: NULL inspection dates mean an establishment has not yet had an inspection'}, 'permittee': {'column_description': 'Name of business owner holding the permit'}, 'inspectiondate': {'column_description': 'Date an inspection was conducted', 'field_limitations': 'Inspection date is the date that this row violation listed in the dataset was cited. Last inspection date is the date that the establishment had their last inspection. It may be different from the inspection date as there may have been additional inspections of the establishment conducted since the inspection that this violation was cited on.'}, 'level': {'column_description': 'Indicator of the type of violation.', 'expected_per_allowed_values': 'CP‐Critical Violation ‐ Pre‐Permit Serious Violation\nA‐Administrative Violation\nCH‐ Critical Violation ‐ Public Health Hazard\nC‐ Critical Violation\nAV‐ Administrative Violation\nNV‐ Nutrition Violation\nG‐ General Violation', 'field_limitations': 'Critical violations are those most likely to contribute to foodborne illness.'}, 'code': {'column_description': 'Violation code associated with inspection finding', 'expected_per_allowed_values': 'For list of violation codes visit\nhttps://www.nyc.gov/assets/doh/downloads/pdf/rii/blue‐book.pdf', 'field_limitations': 'Blank field indicates no violations were cited during inspection'}, 'latitude': {'column_description': 'Latitude', 'expected_per_allowed_values': 'Coordinate location north or south of the equator.', 'field_limitations': 'Degrees and minutes'}, 'longitude': {'column_description': 'Longitude', 'expected_per_allowed_values': 'Coordinate location east or west of the meridian at Greenwich, England. ', 'field_limitations': 'Degrees and minutes'}, 'communityboard': {'column_description': 'Community Board', 'expected_per_allowed_values': 'An advisory group representing the needs of the local community in city planning and budgeting, consisting of members appointed by the borough presidents.'}, 'councildistrict': {'column_description': 'NYC Council District', 'expected_per_allowed_values': 'An area represented by a NYC City Council member. ', 'field_limitations': 'In 2019, there are 51 Council Districts in NYC'}, 'censustract': {'column_description': 'Census Tract', 'expected_per_allowed_values': 'A small-area geography encompassing populations of 2,500 to 8,000 people.'}, 'bin': {'column_description': 'Building Identification Number ', 'expected_per_allowed_values': 'Seven digit numerical identifier unique to each building in NYC. The first digit is the borough code. '}, 'bbl': {'column_description': 'Borough-Block-Lot', 'expected_per_allowed_values': 'Parcel number system used to identify the location of building or property.'}, 'nta': {'column_description': 'Neighborhood Tabulation Area', 'expected_per_allowed_values': ""Geographical areas representing aggregations of census tracts that are subsets of NYC's 55 Public Use Microdata Areas (PUMAs).""}, 'borocode': {'column_description': 'Numerical code for the borough of establishment (school) location', 'expected_per_allowed_values': '1‐ Manhattan\n2‐ Bronx\n3‐ Brooklyn\n4‐ Queens\n5‐ Staten Island'}}",24,23.0,1.0,1.0
gfej-by6h,https://data.cityofnewyork.us/d/gfej-by6h,"This dataset provides comprehensive information about health centers across various boroughs in New York City, including their locations, operational hours, and services offered. It includes details such as street addresses, zip codes, and geographic coordinates, making it useful for identifying health resources in specific areas. The dataset features 14 unique health centers, with varying days and hours of operation, and highlights the languages spoken at each location, catering to diverse communities. It also includes contact information, indicating whether walk-ins are accepted. This dataset is particularly valuable for analyzing health insurance enrollment trends and accessibility to healthcare services, especially for programs like SNAP and other assistance initiatives. The semantic profile reveals that the data encompasses both spatial and temporal dimensions, allowing for detailed geographic and demographic analysis, which can aid in improving health service outreach and enrollment strategies.","This dataset provides comprehensive information about health centers across various boroughs, including their addresses, operational days and hours, and contact details. It features 14 unique health centers, with data on languages spoken and walk-in policies, making it a valuable resource for understanding healthcare accessibility in New York City. The dataset includes spatial data such as latitude and longitude, allowing for geographic analysis of health service locations. It can be utilized to assess health insurance enrollment trends and identify areas needing improved healthcare access, ultimately supporting public health initiatives and policy-making efforts.","Dataset Overview:
- This dataset provides comprehensive information about health centers across various boroughs in New York City, including their locations, operational hours, and services offered. It includes details such as street addresses, zip codes, and geographic coordinates, making it useful for identifying health resources in specific areas. The dataset features 14 unique health centers, with varying days and hours of operation, and highlights the languages spoken at each location, catering to diverse communities. It also includes contact information, indicating whether walk-ins are accepted. This dataset is particularly valuable for analyzing health insurance enrollment trends and accessibility to healthcare services, especially for programs like SNAP and other assistance initiatives. The semantic profile reveals that the data encompasses both spatial and temporal dimensions, allowing for detailed geographic and demographic analysis, which can aid in improving health service outreach and enrollment strategies.

Key Themes or Topics:
- Health Insurance Enrollment
- Healthcare Accessibility
- Community Health Services
- Public Health Initiatives
- Social Services and Assistance Programs
- Urban Health Resources
- Health Equity and Disparities
- Geographic Information Systems (GIS) in Health

Applications and Use Cases:
- Facilitates analysis for healthcare professionals, policymakers, researchers, and community organizations.
- Useful for planning health service outreach programs and improving access to health insurance.
- Enables statistical modeling of health service utilization and enrollment trends.
- Supports evaluation of community health initiatives and their effectiveness.
- Assists in identifying gaps in healthcare access across different boroughs.

Potential Questions:
- What are the operational hours of health centers in each borough?
- How does the availability of health services vary by geographic location?
- What languages are spoken at each health center, and how does this relate to community demographics?
- How many health centers accept walk-ins, and what are their locations?
- What is the relationship between health center accessibility and health insurance enrollment rates in different neighborhoods?

Concepts and Synonyms:
- Health Centers/Community Health Clinics
- Health Insurance/Medical Coverage
- Enrollment/Registration
- Accessibility/Availability
- Public Health/Community Health
- SNAP/Supplemental Nutrition Assistance Program
- Outreach/Engagement
- Demographics/Population Characteristics

Keywords and Themes:
- Health Insurance Enrollment
- Healthcare Access
- Community Health Resources
- New York City Health Centers
- Public Health Data
- Social Services
- Health Equity
- Geographic Analysis

Additional Context:
- The dataset is relevant for addressing challenges related to healthcare access and insurance enrollment in urban settings.
- It provides insights into the effectiveness of health outreach programs and their impact on community health.
- The dataset can be integrated with other public health datasets to enhance understanding of health disparities and resource allocation.","Dataset Overview:
- This dataset provides comprehensive information about health centers across various boroughs, including their addresses, operational days and hours, and contact details. It features 14 unique health centers, with data on languages spoken and walk-in policies, making it a valuable resource for understanding healthcare accessibility in New York City. The dataset includes spatial data such as latitude and longitude, allowing for geographic analysis of health service locations. It can be utilized to assess health insurance enrollment trends and identify areas needing improved healthcare access, ultimately supporting public health initiatives and policy-making efforts.

Key Themes or Topics:
- Health Insurance Enrollment
- Healthcare Accessibility
- Public Health Services
- Community Health Centers
- Health Equity
- Geographic Health Disparities
- Social Determinants of Health
- Urban Health Analysis
- Health Policy and Planning

Applications and Use Cases:
- Supports public health research and analysis for healthcare professionals and policymakers.
- Aids in the identification of underserved areas for targeted health interventions.
- Facilitates the evaluation of health insurance enrollment trends and patterns.
- Assists in planning and resource allocation for health services in urban settings.
- Enables community outreach and engagement strategies to improve healthcare access.

Concepts and Synonyms:
- Health Centers/Community Clinics
- Health Services/Healthcare Facilities
- Enrollment Trends/Insurance Enrollment Patterns
- Accessibility/Healthcare Access
- Public Health/Public Health Initiatives
- Geographic Information Systems (GIS)/Spatial Analysis
- Walk-in Policies/Immediate Care Access
- Multilingual Services/Languages Spoken
- Operational Hours/Service Availability

Keywords and Themes:
- Health Insurance
- Enrollment Data
- Healthcare Access
- New York City Health Centers
- Community Health
- Health Disparities
- Public Health Policy
- Spatial Data
- Health Services Research

Additional Context:
- The dataset is crucial for addressing healthcare access disparities in urban populations, particularly in relation to health insurance enrollment.
- It provides insights into the effectiveness of public health initiatives aimed at improving healthcare access and equity.
- The integration of spatial data allows for a nuanced understanding of geographic health trends and the impact of location on health service utilization.",,14,19.0,0.0,1.0
rqgf-94xs,https://data.cityofnewyork.us/d/rqgf-94xs,"This dataset, sourced from the Pregnancy Risk Assessment Monitoring System (PRAMS), provides valuable insights into various maternal health indicators over several years, specifically from 2016 to 2023. It includes data on breastfeeding initiation, smoking before pregnancy, postpartum depression symptoms, and food insecurity, among other health-related questions. The prevalence of these conditions is measured as a percentage of New York City resident women who gave birth in the specified years, with confidence intervals indicating the precision of these estimates. The dataset features a range of prevalence values, from as low as 1.7% to as high as 94.3%, reflecting diverse maternal health experiences. This dataset can be utilized for monitoring trends in maternal health, evaluating the effectiveness of public health interventions, and informing policy decisions aimed at improving maternal and infant health outcomes. Overall, it serves as a crucial resource for researchers and healthcare professionals focused on maternal health monitoring.

Column constraints outlined in Data Dictionary:
year: must be an integer; must be within the range of 2016 to 2023; represents the year the survey was conducted","This dataset focuses on Maternal Health Surveillance, providing valuable insights into various health conditions and behaviors among mothers before and after pregnancy. It includes data from the Pregnancy Risk Assessment Monitoring System (PRAMS) spanning several years, with questions addressing issues such as breastfeeding initiation, smoking, and postpartum depression. The dataset features 100 unique entries, with prevalence rates and confidence intervals that allow for statistical analysis of maternal health trends. It serves as a crucial resource for researchers and policymakers aiming to improve maternal health outcomes and understand the factors affecting mothers during and after pregnancy.","Dataset Overview:
- This dataset, sourced from the Pregnancy Risk Assessment Monitoring System (PRAMS), provides valuable insights into various maternal health indicators over several years, specifically from 2016 to 2023. It includes data on breastfeeding initiation, smoking before pregnancy, postpartum depression symptoms, and food insecurity, among other health-related questions. The prevalence of these conditions is measured as a percentage of New York City resident women who gave birth in the specified years, with confidence intervals indicating the precision of these estimates. The dataset features a range of prevalence values, from as low as 1.7% to as high as 94.3%, reflecting diverse maternal health experiences. This dataset can be utilized for monitoring trends in maternal health, evaluating the effectiveness of public health interventions, and informing policy decisions aimed at improving maternal and infant health outcomes. Overall, it serves as a crucial resource for researchers and healthcare professionals focused on maternal health monitoring.

Key Themes or Topics:
- Maternal health
- Public health
- Reproductive health
- Infant health
- Health disparities
- Prenatal care
- Postpartum care
- Breastfeeding practices
- Mental health in mothers
- Food security and nutrition
- Substance use during pregnancy
- Health monitoring and assessment

Applications and Use Cases:
- Facilitates analysis for maternal health researchers and public health officials.
- Useful for evaluating the impact of health policies on maternal and infant health outcomes.
- Enables healthcare providers to identify at-risk populations and tailor interventions.
- Supports statistical modeling of maternal health trends over time.
- Assists in the development of educational programs for expectant mothers.
- Aids in the assessment of community health initiatives and their effectiveness.

Potential Questions:
- What is the prevalence of breastfeeding initiation among New York City mothers from 2016 to 2023?
- How does the percentage of postpartum depression symptoms vary across different years?
- What trends can be observed in smoking rates before pregnancy among New York City residents over the specified years?
- How does food insecurity correlate with maternal health indicators in the dataset?
- What are the confidence intervals for the prevalence of various maternal health conditions reported in the dataset?

Concepts and Synonyms:
- Maternal health monitoring/maternal health assessment
- Breastfeeding initiation/breastfeeding rates
- Postpartum depression/postnatal depression
- Food insecurity/nutritional insecurity
- Prenatal smoking/substance use during pregnancy
- Health indicators/maternal health indicators
- Public health interventions/health promotion strategies
- Maternal health outcomes/infant health outcomes

Keywords and Themes:
- Maternal health
- Breastfeeding
- Postpartum depression
- Food insecurity
- Smoking during pregnancy
- Health trends
- Public health data
- Pregnancy Risk Assessment Monitoring System (PRAMS)
- New York City maternal health
- Health disparities in pregnancy

Additional Context:
- This dataset is relevant for addressing public health challenges related to maternal and infant health, particularly in urban settings like New York City.
- It provides a foundation for interdisciplinary research that combines public health, sociology, and maternal health studies.
- The dataset can be integrated with other health datasets to provide a more comprehensive view of maternal health trends and outcomes.","Dataset Overview:
- This dataset focuses on Maternal Health Surveillance, providing valuable insights into various health conditions and behaviors among mothers before and after pregnancy. It includes data from the Pregnancy Risk Assessment Monitoring System (PRAMS) spanning several years, with questions addressing issues such as breastfeeding initiation, smoking, and postpartum depression. The dataset features 100 unique entries, with prevalence rates and confidence intervals that allow for statistical analysis of maternal health trends. It serves as a crucial resource for researchers and policymakers aiming to improve maternal health outcomes and understand the factors affecting mothers during and after pregnancy.

Key Themes or Topics:
- Maternal health
- Maternal health surveillance
- Pregnancy health
- Postpartum health
- Prenatal care
- Reproductive health
- Public health
- Maternal behaviors
- Maternal morbidity
- Maternal mortality
- Child health
- Breastfeeding practices
- Mental health in mothers
- Health risk behaviors during pregnancy
- Maternal nutrition
- Health disparities in maternal health

Applications and Use Cases:
- Facilitates analysis for maternal health researchers
- Useful for public health policymakers
- Supports maternal and child health program development
- Enables statistical modeling of maternal health trends
- Assists in evaluating the effectiveness of maternal health interventions
- Provides insights for healthcare providers on maternal care practices
- Aids in understanding the impact of socio-economic factors on maternal health
- Supports epidemiological studies related to maternal health outcomes

Concepts and Synonyms:
- Maternal health/maternal wellness
- Pregnancy risk assessment/pregnancy risk factors
- Postpartum depression/postnatal depression
- Breastfeeding initiation/breastfeeding rates
- Smoking during pregnancy/tobacco use in pregnancy
- Maternal behaviors/maternal practices
- Health conditions in pregnancy/pregnancy complications
- Maternal health outcomes/maternal health indicators
- Prenatal/postnatal care
- Reproductive health services/family planning

Keywords and Themes:
- Maternal health data
- Pregnancy Risk Assessment Monitoring System (PRAMS)
- Health conditions in mothers
- Breastfeeding
- Smoking cessation
- Postpartum care
- Maternal mental health
- Health trends in pregnancy
- Maternal health statistics
- Public health surveillance

Additional Context:
- Highlights the dataset's relevance to addressing maternal health disparities and improving health outcomes for mothers and infants.
- Emphasizes its value for interdisciplinary applications, integrating insights from public health, sociology, and healthcare policy.
- Supports ongoing research into the social determinants of health affecting maternal and child health outcomes.","{'year': {'column_description': 'The year that survey data were collected ', 'additional_notes': 'The survey is conducted annually'}, 'source': {'column_description': 'The source of survey data is the Pregnancy Risk Assessment Monitoring System (PRAMS) '}, 'question': {'column_description': 'Please see the Codebook tab for a detailed descriptions of each question'}, 'prevalence': {'column_description': 'The percent of NYC resident women who gave birth in a given year with the characteristic being described'}, 'lower_95_confidence_interval': {'column_description': 'Confidence Interval (CI) is a measure of the precision of an estimate: the wider the CI, the more imprecise the estimate. The Lower Bound of the confidence interval is the lower threshold of imprecision. If a different sample of New York City mothers were interviewed using the same methodology, 95% of the time their answers would fall between the lower bound and the upper bound of the confidence interval.'}, 'upper_95_confidence_interval': {'column_description': 'Confidence Interval (CI) is a measure of the precision of the estimate: the wider the CI, the more imprecise the estimate. The Upper Bound of the confidence interval is the upper threshold of imprecision. If a different sample of New York City mothers were interviewed using the same methodology, 95% of the time their answers would fall between the lower bound and the upper bound of the confidence interval.'}}",113,6.0,1.0,1.0
f9wb-g8mb,https://data.cityofnewyork.us/d/f9wb-g8mb,"This dataset contains detailed records of cooling tower inspections conducted in New York City, covering a range of properties across the five boroughs. It includes essential information such as building identification numbers, addresses, inspection dates, violation codes, and the status of each cooling tower system. The dataset spans from January 31, 2017, to November 17, 2025, providing a comprehensive view of compliance with health and safety regulations. Each entry includes specific violation descriptions and types, indicating whether they are critical, general, or public health hazards. The dataset can be utilized by public health officials, researchers, and urban planners to monitor compliance, assess public health risks, and improve regulatory practices related to cooling towers. Additionally, it offers valuable spatial data, including latitude and longitude coordinates, which can aid in geographic analysis and urban planning efforts.

Column constraints outlined in Data Dictionary:
bin: 7-digit number; first digit is the Borough Code; may be all zeroes indicating no BIN assigned  
system_id: 10-digit number; must start with the digit ""2""  
borough: allowed values: Manhattan, Queens, Brooklyn, Bronx, Staten Island  
zip_code: 5-digit number  
status: allowed values: Active, Inactive  
active_equip: 2-digit number; must be non-negative  
inspection_date: date format: MM/DD/YYYY; must be from 2017 onwards; excludes inspections within 30 days of publication date  
violation_code: 4-character alpha-numeric; blank if no summons issued  
law_section: text; blank if no violations cited  
violation_text: text; blank if no violations cited  
violation_type: allowed values: PHH, General, Critical; blank if no violations cited  
citation_text: text; blank if no summons issued or citation text not available  
summons_number: 10-character text; blank if no violation cited or summons not issued  
inspection_type: allowed values: Cycle, Non-Cycle  
bbl: 10-digit number  
latitude: number; must be within valid latitude range (-90 to 90)  
longitude: number; must be within valid longitude range (-180 to 180)  
community_board: 3-digit number  
council_district: 2-digit number  
census_tract: 6-digit number  
nta_code: 6-character alpha-numeric; first 2 characters are alpha for borough, next 2 are numeric for community district, last 2 are numeric for unique ID","This dataset contains detailed records of cooling tower inspections across various boroughs, including Manhattan, Brooklyn, Queens, and the Bronx. It includes information such as the address, inspection dates, violation codes, and the status of each cooling tower. The dataset spans from February 6, 2017, to May 4, 2025, providing a comprehensive view of compliance with health regulations. Each entry is geolocated with latitude and longitude coordinates, allowing for spatial analysis. This dataset can be utilized for monitoring public health compliance, identifying trends in violations, and improving cooling tower management practices to ensure safety and regulatory adherence.","Dataset Overview:
- This dataset contains detailed records of cooling tower inspections conducted in New York City, covering a range of properties across the five boroughs. It includes essential information such as building identification numbers, addresses, inspection dates, violation codes, and the status of each cooling tower system. The dataset spans from January 31, 2017, to November 17, 2025, providing a comprehensive view of compliance with health and safety regulations. Each entry includes specific violation descriptions and types, indicating whether they are critical, general, or public health hazards. The dataset can be utilized by public health officials, researchers, and urban planners to monitor compliance, assess public health risks, and improve regulatory practices related to cooling towers. Additionally, it offers valuable spatial data, including latitude and longitude coordinates, which can aid in geographic analysis and urban planning efforts.

Key Themes or Topics:
- Public Health and Safety
- Environmental Compliance
- Urban Infrastructure Management
- Regulatory Oversight
- Risk Assessment and Mitigation
- Building Code Compliance
- Health Hazard Identification
- Urban Planning and Development
- Cooling Systems and HVAC Regulations

Applications and Use Cases:
- Enables public health officials to monitor compliance with cooling tower regulations.
- Assists researchers in studying the impact of cooling towers on public health.
- Supports urban planners in assessing the spatial distribution of cooling towers.
- Facilitates regulatory agencies in identifying and addressing violations.
- Aids in statistical modeling of health risks associated with cooling tower operations.
- Provides data for engineering assessments of cooling tower systems.

Potential Questions:
- What is the distribution of cooling tower violations across different boroughs?
- How does the status of cooling tower systems (Active vs. Inactive) vary by inspection date?
- What trends can be observed in the frequency of critical violations over time?
- How do violation types differ between residential and commercial properties?
- What is the relationship between inspection dates and the issuance of summons numbers?
- How many cooling towers are located within specific community boards?

Concepts and Synonyms:
- Cooling Towers / Cooling Systems
- Inspections / Assessments / Evaluations
- Violations / Non-compliance / Infractions
- Public Health Hazards / Health Risks / Safety Violations
- Regulatory Compliance / Code Enforcement
- Urban Planning / City Development / Infrastructure Management
- Spatial Analysis / Geographic Information Systems (GIS)

Keywords and Themes:
- Cooling Tower Inspections
- Health and Safety Regulations
- New York City Cooling Towers
- Violation Codes
- Inspection Dates
- Building Identification Numbers
- Public Health Compliance
- Environmental Health
- Urban Infrastructure

Additional Context:
- This dataset is crucial for addressing public health challenges related to cooling towers, particularly in urban environments where such systems are prevalent. It provides insights into compliance with health regulations, which is vital for preventing outbreaks of Legionnaires' disease and other health risks associated with improperly maintained cooling systems. The dataset can also be integrated with other urban datasets to enhance understanding of environmental health issues in New York City.","Dataset Overview:
- This dataset contains detailed records of cooling tower inspections across various boroughs, including Manhattan, Brooklyn, Queens, and the Bronx. It includes information such as the address, inspection dates, violation codes, and the status of each cooling tower. The dataset spans from February 6, 2017, to May 4, 2025, providing a comprehensive view of compliance with health regulations. Each entry is geolocated with latitude and longitude coordinates, allowing for spatial analysis. This dataset can be utilized for monitoring public health compliance, identifying trends in violations, and improving cooling tower management practices to ensure safety and regulatory adherence.

Key Themes or Topics:
- Public health compliance
- Environmental health
- Urban infrastructure management
- Regulatory compliance
- Safety inspections
- Building management
- Water quality management
- Public safety
- Risk assessment
- Health regulations

Applications and Use Cases:
- Monitoring compliance with health and safety regulations for cooling towers
- Identifying trends in inspection violations and compliance rates
- Supporting urban planning and infrastructure development
- Informing public health policy and regulatory frameworks
- Enhancing cooling tower management practices for safety
- Conducting spatial analysis for urban health studies
- Assisting in risk management and mitigation strategies
- Providing data for academic research in environmental science and public health

Concepts and Synonyms:
- Cooling tower inspections/monitoring
- Health regulations/compliance standards
- Violation codes/infraction codes
- Geolocation/spatial data
- Public health/safety inspections
- Environmental compliance/health inspections
- Urban boroughs/metropolitan areas
- Inspection dates/assessment timelines
- Cooling system management/maintenance practices

Keywords and Themes:
- Cooling towers
- Inspections
- Violations
- Compliance
- Public health
- Environmental safety
- Urban health
- Spatial analysis
- Regulatory adherence
- Health inspections

Additional Context:
- The dataset is crucial for addressing public health challenges related to cooling towers, which can be sources of Legionella and other pathogens if not properly maintained. 
- It provides valuable insights for interdisciplinary applications, linking urban planning, public health, and environmental science.
- The dataset can be integrated with other urban infrastructure datasets to enhance understanding of health risks associated with urban environments.","{'bin': {'column_description': 'Department of Buildings (DOB) Building Identification Number', 'expected_per_allowed_values': '7-digit number', 'field_limitations': 'Provided by DOB', 'additional_notes': 'Building Identification Number (BIN) is a seven-digit numerical identifier unique to each building in the City of New York. The first digit is the Borough Code. If the borough code is followed by all zeroes (commonly referred to as a ‘million BIN’, this indicates that a BIN has not been assigned, either because the address associated with the building has not yet been built, an address is assigned as a potential valid range where there is no building (vacant lot or vacant street frontage), or it is associated with a constituent entity of a Complex NAP (Non-Addressable Placename) but does not indicate a building or structure that would have a BIN assignment (such as the Children’s Zoo Spider Web within Central Park).'}, 'system_id': {'column_description': 'Unique NYC Cooling Tower System Identification Number', 'expected_per_allowed_values': '10-digit number', 'field_limitations': 'BWSO system-generated', 'additional_notes': 'Cooling tower system identification number is a unique identifier starting with the digit ""2"". It is assigned to a cooling tower system upon registration in the NYC Cooling Tower Registration Portal.'}, 'address': {'column_description': 'Street name and street number of the physical location of the cooling tower system', 'expected_per_allowed_values': 'Text', 'field_limitations': 'Self-reported by the registrant'}, 'borough': {'column_description': 'Borough of the physical location of the cooling tower system', 'expected_per_allowed_values': 'Text: Manhattan, Queens, Brooklyn, Bronx, or Staten Island', 'field_limitations': 'Self-reported by the registrant'}, 'zip_code': {'column_description': 'ZIP code of the physical location of the cooling tower system', 'expected_per_allowed_values': '5-digit number', 'field_limitations': 'Self-reported by the registrant'}, 'status': {'column_description': 'Registration status of the cooling tower system ', 'expected_per_allowed_values': 'Text: Active or Inactive', 'field_limitations': 'Self-reported by the registrant', 'additional_notes': 'Registration status at the time of dataset publication'}, 'active_equip': {'column_description': 'Number of active cooling tower equipment associated with the cooling tower system at the time of publication', 'expected_per_allowed_values': '2-digit number', 'field_limitations': 'Calculated ', 'additional_notes': 'The number of active cooling tower equipment registered under the cooling tower system. It does not include equipment that are inactive (previously decommissioned or deleted).'}, 'inspection_date': {'column_description': 'Cooling tower system inspection date', 'expected_per_allowed_values': 'Date: MM/DD/YYYY', 'field_limitations': 'Entered by the public health inspector', 'additional_notes': 'This dataset includes inspections conducted since 2017 with the exception of inspections completed within 30 days of the publication date which are not shown yet as they are under final review by the program unit.'}, 'violation_code': {'column_description': 'OATH (Office of Administrative Trials and Hearings) Code', 'expected_per_allowed_values': '4-character alpha-numeric', 'field_limitations': 'BWSO system-generated based on the cited violation. A blank field indicates that no summonses were issued for the inspection.', 'additional_notes': 'The OATH violation code appears on the summons issued to the Respondent. '}, 'law_section': {'column_description': 'Section/Rule of Law of Violation', 'expected_per_allowed_values': 'Text', 'field_limitations': 'BWSO system-generated based on the cited violation. A blank field indicates that no violations were cited during the inspection.', 'additional_notes': 'The section of law or the rule that the respondent is charged with violating. For cooling tower violations, the applicable sections of law are Title 24 of the Rules of the City of New York Chapter 8, NYC Administrative Code 17-194.1 and/or the NY State Sanitary Code Part 4. '}, 'violation_text': {'column_description': 'Description of Violation', 'expected_per_allowed_values': 'Text', 'field_limitations': 'BWSO system-generated based on the cited violation. A blank field indicates that no violations were cited during the inspection.', 'additional_notes': 'Description of the violation that is cited. '}, 'violation_type': {'column_description': 'Health Hazard Category of Violation', 'expected_per_allowed_values': 'Text: PHH, General, or Critical', 'field_limitations': 'BWSO system-generated based on the cited violation.  A blank field indicates that no violations were cited during the inspection.'}, 'citation_text': {'column_description': 'Details of the Violation', 'expected_per_allowed_values': 'Text', 'field_limitations': 'Entered by the public health inspector. A blank field indicates that no summons was issued for the associated violation or citation text was not available from the summons.', 'additional_notes': 'A detailed description of the conditions observed by the public health inspector. '}, 'summons_number': {'column_description': 'Summons or Ticket Number for OATH hearing at ECB (Environmental Control Board)', 'expected_per_allowed_values': '10-character text', 'field_limitations': 'Automatically generated by OATH. ', 'additional_notes': 'A unique identifier for a particular summons. \n\nThis field is blank if no violation was cited. This field may also be blank if a violation was cited and a summons and associated financial penalties was not issued.'}, 'inspection_type': {'column_description': 'Type of inspection conducted', 'expected_per_allowed_values': 'Text: Cycle or Non-Cycle', 'field_limitations': 'Provided by BWSO', 'additional_notes': 'Cycle inspections are regular compliance inspections conducted by BWSO to confirm adherence with safety regulations.  Non-cycle may include followup inspections or other regulatory inspections to evaluate public health risks '}, 'bbl': {'column_description': 'Borough Block Lot', 'expected_per_allowed_values': '10-digit number', 'field_limitations': 'Provided by geocoding services', 'additional_notes': 'Identifies a parcel of real property in New York City, called a tax lot. The BBL contains a 1 byte Borough Code, a 5-byte Tax Block, and a 4-byte tax lot. The tax block and tax lot are both right justified, zero filled. '}, 'latitude': {'column_description': 'Latitude of the location of the building having the cooling tower', 'expected_per_allowed_values': 'Number', 'field_limitations': 'Provided by geocoding services', 'additional_notes': 'Lines of latitude measure the north-south position between the poles with the equator defined as 0 degrees. The units of measure are degrees and minutes.'}, 'longitude': {'column_description': 'Longitude of the location of the building having the cooling tower', 'expected_per_allowed_values': 'Number', 'field_limitations': 'Provided by geocoding services', 'additional_notes': 'Lines of longitude (or meridians) measure the east-west position, with the prime meridian running through Greenwich, England. The units of measure are degrees and minutes.'}, 'community_board': {'column_description': 'Community Board of the location of the building having the cooling tower', 'expected_per_allowed_values': '3-digit number', 'field_limitations': 'Provided by geocoding services', 'additional_notes': 'The first byte is a borough code and the second and third bytes are the community board number. There are 59 community districts in the city of New York, as well as 12 Joint Interest Areas (JIAs). The JIAs are major parks and airports that are not contained within any community districts.'}, 'council_district': {'column_description': 'Council District of the location of the building having the cooling tower', 'expected_per_allowed_values': '2-digit number', 'field_limitations': 'Provided by geocoding services', 'additional_notes': 'A district represented by a member of the New York City Council. Consists of an aggregation of Election Districts.'}, 'census_tract': {'column_description': 'The 2020 Census Tract of the location of the building having the cooling tower', 'expected_per_allowed_values': '6-digit number', 'field_limitations': 'Provided by geocoding services', 'additional_notes': 'Small, relatively permanent statistical subdivisions of a geographical area as defined by the U.S. Census Bureau.'}, 'nta_code': {'column_description': 'NTA (Neighborhood Tabulation Area) code of the location of the building having the cooling tower', 'expected_per_allowed_values': '6-character alpha-numeric', 'field_limitations': 'Provided by geocoding services', 'additional_notes': 'Unique identifier for each Neighborhood Tabulation Area (NTA). Includes 6 characters: 2 alpha for borough, 2 numeric matching CDTA number, 1 numeric indicating NTA Type, and 1 numeric to create unique ID. NTAs were created by the Department of City Planning to project populations at a small area level for PlaNYC, the long-term sustainability plan for New York City. These are now being used to present data from the Decennial Census and American Community Survey.'}}",123,22.0,1.0,1.0
i595-2byq,https://data.cityofnewyork.us/d/i595-2byq,"This dataset contains detailed information on radiation equipment registrations across various healthcare facilities in New York City. It includes 6,444 unique entries, each identified by a unique facility ID, and provides essential details such as the facility name, address, borough, and zip code. The dataset categorizes facilities by type, including Dental X-Ray, Hospital X-Ray, and Veterinary X-Ray, among others. Spatial data is included with latitude and longitude coordinates, allowing for precise geolocation of each facility. The dataset also features community board, council district, census tract, building identification number (BIN), borough-block-lot (BBL), and neighborhood tabulation area (NTA) information, which can be useful for urban planning and public health assessments. This dataset is valuable for researchers, policymakers, and healthcare professionals interested in understanding the distribution and types of radiation equipment available in the city, as well as for ensuring compliance with health regulations.

Column constraints outlined in Data Dictionary:
origid: 8-digit integer; unique per radiation equipment permit  
borough: allowed values are MANHATTAN, BRONX, BROOKLYN, QUEENS, STATEN ISLAND  
zipcode: 5-digit zip code  
facility_type: allowed values are Dental CBCT X-RAY, Dental X-RAY, Hospital X-RAY, Linear Accelerator, Non-Hospital X-RAY, Podiatric X-RAY, Radioactive Materials, Veterinary X-RAY  
latitude: coordinate location in degrees; must be between -90 and 90  
longitude: coordinate location in degrees; must be between -180 and 180  
community_board: must be a valid identifier for a NYC community board  
council_district: must be a valid identifier for a NYC council district; must be between 1 and 51  
census_tract: must be a valid identifier for a census tract  
bin: 7-digit numerical identifier; first digit is the borough code  
bbl: must be a valid parcel number for identifying building or property  
nta: must be a valid identifier for a neighborhood tabulation area","This dataset contains information on radiation equipment registrations, specifically focusing on various healthcare facilities that utilize X-ray technology. It includes details such as the facility name, address, borough, and type of service provided, with a total of 100 unique entries. The dataset features spatial data, including latitude and longitude coordinates, allowing for precise geolocation of each facility. It also categorizes facilities by type, such as dental and hospital X-rays, enhancing its usability for healthcare analysis. This dataset can be valuable for researchers, policymakers, and healthcare providers looking to understand the distribution and types of radiation equipment across different boroughs.","Dataset Overview:
- This dataset contains detailed information on radiation equipment registrations across various healthcare facilities in New York City. It includes 6,444 unique entries, each identified by a unique facility ID, and provides essential details such as the facility name, address, borough, and zip code. The dataset categorizes facilities by type, including Dental X-Ray, Hospital X-Ray, and Veterinary X-Ray, among others. Spatial data is included with latitude and longitude coordinates, allowing for precise geolocation of each facility. The dataset also features community board, council district, census tract, building identification number (BIN), borough-block-lot (BBL), and neighborhood tabulation area (NTA) information, which can be useful for urban planning and public health assessments. This dataset is valuable for researchers, policymakers, and healthcare professionals interested in understanding the distribution and types of radiation equipment available in the city, as well as for ensuring compliance with health regulations.

Key Themes or Topics:
- Radiation Equipment Registrations
- Healthcare Facility Distribution
- Public Health and Safety
- Urban Health Infrastructure
- Regulatory Compliance in Healthcare
- Geospatial Analysis of Healthcare Facilities
- Community Health Resources
- Environmental Health and Safety

Applications and Use Cases:
- Analysis of healthcare facility types and their distribution across New York City.
- Assessment of compliance with health regulations regarding radiation equipment.
- Urban planning and resource allocation for healthcare services.
- Public health assessments related to radiation exposure and healthcare access.
- Research on the correlation between facility types and community health outcomes.
- Policy formulation for healthcare infrastructure improvements.

Potential Questions:
- What is the distribution of radiation equipment types across different boroughs in NYC?
- How does the number of Dental X-Ray facilities compare to Hospital X-Ray facilities in specific council districts?
- What are the geographic concentrations of radiation equipment registrations in relation to community boards?
- How has the number of registered radiation facilities changed over the past years?
- What is the relationship between the types of radiation equipment and the neighborhoods they serve?

Concepts and Synonyms:
- Radiation Equipment/Radiation Devices
- Healthcare Facilities/Medical Facilities
- X-Ray Equipment/X-Ray Machines
- Dental Imaging/Dental Radiography
- Hospital Radiology Services
- Veterinary Imaging/Veterinary Radiography
- Geolocation/Spatial Data
- Urban Planning/City Planning
- Public Health/Public Safety

Keywords and Themes:
- Radiation Equipment Registrations
- Healthcare Facility Types
- NYC Healthcare Data
- Public Health Assessments
- Geospatial Healthcare Analysis
- Community Health Resources
- Regulatory Compliance
- Urban Health Infrastructure

Additional Context:
- This dataset is crucial for understanding the landscape of radiation equipment in NYC, which is essential for addressing public health concerns related to radiation exposure.
- It serves as a resource for interdisciplinary studies involving urban planning, public health, and healthcare policy.
- The dataset can be integrated with other health-related datasets to provide a comprehensive view of healthcare access and safety in urban environments.","Dataset Overview:
- This dataset contains information on radiation equipment registrations, specifically focusing on various healthcare facilities that utilize X-ray technology. It includes details such as the facility name, address, borough, and type of service provided, with a total of 100 unique entries. The dataset features spatial data, including latitude and longitude coordinates, allowing for precise geolocation of each facility. It also categorizes facilities by type, such as dental and hospital X-rays, enhancing its usability for healthcare analysis. This dataset can be valuable for researchers, policymakers, and healthcare providers looking to understand the distribution and types of radiation equipment across different boroughs.

Key Themes or Topics:
- Radiation safety
- Healthcare technology
- Medical imaging
- X-ray equipment
- Facility registration
- Public health
- Healthcare infrastructure
- Geospatial analysis
- Regulatory compliance
- Health services research

Applications and Use Cases:
- Supports healthcare facility planning and resource allocation
- Aids in regulatory compliance and monitoring of radiation equipment
- Facilitates public health assessments and epidemiological studies
- Assists researchers in analyzing healthcare access and service distribution
- Enables policymakers to identify gaps in healthcare services related to radiation technology
- Useful for insurance companies in evaluating healthcare service coverage

Concepts and Synonyms:
- Radiation equipment/radiological equipment
- X-ray technology/X-ray systems
- Healthcare facilities/medical facilities
- Facility registration/registration of medical equipment
- Geolocation/spatial data
- Dental X-rays/oral radiography
- Hospital X-rays/clinical radiography
- Boroughs/neighborhoods
- Service types/healthcare services
- Equipment distribution/radiation equipment distribution

Keywords and Themes:
- radiation equipment
- X-ray facilities
- healthcare analysis
- medical imaging technology
- facility registration data
- geospatial healthcare data
- public health research
- healthcare service distribution
- regulatory compliance in healthcare
- radiation safety standards

Additional Context:
- This dataset is relevant for addressing public health concerns related to radiation exposure and ensuring compliance with safety regulations in healthcare settings. It can be integrated with other health datasets to provide a comprehensive view of healthcare access and technology utilization. The spatial data component allows for geographic analysis of healthcare service availability, which is crucial for identifying underserved areas and improving health outcomes.","{'origid': {'unnamed_1': 'Unique identifier for the facility ', 'unnamed_3': '8-digit integer, static per radiation equipment permit'}, 'name': {'unnamed_1': 'Name of facility'}, 'address': {'unnamed_1': 'Building number and street name for facility location'}, 'borough': {'unnamed_1': 'Borough of facility', 'unnamed_2': '• MANHATTAN\n• BRONX\n•BROOKLYN\n• QUEENS\n• STATEN ISLAND', 'unnamed_3': ""NOTE: There may be discrepancies between zip code and listed boro due to differences in an establishment's mailing address and physical location""}, 'zipcode': {'unnamed_1': 'Zip code of facility location', 'unnamed_3': '5-digit zip code'}, 'facility_type': {'unnamed_1': 'Type of radiation producing equipment facility', 'unnamed_2': '• Dental CBCT X-RAY\n• Dental X-RAY\n• Hospital X-RAY\n• Linear Accelerator\n• Non-Hospital X-RAY\n• Podiatric X-RAY\n• Radioactive Materials\n• Veterinary X-RAY'}, 'latitude': {'unnamed_1': 'Latitude of the radiation producing equipment facility', 'unnamed_2': 'Coordinate location north or south of the equator', 'unnamed_3': 'Degrees and minutes'}, 'longitude': {'unnamed_1': 'Longitude of the radiation producing equipment facility', 'unnamed_2': 'Coordinate location east or west of the meridian at Greenwich, England. ', 'unnamed_3': 'Degrees and minutes'}, 'community_board': {'unnamed_1': 'Community Board of the radiation producing equipment facility', 'unnamed_2': 'An autonomous City agency representing the needs local community in city planning and budgeting.'}, 'council_district': {'unnamed_1': 'NYC Council District of the radiation producing equipment facility', 'unnamed_2': 'An area represented by a NYC City Council member. ', 'unnamed_3': 'In 2019, there are 51 Council Districts in NYC'}, 'census_tract': {'unnamed_1': 'Census Track of the radiation producing equipment facility', 'unnamed_2': 'An small- area geographically encompasing population of 2,500 to 8,000 people.'}, 'bin': {'unnamed_1': 'Building Identification Number of the radiation producing equipment facility', 'unnamed_2': 'Seven digit numerical identifier unique to each building in NYC. The first digit is the brough code. '}, 'bbl': {'unnamed_1': 'Borough-Block-Lot of the radiation producing equipment facility', 'unnamed_2': 'Parcel number system used to identify the location of building or property'}, 'nta': {'unnamed_1': 'Neighborhood Tabulation Area of the radiation producing equipment facility', 'unnamed_2': ""Geographical areas representing agregation of census tracks that are a subset of NYC's 55 Public Uns Microdata Areas (PUMAs)""}}","6,444",14.0,1.0,1.0
8eux-rfe8,https://data.cityofnewyork.us/d/8eux-rfe8,"This dataset provides information on free blood pressure check services available at various pharmacies across New York City. It includes details such as the facility name, address, service type, and contact information, with a total of 851 unique facility names and 1288 unique addresses. The dataset covers seven boroughs and includes spatial data, allowing users to locate services by latitude and longitude coordinates. Each entry also contains additional instructions for obtaining blood pressure checks, enhancing user experience. The dataset can be utilized by healthcare providers, researchers, and community organizations to identify accessible blood pressure monitoring services, promote health awareness, and improve public health initiatives. With comprehensive coverage of city council and community districts, this dataset serves as a valuable resource for understanding healthcare accessibility in urban environments.","This dataset provides information on free blood pressure checks available at various pharmacies across New York City. It includes details such as the facility name, address, service type, and contact information, making it a valuable resource for individuals seeking accessible healthcare services. The dataset covers multiple boroughs and zip codes, ensuring comprehensive geographic representation. It contains spatial data, including latitude and longitude coordinates, which can be used for mapping and location-based services. This dataset is particularly useful for public health initiatives, community outreach programs, and individuals looking to monitor their blood pressure conveniently.","Dataset Overview:
- This dataset provides information on free blood pressure check services available at various pharmacies across New York City. It includes details such as the facility name, address, service type, and contact information, with a total of 851 unique facility names and 1288 unique addresses. The dataset covers seven boroughs and includes spatial data, allowing users to locate services by latitude and longitude coordinates. Each entry also contains additional instructions for obtaining blood pressure checks, enhancing user experience. The dataset can be utilized by healthcare providers, researchers, and community organizations to identify accessible blood pressure monitoring services, promote health awareness, and improve public health initiatives. With comprehensive coverage of city council and community districts, this dataset serves as a valuable resource for understanding healthcare accessibility in urban environments.

Key Themes or Topics:
- Public health
- Healthcare accessibility
- Preventive healthcare
- Community health services
- Urban health initiatives
- Health monitoring
- Chronic disease management
- Health promotion
- Pharmacy services
- Health equity

Applications and Use Cases:
- Identifying locations for free blood pressure checks for community outreach programs
- Analyzing the distribution of blood pressure monitoring services across New York City
- Supporting public health campaigns aimed at hypertension awareness
- Facilitating research on healthcare access disparities in urban settings
- Informing policymakers about healthcare service availability in different boroughs
- Enhancing community health initiatives through targeted service promotion
- Evaluating the effectiveness of public health interventions related to hypertension

Potential Questions:
- What is the distribution of free blood pressure check services across the seven boroughs of New York City?
- How does the availability of blood pressure monitoring services differ between community districts?
- What are the common types of facilities offering free blood pressure checks in NYC?
- How many unique addresses provide free blood pressure check services?
- What additional instructions are provided for obtaining blood pressure checks at various facilities?

Concepts and Synonyms:
- Blood pressure monitoring/free blood pressure checks
- Hypertension screening/blood pressure screening
- Community pharmacies/pharmacy health services
- Health services accessibility/healthcare access
- Preventive health services/health promotion services
- Urban healthcare/urban health services
- Chronic disease prevention/chronic disease management
- Public health initiatives/community health programs

Keywords and Themes:
- Blood pressure
- Hypertension
- Free health services
- Pharmacy locations
- New York City healthcare
- Health awareness
- Community health
- Spatial data
- Health services directory
- Urban health analysis

Additional Context:
- This dataset is crucial for addressing public health challenges related to hypertension, a leading risk factor for cardiovascular diseases. It provides insights into the accessibility of preventive health services in urban environments, highlighting areas where health disparities may exist. The dataset can be integrated with other health-related datasets to enhance understanding of health outcomes and inform targeted interventions. It serves as a resource for interdisciplinary collaboration among healthcare providers, researchers, and community organizations focused on improving health outcomes in urban populations.","Dataset Overview:
- This dataset provides information on free blood pressure checks available at various pharmacies across New York City. It includes details such as the facility name, address, service type, and contact information, making it a valuable resource for individuals seeking accessible healthcare services. The dataset covers multiple boroughs and zip codes, ensuring comprehensive geographic representation. It contains spatial data, including latitude and longitude coordinates, which can be used for mapping and location-based services. This dataset is particularly useful for public health initiatives, community outreach programs, and individuals looking to monitor their blood pressure conveniently.

Key Themes or Topics:
- Public Health
- Preventive Healthcare
- Community Health Services
- Chronic Disease Management
- Health Accessibility
- Urban Health Initiatives
- Pharmacy Services
- Health Promotion
- Health Education

Applications and Use Cases:
- Supports public health research and analysis for healthcare professionals and policymakers.
- Aids in the planning and implementation of community health outreach programs.
- Facilitates the identification of healthcare service gaps in urban areas.
- Enables individuals to locate free health services for blood pressure monitoring.
- Assists in evaluating the effectiveness of public health campaigns related to hypertension.

Concepts and Synonyms:
- Blood Pressure Monitoring / Hypertension Screening
- Free Health Services / No-Cost Healthcare
- Pharmacies / Drugstores / Retail Health Clinics
- Health Checks / Health Screenings / Preventive Services
- Community Outreach / Health Promotion Activities
- Geographic Information Systems (GIS) / Spatial Data
- Health Equity / Access to Care / Health Disparities

Keywords and Themes:
- Free blood pressure checks
- New York City pharmacies
- Health services accessibility
- Hypertension management
- Community health resources
- Preventive health screenings
- Public health data
- Spatial health data
- Pharmacy health services

Additional Context:
- The dataset addresses the critical need for accessible healthcare services in urban environments, particularly for underserved populations.
- It highlights the role of pharmacies as accessible points of care for preventive health services, contributing to overall community health improvement.
- The dataset can be integrated with other health-related datasets to provide a comprehensive view of health service availability and public health outcomes in New York City.",,"1,296",21.0,0.0,1.0
nk7g-qeep,https://data.cityofnewyork.us/d/nk7g-qeep,"This dataset serves as a comprehensive locator for hepatitis services, providing essential information about various healthcare facilities offering testing, treatment, and vaccination for hepatitis B and C. It includes details such as facility names, service categories, types of services, addresses, boroughs, and contact information, making it a valuable resource for individuals seeking hepatitis-related healthcare. The dataset covers a wide geographic area, with facilities located across five boroughs and various zip codes, ensuring accessibility for diverse populations. It also highlights special populations served, such as individuals living with HIV, drug users, and youth, emphasizing the targeted nature of these services. Additionally, the dataset includes operational hours and payment options, facilitating informed decisions for users. Overall, this dataset is an essential tool for public health initiatives, healthcare providers, and individuals looking for hepatitis services in their communities.","This dataset provides comprehensive information on Hepatitis services available in New York City, including details about various healthcare facilities, their locations, and the services they offer. It includes data on service types such as Hepatitis C testing and treatment, as well as the populations served, such as individuals living with HIV or those who use drugs. The dataset features spatial data, including addresses, boroughs, and geographic coordinates, allowing for effective mapping and analysis. This resource can be utilized for public health research, service accessibility assessments, and to improve outreach efforts for Hepatitis care in the community.","**Dataset Overview:**
- This dataset serves as a comprehensive locator for hepatitis services, providing essential information about various healthcare facilities offering testing, treatment, and vaccination for hepatitis B and C. It includes details such as facility names, service categories, types of services, addresses, boroughs, and contact information, making it a valuable resource for individuals seeking hepatitis-related healthcare. The dataset covers a wide geographic area, with facilities located across five boroughs and various zip codes, ensuring accessibility for diverse populations. It also highlights special populations served, such as individuals living with HIV, drug users, and youth, emphasizing the targeted nature of these services. Additionally, the dataset includes operational hours and payment options, facilitating informed decisions for users. Overall, this dataset is an essential tool for public health initiatives, healthcare providers, and individuals looking for hepatitis services in their communities.

**Key Themes or Topics:**
- Hepatitis services
- Public health
- Healthcare accessibility
- Infectious disease management
- Community health resources
- Health equity
- Targeted healthcare services
- Disease prevention and control
- Health education and outreach

**Applications and Use Cases:**
- Facilitates analysis for public health officials and healthcare providers in planning hepatitis service delivery.
- Useful for researchers studying the epidemiology of hepatitis B and C.
- Enables healthcare policymakers to identify gaps in service provision and improve resource allocation.
- Assists community organizations in outreach efforts to vulnerable populations.
- Supports individuals in locating nearby hepatitis testing, treatment, and vaccination services.

**Potential Questions:**
- What types of hepatitis services are available in each borough?
- How do operational hours vary among facilities offering hepatitis services?
- What payment options are most commonly accepted by hepatitis service providers?
- Which special populations are served by the facilities listed in the dataset?
- How does the distribution of hepatitis services correlate with the prevalence of hepatitis B and C in different areas?

**Concepts and Synonyms:**
- Hepatitis B/hepatitis B virus
- Hepatitis C/hepatitis C virus
- Testing/testing facilities
- Treatment/treatment centers
- Vaccination/vaccination clinics
- Healthcare facilities/healthcare providers
- Public health initiatives/community health
- Service categories/service types
- Special populations/vulnerable groups
- Outreach programs/health education

**Keywords and Themes:**
- Hepatitis services locator
- Healthcare access
- Infectious disease services
- Community health resources
- Public health data
- Health services directory
- Disease prevention
- Health equity initiatives
- Targeted health services

**Additional Context:**
- This dataset is relevant for addressing public health challenges related to hepatitis B and C, particularly in underserved communities.
- It can be integrated with other health datasets to provide a more comprehensive view of healthcare access and disease management.
- The dataset supports interdisciplinary applications, linking public health, social services, and healthcare delivery systems.","Dataset Overview:
- This dataset provides comprehensive information on Hepatitis services available in New York City, including details about various healthcare facilities, their locations, and the services they offer. It includes data on service types such as Hepatitis C testing and treatment, as well as the populations served, such as individuals living with HIV or those who use drugs. The dataset features spatial data, including addresses, boroughs, and geographic coordinates, allowing for effective mapping and analysis. This resource can be utilized for public health research, service accessibility assessments, and to improve outreach efforts for Hepatitis care in the community.

Key Themes or Topics:
- Hepatitis services
- Public health
- Healthcare accessibility
- Infectious diseases
- Substance use and addiction services
- HIV/AIDS services
- Community health initiatives
- Health disparities
- Urban health

Applications and Use Cases:
- Public health research
- Service accessibility assessments
- Outreach program development
- Policy formulation for healthcare services
- Epidemiological studies
- Geographic information system (GIS) mapping
- Health service planning and evaluation
- Community health assessments
- Targeted health interventions

Concepts and Synonyms:
- Hepatitis C testing/treatment
- Hepatitis A/B/C services
- Viral hepatitis
- Healthcare facilities/clinics
- Drug use population
- HIV-positive individuals
- Health service providers
- Community health organizations
- Outreach and education programs
- Health equity

Keywords and Themes:
- Hepatitis services NYC
- Hepatitis C
- Healthcare access
- Public health data
- Spatial analysis
- Community health services
- Infectious disease control
- Health resources
- New York City health services
- Drug-related health services

Additional Context:
- The dataset is relevant for addressing public health challenges related to Hepatitis and its co-occurrence with other health issues, such as HIV and substance use. It provides critical insights for healthcare providers, policymakers, and researchers aiming to improve health outcomes in urban populations. The integration of spatial data enhances the ability to visualize and analyze service distribution and accessibility, which is essential for effective public health interventions and resource allocation.",,510,28.0,0.0,1.0
knr6-vurn,https://data.cityofnewyork.us/d/knr6-vurn,"This dataset contains detailed records of vehicle collisions involving the Department of Health and Mental Hygiene (DOHMH) in New York City, spanning from January 3, 2017, to June 10, 2021. It includes 94 unique accident reports, each identified by a unique accident number. The dataset captures essential information such as the date and time of each incident, the borough where it occurred, specific locations, and whether there were any injuries or fatalities. Additionally, it outlines various contributing factors to the collisions, which can be crucial for traffic safety analysis. The dataset features 48 unique contributing factors, highlighting issues like driver inattention and unsafe lane changing. This information can be utilized by city planners, traffic safety analysts, and public health officials to identify patterns, improve road safety measures, and enhance overall traffic management strategies in urban environments.

Column constraints outlined in Data Dictionary:
accident_no: unique; positive integer  
date: format YYYY-MM-DDTHH:MM:SS; non-null  
time: format HH:MM AM/PM; non-null  
borough: allowed values include Bronx, Brooklyn, Manhattan, Queens, Staten Island, SI, BX; non-null  
injuries_fatalities: allowed values include Yes, No; non-null  
contributing_factors: string; may be null","This dataset contains detailed records of vehicle collisions involving Department of Health and Mental Hygiene (DOHMH) vehicles, spanning from January 3, 2017, to June 10, 2021. Each entry includes an accident number, date, time, borough, specific location, and information on injuries or fatalities, as well as contributing factors to the incidents. The dataset features 94 unique accident identifiers and covers various boroughs, providing insights into traffic incidents and their causes. It can be utilized for traffic safety analysis, policy-making, and improving road safety measures by identifying patterns and contributing factors in vehicle collisions.","Dataset Overview:
- This dataset contains detailed records of vehicle collisions involving the Department of Health and Mental Hygiene (DOHMH) in New York City, spanning from January 3, 2017, to June 10, 2021. It includes 94 unique accident reports, each identified by a unique accident number. The dataset captures essential information such as the date and time of each incident, the borough where it occurred, specific locations, and whether there were any injuries or fatalities. Additionally, it outlines various contributing factors to the collisions, which can be crucial for traffic safety analysis. The dataset features 48 unique contributing factors, highlighting issues like driver inattention and unsafe lane changing. This information can be utilized by city planners, traffic safety analysts, and public health officials to identify patterns, improve road safety measures, and enhance overall traffic management strategies in urban environments.

Key Themes or Topics:
- Traffic safety
- Urban transportation
- Public health and safety
- Accident analysis
- Collision reporting
- Road safety measures
- Urban planning
- Emergency response
- Injury prevention
- Transportation engineering

Applications and Use Cases:
- Facilitates analysis for traffic safety analysts and urban planners to identify high-risk areas.
- Useful for public health officials to assess the impact of vehicle collisions on community health.
- Enables city policymakers to formulate traffic regulations and safety campaigns.
- Assists researchers in studying the correlation between contributing factors and collision outcomes.
- Supports statistical modeling for predicting future collision trends and patterns.

Potential Questions:
- What is the distribution of injuries and fatalities across different boroughs?
- How do contributing factors vary between collisions that resulted in injuries versus those that did not?
- What trends can be observed in vehicle collisions over the specified time period?
- How does the frequency of collisions differ by time of day?
- What are the most common contributing factors associated with vehicle collisions in NYC?

Concepts and Synonyms:
- Vehicle collisions/traffic accidents
- Department of Health and Mental Hygiene/DOHMH
- Accident reports/collision records
- Traffic safety analysis/road safety evaluation
- Contributing factors/causal factors
- Urban traffic management/transportation safety
- Injury statistics/fatality data
- Collision frequency/accident rates

Keywords and Themes:
- vehicle collisions
- traffic safety
- accident analysis
- public health
- contributing factors
- urban planning
- New York City
- injury prevention
- road safety
- transportation data

Additional Context:
- This dataset is relevant for addressing urban traffic challenges and improving public health outcomes related to vehicle collisions.
- It can be integrated with other datasets, such as traffic volume data or demographic information, to provide a more comprehensive analysis of collision patterns.
- The insights derived from this dataset can inform interdisciplinary approaches to enhance road safety and reduce the incidence of traffic-related injuries and fatalities.","Dataset Overview:
- This dataset contains detailed records of vehicle collisions involving Department of Health and Mental Hygiene (DOHMH) vehicles, spanning from January 3, 2017, to June 10, 2021. Each entry includes an accident number, date, time, borough, specific location, and information on injuries or fatalities, as well as contributing factors to the incidents. The dataset features 94 unique accident identifiers and covers various boroughs, providing insights into traffic incidents and their causes. It can be utilized for traffic safety analysis, policy-making, and improving road safety measures by identifying patterns and contributing factors in vehicle collisions.

Key Themes or Topics:
- Traffic safety
- Urban transportation
- Public health and safety
- Accident analysis
- Road safety measures
- Vehicle collision trends
- Emergency response
- Urban planning and infrastructure
- Policy development for traffic management

Applications and Use Cases:
- Traffic safety analysis
- Policy formulation for road safety
- Urban planning and infrastructure development
- Statistical modeling of vehicle collisions
- Risk assessment for public health
- Evaluation of contributing factors to accidents
- Development of safety interventions
- Research on traffic patterns and behaviors

Concepts and Synonyms:
- Vehicle collisions/traffic accidents
- DOHMH vehicles/public health vehicles
- Accident records/collision data
- Injury statistics/fatality data
- Contributing factors/causal factors
- Traffic incidents/road incidents
- Boroughs/urban areas
- Accident identifiers/collision identifiers
- Safety analysis/traffic safety evaluation

Keywords and Themes:
- vehicle collisions
- traffic safety
- accident data
- public health
- urban transportation
- road safety
- injury analysis
- collision trends
- emergency response
- policy-making

Additional Context:
- The dataset is relevant for addressing challenges in urban traffic management and public health safety. It provides valuable insights for interdisciplinary applications, including collaboration between urban planners, public health officials, and traffic safety advocates. The data can be integrated with other datasets related to traffic patterns, urban demographics, and health outcomes to enhance understanding and inform effective interventions.","{'accident_no': {'column_description': 'The ID number of the collision report'}, 'date': {'column_description': 'The date of the collision'}, 'time': {'column_description': 'The time of day the collision occurred'}, 'borough': {'column_description': 'The borough within NYC that the collision occurred'}, 'injuries_fatalities': {'column_description': 'Any injuries or fatalities involved during the collision'}, 'contributing_factors': {'column_description': 'Condtions that may have contributed to collision'}}",94,7.0,1.0,1.0
g5gn-bmye,https://data.cityofnewyork.us/d/g5gn-bmye,"This dataset focuses on Severe Maternal Morbidity (SMM) and includes comprehensive information on various demographic and health-related factors associated with childbirth in New York City for the year 2016. It encompasses data on race and ethnicity, education levels, borough of residence, nativity, maternal age, insurance type, trimester of care, and pre-existing medical conditions such as diabetes, hypertension, and heart disease. The dataset also records employment status, history of miscarriage, and parity, providing a holistic view of maternal health. The SMM metric is defined as the number of severe maternal morbidity cases identified through hospitalization records, while the SMM rate indicates the prevalence of these cases per 10,000 deliveries. This dataset can be utilized for research and analysis aimed at understanding the factors contributing to maternal health outcomes, identifying disparities, and informing public health interventions to improve maternal care and reduce complications during pregnancy and childbirth.

Column constraints outlined in Data Dictionary:
year: Required field; Numeric; Temporal coverage: 2016
race_ethnicity: Allowed values conform to OMB standards for reporting race and ethnicity
education: Allowed values: Less than high school; High school graduate/equivalent; Some college; College graduate or higher
borough: Allowed values: Manhattan; Bronx; Brooklyn; Queens; Staten Island; Non-resident of NYC
nativity: Allowed values: U.S. (including territories); foreign born
age: Allowed values: 19 years or less; 20-24 years; 25-29 years; 30-34 years; 35-39 years; 40 or more years
insurance: Allowed values: Medicaid; Private Insurance; Uninsured (self-pay)
trimester: Allowed values: First trimester; Second trimester; Third trimester; No prenatal care; Not reported
diabetes: Allowed values: Yes; No
hypertension: Allowed values: Yes; No
heart_disease: Allowed values: Yes; No
employed: Allowed values: Yes; No
miscarriage: Allowed values: Yes; No
parity: Allowed values: Yes; No
smm: Numeric; Cross-column rule: Identified using 21 diagnoses and procedures from hospitalization records
smm_rate: Numeric; Calculated as ((SMM cases)/(total deliveries))×10,000","This dataset focuses on Severe Maternal Morbidity (SMM) and includes data from the year 2016. It captures various demographic and health-related factors, such as race/ethnicity, education level, borough of residence, nativity status, age, insurance type, and trimester of pregnancy. The dataset provides insights into the prevalence of conditions like diabetes, hypertension, and heart disease among pregnant individuals, as well as their employment status and history of miscarriage. It can be used to analyze trends in maternal health and identify disparities in SMM rates across different populations, contributing to public health research and policy development.","**Dataset Overview:**
- This dataset focuses on Severe Maternal Morbidity (SMM) and includes comprehensive information on various demographic and health-related factors associated with childbirth in New York City for the year 2016. It encompasses data on race and ethnicity, education levels, borough of residence, nativity, maternal age, insurance type, trimester of care, and pre-existing medical conditions such as diabetes, hypertension, and heart disease. The dataset also records employment status, history of miscarriage, and parity, providing a holistic view of maternal health. The SMM metric is defined as the number of severe maternal morbidity cases identified through hospitalization records, while the SMM rate indicates the prevalence of these cases per 10,000 deliveries. This dataset can be utilized for research and analysis aimed at understanding the factors contributing to maternal health outcomes, identifying disparities, and informing public health interventions to improve maternal care and reduce complications during pregnancy and childbirth.

**Key Themes or Topics:**
- Maternal health
- Severe maternal morbidity
- Childbirth complications
- Public health
- Health disparities
- Demographic factors in maternal health
- Maternal age and health outcomes
- Prenatal care access
- Socioeconomic status and maternal health
- Racial and ethnic disparities in maternal morbidity
- Insurance coverage and maternal health outcomes
- Pre-existing conditions and pregnancy complications

**Applications and Use Cases:**
- Analyzing trends in severe maternal morbidity rates across different demographics
- Informing public health policies aimed at reducing maternal morbidity
- Evaluating the impact of socioeconomic factors on maternal health outcomes
- Identifying high-risk populations for targeted interventions
- Assessing the effectiveness of prenatal care programs
- Researching the relationship between maternal age and health complications during childbirth
- Understanding the influence of insurance type on access to maternal healthcare

**Potential Questions:**
- What is the distribution of severe maternal morbidity cases by race and ethnicity?
- How does the SMM rate vary across different boroughs of New York City?
- What is the relationship between maternal age and the prevalence of pre-existing conditions like diabetes and hypertension?
- How does employment status correlate with severe maternal morbidity rates?
- What percentage of women experienced severe maternal morbidity who had no prenatal care?
- How do education levels impact the rates of severe maternal morbidity among different racial and ethnic groups?
- What trends can be observed in severe maternal morbidity cases over the year 2016?

**Concepts and Synonyms:**
- Maternal morbidity/severe maternal morbidity
- Childbirth complications/maternal complications
- Prenatal care/antenatal care
- Health disparities/health inequities
- Demographics/population characteristics
- Pre-existing conditions/comorbidities
- Maternal age/age-related risks
- Insurance coverage/health insurance
- Employment status/workforce participation
- Miscarriage/pregnancy loss
- Parity/maternal history

**Keywords and Themes:**
- Severe maternal morbidity
- Maternal health outcomes
- Childbirth
- New York City
- Health disparities
- Demographic data
- Prenatal care access
- Maternal age
- Insurance type
- Pre-existing medical conditions
- Public health interventions
- Socioeconomic factors

**Additional Context:**
- This dataset is crucial for addressing the ongoing challenges in maternal health, particularly in urban settings like New York City, where disparities in health outcomes are prevalent. It provides valuable insights for healthcare providers, policymakers, and researchers focused on improving maternal care and reducing complications during pregnancy and childbirth. The dataset can also be integrated with other health datasets to enhance understanding of broader health trends and outcomes.","Dataset Overview:
- This dataset focuses on Severe Maternal Morbidity (SMM) and includes data from the year 2016. It captures various demographic and health-related factors, such as race/ethnicity, education level, borough of residence, nativity status, age, insurance type, and trimester of pregnancy. The dataset provides insights into the prevalence of conditions like diabetes, hypertension, and heart disease among pregnant individuals, as well as their employment status and history of miscarriage. It can be used to analyze trends in maternal health and identify disparities in SMM rates across different populations, contributing to public health research and policy development.

Key Themes or Topics:
- Maternal health
- Severe Maternal Morbidity (SMM)
- Pregnancy complications
- Health disparities
- Demographic factors in maternal health
- Chronic health conditions in pregnancy
- Public health policy
- Maternal mortality and morbidity
- Reproductive health

Applications and Use Cases:
- Supports maternal health research for healthcare professionals and researchers.
- Aids policymakers in developing targeted interventions to reduce SMM.
- Facilitates public health assessments and program evaluations.
- Enables statistical modeling of maternal health trends and outcomes.
- Assists in identifying at-risk populations for tailored healthcare services.

Concepts and Synonyms:
- Severe Maternal Morbidity/SMM
- Maternal health complications/pregnancy complications
- Health disparities/health inequities
- Chronic conditions in pregnancy/underlying health conditions
- Demographic factors/risk factors
- Maternal demographics/pregnant individuals' demographics
- Prevalence of SMM/incidence of SMM
- Maternal health outcomes/pregnancy outcomes
- Public health interventions/maternal health policies

Keywords and Themes:
- Severe Maternal Morbidity
- Maternal health
- Pregnancy
- Health disparities
- Diabetes in pregnancy
- Hypertension in pregnancy
- Heart disease in pregnancy
- Demographics
- Public health research
- Maternal mortality

Additional Context:
- The dataset is crucial for understanding the intersection of socio-economic factors and maternal health outcomes.
- It provides valuable insights for addressing the challenges of maternal health in diverse populations.
- The data can be integrated with other health datasets to enhance the understanding of maternal morbidity and its determinants.
- It highlights the importance of addressing chronic health conditions in pregnant individuals to improve maternal and fetal health outcomes.","{'year': {'column_description': 'Year birth occurred.', 'additional_notes': 'Required field, numeric.'}, 'race_ethnicity': {'column_description': 'Race and/or ethnicity', 'additional_notes': 'Conforms to OMB standards for reporting race and ethnicity. The birth certificate is the primary source for race/ethnicity data because it is self-reported by the person giving birth. '}, 'education': {'column_description': 'Highest level of education completed', 'additional_notes': 'Self-reported on birth certificate'}, 'borough': {'column_description': 'NYC borough where the mother resided at the time of childbirth', 'additional_notes': 'From birth certificate'}, 'nativity': {'column_description': ""Location of mother's birth"", 'additional_notes': 'Categorized as U.S. (including territories) or foreign born.'}, 'age': {'column_description': 'Maternal age at the time of childbirth', 'additional_notes': 'Grouped in 5 year increments'}, 'insurance': {'column_description': 'The primary payer for the delivery hospitalization', 'additional_notes': 'Categorized as Medicaid, Private Insurance or Uninsured (self-pay). '}, 'trimester': {'column_description': 'Calculated using the delivery date, gestational age at birth, and date of first prenatal care visit as reported on the birth certificate', 'additional_notes': 'From birth certificate'}, 'diabetes': {'column_description': 'Whether the mother was diagnosed with diabetes prior to the current pregnancy (excludes gestational diabetes).', 'additional_notes': 'Combines information from birth certificate and delivery hospitalization. '}, 'hypertension': {'column_description': 'Whether the mother was diagnosed with hypertension prior to the current pregnancy (excludes gestational hypertension).', 'additional_notes': 'Combines information from birth certificate and delivery hospitalization. '}, 'heart_disease': {'column_description': 'Whether the mother was diagnosed with heart disease.', 'additional_notes': 'Combines information from birth certificate and delivery hospitalization. '}, 'employed': {'column_description': 'Whether mother was employed during pregnancy', 'additional_notes': 'From birth certificate'}, 'miscarriage': {'column_description': 'Whether mother had experienced miscarriage or stillbirth in previous pregnancies', 'additional_notes': 'From birth certificate'}, 'parity': {'column_description': ""Whether the current live birth was the mother's first live birth"", 'additional_notes': 'From birth certificate'}, 'smm': {'column_description': 'Number of severe maternal morbidity cases in the category and year selected. ', 'additional_notes': ""SMM is identified in hospitalization records using 21 diagnoses and procedures that indicate life-threatening complications of pregnancy and childbirth. The full list of diagnoses and procedures and their corresponding ICD-10-CM codes can be found at the Centers for Disease Control and Prevention's website: https://www.cdc.gov/reproductivehealth/maternalinfanthealth/smm/severe-morbidity-ICD.htm""}, 'smm_rate': {'column_description': 'Rate of severe maternal morbidity per 10,000 delivery hospitalizations in the category and year selected. ', 'additional_notes': 'Calculated as ((SMM cases)/(total deliveries))×10,000. Numeric.'}}",43,16.0,1.0,0.0
fzh2-sxib,https://data.cityofnewyork.us/d/fzh2-sxib,"This dataset focuses on lead testing among children in New York City, providing valuable insights into public health trends related to lead exposure. It includes data on various geographic areas, identified by unique geo_area_ids and names, spanning across five boroughs: Bronx, Brooklyn, Manhattan, Queens, and Staten Island. The dataset covers a time period from 2008 to 2016, detailing the number of children tested for lead poisoning in different neighborhoods. Key measurements include the total number of children tested and additional metrics related to lead exposure. The dataset can be utilized for analyzing trends in childhood lead testing, assessing the effectiveness of public health initiatives, and identifying areas that may require targeted interventions. By understanding the geographic and temporal distribution of lead testing, stakeholders can better address the health risks associated with lead exposure in children.

Column constraints outlined in Data Dictionary:
borough_id: allowed values are 1 (Bronx), 2 (Brooklyn), 3 (Manhattan), 4 (Queens), 5 (Staten Island); null values represent citywide data","This dataset focuses on lead testing among children across various neighborhoods in New York City. It includes data on the number of children tested for lead, categorized by geographical areas and boroughs, spanning from 2008 to 2016. The dataset features 45 unique neighborhood names and 5 boroughs, providing a comprehensive view of lead testing efforts. It serves as a valuable resource for public health officials and researchers aiming to analyze lead exposure trends and assess the effectiveness of health interventions. The data can help identify areas needing increased healthcare resources and inform policy decisions related to child health and safety.","Dataset Overview:
- This dataset focuses on lead testing among children in New York City, providing valuable insights into public health trends related to lead exposure. It includes data on various geographic areas, identified by unique geo_area_ids and names, spanning across five boroughs: Bronx, Brooklyn, Manhattan, Queens, and Staten Island. The dataset covers a time period from 2008 to 2016, detailing the number of children tested for lead poisoning in different neighborhoods. Key measurements include the total number of children tested and additional metrics related to lead exposure. The dataset can be utilized for analyzing trends in childhood lead testing, assessing the effectiveness of public health initiatives, and identifying areas that may require targeted interventions. By understanding the geographic and temporal distribution of lead testing, stakeholders can better address the health risks associated with lead exposure in children.

Key Themes or Topics:
- Public health
- Childhood lead exposure
- Environmental health
- Epidemiology
- Urban health disparities
- Health policy and intervention
- Community health assessment
- Toxicology
- Preventive health measures

Applications and Use Cases:
- Facilitates analysis for public health officials, epidemiologists, researchers, and community organizations.
- Useful for assessing the effectiveness of lead exposure prevention programs and public health campaigns.
- Enables targeted interventions in neighborhoods with high rates of lead testing and potential lead poisoning cases.
- Supports statistical modeling of health outcomes related to lead exposure in children.
- Assists in urban planning and policy formulation regarding housing and environmental safety.

Potential Questions:
- What is the distribution of lead testing rates among children across different boroughs in New York City?
- How does the number of children tested for lead poisoning vary by neighborhood within each borough?
- What trends can be observed in lead testing rates from 2008 to 2016?
- Are there significant differences in lead testing outcomes between neighborhoods with varying socio-economic statuses?
- How does the total number of children tested correlate with public health initiatives implemented during the study period?

Concepts and Synonyms:
- Lead testing/lead screening
- Childhood lead poisoning/lead exposure in children
- Public health initiatives/health interventions
- Geographic distribution/spatial analysis
- Environmental risk factors/toxic exposure
- Health disparities/health equity
- Epidemiological trends/health trend analysis
- Community health/public health assessment

Keywords and Themes:
- lead testing
- childhood health
- public health data
- lead exposure
- New York City
- epidemiology
- health interventions
- environmental health
- toxicology
- urban health

Additional Context:
- The dataset is relevant for addressing public health challenges related to childhood lead exposure, which is a significant concern in urban environments.
- It provides critical data for interdisciplinary research that combines public health, environmental science, and urban studies.
- The insights gained from this dataset can inform policy decisions aimed at reducing lead exposure risks and improving health outcomes for children in urban settings.","Dataset Overview:
- This dataset focuses on lead testing among children across various neighborhoods in New York City. It includes data on the number of children tested for lead, categorized by geographical areas and boroughs, spanning from 2008 to 2016. The dataset features 45 unique neighborhood names and 5 boroughs, providing a comprehensive view of lead testing efforts. It serves as a valuable resource for public health officials and researchers aiming to analyze lead exposure trends and assess the effectiveness of health interventions. The data can help identify areas needing increased healthcare resources and inform policy decisions related to child health and safety.

Key Themes or Topics:
- Public health
- Environmental health
- Childhood lead exposure
- Health disparities
- Urban health
- Community health initiatives
- Epidemiology of lead poisoning
- Health intervention effectiveness
- Socioeconomic factors affecting health
- Neighborhood health assessments

Applications and Use Cases:
- Supports public health analysis for lead exposure in children
- Aids in the formulation of health policies and interventions
- Facilitates research on the impact of lead exposure on child development
- Assists in resource allocation for healthcare services in at-risk neighborhoods
- Enables statistical modeling of lead testing trends over time
- Informs community outreach and education programs regarding lead safety

Concepts and Synonyms:
- Lead testing/lead screening
- Childhood lead poisoning/lead toxicity in children
- Public health surveillance/health monitoring
- Environmental risk factors/health risks
- Neighborhood health disparities/community health inequities
- Pediatric health/child health
- Lead exposure assessment/lead exposure evaluation
- Health intervention strategies/health promotion efforts

Keywords and Themes:
- Lead testing
- Children
- New York City
- Public health data
- Environmental exposure
- Health interventions
- Epidemiological data
- Neighborhood analysis
- Health resources
- Policy development

Additional Context:
- The dataset is crucial for addressing public health challenges related to lead exposure in urban environments, particularly in vulnerable populations such as children. It provides insights into the effectiveness of public health initiatives aimed at reducing lead exposure and improving child health outcomes. The data can be integrated with other health datasets to explore broader health trends and inform interdisciplinary research efforts in environmental science, public policy, and community health.","{'geo_type': {'column_description': 'The type of geographic aggregation for the data; this could range from Citywide to Neighborhood Tabulation Areas in NYC.'}, 'geo_area_id': {'column_description': 'An ID for the geographic neighborhood of a given geography type'}, 'geo_area_name': {'column_description': 'The neighborhood name for the geographic division'}, 'borough_id': {'column_description': 'An ID for the NYC borough that the neighborhood falls within', 'additional_notes': ' 1=Bronx, 2=Brooklyn, 3=Manhattan, 4=Queens, 5=Staten Island, and null values are citywide (across all boroughs)'}, 'time_period': {'column_description': 'The time period for which the data is aggregated; value could be a year, quarter, seasonal or multi-year '}, 'children_tested_for_lead_3': {'column_description': 'Number of children born in New York City to New York City resident mothers tested for lead poisoning before the age of three years. To identify children tested for lead poisoning, birth records for all children born in a given year in New York City to New York City resident mothers were matched to children tested for lead poisoning in the New York City Childhood Lead Registry. <a href=""http://a816-dohbesp.nyc.gov/IndicatorPublic/EPHTPDF/Childhood_Lead_Exposure_Definitions_June_2016.pdf"" target=""_blank"">Read more </a>about different measures used by the Health Department for surveillance of childhood lead poisoning.'}, 'children_tested_for_lead': {'column_description': 'Additional notes that apply to field above'}, 'children_tested_for_lead_1': {'column_description': 'Number of children born in New York City to New York City resident mothers who were tested for lead poisoning before the age of three years, divided by the number of children born in New York City to New York City resident mothers turning three years old; expressed as percent.'}, 'children_tested_for_lead_2': {'column_description': 'Additional notes that apply to field above'}}",432,9.0,1.0,1.0
wffy-3iyg,https://data.cityofnewyork.us/d/wffy-3iyg,"This dataset provides comprehensive birth statistics, covering the years from 2007 to 2023, with a focus on the sex of infants and the race or ethnicity of their mothers. It includes 17 unique birth years and captures data on births across various demographic categories, such as Hispanic, Non-Hispanic White, and Asian/Pacific Islander. The dataset features 183 unique birth counts, ranging from 35 to over 21,000, and percentages that reflect the distribution of births within these categories, with values from 0.0038% to 36.5%. The columns include essential information such as the infant's sex, the mother's race or ethnicity, and the total number of births, making it a valuable resource for analyzing trends in birth demographics. Researchers and policymakers can utilize this dataset to study patterns in birth rates, assess healthcare disparities, and inform public health initiatives aimed at improving maternal and infant health outcomes.

Column constraints outlined in Data Dictionary:
sex_of_infant: Required; Allowed values: MALE, FEMALE  
race_or_ethnicity_of_mother: Required; Allowed values: HISPANIC, ASIAN AND PACIFIC ISLANDER, WHITE NON HISPANIC, BLACK NON HISPANIC  
births: Required; Value range: 1 - 999,999  
percentage: Required; Value range: 0.1 - 99.9","This dataset provides comprehensive birth statistics, detailing the number of births by year, sex of the infant, and the race or ethnicity of the mother. It includes data from 2007 to 2023, with 100 unique entries reflecting various demographic groups. The dataset captures key metrics such as the total number of births and the percentage representation of each group, making it valuable for analyzing trends in birth rates across different demographics. It serves as a crucial resource for researchers and policymakers interested in understanding the dynamics of birth statistics and their implications on public health and social policies.","Dataset Overview:
- This dataset provides comprehensive birth statistics, covering the years from 2007 to 2023, with a focus on the sex of infants and the race or ethnicity of their mothers. It includes 17 unique birth years and captures data on births across various demographic categories, such as Hispanic, Non-Hispanic White, and Asian/Pacific Islander. The dataset features 183 unique birth counts, ranging from 35 to over 21,000, and percentages that reflect the distribution of births within these categories, with values from 0.0038% to 36.5%. The columns include essential information such as the infant's sex, the mother's race or ethnicity, and the total number of births, making it a valuable resource for analyzing trends in birth demographics. Researchers and policymakers can utilize this dataset to study patterns in birth rates, assess healthcare disparities, and inform public health initiatives aimed at improving maternal and infant health outcomes.

Key Themes or Topics:
- Birth statistics
- Demographic analysis
- Maternal health
- Infant health
- Racial and ethnic disparities
- Public health research
- Healthcare access
- Birth rate trends
- Population studies
- Ethnic diversity in births

Applications and Use Cases:
- Facilitates analysis for public health officials to assess maternal and infant health outcomes.
- Useful for researchers studying demographic trends in birth rates across different racial and ethnic groups.
- Enables policymakers to formulate health initiatives aimed at reducing disparities in maternal and infant health.
- Assists in statistical modeling of birth trends over time.
- Supports healthcare providers in understanding the demographic composition of their patient populations.

Potential Questions:
- What is the distribution of births by sex of infant across different racial and ethnic groups?
- How do birth rates for Hispanic mothers compare to those for Non-Hispanic White and Asian/Pacific Islander mothers?
- What trends can be observed in the percentage of births by sex from 2007 to 2023?
- How does the total number of births vary by race or ethnicity of the mother?
- What percentage of births are male versus female within each demographic category?

Concepts and Synonyms:
- Birth demographics/demographic characteristics
- Infant sex/sex ratio
- Maternal race/ethnicity of mother
- Birth counts/number of births
- Healthcare disparities/health inequities
- Public health initiatives/health programs
- Birth rate/population growth
- Ethnic groups/racial categories

Keywords and Themes:
- Birth statistics
- Maternal demographics
- Infant sex distribution
- Racial and ethnic birth trends
- Public health data
- Healthcare access disparities
- Birth rate analysis
- Maternal and infant health outcomes

Additional Context:
- This dataset is relevant for addressing challenges related to healthcare access and outcomes for mothers and infants from diverse racial and ethnic backgrounds.
- It provides valuable insights for interdisciplinary applications, including sociology, public health, and demographic studies.
- The dataset can be integrated with other health-related datasets to enhance understanding of broader health trends and disparities in the population.","Dataset Overview:
- This dataset provides comprehensive birth statistics, detailing the number of births by year, sex of the infant, and the race or ethnicity of the mother. It includes data from 2007 to 2023, with 100 unique entries reflecting various demographic groups. The dataset captures key metrics such as the total number of births and the percentage representation of each group, making it valuable for analyzing trends in birth rates across different demographics. It serves as a crucial resource for researchers and policymakers interested in understanding the dynamics of birth statistics and their implications on public health and social policies.

Key Themes or Topics:
- Birth statistics
- Demographic analysis
- Public health trends
- Maternal health
- Infant demographics
- Racial and ethnic disparities in birth rates
- Yearly birth trends
- Gender distribution in births
- Socioeconomic factors influencing birth rates

Applications and Use Cases:
- Facilitates analysis for public health officials and policymakers in developing maternal and child health programs.
- Useful for researchers studying demographic changes and their implications on society.
- Enables insights into trends for healthcare providers to improve prenatal and postnatal care.
- Assists in formulating social policies aimed at addressing disparities in birth outcomes.
- Supports academic research in sociology, epidemiology, and public health.

Concepts and Synonyms:
- Birth rates/childbirth statistics
- Maternal demographics/mother's race and ethnicity
- Infant sex/sex ratio at birth
- Demographic groups/population segments
- Public health implications/healthcare outcomes
- Statistical analysis/data interpretation
- Trends in childbirth/longitudinal birth data
- Ethnic diversity in births/racial composition of mothers

Keywords and Themes:
- Birth statistics
- Maternal health
- Infant demographics
- Racial and ethnic disparities
- Public health policy
- Yearly birth data
- Gender ratios
- Demographic trends
- Socioeconomic factors

Additional Context:
- Highlights the dataset's relevance to understanding the impact of socioeconomic status on birth outcomes and maternal health.
- Emphasizes its value for interdisciplinary applications, integrating insights from sociology, public health, and demographic studies.
- Addresses critical questions regarding health equity and access to maternal care across different demographic groups.","{'sex_of_infant': {'source_column_name': ""Infant's Sex"", 'ready_to_publish_name': ""Infant's Sex"", 'domain_values': 'MALE; FEMALE', 'source_type': 'Character', 'target_type': 'Character', 'description_per_comment': ""The infant's sex"", 'required_per_optional': 'Required', 'expected_values': 'FEMALE; MALE'}, 'race_or_ethnicity_of_mother': {'source_column_name': ""Mother's Race/Ethnicity"", 'ready_to_publish_name': ""Mother's Race/Ethnicity"", 'domain_values': 'HISPANIC; ASIAN AND PACIFIC ISLANDER; WHITE NON HISPANIC; BLACK NON HISPANIC', 'source_type': 'Character', 'target_type': 'Character', 'description_per_comment': ""The mother's race/ethnicity"", 'required_per_optional': 'Required', 'expected_values': 'HISPANIC; ASIAN AND PACIFIC ISLANDER; WHITE NON HISPANIC; BLACK NON HISPANIC'}, 'births': {'source_column_name': 'Births', 'ready_to_publish_name': 'Count of Births', 'domain_values': '38-20844', 'source_type': 'Numeric', 'target_type': 'Numeric', 'description_per_comment': 'The number of people who died due to cause of death.', 'required_per_optional': 'Required', 'expected_values': '1 - 999,999'}, 'percentage': {'source_column_name': 'Percent', 'ready_to_publish_name': 'Percent of Births within the Race Category', 'domain_values': '43.0-57.0', 'source_type': 'Numeric', 'target_type': 'Numeric', 'description_per_comment': 'Percent of male and female births within the year, and within the race/ethnic group', 'required_per_optional': 'Required', 'expected_values': '0.1 - 99.9'}}",184,5.0,1.0,1.0
gy3q-4tzp,https://data.cityofnewyork.us/d/gy3q-4tzp,"This dataset provides comprehensive information on child care programs in New York City, specifically focusing on group child care (GCC) and school-based child care (SBCC) facilities. It includes details such as program names, addresses, boroughs, and contact information, as well as the age ranges of children served and the capacity of each facility. The dataset contains 2,738 unique identifiers and spans various boroughs, including Bronx, Brooklyn, Manhattan, Queens, and Staten Island. Each entry is associated with geographic coordinates, allowing for spatial analysis of child care availability across the city. This dataset can be utilized by parents seeking child care options, policymakers assessing child care accessibility, and researchers studying early childhood education trends in NYC. Additionally, it highlights whether programs are equipped to administer medication, providing essential insights into the qualifications of staff at these facilities.

Column constraints outlined in Data Dictionary:
dcid: Always starts with 'DC' followed by a number.  
permit_number: Can be ""N/A"" for school-based child care programs; must be a valid permit number for other programs.  
facility_type: Allowed values are GCC, SBCC.  
program_type: Allowed values are INFANT TODDLER; PRESCHOOL.  
phone: Must follow the format (xxx) xxx-xxxx.  
age_range: Can be ""NO DATA""; shows allowable ages for children to enroll in the program.  
administer_medication: Allowed values are YES; NO.  
bin: Must be a 7-character text; first digit is the Borough Code.  
bbl: Must be a 10-character text; contains a 1 byte Borough Code, a 5-byte Tax Block, and a 4-byte tax lot.  
community_board: Must be a 3-character text; first byte is a borough code and the second and third bytes are the community board number.  
council_district: Must be a 2-character text.  
census_tract: Must be a 6-character text.  
nta_code: Must be a 6-character code; includes 2 alpha for borough, 2 numeric matching CDTA number, 1 numeric indicating NTA Type, and 1 numeric to create unique ID.  
latitude: Must be a number; represents degrees and minutes of latitude.  
longitude: Must be a number; represents degrees and minutes of longitude.","This dataset provides comprehensive information on NYC Child Care Programs, including details about various facilities such as day care centers and preschools. It includes key attributes like program names, addresses, contact information, age ranges served, and capacity. The dataset covers multiple boroughs and zip codes, allowing for spatial analysis of child care availability across the city. Each entry is identified by a unique dcid and permit number, ensuring accurate tracking. This dataset can be utilized for research, policy-making, and improving access to child care services in New York City, ultimately supporting families in finding suitable care for their children.","Dataset Overview:
- This dataset provides comprehensive information on child care programs in New York City, specifically focusing on group child care (GCC) and school-based child care (SBCC) facilities. It includes details such as program names, addresses, boroughs, and contact information, as well as the age ranges of children served and the capacity of each facility. The dataset contains 2,738 unique identifiers and spans various boroughs, including Bronx, Brooklyn, Manhattan, Queens, and Staten Island. Each entry is associated with geographic coordinates, allowing for spatial analysis of child care availability across the city. This dataset can be utilized by parents seeking child care options, policymakers assessing child care accessibility, and researchers studying early childhood education trends in NYC. Additionally, it highlights whether programs are equipped to administer medication, providing essential insights into the qualifications of staff at these facilities.

Key Themes or Topics:
- Child care services
- Early childhood education
- Group child care (GCC)
- School-based child care (SBCC)
- Child care accessibility
- Child care program capacity
- Child care regulations
- Geographic distribution of child care
- Family support services
- Urban child care initiatives

Applications and Use Cases:
- Assists parents in locating suitable child care options in NYC.
- Aids policymakers in evaluating child care accessibility and resource allocation.
- Supports researchers in analyzing trends in early childhood education and child care services.
- Facilitates spatial analysis for urban planners regarding child care facility distribution.
- Enables assessments of program qualifications and medication administration capabilities.

Potential Questions:
- What is the distribution of child care facilities across different boroughs in NYC?
- How does the capacity of group child care programs compare to school-based child care programs?
- What age ranges are served by child care facilities in each borough?
- How many child care programs are equipped to administer medication?
- What is the relationship between community board locations and the availability of child care services?

Concepts and Synonyms:
- Child care/childcare
- Early childhood education/preschool education
- Group child care/child care centers
- School-based child care/school-age child care
- Child care accessibility/child care availability
- Facility capacity/enrollment capacity
- Medication administration/health services in child care
- Urban child care/urban education services
- Family child care/home-based child care

Keywords and Themes:
- NYC child care
- Child care programs
- Early childhood services
- Child care facilities
- Child care data
- Child care statistics
- Child care policy
- Child care research
- Community resources for families

Additional Context:
- This dataset is crucial for addressing challenges related to child care access in urban environments, particularly in a diverse city like New York. It provides insights into the availability and types of child care services, which can inform policy decisions and community support initiatives. The dataset can also be integrated with demographic data to analyze the impact of socio-economic factors on child care accessibility and quality.","Dataset Overview:
- This dataset provides comprehensive information on NYC Child Care Programs, including details about various facilities such as day care centers and preschools. It includes key attributes like program names, addresses, contact information, age ranges served, and capacity. The dataset covers multiple boroughs and zip codes, allowing for spatial analysis of child care availability across the city. Each entry is identified by a unique dcid and permit number, ensuring accurate tracking. This dataset can be utilized for research, policy-making, and improving access to child care services in New York City, ultimately supporting families in finding suitable care for their children.

Key Themes or Topics:
- Child care services
- Early childhood education
- Family support services
- Urban child care accessibility
- Socio-economic factors affecting child care
- Public policy and child welfare
- Community resources for families
- Child development programs

Applications and Use Cases:
- Analysis for child care program planning and development
- Policy formulation for early childhood education initiatives
- Research on child care accessibility and socio-economic impacts
- Statistical modeling of child care service distribution
- Community outreach and resource allocation for families
- Evaluation of child care program effectiveness and capacity

Concepts and Synonyms:
- Child care facilities/day care centers
- Preschools/early childhood education centers
- Child care programs/child care services
- Family child care/home-based care
- Child development/early learning
- Child care capacity/availability
- Age range served/age groups
- Boroughs/zip codes
- Contact information/program details

Keywords and Themes:
- NYC child care programs
- Early childhood services
- Day care availability
- Preschool education
- Child care resources
- Family support
- Urban education
- Child welfare policies

Additional Context:
- The dataset addresses the critical need for accessible child care options in urban environments, particularly in New York City, where diverse socio-economic factors influence family choices. It is valuable for interdisciplinary applications, integrating insights from education, social work, urban planning, and public policy. The dataset can also support initiatives aimed at improving child care quality and accessibility, thereby enhancing the overall well-being of families and children in the city.","{'dcid': {'column_description': 'Unique Identifier for the child Care programs.', 'expected_per_allowed_values': 'Text', 'additional_notes': ""Always starts with 'DC' followed by a number.""}, 'permit_number': {'column_description': 'Permit number for a group child care program. ', 'expected_per_allowed_values': 'Text', 'field_limitations': 'School-based child care programs are not assigned a permit number so the value is ""N/A"". ', 'additional_notes': 'DCID is the unique identifier for school-based child care programs. '}, 'program_name': {'column_description': 'Name of the child care program.', 'expected_per_allowed_values': 'Text'}, 'facility_type': {'column_description': 'Describes whether the program is a group child care (GCC), or a School Based Child Care (SBCC), regulated under NYC Health Code Article 43.', 'expected_per_allowed_values': 'Text:  GCC, SBCC\n', 'additional_notes': 'A GCC program provides child care to three or more children under 6 years of age. These programs operate for five or more hours per week, for more than 30 days in a 12-month period. They primarily operate in non-residential spaces. \n\nA SBCC program provides instruction to children ages 3 through 5 who are located within a school or are part of a school. See child care glossary for further information: https://a816-healthpsi.nyc.gov/ChildCare/glossary  '}, 'program_type': {'column_description': 'Program Type based on age of accepted attendees', 'expected_per_allowed_values': 'Text: INFANT TODDLER; PRESCHOOL', 'additional_notes': 'INFANT TODDLER indicates enrollment prior to two years of age; can remain in program until third birthday. PRESCHOOL indicates enrollment from two years of age; can remain in program until sixth birthday. See child care glossary for further information: https://a816-healthpsi.nyc.gov/ChildCare/glossary'}, 'address': {'column_description': 'Buiding and street address for the child care program', 'expected_per_allowed_values': 'Text'}, 'borough': {'column_description': 'Borough the program is located in', 'expected_per_allowed_values': 'Text: BRONX, BROOKLYN, MANHATTAN, QUEENS, STATEN ISLAND'}, 'zipcode': {'column_description': 'U.S. Postal ZIP code of the program', 'expected_per_allowed_values': 'Text'}, 'phone': {'column_description': 'Phone Number', 'expected_per_allowed_values': 'Text', 'field_limitations': '(xxx) xxx-xxxx'}, 'age_range': {'column_description': 'This field represents the possible age range of children enrolled in the program.', 'expected_per_allowed_values': 'Text', 'field_limitations': 'Due to an error in the data collection system, the age ranges of some programs have not been captured. These values are listed as ""NO DATA"".', 'additional_notes': ""This field shows the allowable ages for children to enroll in the program, but does NOT represent the children's actual ages.""}, 'administer_medication': {'column_description': 'Indicates whether a program has staff qualified to administer medication.', 'expected_per_allowed_values': 'Text: YES; NO'}, 'bin': {'column_description': 'Department of Buildings (DOB) Building Identification Number', 'expected_per_allowed_values': '7-character text', 'field_limitations': 'Provided by geocoding services', 'additional_notes': 'Building Identification Number (BIN) is a seven-digit numerical identifier unique to each building in the City of New York. The first digit is the Borough Code. If the borough code is followed by all zeroes (commonly referred to as a ‘million BIN’, this indicates that a BIN has not been assigned, either because the address associated with the building has not yet been built, an address is assigned as a potential valid range where there is no building (vacant lot or vacant street frontage), or it is associated with a constituent entity of a Complex NAP (Non-Addressable Placename) but does not indicate a building or structure that would have a BIN assignment (such as the Children’s Zoo Spider Web within Central Park). '}, 'bbl': {'column_description': 'Borough Block Lot', 'expected_per_allowed_values': '10-character text', 'field_limitations': 'Provided by geocoding services', 'additional_notes': 'Identifies a parcel of real property in New York City, called a tax lot. The BBL contains a 1 byte Borough Code, a 5-byte Tax Block, and a 4-byte tax lot. The tax block and tax lot are both right justified, zero filled. '}, 'community_board': {'column_description': 'Community Board of the location of the building', 'expected_per_allowed_values': '3-character text', 'field_limitations': 'Provided by geocoding services', 'additional_notes': 'The first byte is a borough code and the second and third bytes are the community board number. There are 59 community districts in the city of New York, as well as 12 Joint Interest Areas (JIAs). The JIAs are major parks and airports that are not contained within any community districts.'}, 'council_district': {'column_description': 'Council District of the location of the building ', 'expected_per_allowed_values': '2-character text', 'field_limitations': 'Provided by geocoding services', 'additional_notes': 'A district represented by a member of the New York City Council. Consists of an aggregation of Election Districts.'}, 'census_tract': {'column_description': 'The 2020 Census Tract of the location of the building', 'expected_per_allowed_values': '6-character text', 'field_limitations': 'Provided by geocoding services', 'additional_notes': 'Small, relatively permanent statistical subdivisions of a geographical area as defined by the U.S. Census Bureau. (GEOID2020)'}, 'nta_code': {'column_description': 'NTA (Neighborhood Tabulation Area) code of the location of the building', 'expected_per_allowed_values': '6 character code', 'field_limitations': 'Provided by geocoding services', 'additional_notes': 'Unique identifier for each Neighborhood Tabulation Area (NTA). Includes 6 characters: 2 alpha for borough, 2 numeric matching CDTA number, 1 numeric indicating NTA Type, and 1 numeric to create unique ID. NTAs were created by the Department of City Planning to project populations at a small area level for PlaNYC, the long-term sustainability plan for New York City. These are now being used to present data from the Decennial Census and American Community Survey. (2020 NTA)'}, 'latitude': {'column_description': 'Latitude of the location of the building', 'expected_per_allowed_values': 'Number', 'field_limitations': 'Provided by geocoding services', 'additional_notes': 'Lines of latitude measure the north-south position between the poles with the equator defined as 0 degrees. The units of measure are degrees and minutes.'}, 'longitude': {'column_description': 'Longitude of the location of the building ', 'expected_per_allowed_values': 'Number', 'field_limitations': 'Provided by geocoding services', 'additional_notes': 'Lines of longitude (or meridians) measure the east-west position, with the prime meridian running through Greenwich, England. The units of measure are degrees and minutes.'}}","2,738",20.0,1.0,1.0
x98t-3bbk,https://data.cityofnewyork.us/d/x98t-3bbk,"This dataset focuses on COVID-19 antibody testing across five boroughs in New York City, providing valuable insights into the pandemic's impact on different communities. It includes key metrics such as the number of people tested, the number of positive results, the percentage of positive tests, and the testing rate per 100,000 people. The data is categorized by borough, allowing for spatial analysis of testing outcomes. Specifically, the dataset contains five unique boroughs, with the number of people tested ranging from 164,922 in Staten Island to 959,956 in Brooklyn. The percentage of positive tests varies from 26.7% in Manhattan to 36.5% in the Bronx. This dataset can be utilized by researchers, public health officials, and policymakers to assess the effectiveness of testing strategies, understand community spread, and inform future healthcare decisions related to COVID-19.

Column constraints outlined in Data Dictionary:
num_peop_test: value must be a non-negative integer; required  
num_peop_pos: value must be a non-negative integer; required  
percent_positive: value must be a decimal between 0 and 1, inclusive; required  
test_rate: value must be a decimal; required","This dataset provides insights into COVID-19 antibody testing across five boroughs in New York City. It includes key variables such as the number of people tested, the number of positive cases, the percentage of positive results, and the testing rate for each borough. The data is categorized by location, with unique values representing each borough. The dataset can be used to analyze the effectiveness of testing efforts and the prevalence of antibodies in different areas, helping public health officials make informed decisions regarding resource allocation and response strategies during the pandemic.","Dataset Overview:
- This dataset focuses on COVID-19 antibody testing across five boroughs in New York City, providing valuable insights into the pandemic's impact on different communities. It includes key metrics such as the number of people tested, the number of positive results, the percentage of positive tests, and the testing rate per 100,000 people. The data is categorized by borough, allowing for spatial analysis of testing outcomes. Specifically, the dataset contains five unique boroughs, with the number of people tested ranging from 164,922 in Staten Island to 959,956 in Brooklyn. The percentage of positive tests varies from 26.7% in Manhattan to 36.5% in the Bronx. This dataset can be utilized by researchers, public health officials, and policymakers to assess the effectiveness of testing strategies, understand community spread, and inform future healthcare decisions related to COVID-19.

Key Themes or Topics:
- Public health
- Epidemiology
- Infectious disease surveillance
- Community health assessment
- Health disparities
- Urban health
- COVID-19 response
- Antibody testing
- Disease prevalence
- Testing strategies

Applications and Use Cases:
- Facilitates analysis for public health officials to evaluate testing effectiveness.
- Useful for researchers studying the spread of COVID-19 and its impact on communities.
- Supports policymakers in making informed decisions regarding healthcare resource allocation.
- Enables statistical modeling of infection rates and community spread.
- Assists in understanding health disparities across different boroughs.

Potential Questions:
- What is the distribution of the number of people tested across the five boroughs?
- How does the percentage of positive tests vary between boroughs?
- What is the testing rate per 100,000 people in each borough?
- How many people tested positive in each borough?
- What trends can be observed in testing outcomes over time?

Concepts and Synonyms:
- COVID-19/Coronavirus
- Antibody testing/Serological testing
- Testing rates/Testing frequency
- Positive test results/Confirmed cases
- Public health metrics/Health indicators
- Community spread/Transmission dynamics
- Epidemiological data/Health statistics

Keywords and Themes:
- COVID-19 antibody testing
- New York City boroughs
- Public health data
- Testing outcomes
- Health equity
- Pandemic response
- Seroprevalence studies
- Community health data

Additional Context:
- This dataset is relevant for understanding the impact of COVID-19 on urban populations and can inform strategies to address health inequities.
- It provides critical insights for interdisciplinary research combining public health, sociology, and urban studies.
- The dataset can be integrated with other health datasets to provide a comprehensive view of the pandemic's effects on different demographics and communities.","Dataset Overview:
- This dataset provides insights into COVID-19 antibody testing across five boroughs in New York City. It includes key variables such as the number of people tested, the number of positive cases, the percentage of positive results, and the testing rate for each borough. The data is categorized by location, with unique values representing each borough. The dataset can be used to analyze the effectiveness of testing efforts and the prevalence of antibodies in different areas, helping public health officials make informed decisions regarding resource allocation and response strategies during the pandemic.

Key Themes or Topics:
- Public health
- Epidemiology
- Infectious disease surveillance
- COVID-19 response strategies
- Antibody prevalence studies
- Testing efficacy analysis
- Health disparities in urban settings

Applications and Use Cases:
- Supports public health officials in resource allocation and strategic planning
- Aids researchers in studying the spread and immunity of COVID-19
- Facilitates epidemiological modeling and forecasting
- Assists policymakers in evaluating the impact of testing programs
- Enables community health assessments and interventions
- Informs public health communication and education efforts

Concepts and Synonyms:
- COVID-19 antibody testing/serological testing
- Antibody prevalence/seroprevalence
- Testing rates/testing frequency
- Positive case identification/positive test results
- Public health data/health statistics
- Urban health disparities/health equity
- Infectious disease control/epidemic management

Keywords and Themes:
- COVID-19
- Antibody testing
- New York City
- Public health data
- Serological survey
- Testing effectiveness
- Health outcomes
- Epidemiological data
- Urban epidemiology
- Resource allocation

Additional Context:
- The dataset is crucial for understanding the dynamics of COVID-19 immunity in urban populations, particularly in the context of varying testing rates and outcomes across different boroughs. It provides valuable insights for addressing health inequities and tailoring public health responses to specific community needs. The data can also be integrated with other health datasets to enhance the understanding of COVID-19's impact on diverse populations and inform future pandemic preparedness strategies.","{'demo_variable': {'column_description': 'Borough of residence'}, 'num_peop_test': {'column_description': 'Number of people who received an antibody test by borough of residence'}, 'num_peop_pos': {'column_description': 'Number of people with a positive result on an antibody test by borough of residence'}, 'percent_positive': {'column_description': 'Percentage of people tested with an antibody test who tested positive by borough of residence'}, 'test_rate': {'column_description': 'Rate of antibody testing per 100,000 people by borough of residence'}}",5,5.0,1.0,1.0
ax85-bzte,https://data.cityofnewyork.us/d/ax85-bzte,"This dataset provides comprehensive Tuberculosis (TB) surveillance data spanning from 1900 to 2022, detailing the number of verified TB cases, rates per 100,000 population, and various laboratory-confirmed case metrics. It includes key measurements such as the number of culture-positive cases, sputum smear-positive cases, and multidrug resistance cases, offering valuable insights into the trends and challenges in TB management over time. The dataset features 60 unique years and covers a wide range of values for each metric, allowing for in-depth analysis of TB incidence and resistance patterns. It serves as a crucial resource for public health officials, researchers, and policymakers aiming to understand TB dynamics, evaluate intervention effectiveness, and inform future healthcare strategies. By analyzing this data, stakeholders can better address TB outbreaks and improve healthcare responses to this persistent public health issue.

Column constraints outlined in Data Dictionary:
year: 1900 <= year <= 2022  
number_of_tb_cases: number >= 0; null values allowed  
rate_per_100_000: number >= 0; null values allowed  
culture_positive_cases: number >= 0; null values allowed  
sputum_smear_positive_cases: number >= 0; null values allowed  
sputum_smear_positive_rate: number >= 0; null values allowed  
multidrug_resistance_cases: number >= 0; null values allowed","This dataset provides comprehensive tuberculosis (TB) surveillance data, covering the years from 1900 to 2022. It includes key metrics such as the total number of TB cases, the rate of cases per 100,000 individuals, and the number of culture-positive and sputum smear-positive cases. The dataset also tracks multidrug resistance cases, offering valuable insights into the evolving landscape of TB. With a focus on healthcare measurements, this dataset can be utilized for public health research, epidemiological studies, and policy-making to combat TB effectively. It serves as a crucial resource for understanding trends and patterns in TB incidence over time.","Dataset Overview:
- This dataset provides comprehensive Tuberculosis (TB) surveillance data spanning from 1900 to 2022, detailing the number of verified TB cases, rates per 100,000 population, and various laboratory-confirmed case metrics. It includes key measurements such as the number of culture-positive cases, sputum smear-positive cases, and multidrug resistance cases, offering valuable insights into the trends and challenges in TB management over time. The dataset features 60 unique years and covers a wide range of values for each metric, allowing for in-depth analysis of TB incidence and resistance patterns. It serves as a crucial resource for public health officials, researchers, and policymakers aiming to understand TB dynamics, evaluate intervention effectiveness, and inform future healthcare strategies. By analyzing this data, stakeholders can better address TB outbreaks and improve healthcare responses to this persistent public health issue.

Key Themes or Topics:
- Tuberculosis epidemiology
- Infectious disease surveillance
- Public health monitoring
- Disease resistance patterns
- Global health trends
- Healthcare intervention effectiveness
- Historical disease data analysis
- Population health metrics

Applications and Use Cases:
- Facilitates analysis for public health officials in tracking TB outbreaks and trends.
- Useful for researchers studying the epidemiology of tuberculosis and its resistance.
- Supports policymakers in formulating effective TB control strategies and healthcare policies.
- Enables healthcare professionals to assess the impact of interventions on TB incidence.
- Assists in statistical modeling of TB case rates and resistance over time.

Potential Questions:
- What is the distribution of verified TB cases across different years from 1900 to 2022?
- How does the rate of culture-positive TB cases differ between various decades?
- What trends can be observed in multidrug resistance cases over the years?
- How have sputum smear-positive rates changed in relation to the total number of TB cases?
- What is the correlation between the number of TB cases and the rate per 100,000 population?

Concepts and Synonyms:
- Tuberculosis/TB
- Surveillance data/monitoring data
- Epidemiology/infectious disease epidemiology
- Multidrug-resistant tuberculosis/MDR-TB
- Culture-positive cases/laboratory-confirmed cases
- Sputum smear-positive cases/sputum smear microscopy
- Public health/public health data
- Disease incidence/disease prevalence

Keywords and Themes:
- tuberculosis surveillance
- infectious disease data
- public health research
- epidemiological trends
- multidrug resistance
- healthcare strategies
- disease management
- historical health data

Additional Context:
- This dataset is relevant for addressing global health challenges related to tuberculosis, particularly in understanding the dynamics of TB transmission and resistance. It provides a historical perspective that can inform current public health strategies and interventions. The dataset's comprehensive nature allows for interdisciplinary applications, integrating insights from epidemiology, public health policy, and healthcare management. It is essential for stakeholders aiming to combat TB effectively and improve health outcomes in affected populations.","Dataset Overview:
- This dataset provides comprehensive tuberculosis (TB) surveillance data, covering the years from 1900 to 2022. It includes key metrics such as the total number of TB cases, the rate of cases per 100,000 individuals, and the number of culture-positive and sputum smear-positive cases. The dataset also tracks multidrug resistance cases, offering valuable insights into the evolving landscape of TB. With a focus on healthcare measurements, this dataset can be utilized for public health research, epidemiological studies, and policy-making to combat TB effectively. It serves as a crucial resource for understanding trends and patterns in TB incidence over time.

Key Themes or Topics:
- Tuberculosis surveillance
- Infectious disease epidemiology
- Public health monitoring
- Multidrug-resistant tuberculosis (MDR-TB)
- Global health trends
- Disease incidence and prevalence
- Healthcare metrics and statistics
- Historical epidemiological data

Applications and Use Cases:
- Supports public health research and analysis
- Aids in the formulation of TB control policies
- Facilitates epidemiological studies on TB transmission
- Assists healthcare professionals in understanding TB trends
- Enables statistical modeling of TB incidence and outcomes
- Informs global health initiatives and interventions
- Guides resource allocation for TB prevention and treatment

Concepts and Synonyms:
- Tuberculosis/TB
- Surveillance data/monitoring data
- Epidemiology/infectious disease study
- Multidrug resistance/MDR
- Culture-positive cases/culture-confirmed TB
- Sputum smear-positive cases/sputum-positive TB
- Incidence rate/case rate
- Prevalence/occurrence
- Public health/public health research
- Disease control/disease management

Keywords and Themes:
- tuberculosis
- TB surveillance
- infectious diseases
- public health data
- epidemiological trends
- multidrug-resistant TB
- healthcare statistics
- disease incidence
- historical TB data
- global health

Additional Context:
- The dataset is crucial for addressing the ongoing challenges of TB control and prevention in various populations.
- It provides a historical perspective on TB trends, which is essential for understanding the impact of interventions over time.
- The dataset can be integrated with other health datasets to explore comorbidities and social determinants of health related to TB.
- It is valuable for interdisciplinary research involving public health, sociology, and global health policy.","{'year': {'column_description': 'Year that the person was verified as a TB case', 'expected_per_allowed_values': '1900 - 2022'}, 'number_of_tb_cases': {'column_description': 'Number of verified cases of TB', 'expected_per_allowed_values': 'Number', 'additional_notes': 'As data get finalized or if  denominators change a bit, the numbers can vary slightly'}, 'rate_per_100_000': {'column_description': 'TB case rate per 100,000 population calculated using decennial census data', 'expected_per_allowed_values': 'Number', 'additional_notes': 'As data get finalized or if  denominators change a bit, the numbers can vary slightly'}, 'culture_positive_cases': {'column_description': 'Number of cases that were verified by laboratory culture', 'expected_per_allowed_values': 'Number'}, 'sputum_smear_positive_cases': {'column_description': 'Number of cases verified within the respective year with evidence of acid fast bacilli (AFB) on sputum smear microscopy', 'expected_per_allowed_values': 'Number'}, 'sputum_smear_positive_rate': {'column_description': 'Sputum smear-positive TB case rate per 100,000 population calculated using decennial census data', 'expected_per_allowed_values': 'Number'}, 'multidrug_resistance_cases': {'column_description': 'Number of cases verified within the respective year with resistance to at least isoniazid and rifampin', 'expected_per_allowed_values': 'Number'}}",60,7.0,1.0,1.0
vajk-p37e,https://data.cityofnewyork.us/d/vajk-p37e,"This dataset focuses on COVID-19 antibody testing across different neighborhood poverty groups, categorized into four levels: low, medium, high, and very high poverty. It includes key metrics such as the total number of people tested, the number of positive test results, the percentage of positive cases, and the testing rate per 100,000 people. The dataset provides valuable insights into the relationship between socioeconomic status and COVID-19 testing outcomes, with a cumulative count of individuals tested and those who tested positive for antibodies. The data spans a range of values, with the number of people tested varying from approximately 376,000 to over 1.3 million. This dataset can be utilized by researchers and public health officials to analyze the impact of poverty on health outcomes during the pandemic, helping to inform targeted interventions and resource allocation in communities affected by COVID-19.

Column constraints outlined in Data Dictionary:
demo_variable: allowed values are categorical strings representing poverty levels (e.g., PovertyA_Low, PovertyB_Medium, etc.); must be unique  
num_peop_test: value range is 0 to 1,500,000; must be a non-negative integer  
num_peop_pos: value range is 0 to 500,000; must be a non-negative integer  
percent_positive: value range is 0.0 to 1.0; must be a decimal representing a percentage (0% to 100%)  
test_rate: value range is 0 to 40,000; must be a decimal representing a rate per population unit","This dataset focuses on COVID-19 antibody testing, providing valuable insights into the prevalence of antibodies across different poverty levels. It includes four demographic categories: Low, Medium, High, and Very High poverty levels. The dataset contains key measurements such as the number of people tested, the number of positive cases, the percentage of positive results, and the test rate. With unique values for each demographic, it allows for a comprehensive analysis of how socioeconomic factors may influence antibody prevalence. Researchers and public health officials can utilize this data to assess the impact of poverty on COVID-19 testing outcomes and inform targeted health interventions.","Dataset Overview:
- This dataset focuses on COVID-19 antibody testing across different neighborhood poverty groups, categorized into four levels: low, medium, high, and very high poverty. It includes key metrics such as the total number of people tested, the number of positive test results, the percentage of positive cases, and the testing rate per 100,000 people. The dataset provides valuable insights into the relationship between socioeconomic status and COVID-19 testing outcomes, with a cumulative count of individuals tested and those who tested positive for antibodies. The data spans a range of values, with the number of people tested varying from approximately 376,000 to over 1.3 million. This dataset can be utilized by researchers and public health officials to analyze the impact of poverty on health outcomes during the pandemic, helping to inform targeted interventions and resource allocation in communities affected by COVID-19.

Key Themes or Topics:
- Public health
- Socioeconomic disparities
- COVID-19 testing
- Antibody testing
- Health equity
- Poverty and health outcomes
- Epidemiology
- Community health
- Infectious disease response
- Social determinants of health

Applications and Use Cases:
- Analyzing the correlation between poverty levels and COVID-19 antibody positivity rates
- Informing public health interventions and resource allocation strategies
- Evaluating the effectiveness of testing programs in different socioeconomic groups
- Supporting research on health disparities and their implications during the pandemic
- Guiding policy formulation for equitable healthcare access

Potential Questions:
- What is the distribution of the total number of people tested across different poverty levels?
- How does the percentage of positive COVID-19 antibody tests vary between low and very high poverty neighborhoods?
- What is the testing rate per 100,000 people in neighborhoods categorized as high poverty compared to those in medium poverty?
- How many individuals tested positive for antibodies in each poverty group?
- What trends can be observed in the number of people tested over time across different socioeconomic statuses?

Concepts and Synonyms:
- COVID-19 serology testing/antibody testing
- Socioeconomic status/SES
- Health disparities/health inequities
- Testing rates/diagnostic testing
- Public health interventions/community health initiatives
- Poverty levels/income inequality
- Epidemiological studies/health research
- Antibody prevalence/seroprevalence

Keywords and Themes:
- COVID-19
- Antibody testing
- Socioeconomic factors
- Health outcomes
- Testing metrics
- Public health data
- Community health disparities
- Poverty and health
- Epidemiology of COVID-19

Additional Context:
- This dataset is crucial for understanding the intersection of socioeconomic factors and health outcomes during the COVID-19 pandemic, highlighting the need for targeted public health strategies. It can be integrated with other datasets on health outcomes, socioeconomic indicators, and demographic information to provide a comprehensive view of the pandemic's impact on different communities. The insights derived from this dataset can inform future research and public health policies aimed at reducing health disparities and improving access to testing and healthcare services.","Dataset Overview:
- This dataset focuses on COVID-19 antibody testing, providing valuable insights into the prevalence of antibodies across different poverty levels. It includes four demographic categories: Low, Medium, High, and Very High poverty levels. The dataset contains key measurements such as the number of people tested, the number of positive cases, the percentage of positive results, and the test rate. With unique values for each demographic, it allows for a comprehensive analysis of how socioeconomic factors may influence antibody prevalence. Researchers and public health officials can utilize this data to assess the impact of poverty on COVID-19 testing outcomes and inform targeted health interventions.

Key Themes or Topics:
- COVID-19
- Antibody Testing
- Socioeconomic Factors
- Public Health
- Health Disparities
- Poverty Levels
- Epidemiology
- Infectious Diseases
- Health Equity
- Demographic Analysis

Applications and Use Cases:
- Public health analysis
- Epidemiological research
- Policy formulation for health interventions
- Socioeconomic impact studies
- Targeted health program development
- Community health assessments
- Statistical modeling of health outcomes
- Resource allocation for healthcare services

Concepts and Synonyms:
- COVID-19 serology
- Antibody prevalence
- Socioeconomic status (SES)
- Health outcomes
- Testing rates
- Positive case rates
- Demographic disparities
- Health interventions
- Poverty-related health issues
- Socioeconomic determinants of health

Keywords and Themes:
- COVID-19 antibody testing
- Antibody prevalence by poverty level
- Socioeconomic health disparities
- Public health data
- COVID-19 testing statistics
- Health equity analysis
- Poverty and health outcomes
- Epidemiological data on COVID-19
- Antibody response
- Socioeconomic analysis of health data

Additional Context:
- This dataset is crucial for understanding the intersection of socioeconomic status and health outcomes during the COVID-19 pandemic. It provides insights into how poverty influences access to testing and the prevalence of antibodies, which is vital for addressing health inequities. The findings can inform public health strategies and interventions aimed at vulnerable populations, making it relevant for interdisciplinary research in public health, sociology, and epidemiology.","{'demo_variable': {'column_description': 'ZCTA-level neighborhood poverty group (PovertyA_low; PovertyB_medium; PovertyC_high; PovertyD_veryhigh)'}, 'num_peop_test': {'column_description': 'Cumulative count of people tested with an antibody test by neighborhood poverty group (demo_variable)'}, 'num_peop_pos': {'column_description': 'Cumulative count of people with a positive result on an antibody test by neighborhood poverty group (demo_variable). People are considered positive if they ever received a positive antibody result, regardless of whether they have received negative results as well.'}, 'percent_positive': {'column_description': 'Cumulative percentage of people ever tested for COVID-19 with an antibody test who tested positive by neighborhood poverty group (demo_variable)'}, 'test_rate': {'column_description': 'Cumulative rate of antibody testing per 100,000 people by neighborhood poverty group (demo_variable)'}}",4,5.0,1.0,1.0
uqmk-4y2w,https://data.cityofnewyork.us/d/uqmk-4y2w,"This dataset focuses on youth risk behaviors, specifically examining the prevalence of smoking, alcohol consumption, and physical activity among middle school students as reported in the 2018 Youth Risk Behavior Survey (YRBS). It includes key measurements such as the percentage of students who have smoked at least once, ever had a drink of alcohol, and those who are physically active. The dataset provides a prevalence estimate for smoking at 0.9%, with a cautionary note regarding the reliability of this estimate due to a large relative standard error. The data also includes confidence intervals for alcohol consumption and physical activity, indicating a range of 13.8% to 22.4% for alcohol use and 22.0% to 25.8% for physical activity. This dataset can be utilized by researchers and policymakers to assess and address health-related behaviors among youth, contributing to the development of targeted interventions and public health strategies.","This dataset focuses on Youth Risk Behaviors, specifically examining the prevalence of smoking, alcohol consumption, and physical activity among middle school students in 2018. It includes key measurements such as the percentage of students who have smoked at least once, ever had a drink of alcohol, and those who are physically active. The data is derived from a single survey and provides estimates with associated confidence intervals, highlighting the importance of careful interpretation due to variability. This dataset can be utilized for research and analysis in public health, education, and policy-making to better understand and address youth behaviors and health outcomes.","Dataset Overview:
- This dataset focuses on youth risk behaviors, specifically examining the prevalence of smoking, alcohol consumption, and physical activity among middle school students as reported in the 2018 Youth Risk Behavior Survey (YRBS). It includes key measurements such as the percentage of students who have smoked at least once, ever had a drink of alcohol, and those who are physically active. The dataset provides a prevalence estimate for smoking at 0.9%, with a cautionary note regarding the reliability of this estimate due to a large relative standard error. The data also includes confidence intervals for alcohol consumption and physical activity, indicating a range of 13.8% to 22.4% for alcohol use and 22.0% to 25.8% for physical activity. This dataset can be utilized by researchers and policymakers to assess and address health-related behaviors among youth, contributing to the development of targeted interventions and public health strategies.

Key Themes or Topics:
- Youth risk behaviors
- Adolescent health
- Substance use
- Smoking prevalence
- Alcohol consumption
- Physical activity levels
- Middle school students
- Health surveys
- Public health interventions
- Behavioral health

Applications and Use Cases:
- Facilitates analysis for public health officials
- Useful for researchers studying adolescent behavior
- Supports policymakers in developing health education programs
- Enables insights into trends in youth substance use
- Assists in evaluating the effectiveness of health promotion strategies
- Aids in identifying at-risk populations for targeted interventions

Potential Questions:
- What is the prevalence of smoking among middle school students based on the 2018 YRBS?
- How does alcohol consumption among middle school students vary within the confidence interval of 13.8% to 22.4%?
- What percentage of middle school students reported being physically active, according to the dataset?
- How reliable is the smoking prevalence estimate given the large relative standard error?
- What trends can be observed in youth risk behaviors over time based on the YRBS data?

Concepts and Synonyms:
- Youth risk behaviors/youth risky behaviors
- Adolescent substance use/adolescent drug use
- Smoking/smoking habits
- Alcohol use/alcohol consumption
- Physical activity/exercise levels
- Health behaviors/risk-taking behaviors
- Middle school/adolescents
- Youth health surveys/health risk assessments

Keywords and Themes:
- Youth Risk Behavior Survey (YRBS)
- Adolescent health statistics
- Substance abuse prevention
- Health education
- Public health data
- Risk behavior assessment
- Youth health interventions
- Behavioral health trends

Additional Context:
- The dataset is relevant for addressing public health challenges related to adolescent substance use and physical inactivity.
- It provides valuable insights for interdisciplinary research involving education, psychology, and public health.
- The findings can inform community health initiatives aimed at reducing youth risk behaviors and promoting healthier lifestyles among adolescents.","Dataset Overview:
- This dataset focuses on Youth Risk Behaviors, specifically examining the prevalence of smoking, alcohol consumption, and physical activity among middle school students in 2018. It includes key measurements such as the percentage of students who have smoked at least once, ever had a drink of alcohol, and those who are physically active. The data is derived from a single survey and provides estimates with associated confidence intervals, highlighting the importance of careful interpretation due to variability. This dataset can be utilized for research and analysis in public health, education, and policy-making to better understand and address youth behaviors and health outcomes.

Key Themes or Topics:
- Youth Risk Behaviors
- Adolescent Health
- Substance Use
- Physical Activity Levels
- Health Education
- Preventive Health Measures
- Behavioral Health
- Middle School Student Health
- Public Health Surveillance
- Risk and Protective Factors

Applications and Use Cases:
- Facilitates analysis for public health officials, educators, researchers, and policymakers.
- Useful for developing health promotion programs and interventions targeting youth.
- Enables insights into trends in adolescent substance use and physical activity.
- Supports the evaluation of health education curricula and initiatives.
- Assists in formulating policies aimed at reducing youth risk behaviors.

Concepts and Synonyms:
- Youth Behavior/Risk Behavior
- Adolescent Substance Use/Alcohol Use
- Smoking Prevalence/Tobacco Use
- Physical Activity/Exercise Levels
- Health Outcomes/Health Indicators
- Survey Data/Statistical Analysis
- Confidence Intervals/Estimation
- Middle School/Junior High School
- Public Health Research/Health Policy

Keywords and Themes:
- youth risk behaviors
- adolescent health
- smoking prevalence
- alcohol consumption
- physical activity
- middle school students
- public health data
- health education
- substance abuse
- preventive health

Additional Context:
- Highlights the dataset's relevance to addressing public health challenges related to youth substance use and physical inactivity.
- Emphasizes its value for interdisciplinary applications, integrating insights from education, psychology, and public health.
- Supports ongoing research into the effectiveness of interventions aimed at improving youth health outcomes and reducing risk behaviors.",,3,6.0,0.0,1.0
dsyc-npkh,https://data.cityofnewyork.us/d/dsyc-npkh,"This dataset focuses on indoor air quality measurements taken across various locations within a building, specifically from September 6 to September 14, 2018. It includes detailed records of volatile organic compounds (VOCs) measured in parts per million (ppm), along with corresponding temperature and humidity readings at three different times for each location. The dataset captures 38 unique sample locations, ranging from hallways to specific rooms, providing insights into environmental conditions and potential sources of odors, such as cooking or cleaning chemicals. Each entry includes observations that highlight specific conditions, such as high humidity or poor ventilation. This dataset can be utilized for analyzing indoor air quality trends, assessing the impact of environmental factors on health, and informing strategies for improving air quality in residential settings. It serves as a valuable resource for researchers and policymakers interested in enhancing living conditions within public housing environments.

Column constraints outlined in Data Dictionary:
date: format must be ISO 8601 (YYYY-MM-DDTHH:MM:SS.sss); must not be null  
sample_location: must not be null  
time1: format must be HH:MM:SS; may be null  
vocs1_ppm: numeric; may be null; values may include ""<0.1"" or numeric values; may include ""*"" or ""**"" as suffix  
temp1_f: numeric; may be null  
humidity1: numeric; may be null  
observations1: may be null  
time2: format must be HH:MM:SS; may be null  
vocs2_ppm: numeric; may be null; values may include ""<0.1"" or numeric values; may include ""*"" or ""**"" as suffix  
temp2_f: numeric; may be null  
humidity2: numeric; may be null  
observations2: may be null  
time3: format must be HH:MM:SS; may be null  
vocs3_ppm: numeric; may be null; values may include ""<0.1"" or numeric values; may include ""*"" or ""**"" as suffix  
temp3_f: numeric; may be null  
humidity3: numeric; may be null  
observations3: may be null","This dataset focuses on air quality monitoring, providing detailed measurements of volatile organic compounds (VOCs), temperature, and humidity across various locations within a building. It includes data collected from September 6 to September 14, 2018, with observations taken at different times throughout the day. The dataset features 34 unique sample locations, including hallways, floors, and specific rooms, allowing for a comprehensive analysis of environmental conditions. It can be utilized to assess air quality, identify potential sources of pollution, and evaluate the impact of environmental factors on indoor air quality, making it valuable for researchers and building managers alike.","Dataset Overview:
- This dataset focuses on indoor air quality measurements taken across various locations within a building, specifically from September 6 to September 14, 2018. It includes detailed records of volatile organic compounds (VOCs) measured in parts per million (ppm), along with corresponding temperature and humidity readings at three different times for each location. The dataset captures 38 unique sample locations, ranging from hallways to specific rooms, providing insights into environmental conditions and potential sources of odors, such as cooking or cleaning chemicals. Each entry includes observations that highlight specific conditions, such as high humidity or poor ventilation. This dataset can be utilized for analyzing indoor air quality trends, assessing the impact of environmental factors on health, and informing strategies for improving air quality in residential settings. It serves as a valuable resource for researchers and policymakers interested in enhancing living conditions within public housing environments.

Key Themes or Topics:
- Indoor Air Quality
- Environmental Health
- Volatile Organic Compounds (VOCs)
- Temperature and Humidity Analysis
- Building Environment Monitoring
- Public Health and Safety
- Residential Air Quality
- Odor Sources and Mitigation
- Ventilation and Airflow Dynamics

Applications and Use Cases:
- Facilitates analysis for environmental scientists and health researchers.
- Useful for indoor air quality assessments and improvement strategies.
- Enables policymakers to formulate regulations regarding indoor air standards.
- Assists in identifying sources of indoor pollutants and their health impacts.
- Supports the development of guidelines for residential living conditions.

Potential Questions:
- What is the distribution of VOCs across different sample locations?
- How do temperature and humidity levels correlate with VOC concentrations?
- How does indoor air quality vary over the measurement period from September 6 to September 14, 2018?
- What observations indicate poor ventilation in specific areas of the building?
- How do VOC levels compare between rooms used for cooking versus those used for cleaning?

Concepts and Synonyms:
- Indoor Air Quality/IAQ
- Volatile Organic Compounds/VOCs
- Air Pollution/Indoor Pollution
- Humidity/Relative Humidity
- Temperature/Air Temperature
- Environmental Monitoring/Environmental Assessment
- Building Health/Indoor Environment
- Odor Control/Odor Management
- Ventilation/Air Exchange

Keywords and Themes:
- indoor air quality
- volatile organic compounds
- temperature readings
- humidity measurements
- environmental conditions
- health impact assessment
- residential air quality
- pollutant sources
- air quality trends

Additional Context:
- This dataset is relevant for addressing public health challenges related to indoor environments, particularly in urban settings.
- It provides critical insights for interdisciplinary research combining environmental science, public health, and urban planning.
- The dataset can be integrated with other environmental datasets to enhance understanding of broader air quality issues and their implications for community health.","Dataset Overview:
- This dataset focuses on air quality monitoring, providing detailed measurements of volatile organic compounds (VOCs), temperature, and humidity across various locations within a building. It includes data collected from September 6 to September 14, 2018, with observations taken at different times throughout the day. The dataset features 34 unique sample locations, including hallways, floors, and specific rooms, allowing for a comprehensive analysis of environmental conditions. It can be utilized to assess air quality, identify potential sources of pollution, and evaluate the impact of environmental factors on indoor air quality, making it valuable for researchers and building managers alike.

Key Themes or Topics:
- Air Quality Monitoring
- Indoor Environmental Quality
- Volatile Organic Compounds (VOCs)
- Temperature and Humidity Analysis
- Building Health and Safety
- Environmental Pollution Assessment
- Indoor Air Quality (IAQ) Research
- Environmental Monitoring
- Public Health and Safety
- Sustainable Building Management

Applications and Use Cases:
- Air quality assessment for building managers
- Research on indoor air quality and health impacts
- Evaluation of environmental conditions in workplaces
- Identification of pollution sources in indoor environments
- Development of air quality improvement strategies
- Compliance with health and safety regulations
- Data-driven decision-making for facility management
- Environmental impact studies for urban planning
- Policy formulation for indoor air quality standards

Concepts and Synonyms:
- Air Quality/Indoor Air Quality
- Volatile Organic Compounds/VOCs
- Temperature/Humidity
- Environmental Monitoring/Environmental Assessment
- Pollution Sources/Contaminants
- Building Management/Facility Management
- Health Impacts/Public Health
- Environmental Factors/Environmental Conditions
- Data Collection/Observational Data

Keywords and Themes:
- air quality
- indoor air quality
- volatile organic compounds
- temperature
- humidity
- environmental monitoring
- pollution assessment
- building management
- health and safety
- data analysis

Additional Context:
- This dataset is relevant for addressing challenges related to indoor air quality and its effects on occupant health and productivity. It provides insights into the relationship between environmental factors and air quality, which is crucial for developing effective strategies to mitigate pollution in indoor spaces. The dataset can also be integrated with other environmental datasets for comprehensive studies on urban health and sustainability.","{'date': {'column_description': 'Date the readings were taken'}, 'sample_location': {'column_description': 'Location in the building the measurements were taken'}, 'time1': {'column_description': 'Time first measurement was taken'}, 'vocs1_ppm': {'column_description': 'VOC Level of first measurement'}, 'temp1_f': {'column_description': 'Ambient temperature at first rmeasurement'}, 'humidity1': {'column_description': 'Ambient humidty at first measurement'}, 'observations1': {'column_description': 'Site observations from the first measurement'}, 'time2': {'column_description': 'Time second measurement was taken'}, 'vocs2_ppm': {'column_description': 'VOC Level of second measurement'}, 'temp2_f': {'column_description': 'Ambient temperature at second rmeasurement'}, 'humidity2': {'column_description': 'Ambient humidty at second measurement'}, 'observations2': {'column_description': 'Site observations from the second measurement'}, 'time3': {'column_description': 'Time third measurement was taken'}, 'vocs3_ppm': {'column_description': 'VOC Level of third measurement'}, 'temp3_f': {'column_description': 'Ambient temperature at third rmeasurement'}, 'humidity3': {'column_description': 'Ambient humidty at third measurement'}, 'observations3': {'column_description': 'Site observations from the third measurement'}}",264,17.0,1.0,1.0
xwtc-hedq,https://data.cityofnewyork.us/d/xwtc-hedq,"This dataset provides detailed information on COVID-19 cases, including confirmed, probable, and total cases, along with their seven-day averages. The data spans from September 13, 2020, to June 8, 2021, with daily resolution, allowing for a comprehensive analysis of trends over time. It contains 277 unique dates and covers a range of confirmed cases from 79 to 6570, probable cases from 21 to 1428, and total cases from 100 to 7984. The dataset also includes status indicators and timestamps for data updates, ensuring users can track the most current information. This dataset is valuable for public health officials, researchers, and policymakers to assess the impact of COVID-19, monitor trends, and inform decision-making regarding health interventions and resource allocation. It serves as a crucial tool for understanding the pandemic's progression at a citywide level.

Column constraints outlined in Data Dictionary:
date: format must be ISO 8601 (YYYY-MM-DDTHH:MM:SSZ); no missing values allowed  
confirmed_cases: must be a non-negative integer; no missing values allowed  
probable_cases: must be a non-negative integer; no missing values allowed  
total_cases: must be a non-negative float; no missing values allowed  
_7_day_average_of_confirmed_cases: must be a non-negative float; may be null  
_7_day_average_of_probable_cases: must be a non-negative float; may be null  
_7_day_average_of_total_cases: must be a non-negative float; may be null  
status: allowed values are ""Update"" or ""Insert""; no missing values allowed  
etldate: format must be ISO 8601 (YYYY-MM-DDTHH:MM:SSZ); no missing values allowed","This dataset provides a comprehensive overview of COVID-19 case trends, including confirmed, probable, and total cases recorded daily from September 11, 2020, to June 11, 2021. It features key metrics such as the 7-day averages for confirmed, probable, and total cases, which are essential for understanding the progression of the pandemic. The data is structured with unique identifiers for each entry and includes timestamps for updates. This dataset can be utilized for analyzing trends in COVID-19 cases, informing public health decisions, and supporting research in healthcare and epidemiology.","Dataset Overview:
- This dataset provides detailed information on COVID-19 cases, including confirmed, probable, and total cases, along with their seven-day averages. The data spans from September 13, 2020, to June 8, 2021, with daily resolution, allowing for a comprehensive analysis of trends over time. It contains 277 unique dates and covers a range of confirmed cases from 79 to 6570, probable cases from 21 to 1428, and total cases from 100 to 7984. The dataset also includes status indicators and timestamps for data updates, ensuring users can track the most current information. This dataset is valuable for public health officials, researchers, and policymakers to assess the impact of COVID-19, monitor trends, and inform decision-making regarding health interventions and resource allocation. It serves as a crucial tool for understanding the pandemic's progression at a citywide level.

Key Themes or Topics:
- Public health
- Epidemiology
- Infectious diseases
- Disease surveillance
- Health data analysis
- Pandemic response
- Statistical modeling
- Health interventions
- Resource allocation
- Trend analysis

Applications and Use Cases:
- Facilitates analysis for public health officials to monitor COVID-19 trends.
- Useful for researchers studying the epidemiology of COVID-19.
- Supports policymakers in formulating health interventions based on case data.
- Enables statistical modeling of disease spread and impact.
- Assists in resource allocation for healthcare facilities based on case trends.

Potential Questions:
- What is the distribution of confirmed cases over the dataset period?
- How do probable cases differ across various dates?
- How has the seven-day average of confirmed cases changed over time?
- What is the trend in total cases from September 2020 to June 2021?
- How do updates in status correlate with changes in case numbers?

Concepts and Synonyms:
- COVID-19/coronavirus disease 2019
- confirmed cases/positive cases
- probable cases/suspected cases
- total cases/cumulative cases
- seven-day average/weekly average
- public health data/health statistics
- disease tracking/epidemic monitoring
- health interventions/public health measures
- data updates/data revisions

Keywords and Themes:
- COVID-19 cases
- confirmed cases
- probable cases
- total cases
- seven-day averages
- public health analysis
- epidemiological data
- health trends
- pandemic monitoring
- statistical health data

Additional Context:
- This dataset is relevant for understanding the dynamics of COVID-19 transmission and its impact on public health systems.
- It provides critical insights for interdisciplinary applications, integrating health data with social and economic factors.
- The dataset can be used in conjunction with other datasets related to healthcare resources, vaccination rates, and demographic information to provide a more comprehensive view of the pandemic's effects.","Dataset Overview:
- This dataset provides a comprehensive overview of COVID-19 case trends, including confirmed, probable, and total cases recorded daily from September 11, 2020, to June 11, 2021. It features key metrics such as the 7-day averages for confirmed, probable, and total cases, which are essential for understanding the progression of the pandemic. The data is structured with unique identifiers for each entry and includes timestamps for updates. This dataset can be utilized for analyzing trends in COVID-19 cases, informing public health decisions, and supporting research in healthcare and epidemiology.

Key Themes or Topics:
- COVID-19 case trends
- Epidemiology
- Public health surveillance
- Infectious disease modeling
- Pandemic response analysis
- Health data analytics
- Disease outbreak monitoring
- Statistical analysis of health data

Applications and Use Cases:
- Supports epidemiological research and analysis
- Aids public health officials in decision-making and resource allocation
- Facilitates trend analysis for healthcare providers and policymakers
- Enables statistical modeling for predicting future case trends
- Assists in the evaluation of public health interventions and policies
- Provides data for academic research in healthcare and social sciences

Concepts and Synonyms:
- COVID-19/coronavirus disease 2019
- Case counts/confirmed cases/probable cases/total cases
- Daily incidence rates/7-day averages
- Health metrics/epidemiological metrics
- Disease tracking/outbreak tracking
- Public health data/health statistics
- Infection rates/positivity rates
- Surveillance data/monitoring data

Keywords and Themes:
- COVID-19 trends
- Case data
- Health analytics
- Epidemiological data
- Pandemic statistics
- Public health data
- Disease incidence
- Health informatics

Additional Context:
- This dataset is crucial for understanding the dynamics of COVID-19 spread and its impact on public health systems.
- It provides valuable insights for researchers studying the effectiveness of interventions and the progression of the pandemic over time.
- The dataset can be integrated with other health datasets to enhance the understanding of COVID-19's effects on various populations and regions.","{'date': {}, 'confirmed_cases': {'column_description': 'Count of confirmed cases by specimen collection date'}, 'probable_cases': {'column_description': 'Count of probably cases by date of occurrence'}, 'total_cases': {'column_description': 'Sum of confirmed and probable cases'}, '_7_day_average_of_confirmed_cases': {'column_description': 'Seven day average of count of confirmed cases by specimen collection date'}, '_7_day_average_of_probable_cases': {'column_description': 'Seven day average of count of probable cases by date of occurrence'}, '_7_day_average_of_total_cases': {'column_description': 'Seven day average of sum of confirmed and probable cases'}, 'status': {}, 'etldate': {}}",277,9.0,1.0,1.0
67up-ztdf,https://data.cityofnewyork.us/d/67up-ztdf,"This dataset contains responses from health opinion polls conducted among adults in New York City, focusing on various health-related topics. It includes questions about awareness and comfort levels regarding mental health issues, perceptions of public attitudes towards mental illness, and opinions on marijuana use if legalized. The dataset features two prevalence measures, with prevalence_hop1 capturing general health-related responses and prevalence_hop2 specifically addressing healthcare-related opinions. The poll questions are designed to gauge public sentiment and understanding of mental health and substance use, providing valuable insights into community attitudes. With unique values in both prevalence measures, this dataset serves as a rich resource for researchers and public health officials interested in analyzing trends in health perceptions and behaviors within urban populations. It can be utilized to inform public health initiatives, policy-making, and educational campaigns aimed at improving mental health awareness and substance use regulations.","This dataset focuses on health awareness, capturing public opinions through various poll questions related to mental health and marijuana use in New York City. It includes responses on familiarity with naloxone, comfort levels in maintaining friendships with individuals who have mental illnesses, and perceptions of public marijuana use. The dataset features two prevalence measures, with one representing general health-related responses and the other specifically addressing healthcare contexts. This information can be valuable for researchers and policymakers aiming to understand community attitudes towards mental health and substance use, ultimately aiding in the development of targeted health initiatives and educational programs.","Dataset Overview:
- This dataset contains responses from health opinion polls conducted among adults in New York City, focusing on various health-related topics. It includes questions about awareness and comfort levels regarding mental health issues, perceptions of public attitudes towards mental illness, and opinions on marijuana use if legalized. The dataset features two prevalence measures, with prevalence_hop1 capturing general health-related responses and prevalence_hop2 specifically addressing healthcare-related opinions. The poll questions are designed to gauge public sentiment and understanding of mental health and substance use, providing valuable insights into community attitudes. With unique values in both prevalence measures, this dataset serves as a rich resource for researchers and public health officials interested in analyzing trends in health perceptions and behaviors within urban populations. It can be utilized to inform public health initiatives, policy-making, and educational campaigns aimed at improving mental health awareness and substance use regulations.

Key Themes or Topics:
- Mental health awareness
- Substance use perceptions
- Public health attitudes
- Urban health issues
- Healthcare opinions
- Mental illness stigma
- Marijuana legalization opinions
- Community health trends
- Health-related behaviors
- Public sentiment analysis

Applications and Use Cases:
- Facilitates analysis for public health officials and policymakers in New York City.
- Useful for researchers studying mental health trends and substance use attitudes.
- Enables insights into community health perceptions for educational campaigns.
- Assists in evaluating the effectiveness of public health initiatives.
- Supports statistical modeling of health-related behaviors and opinions.

Potential Questions:
- What is the distribution of awareness levels regarding mental health issues among adults in NYC?
- How do comfort levels with mental health topics differ across various demographic groups?
- What are the public attitudes towards marijuana use if legalized in New York City?
- How does the perception of mental illness stigma vary between different neighborhoods?
- How have opinions on healthcare-related issues changed over time in urban populations?

Concepts and Synonyms:
- Mental health/psychological health
- Substance use/drug use
- Public health/community health
- Health perceptions/health attitudes
- Mental illness/mental disorders
- Stigma/social stigma
- Legalization/legislation
- Awareness/understanding
- Comfort levels/comfort with topics

Keywords and Themes:
- health opinion poll
- mental health awareness
- substance use attitudes
- public health research
- healthcare opinions
- urban health trends
- marijuana legalization
- mental illness perceptions
- community attitudes
- prevalence measures

Additional Context:
- This dataset is relevant for addressing challenges related to mental health stigma and substance use in urban settings.
- It provides valuable insights for interdisciplinary applications, including psychology, sociology, and public health.
- The dataset can be integrated with other health-related datasets to enhance understanding of urban health dynamics and inform policy decisions.","Dataset Overview:
- This dataset focuses on health awareness, capturing public opinions through various poll questions related to mental health and marijuana use in New York City. It includes responses on familiarity with naloxone, comfort levels in maintaining friendships with individuals who have mental illnesses, and perceptions of public marijuana use. The dataset features two prevalence measures, with one representing general health-related responses and the other specifically addressing healthcare contexts. This information can be valuable for researchers and policymakers aiming to understand community attitudes towards mental health and substance use, ultimately aiding in the development of targeted health initiatives and educational programs.

Key Themes or Topics:
- Health awareness
- Mental health
- Substance use
- Public health
- Community attitudes
- Drug policy
- Mental illness stigma
- Naloxone awareness
- Marijuana legalization
- Public opinion polling
- Health education
- Healthcare access
- Urban health issues

Applications and Use Cases:
- Facilitates analysis for public health professionals, mental health advocates, researchers, and policymakers.
- Useful for developing health initiatives, educational programs, and awareness campaigns.
- Enables insights into community perceptions and attitudes towards mental health and substance use, informing policy formulation and intervention strategies.
- Assists in evaluating the effectiveness of health communication and outreach efforts.
- Supports research in social determinants of health and behavioral health trends.

Concepts and Synonyms:
- Health awareness/public health awareness
- Mental health/psychological health
- Substance use/drug use
- Naloxone/opioid overdose prevention
- Marijuana/cannabis
- Public opinion/community opinion
- Stigma/mental illness stigma
- Comfort levels/social acceptance
- Healthcare contexts/healthcare settings
- Polling/survey research

Keywords and Themes:
- health awareness
- mental health
- substance use
- naloxone
- marijuana use
- public opinion
- community attitudes
- mental illness
- health education
- drug policy
- urban health
- healthcare access

Additional Context:
- Highlights the dataset's relevance to ongoing discussions about mental health policy and substance use regulation in urban environments.
- Emphasizes its value for interdisciplinary applications, integrating insights from psychology, sociology, public health, and policy studies.
- Addresses critical challenges in understanding public perceptions of mental health and substance use, which are essential for effective health communication and intervention strategies.",,10,3.0,0.0,1.0
7434-7ua6,https://data.cityofnewyork.us/d/7434-7ua6,"This dataset provides a comprehensive overview of COVID-19 testing and positivity rates in New York City, covering the period from March 7, 2020, to June 5, 2021. It includes daily records of total tests conducted, the number of positive tests, and the percentage of positive results, allowing for an in-depth analysis of the pandemic's progression. The dataset features 470 unique dates and captures key metrics such as total tests and positive tests, with values ranging from 2 to 98,353 for total tests and 0 to 8,388 for positive tests. Additionally, it includes a seven-day average positivity rate, offering insights into trends over time. This data can be utilized by public health officials, researchers, and policymakers to assess the effectiveness of testing strategies and inform decisions regarding public health interventions in response to COVID-19.

Column constraints outlined in Data Dictionary:
date: format must be ISO 8601 (YYYY-MM-DDTHH:MM:SSZ); temporal coverage must be within the range of 2020-03-05 to 2021-06-10  
total_test: must be a non-negative integer  
positive_test: must be a non-negative integer; cannot exceed total_test  
percent_positive: must be a decimal value between 0 and 1, inclusive; null values are allowed  
percent_positive_7days_agg: must be a decimal value between 0 and 1, inclusive; null values are allowed  
uptdate: format must be ISO 8601 (YYYY-MM-DDTHH:MM:SSZ)","This dataset provides comprehensive information on COVID-19 testing in New York City, covering the period from March 7, 2020, to May 23, 2021. It includes daily records of total tests conducted, the number of positive tests, and the percentage of positive results, allowing for detailed analysis of testing trends over time. The dataset features 100 unique entries, with key metrics such as total tests and positive tests represented as integers, while the percentage values are expressed as floats. This data can be utilized for public health research, policy-making, and understanding the impact of COVID-19 testing efforts in NYC.","Dataset Overview:
- This dataset provides a comprehensive overview of COVID-19 testing and positivity rates in New York City, covering the period from March 7, 2020, to June 5, 2021. It includes daily records of total tests conducted, the number of positive tests, and the percentage of positive results, allowing for an in-depth analysis of the pandemic's progression. The dataset features 470 unique dates and captures key metrics such as total tests and positive tests, with values ranging from 2 to 98,353 for total tests and 0 to 8,388 for positive tests. Additionally, it includes a seven-day average positivity rate, offering insights into trends over time. This data can be utilized by public health officials, researchers, and policymakers to assess the effectiveness of testing strategies and inform decisions regarding public health interventions in response to COVID-19.

Key Themes or Topics:
- Public health
- Epidemiology
- Infectious diseases
- COVID-19 pandemic
- Testing strategies
- Health data analysis
- Urban health
- Disease surveillance
- Health policy
- Community health

Applications and Use Cases:
- Facilitates analysis for public health officials to evaluate testing effectiveness.
- Useful for researchers studying the spread and impact of COVID-19.
- Enables policymakers to make informed decisions regarding health interventions.
- Assists in statistical modeling of infection rates and testing outcomes.
- Supports trend analysis for community health assessments.
- Aids in resource allocation for healthcare services.

Potential Questions:
- What is the daily distribution of total tests conducted in NYC?
- How does the positivity rate of COVID-19 tests vary over the specified time period?
- What trends can be observed in the seven-day average positivity rate?
- How do the total tests and positive tests correlate over time?
- What is the maximum number of positive tests recorded on a single day?
- How has the percentage of positive results changed from March 2020 to June 2021?

Concepts and Synonyms:
- COVID-19 testing/COVID-19 diagnostics
- Positivity rate/test positivity rate
- Public health data/health statistics
- Epidemiological trends/infection trends
- Testing metrics/health metrics
- Disease incidence/case counts
- Health interventions/public health measures
- Surveillance data/monitoring data

Keywords and Themes:
- COVID-19
- New York City
- testing data
- positivity rates
- health metrics
- public health analysis
- epidemiological data
- pandemic response
- health policy evaluation
- statistical analysis

Additional Context:
- This dataset is crucial for understanding the dynamics of COVID-19 testing and its implications for public health in urban settings.
- It provides valuable insights for interdisciplinary research combining public health, data science, and policy analysis.
- The dataset can be integrated with other health datasets to enhance the understanding of COVID-19's impact on different demographics and regions.","Dataset Overview:
- This dataset provides comprehensive information on COVID-19 testing in New York City, covering the period from March 7, 2020, to May 23, 2021. It includes daily records of total tests conducted, the number of positive tests, and the percentage of positive results, allowing for detailed analysis of testing trends over time. The dataset features 100 unique entries, with key metrics such as total tests and positive tests represented as integers, while the percentage values are expressed as floats. This data can be utilized for public health research, policy-making, and understanding the impact of COVID-19 testing efforts in NYC.

Key Themes or Topics:
- Public Health
- Epidemiology
- Infectious Diseases
- COVID-19 Response
- Urban Health
- Health Data Analysis
- Testing Strategies
- Disease Surveillance
- Health Policy
- Community Health

Applications and Use Cases:
- Public health research
- Policy formulation and evaluation
- Epidemiological studies
- Statistical modeling of disease spread
- Resource allocation for healthcare services
- Assessment of testing efficacy
- Trend analysis for public health interventions
- Informing community health initiatives
- Supporting decision-making for health authorities

Concepts and Synonyms:
- COVID-19 testing/COVID-19 screening
- SARS-CoV-2 testing/SARS-CoV-2 screening
- Positive test results/confirmed cases
- Testing rates/testing frequency
- Public health data/health statistics
- Pandemic response/COVID-19 response
- Health metrics/health indicators
- Testing trends/testing patterns
- Daily testing records/longitudinal testing data

Keywords and Themes:
- COVID-19
- NYC COVID testing
- coronavirus testing
- testing data
- positive test percentage
- health metrics
- public health surveillance
- epidemiological data
- urban health analysis
- disease control

Additional Context:
- This dataset is crucial for understanding the dynamics of COVID-19 testing in an urban environment, particularly in a densely populated area like New York City. It provides insights into the effectiveness of testing strategies and public health responses during the pandemic. The data can be integrated with other health datasets to explore correlations with vaccination rates, hospitalizations, and other health outcomes, making it valuable for interdisciplinary research and analysis.","{'date': {}, 'total_test': {'column_description': 'Total people tested by PCR by day'}, 'positive_test': {'column_description': 'Total number of people testing positive by PCR by day'}, 'percent_positive': {'column_description': 'Percent of all people tested who test positive by PCR by day'}, 'percent_positive_7days_agg': {'column_description': 'Seven day average percent positivity '}, 'uptdate': {}}",470,6.0,1.0,0.0
v8i9-yfpr,https://data.cityofnewyork.us/d/v8i9-yfpr,"This dataset contains information on water treatment permits, including details such as permit numbers, expiration dates, statuses, business names, and addresses across various locations. It features 28 unique permit numbers and spans expiration dates from March 30, 2015, to March 30, 2026. The dataset includes a variety of businesses involved in water treatment, with 25 unique business names and coverage across multiple states and cities. Each entry provides spatial data, including latitude and longitude coordinates, allowing for precise geolocation. The dataset can be utilized for analyzing trends in water treatment permits, assessing compliance with regulations, and identifying service providers in specific areas. It serves as a valuable resource for researchers, policymakers, and businesses involved in the water treatment industry, particularly in understanding the landscape of chemical treatment practices for drinking water in buildings.","This dataset contains information on water treatment permits, including details such as permit numbers, expiration dates, statuses, and business names. It features 24 unique permit numbers and spans a temporal coverage from March 30, 2015, to March 30, 2026. The dataset includes spatial data, with geographic identifiers like boroughs, cities, states, and zip codes, as well as latitude and longitude coordinates for precise location mapping. This dataset can be utilized for analyzing compliance and regulatory trends in water treatment, assessing business operations in the industry, and supporting geographic studies related to water management.","**Dataset Overview:**
- This dataset contains information on water treatment permits, including details such as permit numbers, expiration dates, statuses, business names, and addresses across various locations. It features 28 unique permit numbers and spans expiration dates from March 30, 2015, to March 30, 2026. The dataset includes a variety of businesses involved in water treatment, with 25 unique business names and coverage across multiple states and cities. Each entry provides spatial data, including latitude and longitude coordinates, allowing for precise geolocation. The dataset can be utilized for analyzing trends in water treatment permits, assessing compliance with regulations, and identifying service providers in specific areas. It serves as a valuable resource for researchers, policymakers, and businesses involved in the water treatment industry, particularly in understanding the landscape of chemical treatment practices for drinking water in buildings.

**Key Themes or Topics:**
- Water treatment
- Environmental regulation
- Public health and safety
- Water quality management
- Compliance and enforcement
- Chemical treatment practices
- Infrastructure and utilities
- Environmental monitoring
- Resource management
- Urban water systems

**Applications and Use Cases:**
- Analyzing compliance with water treatment regulations
- Identifying service providers for water treatment in specific regions
- Assessing trends in water treatment permit issuance and expiration
- Evaluating the effectiveness of water treatment practices
- Supporting policy formulation for water quality standards
- Conducting spatial analysis of water treatment facilities
- Informing public health initiatives related to drinking water safety
- Facilitating research on environmental impacts of water treatment

**Potential Questions:**
- What is the distribution of water treatment permits across different states?
- How do permit expiration dates vary among different business names?
- What trends can be observed in the issuance of water treatment permits over the years?
- How does the status of water treatment permits differ by geographic location?
- What is the relationship between business names and the types of water treatment practices employed?
- How many permits are set to expire in the next year, and what are their statuses?

**Concepts and Synonyms:**
- Water treatment permits/permits for water treatment
- Water quality standards/drinking water standards
- Compliance monitoring/regulatory compliance
- Environmental health/public health
- Chemical treatment/chemical water treatment
- Spatial data/geolocation data
- Infrastructure management/utilities management
- Permit expiration/permit validity
- Business licensing/water service providers

**Keywords and Themes:**
- Water treatment
- Permits
- Compliance
- Environmental regulation
- Public health
- Water quality
- Chemical treatment
- Spatial analysis
- Business names
- Geographic distribution

**Additional Context:**
- This dataset is relevant for addressing challenges related to water quality and public health, particularly in urban areas where water treatment practices are critical for ensuring safe drinking water. It can be integrated with other datasets related to environmental health, urban planning, and public policy to provide a comprehensive view of water treatment practices and their implications. The dataset also supports interdisciplinary research that combines environmental science, public health, and regulatory studies.","Dataset Overview:
- This dataset contains information on water treatment permits, including details such as permit numbers, expiration dates, statuses, and business names. It features 24 unique permit numbers and spans a temporal coverage from March 30, 2015, to March 30, 2026. The dataset includes spatial data, with geographic identifiers like boroughs, cities, states, and zip codes, as well as latitude and longitude coordinates for precise location mapping. This dataset can be utilized for analyzing compliance and regulatory trends in water treatment, assessing business operations in the industry, and supporting geographic studies related to water management.

Key Themes or Topics:
- Water treatment
- Environmental regulation
- Public health and safety
- Water quality management
- Compliance monitoring
- Regulatory frameworks
- Water resource management
- Infrastructure development
- Environmental impact assessment

Applications and Use Cases:
- Supports regulatory compliance analysis for water treatment facilities
- Assists policymakers in evaluating water treatment permit issuance and renewals
- Aids researchers in studying trends in water treatment practices and technologies
- Facilitates geographic analysis of water treatment operations and their impact on communities
- Enables businesses to assess competitive landscapes in the water treatment industry
- Provides data for environmental impact assessments related to water management

Concepts and Synonyms:
- Water treatment permits/water quality permits
- Compliance/compliance monitoring
- Regulatory status/permit status
- Expiration dates/permit validity
- Geographic identifiers/spatial data
- Water management/water resource management
- Environmental regulations/environmental compliance
- Public health regulations/safety standards

Keywords and Themes:
- Water treatment
- Permits
- Compliance
- Environmental regulations
- Water quality
- Geographic information
- Spatial analysis
- Business operations
- Regulatory trends
- Public health

Additional Context:
- The dataset is crucial for addressing challenges related to water quality and public health, particularly in urban areas where water treatment is essential for community safety.
- It provides valuable insights for interdisciplinary studies that combine environmental science, public policy, and urban planning.
- The dataset can be integrated with other environmental datasets to enhance understanding of water management practices and their implications for sustainability and community health.",,175,18.0,0.0,1.0
7umd-hdjb,https://data.cityofnewyork.us/d/7umd-hdjb,"This dataset focuses on COVID antibody testing across various age groups, providing valuable insights into the prevalence of positive test results among different demographics. It includes data on ten unique age groups, ranging from children aged 0-4 years to seniors aged 75 and older. The dataset contains key measurements such as the number of people tested, the number of positive results, the percentage of positive tests, and the testing rate per 100,000 individuals. Specifically, it reveals that the percentage of positive tests varies from 28.7% to 37.9%, while the testing rate ranges from 8,325 to 48,898 tests per 100,000 people. This information can be instrumental for public health officials and researchers in understanding the spread of SARS-CoV-2 and the effectiveness of testing strategies within different age demographics, ultimately aiding in the development of targeted health interventions and policies.

Column constraints outlined in Data Dictionary:
demo_variable: must be a string representing age groups in the format ""AgeX_Y-Z_years"" where X is a letter and Y-Z are age ranges  
num_peop_test: must be a non-negative integer  
num_peop_pos: must be a non-negative integer; must be less than or equal to num_peop_test  
percent_positive: must be a decimal between 0 and 1, inclusive  
test_rate: must be a positive decimal","This dataset focuses on COVID antibody testing across various age groups, providing valuable insights into the prevalence of antibodies in different demographics. It includes ten unique age categories, ranging from children aged 0-4 years to individuals aged 75 and older. The dataset contains measurements of the total number of people tested, the number of positive cases, the percentage of positive results, and the test rate for each age group. This information can be used to analyze trends in antibody presence, assess public health responses, and inform vaccination strategies based on age-related immunity levels.","Dataset Overview:
- This dataset focuses on COVID antibody testing across various age groups, providing valuable insights into the prevalence of positive test results among different demographics. It includes data on ten unique age groups, ranging from children aged 0-4 years to seniors aged 75 and older. The dataset contains key measurements such as the number of people tested, the number of positive results, the percentage of positive tests, and the testing rate per 100,000 individuals. Specifically, it reveals that the percentage of positive tests varies from 28.7% to 37.9%, while the testing rate ranges from 8,325 to 48,898 tests per 100,000 people. This information can be instrumental for public health officials and researchers in understanding the spread of SARS-CoV-2 and the effectiveness of testing strategies within different age demographics, ultimately aiding in the development of targeted health interventions and policies.

Key Themes or Topics:
- COVID-19
- Antibody Testing
- Public Health
- Epidemiology
- Demographic Analysis
- Age Group Analysis
- Infectious Disease Surveillance
- Health Interventions
- Testing Strategies
- SARS-CoV-2

Applications and Use Cases:
- Facilitates analysis for public health officials in monitoring COVID-19 trends.
- Useful for researchers studying the effectiveness of antibody tests across different demographics.
- Enables policymakers to formulate targeted health interventions based on age-specific data.
- Assists in statistical modeling of COVID-19 spread and testing efficacy.
- Supports epidemiological studies on the prevalence of antibodies in various age groups.

Potential Questions:
- What is the distribution of positive COVID antibody test results across different age groups?
- How does the percentage of positive tests vary between children aged 0-4 years and seniors aged 75 and older?
- What is the testing rate per 100,000 individuals for each age group?
- How many people were tested in the age group of 30-44 years compared to the age group of 60-74 years?
- What trends can be observed in the percentage of positive tests over the specified age demographics?

Concepts and Synonyms:
- COVID-19 antibody testing/COVID serology testing
- Age demographics/age groups
- Positive test results/seroprevalence
- Testing rate/testing frequency
- Public health interventions/health policies
- Epidemiological data/infectious disease data
- SARS-CoV-2 spread/COVID-19 transmission

Keywords and Themes:
- COVID-19
- Antibody testing
- Age demographics
- Public health data
- Seroprevalence
- Testing rates
- Infectious disease
- Epidemiology
- Health interventions
- SARS-CoV-2

Additional Context:
- This dataset is relevant for understanding the impact of COVID-19 across different age demographics, which is crucial for addressing public health challenges.
- It provides insights that can inform vaccine distribution strategies and public health messaging tailored to specific age groups.
- The dataset can be integrated with other health datasets to enhance the understanding of COVID-19's impact on various populations and inform future research directions.","Dataset Overview:
- This dataset focuses on COVID antibody testing across various age groups, providing valuable insights into the prevalence of antibodies in different demographics. It includes ten unique age categories, ranging from children aged 0-4 years to individuals aged 75 and older. The dataset contains measurements of the total number of people tested, the number of positive cases, the percentage of positive results, and the test rate for each age group. This information can be used to analyze trends in antibody presence, assess public health responses, and inform vaccination strategies based on age-related immunity levels.

Key Themes or Topics:
- COVID-19
- Antibody Testing
- Immunology
- Public Health
- Epidemiology
- Demographic Analysis
- Age-related Immunity
- Vaccination Strategies
- Seroprevalence Studies
- Infectious Disease Surveillance

Applications and Use Cases:
- Facilitates analysis for public health officials and epidemiologists.
- Useful for vaccine distribution planning and prioritization.
- Supports research on immune response variations across age groups.
- Enables insights into the effectiveness of vaccination campaigns.
- Assists in monitoring and evaluating public health interventions.
- Informs policy formulation regarding COVID-19 response strategies.

Concepts and Synonyms:
- COVID-19 Antibodies/Serological Testing
- Age Groups/Demographics
- Positive Cases/Seropositivity
- Testing Rates/Testing Frequency
- Immunity Levels/Antibody Presence
- Public Health Response/Health Policy
- Seroprevalence/Antibody Prevalence
- Vaccination Efficacy/Immunization Strategies

Keywords and Themes:
- COVID-19
- Antibody Testing
- Seroprevalence
- Age Demographics
- Public Health Data
- Immunity Assessment
- Vaccine Strategy
- Epidemiological Trends
- Health Surveillance
- Infectious Disease Data

Additional Context:
- Highlights the dataset's relevance to understanding the impact of COVID-19 across different age demographics.
- Emphasizes its value for interdisciplinary applications in public health, epidemiology, and immunology.
- Supports integration with other datasets related to COVID-19 testing, vaccination rates, and health outcomes to provide a comprehensive view of the pandemic's effects.","{'demo_variable': {'column_description': 'Age group in years'}, 'num_peop_test': {'column_description': 'Number of people who received an antibody test by age group'}, 'num_peop_pos': {'column_description': 'Number of people with a positive result on an antibody test by age group'}, 'percent_positive': {'column_description': 'Percentage of people tested with an antibody test who tested positive by age group'}, 'test_rate': {'column_description': 'Rate of antibody testing per 100,000 people by age group'}}",10,5.0,1.0,1.0
2er2-jqsx,https://data.cityofnewyork.us/d/2er2-jqsx,"This dataset provides comprehensive information on Automated External Defibrillator (AED) locations across New York City, detailing the entity name, address, floor, borough, state, zip code, and the number of trained personnel and AEDs available at each site. With 3,388 unique addresses and 3,843 unique floor designations, it offers a rich spatial dataset that can be utilized for emergency response planning and public health initiatives. The dataset includes geographic coordinates for precise location mapping, ensuring that users can easily identify AEDs in their vicinity. Additionally, the last updated field allows for tracking the currency of the data, which spans from June 2024 to March 2026. This information is crucial for enhancing community safety and preparedness in emergency situations, making it an invaluable resource for healthcare providers, emergency responders, and public safety officials.

Column constraints outlined in Data Dictionary:
entity_name: Alphanumeric; Cannot be null  
aednumpersontrained: Numeric; Can be null if no persons trained for floor  
aednumaeds: Numeric; Cannot be null  
latitude: Numeric; Cannot be null  
longitude: Numeric; Cannot be null  
council_district: Alphanumeric; Cannot be null  
nta_code: Numeric; Cannot be null  
bin: Numeric; Cannot be null  
bbl: Numeric; Cannot be null  
location_type: Alphanumeric; Cannot be null  
last_updated: Alphanumeric; Can be null if no data available","This dataset provides detailed information on AED (Automated External Defibrillator) locations across New York City. It includes key attributes such as the entity name, address, floor, borough, and zip code, allowing users to easily identify the specific locations of AEDs. The dataset also captures the number of trained personnel and available AEDs at each site, enhancing its utility for emergency preparedness. With spatial data represented by latitude, longitude, and location points, users can visualize AED locations on maps. This dataset is essential for improving public health response and ensuring quick access to lifesaving equipment in emergencies.","Dataset Overview:
- This dataset provides comprehensive information on Automated External Defibrillator (AED) locations across New York City, detailing the entity name, address, floor, borough, state, zip code, and the number of trained personnel and AEDs available at each site. With 3,388 unique addresses and 3,843 unique floor designations, it offers a rich spatial dataset that can be utilized for emergency response planning and public health initiatives. The dataset includes geographic coordinates for precise location mapping, ensuring that users can easily identify AEDs in their vicinity. Additionally, the last updated field allows for tracking the currency of the data, which spans from June 2024 to March 2026. This information is crucial for enhancing community safety and preparedness in emergency situations, making it an invaluable resource for healthcare providers, emergency responders, and public safety officials.

Key Themes or Topics:
- Emergency medical services
- Public health and safety
- Urban health infrastructure
- Community preparedness
- Emergency response planning
- Health resource mapping
- Cardiovascular health initiatives
- Disaster response and management

Applications and Use Cases:
- Supports emergency response planning for healthcare providers and emergency responders.
- Aids public health officials in assessing AED accessibility and distribution across NYC.
- Facilitates research on the correlation between AED availability and survival rates in cardiac emergencies.
- Assists policymakers in identifying areas needing more AEDs or trained personnel.
- Enables community organizations to enhance awareness and training programs related to AED usage.

Potential Questions:
- What is the distribution of AED locations across different boroughs in NYC?
- How does the number of trained personnel vary by location type (e.g., public vs. private)?
- What trends can be observed in the number of AEDs available over the last updated period?
- How many AEDs are available in high-density population areas compared to low-density areas?
- What is the relationship between council districts and the number of AEDs per capita?

Concepts and Synonyms:
- Automated External Defibrillator/AED
- Cardiac arrest response/CPR
- Emergency medical equipment
- Defibrillation devices
- First aid training
- Health emergency preparedness
- Public access defibrillation
- Life-saving devices

Keywords and Themes:
- AED locations
- New York City health resources
- Emergency response data
- Public safety infrastructure
- Health and safety initiatives
- Community health resources
- Emergency preparedness planning
- Spatial health data

Additional Context:
- This dataset is essential for addressing public health challenges related to cardiac emergencies in urban settings.
- It provides critical insights for integrating AEDs into broader health and safety strategies within communities.
- The dataset can be used in conjunction with other health-related datasets to enhance understanding of urban health dynamics and resource allocation.","**Dataset Overview:**
- This dataset provides detailed information on AED (Automated External Defibrillator) locations across New York City. It includes key attributes such as the entity name, address, floor, borough, and zip code, allowing users to easily identify the specific locations of AEDs. The dataset also captures the number of trained personnel and available AEDs at each site, enhancing its utility for emergency preparedness. With spatial data represented by latitude, longitude, and location points, users can visualize AED locations on maps. This dataset is essential for improving public health response and ensuring quick access to lifesaving equipment in emergencies.

**Key Themes or Topics:**
- Public health
- Emergency medical services
- Urban health infrastructure
- Community safety
- Emergency preparedness
- Health accessibility
- Life-saving equipment distribution
- Cardiovascular health
- Emergency response planning

**Applications and Use Cases:**
- Supports emergency response planning for city officials and health departments.
- Aids in the strategic placement of AEDs to maximize public access and safety.
- Facilitates research on the impact of AED availability on survival rates in cardiac emergencies.
- Assists organizations in training personnel for emergency situations involving cardiac arrest.
- Enhances community awareness and education regarding AED locations and usage.
- Useful for urban planners and public health officials in assessing health resource distribution.

**Concepts and Synonyms:**
- Automated External Defibrillator/AED
- Defibrillation equipment/lifesaving devices
- Emergency medical response/cardiac emergency response
- Public access defibrillation/PAD
- Health infrastructure/health resources
- Emergency preparedness planning/crisis management
- Trained personnel/first responders
- Cardiac arrest/heart attack
- Location data/spatial data

**Keywords and Themes:**
- AED locations
- New York City AEDs
- emergency preparedness
- public health response
- lifesaving equipment
- trained personnel
- spatial visualization
- emergency response
- health accessibility

**Additional Context:**
- The dataset is crucial for addressing public health challenges related to cardiac emergencies in urban environments.
- It provides valuable insights for interdisciplinary applications, including public health, urban planning, and emergency management.
- The integration of this dataset with other health-related datasets can enhance understanding of health resource allocation and emergency response effectiveness in New York City.","{'entity_name': {'column_description': 'Name of the entity registering the AED', 'expected_per_allowed_values': 'Alphanumeric', 'field_limitations': 'Cannot be null'}, 'aednumpersontrained': {'column_description': 'Number of people trained to use AED', 'expected_per_allowed_values': 'Numeric ', 'field_limitations': 'Can be null if no persons trained for floor'}, 'aednumaeds': {'column_description': 'Number of AEDs at coordinate location', 'expected_per_allowed_values': 'Numeric ', 'field_limitations': 'Cannot be null '}, 'latitude': {'column_description': 'Latitude of location of AED', 'expected_per_allowed_values': 'Numeric ', 'field_limitations': 'Cannot be null'}, 'longitude': {'column_description': 'Longitude of location of AED', 'expected_per_allowed_values': 'Numeric ', 'field_limitations': 'Cannot be null'}, 'council_district': {'column_description': 'Councildistrict of location of AED', 'expected_per_allowed_values': 'Alphanumeric', 'field_limitations': 'Cannot be null'}, 'nta_code': {'column_description': 'NTA_code of location of AED', 'expected_per_allowed_values': 'Numeric ', 'field_limitations': 'Cannot be null'}, 'bin': {'column_description': 'Building Identification Number of AED', 'expected_per_allowed_values': 'Numeric ', 'field_limitations': 'Cannot be null '}, 'bbl': {'column_description': 'Borough Building Lot Number AED', 'expected_per_allowed_values': 'Numeric ', 'field_limitations': 'Cannot be null '}, 'location_type': {'column_description': 'AED registration location type', 'expected_per_allowed_values': 'Alphanumeric', 'field_limitations': 'Cannot be null '}, 'last_updated': {'column_description': 'Date registration last updated', 'expected_per_allowed_values': 'Alphanumeric', 'field_limitations': 'Can be null if no data available'}}","7,373",19.0,1.0,1.0
msid-end4,https://data.cityofnewyork.us/d/msid-end4,"This dataset provides detailed information on mosquito control events conducted from 2018 to 2023 across various boroughs in New York City. It includes data on three types of treatments: aerial larviciding, truck-mounted larviciding, and truck-mounted adulticiding. Each entry records the year, event type, specific event number, date of occurrence, borough, neighborhoods affected, and corresponding zip codes. The dataset features 26 unique events and covers 10 boroughs, allowing for comprehensive analysis of mosquito control efforts over time. The temporal and spatial data can be utilized to assess the effectiveness of different treatment methods and their geographical impact. This dataset is particularly valuable for researchers, public health officials, and urban planners focused on mosquito management and public health initiatives, providing insights into pesticide application strategies and their correlation with mosquito population control.

Column constraints outlined in Data Dictionary:
year: number, yyyy; must be a whole number; must be a sequential unique value  
event_type: must be one of the specified types: Aerial Events, Larviciding, Adulticiding  
date: must be in a valid date format; may include ranges indicated by ""and"" or ""-""  
borough: must be one of the specified values: BX, BK, MN, QN, SI  
spray_area_neighborhood: must be a valid neighborhood name; may include multiple neighborhoods separated by commas  
zip_codes: must be a valid zip code format; may include multiple zip codes separated by commas or ""and""","This dataset provides detailed information on mosquito control events conducted across various neighborhoods in New York City from 2018 to 2023. It includes data on the year, event type, specific events, dates, boroughs, neighborhoods, and associated zip codes. The dataset categorizes events into three types: aerial events, adulticiding, and larviciding, allowing for a comprehensive understanding of mosquito management efforts. It can be utilized for analyzing trends in mosquito control, assessing the effectiveness of different methods, and planning future interventions. The spatial and temporal data included enhances its utility for public health research and urban planning related to mosquito-borne diseases.","Dataset Overview:
- This dataset provides detailed information on mosquito control events conducted from 2018 to 2023 across various boroughs in New York City. It includes data on three types of treatments: aerial larviciding, truck-mounted larviciding, and truck-mounted adulticiding. Each entry records the year, event type, specific event number, date of occurrence, borough, neighborhoods affected, and corresponding zip codes. The dataset features 26 unique events and covers 10 boroughs, allowing for comprehensive analysis of mosquito control efforts over time. The temporal and spatial data can be utilized to assess the effectiveness of different treatment methods and their geographical impact. This dataset is particularly valuable for researchers, public health officials, and urban planners focused on mosquito management and public health initiatives, providing insights into pesticide application strategies and their correlation with mosquito population control.

Key Themes or Topics:
- Public Health
- Environmental Management
- Urban Pest Control
- Vector Control Strategies
- Epidemiology of Mosquito-Borne Diseases
- Urban Planning and Infrastructure
- Community Health Initiatives
- Environmental Impact Assessment

Applications and Use Cases:
- Supports public health analysis for mosquito-borne disease prevention.
- Aids urban planners in developing effective pest management strategies.
- Facilitates research on the effectiveness of different mosquito control methods.
- Assists policymakers in evaluating the impact of pesticide use on public health.
- Enables statistical modeling of mosquito population dynamics in urban areas.

Potential Questions:
- What is the distribution of mosquito control events by borough?
- How does the frequency of aerial larviciding compare to truck-mounted adulticiding across different neighborhoods?
- What trends can be observed in mosquito control efforts from 2018 to 2023?
- Which neighborhoods have been most frequently targeted for mosquito control treatments?
- How do zip code areas correlate with the types of mosquito control methods applied?

Concepts and Synonyms:
- Mosquito Control/Mosquito Management
- Larviciding/Larvae Control
- Adulticiding/Adult Mosquito Control
- Aerial Spraying/Aerial Application
- Public Health Initiatives/Health Interventions
- Vector-Borne Disease Control/Disease Prevention
- Urban Ecology/Urban Entomology
- Pesticide Application/Pesticide Use

Keywords and Themes:
- Mosquito Control Events
- New York City
- Aerial Larviciding
- Truck-Mounted Larviciding
- Truck-Mounted Adulticiding
- Public Health Data
- Environmental Health
- Pest Management Strategies
- Urban Mosquito Control
- Disease Vector Management

Additional Context:
- This dataset is crucial for understanding the impact of mosquito control measures on public health and urban environments, particularly in densely populated areas like New York City. It provides a foundation for interdisciplinary research that combines public health, environmental science, and urban planning. The insights gained from this dataset can inform future mosquito control policies and strategies, contributing to more effective management of mosquito populations and the diseases they transmit.","Dataset Overview:
- This dataset provides detailed information on mosquito control events conducted across various neighborhoods in New York City from 2018 to 2023. It includes data on the year, event type, specific events, dates, boroughs, neighborhoods, and associated zip codes. The dataset categorizes events into three types: aerial events, adulticiding, and larviciding, allowing for a comprehensive understanding of mosquito management efforts. It can be utilized for analyzing trends in mosquito control, assessing the effectiveness of different methods, and planning future interventions. The spatial and temporal data included enhances its utility for public health research and urban planning related to mosquito-borne diseases.

Key Themes or Topics:
- Public Health
- Vector Control
- Urban Entomology
- Environmental Health
- Disease Prevention
- Epidemiology
- Urban Planning
- Community Health Initiatives
- Mosquito-Borne Diseases (e.g., West Nile Virus, Zika Virus, Dengue Fever)

Applications and Use Cases:
- Supports public health officials in monitoring and managing mosquito populations.
- Aids researchers in studying the effectiveness of various mosquito control methods.
- Assists urban planners in designing interventions to reduce mosquito breeding sites.
- Facilitates community awareness programs regarding mosquito control and prevention.
- Enables statistical modeling of mosquito population dynamics and disease transmission.

Concepts and Synonyms:
- Mosquito Control/Mosquito Management
- Aerial Spraying/Aerial Application
- Adulticiding/Insecticide Application
- Larviciding/Larvae Control
- Vector-Borne Disease Control
- Pest Management
- Public Health Interventions
- Environmental Monitoring
- Urban Mosquito Surveillance

Keywords and Themes:
- Mosquito control events
- New York City
- Aerial events
- Adulticiding
- Larviciding
- Public health data
- Neighborhood health initiatives
- Mosquito population management
- Disease vector control
- Urban health research

Additional Context:
- The dataset is crucial for addressing public health challenges related to mosquito-borne diseases in urban environments.
- It provides insights into the effectiveness of different mosquito control strategies over time and across various neighborhoods.
- The data can be integrated with other public health datasets to enhance understanding of disease transmission dynamics and inform policy decisions.","{'year': {'column_description': 'Spray event year', 'expected_per_allowed_values': 'number, yyyy', 'additional_notes': 'Sequential unique whole numbers that are automatically generated'}, 'event_type': {'column_description': 'The type of treatment', 'expected_per_allowed_values': 'plain text \nAerial Events - Aerial Larviciding\nLarviciding - Truck Mounted Larviciding\nAdulticiding - Truck Mounted Adulticiding'}, 'event': {'column_description': 'Number of the event in the spraying season', 'expected_per_allowed_values': 'number'}, 'date': {'column_description': 'Date(s) when the event occurred', 'expected_per_allowed_values': 'plain text'}, 'borough': {'column_description': 'Borough where the treatment event occurs', 'expected_per_allowed_values': 'plain text\nBX - Bronx\nBK - Brooklyn\nMN - Manhattan \nQN - Queens\nSI - Staten Island'}, 'spray_area_neighborhood': {'column_description': 'Neighborhoods in the treatment event', 'expected_per_allowed_values': 'plain text\nList of neighborhoods that were included in the treatment event', 'additional_notes': 'Neighborhood names'}, 'zip_codes': {'column_description': 'Zip codes included in the treatment event', 'expected_per_allowed_values': 'plain text\nList of zip codes that were included in the treatment area', 'additional_notes': 'Coordinates defining the features'}}",189,7.0,1.0,1.0
fydx-dgvr,https://data.cityofnewyork.us/d/fydx-dgvr,"This dataset contains detailed records of telephonic interpretation requests, spanning from 2017 to 2024, with a focus on various languages and the associated call metrics. It includes data on the year, month, language, number of calls, and total minutes of interpretation provided, featuring 143 unique languages and a wide range of call volumes from 1 to 6570. The dataset's temporal coverage allows for analysis of trends over time, with monthly granularity. Each entry captures the number of calls and the duration of interpretation in minutes, making it a valuable resource for understanding language service demands. This dataset can be utilized by organizations to assess the need for interpretation services, identify popular languages, and optimize resource allocation. The comprehensive nature of the data supports various analyses, from operational efficiency to language accessibility in telephonic services, ultimately enhancing the effectiveness of communication across diverse linguistic communities.","This dataset contains information on telephonic interpretation requests, detailing the number of calls and total minutes spent on various languages from 2017 to 2023. It includes data on 44 unique languages, with a total of 100 unique entries. The dataset captures temporal data with yearly and monthly resolutions, allowing for analysis of trends over time. It provides insights into the demand for interpretation services across different languages, which can be valuable for organizations looking to improve their language support and resource allocation. The dataset spans a range of call volumes and durations, highlighting the varying needs of users.","**Dataset Overview:**
- This dataset contains detailed records of telephonic interpretation requests, spanning from 2017 to 2024, with a focus on various languages and the associated call metrics. It includes data on the year, month, language, number of calls, and total minutes of interpretation provided, featuring 143 unique languages and a wide range of call volumes from 1 to 6570. The dataset's temporal coverage allows for analysis of trends over time, with monthly granularity. Each entry captures the number of calls and the duration of interpretation in minutes, making it a valuable resource for understanding language service demands. This dataset can be utilized by organizations to assess the need for interpretation services, identify popular languages, and optimize resource allocation. The comprehensive nature of the data supports various analyses, from operational efficiency to language accessibility in telephonic services, ultimately enhancing the effectiveness of communication across diverse linguistic communities.

**Key Themes or Topics:**
- Telephonic interpretation
- Language services
- Interpretation requests
- Call metrics
- Linguistic diversity
- Communication accessibility
- Service demand analysis
- Resource allocation in language services
- Temporal trends in interpretation requests

**Applications and Use Cases:**
- Analysis for language service providers
- Resource planning for interpretation services
- Policy formulation for language accessibility
- Statistical modeling of call volumes
- Trend analysis in telephonic interpretation usage
- Identifying language needs in diverse communities
- Operational efficiency assessments for interpretation services

**Potential Questions:**
- What is the distribution of telephonic interpretation requests by language?
- How does the number of calls vary across different languages?
- What trends can be observed in the total minutes of interpretation provided over the years?
- Which languages have the highest call volumes in specific months?
- How has the demand for interpretation services changed from 2017 to 2024?
- What is the average duration of interpretation per call for each language?

**Concepts and Synonyms:**
- Telephonic interpretation/phone interpretation
- Interpretation requests/language requests
- Call metrics/call statistics
- Language services/language support
- Linguistic accessibility/language accessibility
- Demand analysis/service demand
- Resource optimization/resource management
- Interpretation duration/minutes of interpretation

**Keywords and Themes:**
- telephonic interpretation
- language services
- interpretation requests
- call metrics
- linguistic diversity
- communication accessibility
- resource allocation
- trend analysis
- service demand

**Additional Context:**
- This dataset is relevant for addressing challenges in providing equitable language services across diverse populations.
- It can support interdisciplinary research involving linguistics, communication studies, and public policy.
- The dataset may be integrated with other datasets related to healthcare, legal services, or community outreach to enhance understanding of language needs in various sectors.","Dataset Overview:
- This dataset contains information on telephonic interpretation requests, detailing the number of calls and total minutes spent on various languages from 2017 to 2023. It includes data on 44 unique languages, with a total of 100 unique entries. The dataset captures temporal data with yearly and monthly resolutions, allowing for analysis of trends over time. It provides insights into the demand for interpretation services across different languages, which can be valuable for organizations looking to improve their language support and resource allocation. The dataset spans a range of call volumes and durations, highlighting the varying needs of users.

Key Themes or Topics:
- Telephonic interpretation
- Language services
- Interpretation requests
- Multilingual communication
- Call volume analysis
- Language demand trends
- Resource allocation for language support
- Temporal analysis of interpretation services

Applications and Use Cases:
- Supports organizations in enhancing language support services
- Aids in resource planning and allocation for interpretation services
- Facilitates research on language usage trends in telephonic communication
- Assists policymakers in understanding the need for multilingual services
- Enables businesses to optimize customer service through language support
- Provides insights for training and development in interpretation services

Concepts and Synonyms:
- Telephonic interpretation/phone interpretation
- Interpretation requests/language requests
- Call data/communication data
- Language demand/language needs
- Interpretation services/multilingual services
- Call duration/communication duration
- Temporal data/time series data
- Language support/multilingual support

Keywords and Themes:
- telephonic interpretation
- language services
- interpretation requests
- call volume
- language demand
- resource allocation
- temporal analysis
- multilingual communication
- data trends
- service optimization

Additional Context:
- Highlights the increasing need for effective communication in diverse linguistic environments.
- Emphasizes the importance of understanding language trends for businesses and organizations operating in multicultural settings.
- Relevant for studies on the impact of language barriers in service delivery and customer satisfaction.
- Valuable for integrating with other datasets related to language services, customer interactions, and demographic studies.",,"3,633",5.0,0.0,1.0
at9c-pdf7,https://data.cityofnewyork.us/d/at9c-pdf7,"This dataset provides valuable insights into the prevalence of HIV/AIDS and the health status of immunocompetent individuals over a span of years from 1995 to 2022. It includes various health metrics, such as the percentage of persons with HIV/AIDS in different categories, as well as the number of immunocompetent persons, allowing for a comprehensive analysis of health trends in the population. The dataset features 28 unique years and multiple health-related metrics, making it a rich resource for researchers in the healthcare domain. The temporal coverage extends from 1994 to 2021, providing a historical perspective on health metrics. This dataset can be particularly useful for studying the impact of water exposure on cryptosporidiosis, as it relates to the health of individuals with compromised immune systems. Overall, it serves as a critical tool for public health analysis and policy-making in the context of infectious diseases and their demographic implications.","This dataset provides valuable insights into the prevalence of HIV/AIDS and the health status of immunocompetent individuals over the years, from 1995 to 2022. It includes various metrics such as the percentage of persons with HIV/AIDS, both filtered and boiled, as well as data on immunocompetent persons. The dataset is structured with temporal data, allowing for year-by-year analysis, and contains multiple unique values for each health metric. It can be utilized for research on the impact of water exposure on health, particularly in relation to Cryptosporidiosis, helping to inform public health strategies and interventions.","Dataset Overview:
- This dataset provides valuable insights into the prevalence of HIV/AIDS and the health status of immunocompetent individuals over a span of years from 1995 to 2022. It includes various health metrics, such as the percentage of persons with HIV/AIDS in different categories, as well as the number of immunocompetent persons, allowing for a comprehensive analysis of health trends in the population. The dataset features 28 unique years and multiple health-related metrics, making it a rich resource for researchers in the healthcare domain. The temporal coverage extends from 1994 to 2021, providing a historical perspective on health metrics. This dataset can be particularly useful for studying the impact of water exposure on cryptosporidiosis, as it relates to the health of individuals with compromised immune systems. Overall, it serves as a critical tool for public health analysis and policy-making in the context of infectious diseases and their demographic implications.

Key Themes or Topics:
- Cryptosporidiosis
- Waterborne diseases
- HIV/AIDS prevalence
- Immunocompetent health status
- Infectious diseases
- Public health trends
- Health metrics analysis
- Epidemiology
- Environmental health
- Water exposure effects

Applications and Use Cases:
- Facilitates analysis for public health researchers studying infectious diseases.
- Useful for policymakers in formulating health interventions related to water quality.
- Enables epidemiologists to assess the relationship between water exposure and health outcomes.
- Supports healthcare professionals in understanding the impact of HIV/AIDS on immunocompetent individuals.
- Assists in statistical modeling of health trends over time.

Potential Questions:
- What is the percentage of persons with HIV/AIDS in different demographic categories over the years?
- How does the prevalence of HIV/AIDS correlate with the incidence of cryptosporidiosis?
- What trends can be observed in the health status of immunocompetent individuals from 1995 to 2022?
- How has water exposure impacted the health of individuals with compromised immune systems over the years?
- What are the health metrics associated with waterborne diseases in relation to HIV/AIDS prevalence?

Concepts and Synonyms:
- Cryptosporidiosis/waterborne infection
- HIV/AIDS/acquired immunodeficiency syndrome
- Immunocompetent/healthy immune system
- Public health/healthcare policy
- Epidemiology/disease distribution
- Water exposure/water quality
- Infectious diseases/communicable diseases
- Health metrics/health indicators

Keywords and Themes:
- Cryptosporidiosis
- HIV/AIDS
- Immunocompetent health
- Water exposure
- Public health analysis
- Infectious disease trends
- Health metrics
- Epidemiological data
- Waterborne diseases

Additional Context:
- This dataset is relevant for addressing public health challenges related to water quality and its impact on vulnerable populations, particularly those with compromised immune systems.
- It provides a foundation for interdisciplinary research that combines environmental science, epidemiology, and public health policy.
- The dataset can be integrated with other health-related datasets to enhance understanding of the interplay between environmental factors and health outcomes.","Dataset Overview:
- This dataset provides valuable insights into the prevalence of HIV/AIDS and the health status of immunocompetent individuals over the years, from 1995 to 2022. It includes various metrics such as the percentage of persons with HIV/AIDS, both filtered and boiled, as well as data on immunocompetent persons. The dataset is structured with temporal data, allowing for year-by-year analysis, and contains multiple unique values for each health metric. It can be utilized for research on the impact of water exposure on health, particularly in relation to Cryptosporidiosis, helping to inform public health strategies and interventions.

Key Themes or Topics:
- Cryptosporidiosis
- Waterborne diseases
- HIV/AIDS prevalence
- Immunocompetent health status
- Public health interventions
- Epidemiology of water exposure
- Health metrics analysis
- Temporal health data

Applications and Use Cases:
- Facilitates analysis for public health researchers and epidemiologists.
- Useful for policymakers in developing health strategies and interventions.
- Enables healthcare professionals to assess the impact of water quality on health outcomes.
- Supports statistical modeling of disease prevalence in relation to water exposure.
- Assists in the formulation of guidelines for safe water practices.

Concepts and Synonyms:
- Cryptosporidiosis/waterborne cryptosporidiosis
- HIV/AIDS/HIV infection
- Immunocompetent individuals/healthy individuals
- Water exposure/water quality
- Public health/public health strategies
- Epidemiological studies/health studies
- Disease prevalence/health statistics
- Temporal analysis/yearly analysis

Keywords and Themes:
- Cryptosporidiosis
- HIV/AIDS
- Water exposure
- Immunocompetence
- Public health
- Epidemiology
- Health metrics
- Disease prevalence
- Temporal data analysis

Additional Context:
- Highlights the dataset's relevance to understanding the intersection of water quality and health, particularly in vulnerable populations.
- Emphasizes its value for interdisciplinary applications, integrating public health, environmental science, and epidemiology.
- Addresses critical public health challenges related to waterborne diseases and their impact on immunocompromised individuals.",,28,11.0,0.0,0.0
gnyq-kf2y,https://data.cityofnewyork.us/d/gnyq-kf2y,"This dataset contains information on nonpotable well permits issued in New York City, including details such as permit numbers, expiration dates, and specific locations identified by street addresses and zip codes. The dataset spans from 1979 to 2025, providing a comprehensive view of permits over time. Each entry includes unique identifiers like the Borough-Block-Lot (BBL) and Building Identification Number (BIN), which help in identifying specific properties. The dataset also features geographic coordinates (latitude and longitude) for precise location mapping. It can be utilized for various purposes, including environmental assessments, urban planning, and public health studies related to nonpotable water sources. The data is self-reported by permit applicants, ensuring a direct link to the community and its needs. Overall, this dataset serves as a valuable resource for understanding the distribution and management of nonpotable wells across the city.

Column constraints outlined in Data Dictionary:
permit_number: 8-digit number; required  
expiration_date: MM/DD/YYYY; must be on or before December 31st of the year following the permit's issue year  
zip: 5-digit number; required  
bbl: 10-digit number; required  
bin: 10-digit number; required  
census_tract_2010: 6-digit number; required  
city_council_district: 2-digit number; required  
community_district: 3-digit number; required  
nta_code: 6-character alpha-numeric; required  
latitude: Degrees; must be between -90 and 90; required  
longitude: Degrees; must be between -180 and 180; required","This dataset contains information on nonpotable well permits, including details such as permit numbers, expiration dates, and addresses across various boroughs in New York City. It features 100 unique permits with temporal coverage from 1978 to 2025, allowing for analysis of trends over time. The dataset includes spatial data, such as latitude and longitude coordinates, enabling precise location mapping. It can be used for research on water resource management, urban planning, and environmental studies, providing insights into the distribution and regulation of nonpotable wells in the city.","Dataset Overview:
- This dataset contains information on nonpotable well permits issued in New York City, including details such as permit numbers, expiration dates, and specific locations identified by street addresses and zip codes. The dataset spans from 1979 to 2025, providing a comprehensive view of permits over time. Each entry includes unique identifiers like the Borough-Block-Lot (BBL) and Building Identification Number (BIN), which help in identifying specific properties. The dataset also features geographic coordinates (latitude and longitude) for precise location mapping. It can be utilized for various purposes, including environmental assessments, urban planning, and public health studies related to nonpotable water sources. The data is self-reported by permit applicants, ensuring a direct link to the community and its needs. Overall, this dataset serves as a valuable resource for understanding the distribution and management of nonpotable wells across the city.

Key Themes or Topics:
- Nonpotable water management
- Urban water resources
- Environmental impact assessments
- Public health and safety
- Urban infrastructure planning
- Groundwater usage and regulation
- Water quality monitoring
- Community health studies
- Regulatory compliance and permitting processes

Applications and Use Cases:
- Supports urban planners in assessing the impact of nonpotable wells on city infrastructure.
- Aids environmental scientists in evaluating the effects of nonpotable water sources on local ecosystems.
- Assists public health officials in monitoring potential health risks associated with nonpotable water usage.
- Facilitates research on historical trends in nonpotable well permits and their implications for urban development.
- Enables policymakers to formulate regulations and guidelines for nonpotable water use.

Potential Questions:
- What is the distribution of nonpotable well permits across different boroughs in New York City?
- How do expiration dates of nonpotable well permits vary by community district?
- What trends can be observed in the issuance of nonpotable well permits from 1979 to 2025?
- How does the density of nonpotable wells correlate with population density in various neighborhoods?
- What are the geographic coordinates of nonpotable wells in relation to known environmental hazards?

Concepts and Synonyms:
- Nonpotable wells / non-drinkable water sources
- Well permits / water extraction permits
- Groundwater / subterranean water
- Urban planning / city development
- Environmental assessments / ecological evaluations
- Public health / community health
- Water resource management / water governance
- Geographic information systems (GIS) / spatial analysis

Keywords and Themes:
- Nonpotable well permits
- New York City water management
- Environmental regulations
- Urban infrastructure
- Groundwater permits
- Water quality
- Community health assessments
- Geographic coordinates
- Borough-Block-Lot (BBL)
- Building Identification Number (BIN)

Additional Context:
- This dataset is crucial for understanding the implications of nonpotable water use in urban settings, particularly in densely populated areas like New York City.
- It provides insights into the regulatory landscape surrounding water usage and the importance of monitoring nonpotable sources for public health and environmental sustainability.
- The dataset can be integrated with other urban datasets to enhance analyses related to urban development, environmental justice, and resource allocation.","Dataset Overview:
- This dataset contains information on nonpotable well permits, including details such as permit numbers, expiration dates, and addresses across various boroughs in New York City. It features 100 unique permits with temporal coverage from 1978 to 2025, allowing for analysis of trends over time. The dataset includes spatial data, such as latitude and longitude coordinates, enabling precise location mapping. It can be used for research on water resource management, urban planning, and environmental studies, providing insights into the distribution and regulation of nonpotable wells in the city.

Key Themes or Topics:
- Water resource management
- Urban planning
- Environmental studies
- Public health and safety
- Groundwater regulation
- Infrastructure development
- Land use planning
- Regulatory compliance
- Sustainable development
- Resource allocation

Applications and Use Cases:
- Facilitates analysis for water resource managers, urban planners, environmental scientists, and policymakers.
- Useful for specific applications such as groundwater management, urban infrastructure planning, environmental impact assessments, and regulatory compliance monitoring.
- Enables insights into patterns, trends, and relationships relevant to nonpotable water usage, well distribution, and urban development.

Concepts and Synonyms:
- Nonpotable water/non-drinkable water
- Well permits/well licensing
- Groundwater extraction/groundwater use
- Permit expiration/permit validity
- Spatial data/geospatial information
- Urban infrastructure/urban development
- Environmental regulation/water regulation
- Boroughs of NYC/New York City neighborhoods
- Water quality management/water safety
- Resource management/sustainability practices

Keywords and Themes:
- Nonpotable well permits
- Groundwater management
- Urban planning permits
- Environmental studies NYC
- Water resource allocation
- Well location data
- Permit trends
- Spatial mapping of wells
- NYC environmental regulations
- Temporal analysis of permits

Additional Context:
- Highlights the dataset's relevance to addressing challenges in urban water management and the sustainable use of groundwater resources in densely populated areas.
- Emphasizes its value for interdisciplinary applications, integrating insights from environmental science, urban studies, and public policy.
- Supports research into the historical and future trends of nonpotable well usage, contributing to informed decision-making in urban planning and environmental protection efforts.","{'permit_number': {'column_description': 'Permit number ', 'expected_per_allowed_values': '8-digit number', 'field_limitations': 'Autogenerated from DOHMH Online Permit and Licensing System. '}, 'expiration_date': {'column_description': 'Date the permit expires', 'expected_per_allowed_values': 'MM/DD/YYYY', 'field_limitations': 'Autogenerated from DOHMH Online Permit and Licensing System. ', 'additional_notes': 'All permits for nonpotable wells expire yearly on December 31st.   '}, 'address_no': {'column_description': 'Street number for the well location', 'expected_per_allowed_values': 'Text', 'field_limitations': 'Self-reported by the permit applicant.'}, 'address_st': {'column_description': 'Street name for the well location', 'expected_per_allowed_values': 'Text', 'field_limitations': 'Self-reported by the permit applicant.'}, 'zip': {'column_description': 'Zip code of the well location', 'expected_per_allowed_values': '5-digit number', 'field_limitations': 'Self-reported by the permit applicant.'}, 'bbl': {'column_description': 'Borough-Block-Lot', 'expected_per_allowed_values': '10-digit number', 'field_limitations': 'Provided by geocoding services', 'additional_notes': 'Identifies a parcel of real property in New York City, called a tax lot. The BBL contains a 1 byte Borough Code, a 5-byte Tax Block, and a 4-byte tax lot. The tax block and tax lot are both right justified, zero filled. '}, 'bin': {'column_description': 'Building Identification Number ', 'expected_per_allowed_values': '10-digit number', 'field_limitations': 'Provided by geocoding services', 'additional_notes': 'Building Identification Number (BIN) is a seven-digit numerical identifier unique to each building in the City of New York. The first digit is the Borough Code. If the borough code is followed by all zeroes (commonly referred to as a ‘million BIN’, this indicates that a BIN has not been assigned, either because the address associated with the building has not yet been built, an address is assigned as a potential valid range where there is no building (vacant lot or vacant street frontage), or it is associated with a constituent entity of a Complex NAP (Non-Addressable Placename) but does not indicate a building or structure that would have a BIN assignment (such as the Children’s Zoo Spider Web within Central Park).'}, 'census_tract_2010': {'column_description': 'Census Track', 'expected_per_allowed_values': '6-digit number', 'field_limitations': 'Provided by geocoding services', 'additional_notes': 'Small, relatively permanent statistical subdivisions of a geographical area as defined by the U.S. Census Bureau.'}, 'city_council_district': {'column_description': 'NYC Council District', 'expected_per_allowed_values': '2-digit number', 'field_limitations': 'Provided by geocoding services', 'additional_notes': 'A district represented by a member of the New York City Council. Consists of an aggregation of Election Districts.'}, 'community_district': {'column_description': 'Community Board', 'expected_per_allowed_values': '3-digit number', 'field_limitations': 'Provided by geocoding services', 'additional_notes': 'The first byte is a borough code and the second and third bytes are the community board number. There are 59 community districts in the city of New York, as well as 12 Joint Interest Areas (JIAs). The JIAs are major parks and airports that are not contained within any community districts.'}, 'nta_code': {'column_description': 'Neighborhood Tabulation Area', 'expected_per_allowed_values': '6-character alpha-numeric', 'field_limitations': 'Provided by geocoding services', 'additional_notes': 'Neighborhood Tabulation Areas (NTAs) were created by the Department of City Planning to project populations at a small area level for PlaNYC, the long-term sustainability plan for New York City. These are now being used to present data from the Decennial Census and American Community Survey.'}, 'latitude': {'column_description': 'Latitude', 'expected_per_allowed_values': 'Degrees', 'field_limitations': 'Provided by geocoding services', 'additional_notes': 'Lines of latitude measure the north-south position between the poles with the equator defined as 0 degrees. '}, 'longitude': {'column_description': 'Longitude', 'expected_per_allowed_values': 'Degrees', 'field_limitations': 'Provided by geocoding services', 'additional_notes': 'Lines of longitude (or meridians) measure the east-west position, with the prime meridian running through Greenwich, England.'}}","2,720",14.0,1.0,1.0
rytv-g5ui,https://data.cityofnewyork.us/d/rytv-g5ui,"This dataset focuses on Water Tank Inspections in New York City, providing detailed information about the status and compliance of drinking water tanks across various boroughs. It includes key attributes such as building identification numbers (BIN), house numbers, street names, zip codes, and the number of drinking water tanks reported. The dataset spans from 2021 to 2023 and captures various activities related to inspections, including self-reported annual inspections and audits conducted by the NYC Health Department. Each entry contains spatial data, including latitude and longitude coordinates, allowing for precise location mapping. The dataset can be utilized for monitoring compliance with health regulations, identifying potential violations, and analyzing trends in water tank inspections over time. It serves as a valuable resource for public health officials, researchers, and urban planners interested in ensuring safe drinking water practices in the city.

Column constraints outlined in Data Dictionary:
bin: 7-digit number; first digit is the Borough Code; may be all zeroes indicating no BIN assigned  
house: Text; self-reported, subject to data entry errors  
street_name: Text; self-reported, subject to data entry errors  
zip_code: 5-digit number; self-reported, subject to data entry errors  
borough: Text; allowed values: Manhattan, Queens, Brooklyn, Bronx, Staten Island  
status: Text; allowed values: Active, Not Active  
number_of_dwt: 2-digit number; may be zero (0) indicating no water tank reported  
activity_type: Text; allowed values: Self-reported Annual Inspection, NYC Health Department Inspection, NYC Health Department Audit, NYC Health Department Audit & Inspection, Other  
activity_year: 4-digit number; represents the year of the activity  
violation_code: 4-character alpha-numeric; blank indicates no summons issued  
law_section: Text; blank indicates no violations cited  
violation_text: Text; blank indicates no violations cited  
compliance_year: 4-digit number; represents the year for compliance assessment  
date_of_occurrence: Date: MM/DD/YYYY; blank indicates no violations cited  
summons_number: 10-digit number; blank indicates no summons issued  
bbl: 10-digit number  
latitude: Number; represents degrees and minutes  
longitude: Number; represents degrees and minutes  
community_board: 3-digit number  
council_district: 2-digit number  
census_tract: 6-digit number  
nta_code: 6-character alpha-numeric","This dataset focuses on water tank inspections across various locations, primarily in Manhattan, New York City. It includes detailed records of inspections, violations, and compliance statuses, with data spanning from 2021 to 2023. The dataset features key attributes such as house numbers, street names, zip codes, boroughs, and specific violation codes, providing a comprehensive view of inspection activities. The spatial coverage includes latitude and longitude coordinates, while the temporal coverage captures occurrences from January 2022 to February 2024. This dataset can be utilized for monitoring compliance with health regulations, analyzing inspection trends, and ensuring public safety regarding water quality.","Dataset Overview:
- This dataset focuses on Water Tank Inspections in New York City, providing detailed information about the status and compliance of drinking water tanks across various boroughs. It includes key attributes such as building identification numbers (BIN), house numbers, street names, zip codes, and the number of drinking water tanks reported. The dataset spans from 2021 to 2023 and captures various activities related to inspections, including self-reported annual inspections and audits conducted by the NYC Health Department. Each entry contains spatial data, including latitude and longitude coordinates, allowing for precise location mapping. The dataset can be utilized for monitoring compliance with health regulations, identifying potential violations, and analyzing trends in water tank inspections over time. It serves as a valuable resource for public health officials, researchers, and urban planners interested in ensuring safe drinking water practices in the city.

Key Themes or Topics:
- Water quality management
- Public health and safety
- Urban infrastructure maintenance
- Environmental health
- Regulatory compliance
- Drinking water standards
- Health department oversight
- Inspection processes
- Community health initiatives
- Urban planning and development

Applications and Use Cases:
- Monitoring compliance with drinking water regulations
- Identifying and addressing potential health violations
- Analyzing trends in water tank inspections over time
- Supporting public health research and policy formulation
- Informing urban planning and infrastructure development
- Evaluating the effectiveness of health department audits and inspections
- Enhancing community awareness of water safety issues
- Facilitating statistical modeling of water tank compliance

Potential Questions:
- What is the distribution of active versus not active water tanks across NYC boroughs?
- How do the number of reported drinking water tanks vary by zip code?
- What trends can be observed in the number of violations over the years 2021 to 2023?
- How does the compliance status of water tanks differ between boroughs?
- What types of activities (self-reported inspections vs. health department audits) are most common?
- What is the relationship between violation codes and the number of drinking water tanks reported?

Concepts and Synonyms:
- Water tank inspections/Water storage inspections
- Compliance monitoring/Regulatory compliance
- Public health inspections/Health department audits
- Drinking water safety/Water quality assurance
- Urban infrastructure/City planning
- Violation codes/Health code violations
- Spatial data/Geographic information
- Annual inspections/Periodic assessments

Keywords and Themes:
- Water tank inspections
- NYC Health Department
- Drinking water compliance
- Public health data
- Urban infrastructure
- Health regulations
- Inspection audits
- Violation tracking
- Geographic mapping
- Community health

Additional Context:
- This dataset is crucial for addressing public health challenges related to drinking water safety in urban environments. It provides insights into the effectiveness of regulatory frameworks and the health department's role in ensuring compliance. The data can be integrated with other urban planning datasets to enhance understanding of infrastructure needs and community health outcomes. It is particularly relevant for interdisciplinary studies involving public health, environmental science, and urban studies.","Dataset Overview:
- This dataset focuses on water tank inspections across various locations, primarily in Manhattan, New York City. It includes detailed records of inspections, violations, and compliance statuses, with data spanning from 2021 to 2023. The dataset features key attributes such as house numbers, street names, zip codes, boroughs, and specific violation codes, providing a comprehensive view of inspection activities. The spatial coverage includes latitude and longitude coordinates, while the temporal coverage captures occurrences from January 2022 to February 2024. This dataset can be utilized for monitoring compliance with health regulations, analyzing inspection trends, and ensuring public safety regarding water quality.

Key Themes or Topics:
- Water quality management
- Public health and safety
- Environmental compliance
- Urban infrastructure maintenance
- Regulatory enforcement
- Health inspections
- Water supply systems
- Risk assessment in public utilities

Applications and Use Cases:
- Supports public health officials in monitoring water safety and compliance with health regulations.
- Aids urban planners and engineers in assessing the condition of water infrastructure.
- Facilitates research on trends in water quality and inspection outcomes.
- Assists policymakers in formulating regulations and policies related to water safety.
- Enables statistical modeling of inspection data for predictive analytics.
- Provides insights for community awareness and public safety initiatives.

Concepts and Synonyms:
- Water tank inspection/water reservoir inspection
- Compliance status/regulatory compliance
- Violation codes/infraction codes
- Inspection records/inspection data
- Public safety/water safety
- Health regulations/environmental regulations
- Urban water systems/municipal water supply
- Spatial data/geospatial data
- Temporal data/time series data

Keywords and Themes:
- Water tank inspections
- Compliance monitoring
- Inspection trends
- Public health data
- Environmental health
- Water quality assessment
- Regulatory violations
- Manhattan water infrastructure
- Inspection compliance records

Additional Context:
- The dataset is crucial for addressing public health challenges related to water quality and safety in urban environments.
- It provides valuable insights for interdisciplinary studies involving environmental science, public policy, and urban planning.
- The dataset can be integrated with other datasets related to public health, urban infrastructure, and environmental monitoring to enhance analysis and decision-making processes.","{'bin': {'column_description': 'Department of Buildings (DOB) Building Identification Number\n\t', 'expected_per_allowed_values': '7-digit number', 'field_limitations': 'Provided by DOB. ', 'additional_notes': 'Building Identification Number (BIN) is a seven-digit numerical identifier unique to each building in the City of New York. The first digit is the Borough Code. If the borough code is followed by all zeroes (commonly referred to as a ‘million BIN’, this indicates that a BIN has not been assigned, either because the address associated with the building has not yet been built, an address is assigned as a potential valid range where there is no building (vacant lot or vacant street frontage), or it is associated with a constituent entity of a Complex NAP (Non-Addressable Placename) but does not indicate a building or structure that would have a BIN assignment (such as the Children’s Zoo Spider Web within Central Park). '}, 'house': {'column_description': 'House number of the physical location of the drinking water tank(s)', 'expected_per_allowed_values': 'Text', 'field_limitations': 'Self-reported annual inspections, submitted by the certified water tank inspector on behalf of building owner manually (subject to data entry errors). '}, 'street_name': {'column_description': 'Street name of the physical location of the drinking water tank(s)', 'expected_per_allowed_values': 'Text', 'field_limitations': 'Self-reported annual inspections, submitted by the certified water tank inspector on behalf of building owner manually (subject to data entry errors). '}, 'zip_code': {'column_description': 'ZIP code of the physical location of the drinking water tank(s)', 'expected_per_allowed_values': '5-digit number', 'field_limitations': 'Self-reported annual inspections, submitted by the certified water tank inspector on behalf of building owner manually (subject to data entry errors). '}, 'borough': {'column_description': 'Borough of the physical location of the drinking water tank(s)', 'expected_per_allowed_values': 'Text: \n\n-Manhattan\n-Queens\n-Brooklyn\n-Bronx\n-Staten Island', 'field_limitations': 'Self-reported annual inspections, submitted by the certified water tank inspector on behalf of building owner manually (subject to data entry errors). '}, 'status': {'column_description': ""Status of a building's drinking water tank(s) "", 'expected_per_allowed_values': 'Text: \n\n-Active\n-Not Active', 'field_limitations': 'Provided by the NYC Health Department based on information reported by the building owner, drinking water tank inspection representative, or observed during inspection.', 'additional_notes': ""Status is 'Active' if there are one or more drinking water tanks at the building as defined by NYC Administrative Code 17-194(a). \n\nStatus is ‘Not Active’ if there is no longer a drinking water tank at the building as defined by NYC Administrative Code 17-194(a). \n\nReasons a drinking water tank becomes ‘Not Active’ may include removal from the building, disconnection or usage change so that it no longer supplies drinking water, or previous reporting error.""}, 'number_of_dwt': {'column_description': 'Number of drinking water tank(s) (DWT) reported by building owner, certified water tank inspector or confirmed by the NYC Health Department during inspections,  audits or other activities. ', 'expected_per_allowed_values': '2-digit number', 'field_limitations': 'Self-reported annual inspections, submitted by the certified water tank inspector on behalf of building owner manually (subject to data entry errors) and/or confirmed by the NYC Health Department during inspections or audits.\n\nIf the number of drinking water tank(s) is zero (0), this means a building reported that there is not a water tank at the building that supplies drinking water. It is not a regulatory requirement to report zero (0) drinking water tanks at the building in the NYC Drinking Water Tank Inspection Reporting Site, but some buildings choose to do so.  \n\n', 'additional_notes': 'The number of drinking water tanks at the building is determined by assessing multiple data sources such as:\n\n-The number of drinking water tanks at the building as reported by the building owner in the most recent submission in the NYC Water Tank Inspection Reporting Site.\n\n-The number of drinking water tanks as confirmed by building personnel at time of the NYC Health Department inspection.\n\n-The number of drinking water tanks as reported via the NYC Health Department audit forms/interview.\n\n\n'}, 'activity_type': {'column_description': '\t\nActivity type regarding the drinking water tank(s) (DWT)', 'expected_per_allowed_values': 'Text: \n\n-Self-reported Annual Inspection\n-NYC Health Department Inspection\n-NYC Health Department Audit\n-NYC Health Department Audit & Inspection\n-Other', 'field_limitations': 'Provided by the NYC Health Department\n\nDWT - drinking water tank\n\nThis dataset includes activities since 2021.', 'additional_notes': 'Self-Reported Annual Inspections: Annual inspection submitted by the certified water tank inspector on behalf of building owner to the Drinking Water Tank Inspection Reporting Site [https://www.nyc.gov/site/doh/business/permits-and-licenses/drinking-water-tank-inspection-reporting.page] to comply with the annual inspection report submission requirement of Title 24 of the Rules of the City of New York, Chapter 31, Section 31-02(a).  If multiple submissions for a specific drinking water tank are reported by a building in a calendar year, only data from the most recent submission for that calendar year is shown.\n\nNYC Health Department Inspection: On-site inspection performed by the NYC Health Department to determine compliance with other requirements of Chapter 31.\n\nNYC Health Department Audit: Documentation for annual drinking water tank inspections reviewed by the NYC Health Department for accuracy in reporting, as required by Chapter 31.\n\nNYC Health Department Audit & Inspection: Audit activity that resulted in a follow up inspection. Compliance determination and enforcement occurred after follow up inspection.  \n\nOther: Any action that does not fall into one of the three above activity types, such as a following up to determine compliance with the requirements of Article 141 of the NYC Health Code.'}, 'activity_year': {'column_description': 'Year in which activity took place ', 'expected_per_allowed_values': '4-digit number', 'additional_notes': 'Self-Reported Annual Inspections: Reporting year for the drinking water tank inspection conducted on behalf of the building owners. Inspection report submissions are required to be submitted for a specific calendar year by Jan 15 of the following year.\n\nNYC Health Department Inspection: Year of the NYC Health Department on-site inspection\n\nNYC Health Department Audit: Year of the NYC Health Department audit\n\nNYC Health Department Audit & Inspection: Year of the NYC Health Department audit & follow up inspection triggered by the audit\n\nOther: Year of the NYC Health Department activity'}, 'violation_code': {'column_description': 'OATH (Office of Administrative Trials and Hearings) Code', 'expected_per_allowed_values': '4-character alpha-numeric\n', 'field_limitations': 'NYC Health Department system-generated based on the cited violation. \n\nA blank field indicates that no summonses were issued during the self-reported annual inspection, NYC Health Department inspection, NYC Health Department audit, or Other activity.', 'additional_notes': 'The OATH violation code appears on the summons issued to the Respondent. '}, 'law_section': {'column_description': 'Section/Rule of Law of Violation', 'expected_per_allowed_values': 'Text\n', 'field_limitations': 'NYC Health Department system-generated based on the cited violation. \n\nA blank field indicates that no violations were cited during the self-reported annual inspection, NYC Health Department inspection, NYC Health Department audit, or Other activity.', 'additional_notes': 'The section of law or rule that the respondent is charged with violating. For drinking water tank violations, the applicable sections of law are Title 24 of the Rules of the City of New York Chapter 31, NYC Administrative Code 17-194 and the NYC Health Code Article 141.'}, 'violation_text': {'column_description': 'Description of Violation', 'expected_per_allowed_values': 'Text', 'field_limitations': 'NYC Health Department system-generated based on the cited violation. \n\nA blank field indicates that no violations were cited during the self-reported annual inspection, NYC Health Department inspection, NYC Health Department audit, or Other activity.', 'additional_notes': 'Description of the violation that is cited. A blank field indicates that no violations were cited during the self-reported annual inspection, NYC Health Department inspection, NYC Health Department audit, or Other activity.'}, 'compliance_year': {'column_description': 'Year for which a water tank was inspected, audited or other type of activity occurred', 'expected_per_allowed_values': '4-digit number', 'field_limitations': 'Provided by the NYC Health Department\n\n ', 'additional_notes': ""Self-Reported Annual Inspections: Year for which a building's self-reported annual inspection report compliance was assessed. \n\nNYC Health Department Inspection: Year for which a building's compliance was assessed through an on-site inspection. During each inspection, NYC Health Department requests inspection records for the previous five years, and the building can be cited a violation for each year for which they are missing records. \n\nNYC Health Department Audit: Year for which a building's compliance was assessed through documentation audit. \n\nNYC Health Department Audit & Inspection: Year of the NYC Health Department audit & follow up inspection triggered by the audit. \n\nOther: Year for which the building received other type of compliance activity. For example, the year when a follow up action was mandated to be performed. ""}, 'date_of_occurrence': {'column_description': 'Date of occurrence of the violation', 'expected_per_allowed_values': 'Date: MM/DD/YYYY', 'field_limitations': 'Provided by the NYC Health Department. \n\nA blank field indicates that no violations were cited during the audit or inspection activity.\n', 'additional_notes': 'Date of violation occurrence as listed on the summons'}, 'summons_number': {'column_description': 'Summons or Ticket Number for OATH hearing at ECB (Environmental Control Board)', 'expected_per_allowed_values': '10-digit number', 'field_limitations': 'Automatically generated by OATH. A blank field indicates that no summons was issued.', 'additional_notes': 'A unique identifier for a particular summons. '}, 'bbl': {'column_description': 'Borough Block Lot of the building with the drinking water tank', 'expected_per_allowed_values': '10-digit number', 'field_limitations': 'Provided by geocoding services', 'additional_notes': 'Identifies a parcel of real property in New York City, called a tax lot. The BBL contains a 1 byte Borough Code, a 5-byte Tax Block, and a 4-byte tax lot. The tax block and tax lot are both right justified, zero filled. '}, 'latitude': {'column_description': 'Latitude of the location of the building with the drinking water tank', 'expected_per_allowed_values': 'Number', 'field_limitations': 'Provided by geocoding services', 'additional_notes': 'Lines of latitude measure the north-south position between the poles with the equator defined as 0 degrees. The units of measure are degrees and minutes.'}, 'longitude': {'column_description': 'Longitude of the location of the building with the drinking water tank', 'expected_per_allowed_values': 'Number', 'field_limitations': 'Provided by geocoding services', 'additional_notes': 'Lines of longitude (or meridians) measure the east-west position, with the prime meridian running through Greenwich, England. The units of measure are degrees and minutes.'}, 'community_board': {'column_description': 'Community Board of the location of the building with the drinking water tank', 'expected_per_allowed_values': '3-digit number', 'field_limitations': 'Provided by geocoding services', 'additional_notes': 'The first byte is a borough code and the second and third bytes are the community board number. There are 59 community districts in the city of New York, as well as 12 Joint Interest Areas (JIAs). The JIAs are major parks and airports that are not contained within any community districts.'}, 'council_district': {'column_description': 'Council District of the location of the building with the drinking water tank', 'expected_per_allowed_values': '2-digit number', 'field_limitations': 'Provided by geocoding services', 'additional_notes': 'A district represented by a member of the New York City Council. Consists of an aggregation of Election Districts.'}, 'census_tract': {'column_description': 'The Census Tract of the location of the building with the drinking water tank', 'expected_per_allowed_values': '6-digit number', 'field_limitations': 'Provided by geocoding services', 'additional_notes': 'Small, relatively permanent statistical subdivisions of a geographical area as defined by the U.S. Census Bureau.'}, 'nta_code': {'column_description': 'NTA code of the location of the building with the drinking water tank', 'expected_per_allowed_values': '6-character alpha-numeric', 'field_limitations': 'Provided by geocoding services', 'additional_notes': 'Unique identifier for each Neighborhood Tabulation Area (NTA). Includes 6 characters: 2 alpha for borough, 2 numeric matching CDTA number, 1 numeric indicating NTA Type, and 1 numeric to create unique ID. NTAs were created by the Department of City Planning to project populations at a small area level for PlaNYC, the long-term sustainability plan for New York City. These are now being used to present data from the Decennial Census and American Community Survey.'}}",16,22.0,1.0,1.0
fkec-mjr6,https://data.cityofnewyork.us/d/fkec-mjr6,"This dataset provides detailed demographic information on cryptosporidiosis cases, categorized by year, race, and age group. It spans from 1999 to 2024, offering insights into the incidence rates across various boroughs, including Manhattan, Bronx, Brooklyn, Queens, and Staten Island. The dataset includes 26 unique years and 16 distinct race/ethnicity categories, allowing for comprehensive analysis of trends over time. Each age group is represented, with specific measurements for individuals aged 1 year, 1-4 years, 5 years, 5-9 years, 10-19 years, 20-44 years, 45-59 years, and 60 years and older. The citywide and borough-specific case rates provide valuable context for understanding the distribution of cryptosporidiosis across different demographics. Researchers and public health officials can utilize this dataset to identify at-risk populations, track disease trends, and inform targeted interventions to improve health outcomes related to cryptosporidiosis.","This dataset provides detailed demographic information on Cryptosporidiosis cases, covering various age groups and racial/ethnic categories from 1999 to 2024. It includes data on the number of cases and rates for different boroughs in New York City, allowing for a comprehensive analysis of trends over time. The dataset features 26 unique years and 14 distinct race/ethnicity categories, making it a valuable resource for public health research and epidemiological studies. Researchers can utilize this dataset to identify at-risk populations and assess the impact of Cryptosporidiosis across different demographics and geographic locations.","Dataset Overview:
- This dataset provides detailed demographic information on cryptosporidiosis cases, categorized by year, race, and age group. It spans from 1999 to 2024, offering insights into the incidence rates across various boroughs, including Manhattan, Bronx, Brooklyn, Queens, and Staten Island. The dataset includes 26 unique years and 16 distinct race/ethnicity categories, allowing for comprehensive analysis of trends over time. Each age group is represented, with specific measurements for individuals aged 1 year, 1-4 years, 5 years, 5-9 years, 10-19 years, 20-44 years, 45-59 years, and 60 years and older. The citywide and borough-specific case rates provide valuable context for understanding the distribution of cryptosporidiosis across different demographics. Researchers and public health officials can utilize this dataset to identify at-risk populations, track disease trends, and inform targeted interventions to improve health outcomes related to cryptosporidiosis.

Key Themes or Topics:
- Infectious diseases
- Public health surveillance
- Epidemiology of cryptosporidiosis
- Demographic analysis
- Racial and ethnic health disparities
- Age-related health trends
- Geographic health disparities
- Disease incidence and prevalence

Applications and Use Cases:
- Facilitates epidemiological research for public health officials
- Useful for health policy formulation and intervention strategies
- Enables demographic analysis for targeted health campaigns
- Supports academic research in infectious disease trends
- Assists in identifying at-risk populations for health services allocation
- Aids in monitoring and evaluating public health initiatives

Potential Questions:
- What is the distribution of cryptosporidiosis cases by race/ethnicity across different boroughs?
- How does the incidence of cryptosporidiosis vary by age group over the years?
- What trends can be observed in cryptosporidiosis cases from 1999 to 2024?
- How do case rates of cryptosporidiosis differ between Manhattan and the Bronx?
- What demographic factors are associated with higher rates of cryptosporidiosis?

Concepts and Synonyms:
- Cryptosporidiosis/infection by Cryptosporidium
- Demographics/population characteristics
- Incidence/prevalence rates
- Racial/ethnic categories
- Age groups/age demographics
- Public health/healthcare
- Epidemiological trends/disease trends
- Geographic distribution/borough-specific data

Keywords and Themes:
- Cryptosporidiosis
- Demographic data
- Public health data
- Epidemiology
- Infectious disease statistics
- Racial disparities in health
- Age-related disease incidence
- New York City health data

Additional Context:
- The dataset is relevant for addressing public health challenges related to waterborne diseases and their impact on various demographic groups.
- It provides critical insights for interdisciplinary research combining public health, sociology, and epidemiology.
- The dataset can be integrated with other health datasets to enhance understanding of broader health trends and disparities in urban populations.","Dataset Overview:
- This dataset provides detailed demographic information on Cryptosporidiosis cases, covering various age groups and racial/ethnic categories from 1999 to 2024. It includes data on the number of cases and rates for different boroughs in New York City, allowing for a comprehensive analysis of trends over time. The dataset features 26 unique years and 14 distinct race/ethnicity categories, making it a valuable resource for public health research and epidemiological studies. Researchers can utilize this dataset to identify at-risk populations and assess the impact of Cryptosporidiosis across different demographics and geographic locations.

Key Themes or Topics:
- Infectious diseases
- Public health
- Epidemiology
- Disease surveillance
- Health disparities
- Demographic analysis
- Urban health
- Racial and ethnic health disparities
- Waterborne diseases
- Gastrointestinal infections
- Disease trends over time
- Geographic health patterns

Applications and Use Cases:
- Facilitates analysis for public health officials and epidemiologists.
- Useful for developing targeted health interventions and prevention strategies.
- Supports research on health equity and access to healthcare.
- Enables insights into the epidemiology of Cryptosporidiosis in urban settings.
- Assists in policy formulation regarding water quality and public health safety.
- Aids in the identification of vulnerable populations for health outreach programs.

Concepts and Synonyms:
- Cryptosporidiosis/crypto
- Demographics/population statistics
- Case rates/incidence rates
- Racial/ethnic categories/ethnic groups
- Age groups/age demographics
- Public health research/health studies
- Epidemiological data/health data
- Urban boroughs/cities
- Health trends/health patterns
- At-risk populations/vulnerable groups

Keywords and Themes:
- Cryptosporidiosis
- Demographic data
- New York City
- Public health
- Epidemiology
- Infectious disease statistics
- Racial disparities
- Ethnic health data
- Waterborne illness
- Gastrointestinal disease
- Health trends
- Disease incidence

Additional Context:
- Highlights the dataset's relevance to understanding the impact of Cryptosporidiosis in urban environments, particularly in relation to water quality and sanitation issues.
- Emphasizes its importance for interdisciplinary research that combines public health, sociology, and environmental science.
- Provides valuable insights for addressing public health challenges related to infectious diseases in diverse populations.",,200,16.0,0.0,1.0
5tgd-xk3z,https://data.cityofnewyork.us/d/5tgd-xk3z,"This dataset provides comprehensive surveillance data on Chronic Hepatitis B and C cases reported in New York City from 2016 to 2022. It includes key information such as the year of diagnosis, type of disease, gender of the individuals, borough of residence, age category, and the number of reported cases. The dataset features seven unique years, two diseases, four gender categories, six boroughs, and seven age categories, with case counts ranging from 1 to 503. The temporal coverage spans from 2015 to 2021, allowing for a detailed analysis of trends over time. This dataset can be utilized for public health research, policy-making, and resource allocation to better understand the impact of hepatitis in different demographics and locations. It serves as a valuable resource for healthcare professionals and researchers aiming to address and mitigate the effects of these diseases in the community.

Column constraints outlined in Data Dictionary:
year: allowed values are 2020, 2021, 2022; values must be within the range of 2020 to 2022 inclusive  
disease: allowed values are Chronic Hepatitis B, Chronic Hepatitis C  
gender: allowed values are Male, Female, Transgender, Unknown  
borough: allowed values are Bronx, Brooklyn, Manhattan, Queens, Staten Island, Unknown  
age_category: allowed values are 0-19, 20-29, 30-39, 40-49, 50-59, 60-69, 70+","This dataset provides comprehensive surveillance data on chronic hepatitis B and C cases across various boroughs in New York City from 2016 to 2022. It includes information on the year, disease type, gender, borough, age category, and case counts, allowing for detailed analysis of trends and demographics. The dataset features 100 unique entries, with case counts ranging from 0 to 131. It serves as a valuable resource for public health officials and researchers to monitor hepatitis prevalence, identify at-risk populations, and inform healthcare strategies. The data can be utilized to enhance understanding of disease patterns and improve health interventions in the community.","Dataset Overview:
- This dataset provides comprehensive surveillance data on Chronic Hepatitis B and C cases reported in New York City from 2016 to 2022. It includes key information such as the year of diagnosis, type of disease, gender of the individuals, borough of residence, age category, and the number of reported cases. The dataset features seven unique years, two diseases, four gender categories, six boroughs, and seven age categories, with case counts ranging from 1 to 503. The temporal coverage spans from 2015 to 2021, allowing for a detailed analysis of trends over time. This dataset can be utilized for public health research, policy-making, and resource allocation to better understand the impact of hepatitis in different demographics and locations. It serves as a valuable resource for healthcare professionals and researchers aiming to address and mitigate the effects of these diseases in the community.

Key Themes or Topics:
- Hepatitis Surveillance
- Chronic Hepatitis B
- Chronic Hepatitis C
- Public Health Data
- Epidemiology
- Infectious Disease Tracking
- Health Disparities
- Demographic Analysis
- Urban Health
- Disease Prevention and Control

Applications and Use Cases:
- Supports public health research and epidemiological studies.
- Aids in policy formulation for healthcare resource allocation.
- Facilitates trend analysis for chronic disease management.
- Useful for healthcare professionals in understanding disease prevalence.
- Assists in identifying at-risk populations for targeted interventions.
- Enables statistical modeling for disease forecasting and planning.

Potential Questions:
- What is the distribution of Chronic Hepatitis B and C cases by borough in New York City?
- How do reported cases of Chronic Hepatitis B differ by gender across the years 2020 to 2022?
- What trends can be observed in the age categories of reported hepatitis cases over the years?
- How does the incidence of hepatitis vary between different boroughs of New York City?
- What is the total number of reported cases of Chronic Hepatitis C in the 50-59 age category for 2021?

Concepts and Synonyms:
- Hepatitis B/Chronic Hepatitis B
- Hepatitis C/Chronic Hepatitis C
- Surveillance Data/Health Surveillance
- Epidemiological Data/Public Health Data
- Disease Incidence/Case Counts
- Demographics/Population Statistics
- Urban Epidemiology/City Health Data
- Health Equity/Health Disparities

Keywords and Themes:
- Hepatitis Surveillance
- Chronic Diseases
- Public Health Research
- New York City Health Data
- Infectious Diseases
- Epidemiology
- Disease Trends
- Gender and Health
- Age-related Health Issues
- Borough Health Statistics

Additional Context:
- This dataset is crucial for understanding the epidemiological landscape of hepatitis in urban settings, particularly in New York City, where diverse populations may experience varying health outcomes.
- It provides insights into the effectiveness of public health interventions and informs future strategies for hepatitis prevention and control.
- The dataset can be integrated with other health datasets to explore broader health trends and disparities in urban populations, enhancing interdisciplinary research efforts.","Dataset Overview:
- This dataset provides comprehensive surveillance data on chronic hepatitis B and C cases across various boroughs in New York City from 2016 to 2022. It includes information on the year, disease type, gender, borough, age category, and case counts, allowing for detailed analysis of trends and demographics. The dataset features 100 unique entries, with case counts ranging from 0 to 131. It serves as a valuable resource for public health officials and researchers to monitor hepatitis prevalence, identify at-risk populations, and inform healthcare strategies. The data can be utilized to enhance understanding of disease patterns and improve health interventions in the community.

Key Themes or Topics:
- Hepatitis surveillance
- Chronic viral infections
- Public health monitoring
- Epidemiology of hepatitis
- Infectious disease tracking
- Health demographics
- Disease prevalence analysis
- Urban health studies

Applications and Use Cases:
- Supports public health officials in monitoring hepatitis trends
- Aids researchers in studying chronic hepatitis B and C epidemiology
- Facilitates healthcare strategy development for at-risk populations
- Assists in demographic analysis related to infectious diseases
- Informs policy formulation for disease prevention and control
- Enhances understanding of health disparities in urban settings

Concepts and Synonyms:
- Hepatitis B/chronic hepatitis B
- Hepatitis C/chronic hepatitis C
- Viral hepatitis/infectious hepatitis
- Disease incidence/case counts
- Surveillance data/public health data
- Epidemiological data/disease statistics
- At-risk populations/vulnerable groups
- Health interventions/public health strategies

Keywords and Themes:
- hepatitis
- chronic disease
- surveillance
- epidemiology
- public health
- New York City
- disease trends
- health demographics
- case counts
- infectious diseases

Additional Context:
- The dataset is crucial for addressing public health challenges related to hepatitis in urban environments.
- It provides insights into the effectiveness of health interventions and policies aimed at reducing hepatitis prevalence.
- The data can be integrated with other health datasets to explore broader health issues and trends in New York City and similar urban areas.","{'year': {'column_description': 'Year of first positive hepatitis C or hepatitis B report', 'expected_per_allowed_values': '2020, 2021, 2022', 'additional_notes': '2020, 2021, 2022'}, 'disease': {'column_description': 'Disease', 'expected_per_allowed_values': 'Chronic Hepatitis B, Chronic Hepatitis C', 'additional_notes': 'Chronic hepatitis B or C virus'}, 'gender': {'column_description': 'Gender of reported cases', 'expected_per_allowed_values': 'Male, Female, Transgender, Unknown', 'additional_notes': 'Female, Male, Unknown. Transgender, and other gender identity are not consistently reported by all laboratories and is therefore not available.'}, 'borough': {'column_description': 'Borough of residence at time of first report', 'expected_per_allowed_values': 'Bronx, Brooklyn, Manhattan, Queens, Staten Island, Unknown', 'additional_notes': 'Bronx, Brooklyn, Manhattan, Queens, Staten Island, NYC Borough Unknown'}, 'age_category': {'column_description': 'Age categories', 'expected_per_allowed_values': '0-19, 20-29, 30-39, 40-49, 50-59, 60-69, 70+', 'additional_notes': '0-19, 20-29, 30-39, 40-49, 50-59, 60-69, 70+'}, 'case_counts': {'column_description': 'Number of people reported with chronic hepatitis C or hepatitis B'}}","1,191",6.0,1.0,1.0
avh4-h5hx,https://data.cityofnewyork.us/d/avh4-h5hx,"This dataset provides detailed information about community advisory board appointments within healthcare organizations, specifically focusing on various hospitals. It includes data on appointees' names, their roles, terms of office, and voting status, with a total of 73 unique last names and 79 unique first names represented. The dataset covers appointments from 2015 to 2019, with effective terms starting from August 2016 to September 2018. Each entry identifies the community advisory board associated with the appointee, highlighting their status and role within the organization. This dataset can be utilized for analyzing the composition and governance of community advisory boards, understanding representation in healthcare decision-making, and assessing the effectiveness of these boards in serving their communities. It serves as a valuable resource for researchers, policymakers, and healthcare professionals interested in community engagement and advisory roles in the healthcare sector.

Column constraints outlined in Data Dictionary:
representative_or_appointee: allowed values include roles such as ""Chair"", ""Secretary"", ""Treasurer"", ""Executive Director"", ""BP Appointee"", ""Employee Representative"", ""Community Representative"", ""Member-at-large""; null values are allowed  
term_of_office: allowed values include terms such as ""2 Years"", ""3 Years""; null values are allowed  
term_effective: format must be ISO 8601 date (YYYY-MM-DDTHH:MM:SS.sss); null values are allowed  
term_expiring: format must be ISO 8601 date (YYYY-MM-DDTHH:MM:SS.sss) or MM/DD/YYYY; null values are allowed  
voting: allowed values include ""Voting"", ""Yes""; null values are allowed","This dataset provides detailed information about community advisory board appointments within healthcare organizations. It includes data on individuals' names, their roles, terms of office, and voting status, with a total of 73 unique last names and 79 unique first names. The dataset covers terms effective from August 31, 2016, to September 3, 2018, and terms expiring from July 31, 2015, to August 30, 2019. It serves as a valuable resource for understanding the composition and governance of community advisory boards, facilitating research and analysis related to healthcare community engagement and representation.","Dataset Overview:
- This dataset provides detailed information about community advisory board appointments within healthcare organizations, specifically focusing on various hospitals. It includes data on appointees' names, their roles, terms of office, and voting status, with a total of 73 unique last names and 79 unique first names represented. The dataset covers appointments from 2015 to 2019, with effective terms starting from August 2016 to September 2018. Each entry identifies the community advisory board associated with the appointee, highlighting their status and role within the organization. This dataset can be utilized for analyzing the composition and governance of community advisory boards, understanding representation in healthcare decision-making, and assessing the effectiveness of these boards in serving their communities. It serves as a valuable resource for researchers, policymakers, and healthcare professionals interested in community engagement and advisory roles in the healthcare sector.

Key Themes or Topics:
- Community Advisory Boards
- Healthcare Governance
- Community Engagement
- Representation in Healthcare
- Advisory Roles in Healthcare
- Hospital Administration
- Stakeholder Participation
- Health Policy and Decision-Making

Applications and Use Cases:
- Analyzing the composition of community advisory boards in healthcare organizations
- Assessing the effectiveness of community representation in healthcare decision-making
- Evaluating the roles and terms of office of appointees in advisory capacities
- Informing policy development related to community engagement in healthcare
- Understanding trends in community advisory board appointments over time
- Supporting research on governance structures within healthcare organizations

Potential Questions:
- What is the distribution of roles among community advisory board appointees?
- How do terms of office vary across different community advisory boards?
- What percentage of appointees have voting status within their respective boards?
- How has the composition of community advisory boards changed from 2015 to 2019?
- What is the average term length for community advisory board members?
- Are there differences in representation based on the type of healthcare organization?

Concepts and Synonyms:
- Community Advisory Board/Community Advisory Committee
- Appointee/Representative
- Governance/Management
- Healthcare Organization/Healthcare Institution
- Voting Status/Participation Status
- Term of Office/Appointment Duration
- Stakeholder Engagement/Public Involvement
- Representation/Advocacy

Keywords and Themes:
- Community Advisory Appointments
- Healthcare Representation
- Advisory Board Composition
- Governance in Healthcare
- Community Health Engagement
- Appointee Roles
- Voting and Non-Voting Members
- Terms of Office in Healthcare Boards

Additional Context:
- This dataset is relevant for addressing challenges related to community representation in healthcare decision-making processes.
- It provides insights into the effectiveness of community advisory boards in influencing healthcare policies and practices.
- The dataset can be integrated with other healthcare datasets to enhance understanding of community health outcomes and stakeholder engagement strategies.","Dataset Overview:
- This dataset provides detailed information about community advisory board appointments within healthcare organizations. It includes data on individuals' names, their roles, terms of office, and voting status, with a total of 73 unique last names and 79 unique first names. The dataset covers terms effective from August 31, 2016, to September 3, 2018, and terms expiring from July 31, 2015, to August 30, 2019. It serves as a valuable resource for understanding the composition and governance of community advisory boards, facilitating research and analysis related to healthcare community engagement and representation.

Key Themes or Topics:
- Community Advisory Boards
- Healthcare Governance
- Community Engagement
- Representation in Healthcare
- Advisory Appointments
- Stakeholder Involvement
- Public Health Advisory Groups
- Health Equity and Access
- Patient Advocacy

Applications and Use Cases:
- Facilitates analysis for healthcare professionals, policymakers, researchers, and community organizers.
- Useful for applications in community health assessments, policy formulation, and governance studies.
- Enables insights into patterns of representation, diversity, and stakeholder engagement in healthcare decision-making.
- Supports research on the effectiveness of community advisory boards in influencing healthcare policies and practices.

Concepts and Synonyms:
- Community Advisory Board/Community Advisory Group
- Healthcare Organizations/Health Institutions
- Appointments/Selections
- Terms of Office/Service Duration
- Voting Status/Participation Rights
- Stakeholder Engagement/Public Participation
- Governance Structures/Decision-Making Bodies
- Community Representation/Diversity in Leadership

Keywords and Themes:
- Community Advisory Appointments
- Healthcare Representation
- Advisory Board Composition
- Terms of Service
- Voting Rights in Healthcare
- Community Health Engagement
- Public Health Governance
- Stakeholder Representation

Additional Context:
- Highlights the dataset's relevance to understanding the dynamics of community involvement in healthcare governance.
- Emphasizes its value for interdisciplinary applications, including public health, sociology, and political science.
- Addresses challenges related to health equity and the importance of diverse representation in healthcare decision-making processes.","{'community_advisory_board': {'column_description': 'Name of the Hospital which Board member is appointed '}, 'last': {'column_description': 'Appointee Last  Name'}, 'first': {'column_description': 'Appointee First Name '}, 'representative_or_appointee': {'column_description': 'Status and Title of Appointment '}, 'term_of_office': {'column_description': 'Date of term by years '}, 'term_effective': {'column_description': 'Start of appointments '}, 'term_expiring': {'column_description': 'Term Expired '}, 'voting': {'column_description': 'Indicate if appointee is a voting member '}}",90,8.0,1.0,0.0
