dataset_id,description,description_original,total_answered,total_answered_original,q1,q1_original,q2,q2_original,q3,q3_original,q4,q4_original
43nn-pn8j,"This dataset provides detailed information on restaurant inspection violations across various boroughs, including Manhattan, Brooklyn, Queens, the Bronx, and Staten Island. It includes unique identifiers for each establishment, such as the CAMIS number, along with the name, address, and contact information. The dataset covers a wide range of cuisines and highlights critical and non-critical violations, along with their descriptions and associated scores. Temporal coverage spans from March 2022 to March 2026, while spatial data includes precise latitude and longitude coordinates for each location. This dataset can be utilized for monitoring food safety compliance, analyzing trends in restaurant inspections, and identifying areas for improvement in public health standards. It serves as a valuable resource for researchers, policymakers, and the general public interested in food safety and restaurant quality.","This dataset contains information on restaurant inspection violations across various boroughs, including Manhattan, Brooklyn, Queens, Staten Island, and the Bronx. It features unique identifiers for each establishment, such as the CAMIS number, and includes details like the name, address, cuisine type, and contact information. The dataset spans inspection dates from 2018 to 2026, providing insights into compliance with health regulations. It categorizes violations by severity, indicating critical and non-critical issues. This dataset can be utilized for monitoring food safety standards, identifying trends in violations, and enhancing public awareness regarding restaurant hygiene practices.",3,3,0,0,1,1,1,1,1,1
jb7j-dtam,"This dataset provides comprehensive information on the leading causes of death in the United States from 2007 to 2021, categorized by year, sex, and race/ethnicity. It includes key metrics such as the number of deaths, death rates, and age-adjusted death rates, allowing for detailed analysis of mortality trends across different demographic groups. The dataset features 15 unique years and covers various medical conditions, including mental health disorders, chronic diseases, and accidents. Each entry represents a specific cause of death, with counts and rates that facilitate comparisons and insights into public health issues. The data can be utilized for research, policy-making, and healthcare planning, helping to identify high-risk populations and inform strategies to reduce mortality rates. Overall, this dataset serves as a vital resource for understanding the dynamics of health and mortality in diverse communities.

Column constraints outlined in Data Dictionary:
year: integer; range: 2007-2016  
leading_cause: string; allowed values: Top 10 leading causes of death  
sex: string; allowed values: Male, Female  
race_ethnicity: string; allowed values: Hispanic, Asian and Pacific Islander, Non-Hispanic White, Non-Hispanic Black, Other Race/Ethnicity, Not Stated/Unknown  
deaths: integer; counts under 5 are suppressed; null values allowed  
death_rate: float; unit: per 100,000 population; rates with relative standard error (RSE) >30 are suppressed; null values allowed  
age_adjusted_death_rate: float; unit: per 100,000 population; rates with relative standard error (RSE) >30 are suppressed; null values allowed","This dataset provides comprehensive information on the leading causes of death in New York City, covering the years from 2006 to 2020. It includes data on various demographic factors such as sex and race/ethnicity, allowing for detailed analysis of health disparities. The dataset features key measurements like the number of deaths, death rates, and age-adjusted death rates, which are essential for statistical analysis in healthcare. Researchers and public health officials can utilize this dataset to identify trends, assess the impact of health interventions, and develop strategies to address the leading causes of mortality in the city.",1,2,0,0,1,1,0,1,0,0
rc75-m7u3,"This dataset provides comprehensive COVID-19 statistics, including daily counts of confirmed cases, probable cases, hospitalizations, and deaths across various regions. The data spans from April 2, 2020, to September 9, 2025, with a total of 2,054 unique dates recorded. Key metrics include case counts, hospitalization rates, and death counts, along with their respective 7-day averages, allowing for detailed trend analysis. The dataset is structured to facilitate healthcare research, public health monitoring, and policy-making, offering insights into the progression of the pandemic. Each column represents specific measurements relevant to healthcare, such as case counts and hospitalization rates, which are crucial for understanding the impact of COVID-19 on communities. This dataset can be utilized by researchers, public health officials, and policymakers to inform decisions and strategies in response to the ongoing pandemic.","This dataset provides comprehensive COVID-19 statistics, including daily counts of confirmed cases, probable cases, hospitalizations, and deaths across various regions. It spans from April 2, 2020, to October 4, 2025, offering valuable insights into the pandemic's progression over time. The dataset includes key metrics such as 7-day averages for case counts and hospitalizations, allowing for trend analysis. It can be utilized by researchers, public health officials, and policymakers to monitor the impact of COVID-19, assess healthcare resource needs, and inform decision-making processes. The data is structured to facilitate easy aggregation and analysis for various healthcare contexts.",2,2,0,0,1,1,1,1,0,0
nu7n-tubp,"This dataset contains information on dog licenses issued in New York City, featuring a total of 33,636 unique dog names and 1,595 distinct breeds. It includes key details such as the dog's gender, birth year, and the owner's zip code, allowing for comprehensive analysis of pet demographics across the city. The dataset spans from 2015 to 2024, with license issuance and expiration dates providing temporal context for each entry. The data can be utilized for various purposes, including tracking pet ownership trends, understanding breed popularity, and assessing the distribution of dog licenses by geographic area. Additionally, the dataset's semantic profile highlights the classification of dogs by gender and breed, as well as the temporal aspects of license issuance and expiration, making it a valuable resource for researchers, policymakers, and animal welfare organizations interested in canine demographics and licensing practices in NYC.

Column constraints outlined in Data Dictionary:
animalname: required; string format
animalgender: allowed values: {M, F}
animalbirth: integer; value range: 2002 to 2023
breedname: string format
zipcode: numeric; value range: 10000 to 11599; null values allowed","This dataset contains information on dog licenses issued in New York City, featuring details such as the animal's name, gender, birth year, breed, and associated zip code. It includes 100 unique entries, with data spanning from 2002 to 2024. The dataset provides insights into the demographics of licensed dogs, including 53 different breeds and 59 zip codes. The license issuance and expiration dates are recorded with weekly resolution, allowing for temporal analysis. This dataset can be utilized for understanding pet ownership trends, breed popularity, and geographic distribution of licensed dogs in NYC.",2,2,0,0,1,1,1,1,0,0
25th-nujf,"This dataset provides insights into baby name popularity from 2011 to 2021, capturing various demographic factors such as gender and ethnicity. It includes 3,302 unique names, with data categorized by birth year, gender, ethnicity, count of occurrences, and rank. The birth year serves as a temporal reference, allowing for analysis of trends over time. Gender and ethnicity classifications enable a deeper understanding of naming patterns across different demographics. The count reflects the frequency of each name, while the rank indicates its popularity relative to others. This dataset can be utilized for research in social trends, cultural studies, and marketing strategies, helping to identify shifts in naming preferences and their correlation with demographic changes. Overall, it serves as a valuable resource for anyone interested in the dynamics of baby names and their societal implications.","This dataset provides insights into baby name popularity, capturing various attributes such as birth year, gender, ethnicity, name, count, and rank. It includes data from 2011 to 2021, with a total of 100 unique entries. The dataset categorizes names by gender and ethnicity, allowing for demographic analysis. The count reflects the frequency of each name, while the rank indicates its popularity relative to others. This information can be valuable for understanding naming trends, cultural influences, and shifts in societal preferences over time, making it a useful resource for researchers, marketers, and parents alike.",2,2,0,0,1,1,1,1,0,0
uiay-nctu,"This dataset focuses on the Open Streets Initiative, which aims to enhance pedestrian and cyclist access in urban areas by temporarily closing streets to vehicular traffic. It includes detailed information about various open streets programs across New York City, covering aspects such as the organization responsible, street names, boroughs, operational days, and hours of operation. The dataset contains 391 unique entries, with data spanning from December 31, 2023, to December 31, 2024, providing a comprehensive view of the initiative's temporal coverage. Each entry includes identifiers for streets and segments, as well as geometric data for spatial analysis. This dataset can be utilized for urban planning, community engagement, and promoting social distancing measures by facilitating safe walking and cycling environments. It serves as a valuable resource for researchers, city planners, and community organizations interested in improving public spaces and promoting active transportation.

Column constraints outlined in Data Dictionary:
object_id: Unique identifier; must be a sequential number auto-generated by ESRI  
boroughname: Allowed values are Manhattan, Bronx, Brooklyn, Queens, Staten Island  
apprdayswe: Allowed values are mon, tue, wed, thu, fri, sat, sun; values may be comma-separated  
apprmonope: Format must be HH:MM (24 hours)  
apprmonclo: Format must be HH:MM (24 hours)  
apprtueope: Format must be HH:MM (24 hours)  
apprtueclo: Format must be HH:MM (24 hours)  
apprwedope: Format must be HH:MM (24 hours)  
apprwedclo: Format must be HH:MM (24 hours)  
apprthuope: Format must be HH:MM (24 hours)  
apprthuclo: Format must be HH:MM (24 hours)  
apprfriope: Format must be HH:MM (24 hours)  
apprfriclo: Format must be HH:MM (24 hours)  
apprsatope: Format must be HH:MM (24 hours)  
apprsatclo: Format must be HH:MM (24 hours)  
apprsunope: Format must be HH:MM (24 hours)  
apprsunclo: Format must be HH:MM (24 hours)  
lionversion: Format must be a string like ""XXA"", where XX is a two-digit year and A is a quarter designation (A, B, C, D)","This dataset focuses on Open Streets initiatives in New York City, detailing various street closures and their operational hours. It includes information such as the organization responsible, street names, boroughs, and the days of the week when the streets are open. The dataset spans from January 9, 2024, to June 26, 2025, providing a comprehensive view of the program's temporal coverage. Each entry is uniquely identified by an object ID, and the dataset contains spatial data for precise location mapping. This information can be utilized for urban planning, community engagement, and enhancing public awareness of Open Streets events.",3,2,0,0,1,1,1,1,1,0
csut-3wpr,"This dataset provides insights into community health trends among adults in New York City, focusing on various health metrics over the years from 2010 to 2020. It includes prevalence data, along with lower and upper confidence intervals for ten different health-related questions, allowing for a comprehensive analysis of health trends. The dataset features 11 unique years, with prevalence values ranging from 10.0 to 22.2 across different health indicators. Each question (q_1 to q_10) captures specific health metrics, making it a valuable resource for public health research and policy-making. The temporal coverage of the dataset allows researchers to track changes over time, providing essential context for understanding health dynamics in urban populations. This dataset can be utilized to inform public health initiatives, evaluate the effectiveness of health programs, and identify areas needing attention in community health.","This dataset provides insights into community health trends, focusing on the prevalence of various health metrics from 2010 to 2020. It includes annual data on ten different quantitative measures, represented as q_1 through q_10, which capture a range of health-related statistics. Each entry includes the prevalence rates along with their corresponding lower and upper 95% confidence intervals, allowing for a comprehensive understanding of health trends over time. This dataset is valuable for researchers and policymakers in the healthcare sector, as it aids in analyzing changes in community health and identifying areas that may require intervention or further study.",2,2,0,0,1,1,1,1,0,0
f7dc-2q9f,"This dataset focuses on the detection of SARS-CoV-2 in wastewater, providing valuable insights for wastewater-based epidemiology. It includes samples collected from various locations, identified by their respective names and abbreviations, with a temporal coverage spanning from September 2020 to March 2026. The dataset features 499 unique sample dates and 522 unique test dates, allowing for detailed temporal analysis. Each entry records the number of viral copies per liter and the corresponding average flow rate, with measurements ranging from 30 to over 2 million copies per liter. Annotations provide context for specific results, such as duplicate analyses or issues with sample integrity. The dataset serves a diverse population, with coverage extending from approximately 118,000 to over 1.2 million individuals. Utilizing advanced technologies like RT-qPCR and dPCR, this dataset is essential for monitoring and understanding the spread of COVID-19 through wastewater analysis.","This dataset focuses on the monitoring of SARS-CoV-2 in wastewater, providing valuable insights into the presence of the virus in various neighborhoods. It includes sample and test dates from September 2020 to February 2026, with data collected from 14 different wastewater treatment facilities. The dataset features measurements of viral copies per liter and their correlation with average flow rates, serving a population of over 1.2 million. Annotations provide context for specific results, enhancing the understanding of the data. This dataset is essential for public health officials and researchers studying the spread of COVID-19 through wastewater analysis.",3,2,1,0,1,1,1,1,0,0
rsgh-akpg,"This dataset contains detailed records of dog bite incidents, with a total of 12,383 unique cases documented from March 16, 2015, to October 25, 2024. Each entry includes a unique identifier, the date of the incident, the species (all entries are dogs), breed, age, gender, spay/neuter status, borough, and zip code. The dataset features 2,075 unique breeds and captures a wide range of ages, with specific notes indicating whether the age is in months or years. The gender of the dogs is categorized as male, female, or unknown, while the spay/neuter status indicates whether the dog has undergone the procedure. This dataset can be utilized for analyzing trends in dog bite incidents across different boroughs and breeds, assessing the effectiveness of spay/neuter programs, and informing public health initiatives aimed at reducing dog bite occurrences.

Column constraints outlined in Data Dictionary:
age: Numeric values; may include 'M' for months; valid formats include integers and integers followed by 'M' or 'Y' for years.  
gender: Allowed values are M (Male), F (Female), U (Unknown).  
spayneuter: Allowed values are True (reported as Spayed or Neutered), False (Unknown or Not Spayed or Neutered).  
borough: Allowed values include specific borough names and 'Other' for bites outside New York City.  
zipcode: Numeric values; blank indicates information was not available; may include decimal points.","This dataset contains information on dog bite incidents, including details such as the unique identifier, date of the bite, species, breed, age, gender, spay/neuter status, borough, and zipcode. It features 100 unique entries, with data spanning from March 2015 to November 2024. The dataset includes a variety of breeds and ages, providing a comprehensive overview of dog bite incidents across different boroughs. It can be utilized for analyzing trends in dog bites, understanding breed-related risks, and informing public safety measures. The dataset's semantic profile highlights its temporal and spatial dimensions, making it valuable for geographic and temporal analysis.",4,3,1,0,1,1,1,1,1,1
dsg6-ifza,"This dataset contains comprehensive information on childcare facilities in New York City, focusing on inspections, permits, and violations. It includes details such as the center name, legal name, address, contact information, permit status, age range of children served, maximum capacity, and various violation rates. The dataset spans multiple years, with temporal coverage for permit expiration and inspection dates, allowing for analysis of compliance trends over time. Each entry provides insights into the facility's operational status, types of violations encountered, and the outcomes of inspections, categorized into public health hazards, critical violations, and general violations. This dataset is valuable for researchers, policymakers, and parents seeking to understand the quality and safety of childcare services, as well as for monitoring compliance with health regulations and improving childcare standards across the city.

Column constraints outlined in Data Dictionary:
centername: min_length: 1; max_length: 255; required: Y  
legalname: min_length: 1; max_length: 255; required: Y  
street: min_length: 1; max_length: 130; required: Y  
borough: min_length: 1; max_length: 20; required: Y  
zipcode: min_length: 1; max_length: 10; required: Y  
phone: min_length: 1; max_length: 20; required: N  
permitnumber: min_length: 0; max_length: 7; required: N  
permitexp: required: Y  
status: min_length: 1; max_length: 50; required: Y  
maximumcapacity: min_length: 1; max_length: 4; required: N  
dc_id: min_length: 1; max_length: 20; required: Y  
actual: min_length: 0; max_length: 1; expected_values: Y, N, Null; required: N  
violationcategory: min_length: 0; max_length: 100; expected_values: Public Health Hazard, Critical, General, null/blank; required: N  
violationstatus: min_length: 0; max_length: 20; expected_values: Open, Corrected, N/A; required: N  
inspectionsummaryresult: min_length: 0; max_length: 1000; required: N","This dataset contains comprehensive information on childcare facilities, including their names, locations, contact details, and inspection results. It features data on permit statuses, age ranges served, maximum capacities, and various violation rates, providing insights into compliance with health and safety regulations. The dataset spans a temporal coverage from 1999 to 2117, allowing for historical analysis and trend identification. It can be utilized for monitoring childcare quality, ensuring regulatory compliance, and enhancing public health initiatives. This resource is essential for parents, policymakers, and researchers interested in the standards and safety of childcare services.",4,2,1,0,1,1,1,1,1,0
cwmx-mvra,"This dataset provides a comprehensive overview of COVID-19 outcomes in New York City, capturing critical metrics such as the number of residents tested, confirmed cases, hospitalizations, and deaths. The data spans from January 21, 2020, to September 24, 2021, with daily resolution for both specimen and extract dates, allowing for detailed temporal analysis. It includes 532 unique extract dates and 643 unique specimen dates, reflecting the dynamic nature of the pandemic. The dataset contains 14,740 records of individuals tested, 6,344 confirmed cases, 1,868 hospitalizations, and 915 deaths, offering valuable insights into the impact of SARS-CoV-2. This dataset is essential for researchers and public health officials aiming to analyze trends, evaluate healthcare responses, and inform policy decisions related to COVID-19. By utilizing the latest extract date, users can ensure accurate assessments of the evolving situation.

Column constraints outlined in Data Dictionary:
extract_date: must be a valid date in ISO 8601 format; must not be null; only the latest extract date should be used for analysis  
specimen_date: must be a valid date in ISO 8601 format; must not be null  
number_tested: must be a non-negative integer; must not be null  
number_confirmed: must be a non-negative integer; must not be null  
number_hospitalized: must be a non-negative integer; must not be null  
number_deaths: must be a non-negative integer; must not be null","This dataset provides a comprehensive analysis of COVID-19 outcomes, including key metrics such as the number of tests conducted, confirmed cases, hospitalizations, and deaths. It spans from April 16, 2020, to September 24, 2021, with specimen dates ranging from January 5, 2020, to April 29, 2021. The dataset contains 100 unique entries, with measurements on the number of tests, confirmed cases, hospitalizations, and deaths, offering valuable insights into the pandemic's impact on public health. Researchers and policymakers can utilize this data to assess trends, evaluate healthcare responses, and inform future strategies in managing COVID-19.",2,2,0,0,1,1,1,1,0,0
y4fw-iqfr,"This dataset contains information on cooling tower registrations in New York City, including details such as the building identification number (BIN), system ID, registration date, address, borough, ZIP code, sample dates, number of active equipment, and geographic coordinates (latitude and longitude). It features 3,951 unique BINs and 4,916 unique system IDs, with data spanning from August 17, 2015, to July 28, 2019. The dataset provides valuable insights into the locations and operational status of cooling towers, which are essential for public health and safety monitoring. Each entry includes the borough and community board, allowing for spatial analysis of cooling tower distribution across the city. This dataset can be utilized by urban planners, public health officials, and researchers to assess compliance with regulations, track maintenance schedules, and analyze the impact of cooling towers on local environments.

Column constraints outlined in Data Dictionary:
bin: 7-digit number; must start with a borough code; may contain all zeroes indicating unassigned BIN  
system_id: 10-digit number; must start with the digit ""2""  
date_registered: Date format YYYY-MM-DD  
borough: Allowed values: Manhattan, Queens, Brooklyn, Bronx, Staten Island  
zip: 5-digit number  
sampledates: Text; may contain multiple dates in MM/DD/YYYY format; blank indicates no sample dates reported  
activeequipment: 2-digit number; must be non-negative  
bbl: 10-digit number; must contain a borough code, a 5-byte tax block, and a 4-byte tax lot  
latitude: Number; must be within the range of -90 to 90 degrees  
longitude: Number; must be within the range of -180 to 180 degrees  
community_board: 3-digit number; first digit is a borough code  
council_district: 2-digit number  
census_tract: 6-digit number  
ntacode: 4-character alpha-numeric","This dataset contains information on Cooling Tower Registrations, including details such as the registration date, address, borough, and geographic coordinates. It features 100 unique entries, with data spanning from August 16, 2015, to March 13, 2025. The dataset includes various identifiers, such as system IDs and BBLs, as well as temporal data related to sample dates. The spatial coverage encompasses multiple boroughs and zip codes, providing valuable geolocation data. This dataset can be utilized for monitoring compliance with cooling tower regulations, analyzing trends in cooling tower registrations, and supporting public health initiatives related to waterborne pathogens.",3,3,0,0,1,1,1,1,1,1
9jgj-bmct,"This dataset contains detailed records of indoor complaints reported to the 311 service, focusing on issues such as air quality, mold, and ventilation across various neighborhoods in New York City. It includes 107,565 unique complaint identifiers, with incidents spanning from October 2010 to February 2026, providing a comprehensive temporal coverage. The dataset features spatial data, including incident addresses and geographic coordinates, allowing for precise location tracking of complaints. Each entry includes information on the complaint type, descriptor, status, and the community board and council district associated with the incident. This dataset can be utilized for analyzing trends in indoor air quality complaints, identifying areas with frequent issues, and informing public health initiatives. It serves as a valuable resource for researchers, policymakers, and community organizations aiming to improve living conditions and address environmental health concerns in urban settings.","This dataset contains detailed records of indoor complaints reported to the 311 service, focusing on issues such as air quality, mold, and sewage odors. It includes 100 unique complaints, with data spanning from March 2011 to March 2026. Each entry provides information on the complaint number, incident address, complaint type, and status, along with geographic coordinates for precise location tracking. The dataset can be utilized for analyzing trends in indoor environmental complaints, assessing public health concerns, and informing policy decisions related to urban living conditions. It serves as a valuable resource for researchers, city planners, and public health officials.",3,2,0,0,1,1,1,1,1,0
8vwk-6iz2,"This dataset provides comprehensive information on NYC Farmers Markets, detailing their operational years, locations, and services. It includes data on 17 unique years, covering markets across five boroughs, with specific street addresses and community districts. The dataset captures essential operational details such as days and hours of operation, whether markets accept EBT, and if they are open year-round. The spatial data includes latitude and longitude coordinates for precise location mapping. Additionally, the dataset highlights the community districts, which are vital for understanding local governance and community engagement in these markets. This dataset can be utilized for various purposes, including research on food accessibility, community health initiatives, and urban planning, making it a valuable resource for policymakers, researchers, and community organizations interested in promoting local food systems and enhancing public health in New York City.

Column constraints outlined in Data Dictionary:
community_district: Only available for years 2016-2025; must be a valid community district identifier in NYC (e.g., numeric values representing community districts)","This dataset provides comprehensive information on NYC Farmers Markets, including details such as market names, locations, operational days, and hours. It covers a temporal range from 2008 to 2024, with data on 100 unique markets across five boroughs. Each entry includes geographic coordinates, allowing for precise mapping. The dataset also indicates whether markets accept EBT and if they operate year-round. This information is valuable for researchers, policymakers, and community organizations aiming to promote local food access and support sustainable agriculture initiatives in New York City.",2,2,0,0,1,1,1,1,0,0
ud4g-9x9z,"This dataset focuses on Healthy Grocery Recognition, providing valuable insights into grocery stores and delis across various boroughs in New York City. It includes essential information such as store names, street addresses, boroughs, zip codes, and the years they were awarded recognition, spanning from 2013 to 2024. The dataset features 676 unique store names and 686 unique street addresses, highlighting the diversity of food retail options available. Each entry contains spatial data, including latitude and longitude coordinates, which allows for precise location mapping. Additionally, the dataset includes community board and council district information, enhancing its utility for urban planning and public health initiatives. This dataset can be used to identify and promote healthy food access in underserved areas, supporting efforts to encourage healthier eating habits and improve community well-being. Overall, it serves as a vital resource for researchers, policymakers, and organizations focused on food equity and public health.","This dataset focuses on Healthy Store Recognition, providing valuable insights into grocery stores and delis across various boroughs. It includes essential information such as store names, addresses, boroughs, zip codes, and the years they were awarded recognition. The dataset features spatial data, including latitude and longitude coordinates, which allows for geographic analysis of store locations. Additionally, it contains temporal data regarding the year of award and program wave, making it useful for tracking trends over time. This dataset can be utilized by researchers, policymakers, and community organizations to promote healthy food access and support local businesses.",3,3,0,0,1,1,1,1,1,1
w9ei-idxz,"This dataset provides comprehensive information on flu vaccination locations across various boroughs, including details such as facility names, addresses, contact numbers, and websites. It contains 885 unique entries, each identified by a unique object ID, and includes data on whether walk-in services and insurance are accepted, as well as whether children can receive vaccinations at these sites. The dataset is spatially enriched with latitude and longitude coordinates, allowing users to pinpoint locations accurately. It serves as a valuable resource for individuals seeking flu vaccinations, healthcare providers looking to refer patients, and public health officials aiming to monitor vaccination accessibility. The dataset can be utilized to analyze vaccination trends, identify service gaps, and enhance community health initiatives related to influenza prevention. For further information, users can access the Department of Health's website linked within the dataset.","This dataset provides comprehensive information on flu vaccination locations across various boroughs, including details such as facility names, addresses, contact numbers, and websites. It includes data on whether walk-in services are available and if insurance is required, making it a valuable resource for individuals seeking flu vaccinations. The dataset covers 100 unique locations, with spatial data represented by latitude and longitude coordinates for precise mapping. It serves as an essential tool for public health initiatives, enabling users to easily locate vaccination sites and access relevant information about services offered.",1,1,0,0,1,1,0,0,0,0
qgc5-ecnb,"This dataset provides comprehensive nutritional information for menu items from various restaurants, covering a wide range of food categories such as salads, burgers, desserts, and beverages. Each entry includes details like the menu item ID, restaurant name, item description, serving size, and nutritional values, including calories, fats, cholesterol, sodium, and more. The data spans multiple years, allowing for tracking changes in menu offerings and nutritional content over time. With 96 unique restaurants represented, this dataset serves as a valuable resource for analyzing food trends, dietary choices, and nutritional standards in the restaurant industry. It can be utilized by health professionals, researchers, and consumers interested in understanding the nutritional profiles of popular restaurant items, making informed dietary decisions, and promoting healthier eating habits. The dataset also includes indicators for kids' meals, limited-time offers, and regional specialties, enhancing its usability for targeted dietary assessments.

Column constraints outlined in Data Dictionary:
year: integer; range: 2017-2018  
restaurant_item_name: string; required  
restaurant: string; required  
restaurant_id: integer; required  
item_name: string; required  
item_description: string; required  
food_category: string; allowed values: Appetizers & Sides, Baked Goods, Beverages, Burgers, Desserts, Entrees, Fried Potatoes, Pizza, Salads, Sandwiches, Soup, Toppings & Ingredients  
serving_size: number; required  
serving_size_text: string; required  
serving_size_unit: string; required  
calories: number; required  
total_fat: number; required  
saturated_fat: number; required  
trans_fat: number; required  
cholesterol: number; required  
sodium: number; required  
potassium: number; required  
carbohydrates: number; required  
protein: number; required  
sugar: number; required  
dietary_fiber: number; required  
calories_100g: number; required  
total_fat_100g: number; required  
saturated_fat_100g: number; required  
trans_fat_100g: number; required  
cholesterol_100g: number; required  
sodium_100g: number; required  
potassium_100g: number; required  
carbohydrates_100g: number; required  
protein_100g: number; required  
sugar_100g: number; required  
dietary_fiber_100g: number; required  
calories_text: string; required  
total_fat_text: string; required  
saturated_fat_text: string; required  
trans_fat_text: string; required  
cholesterol_text: string; required  
sodium_text: string; required  
potassium_text: string; required  
carbohydrates_text: string; required  
protein_text: string; required  
sugar_text: string; required  
dietary_fiber_text: string; required  
kids_meal: integer; required  
limited_time_offer: integer; required  
regional: integer; required  
shareable: integer; required","This dataset contains detailed nutritional information for various menu items from multiple restaurants, covering the years 2017 and 2018. Each entry includes essential data such as item names, descriptions, serving sizes, and nutritional components like calories, fats, cholesterol, and carbohydrates. The dataset is valuable for analyzing food options, understanding dietary choices, and promoting healthier eating habits. It can be used by nutritionists, dietitians, and health-conscious consumers to make informed decisions about their meals. Additionally, the dataset's structure allows for easy aggregation and classification of food items based on their nutritional profiles and categories.",2,2,0,0,1,1,1,1,0,0
ykvb-493p,"This dataset provides a comprehensive analysis of HIV/AIDS demographics across various neighborhoods in New York City from 2010 to 2021. It includes key variables such as year, borough, neighborhood, sex, race, and the number of HIV and AIDS diagnoses, allowing for a detailed examination of trends and disparities in HIV/AIDS diagnoses over time. The dataset features 10 unique years, 6 boroughs, and 66 neighborhoods, capturing a wide range of demographic information. It includes metrics like the number of reported HIV diagnoses, concurrent HIV/AIDS cases, and their rates per 100,000 population, which are essential for understanding the public health landscape. This dataset can be utilized by researchers, public health officials, and policymakers to identify at-risk populations, evaluate the effectiveness of interventions, and inform strategies to combat HIV/AIDS in diverse communities.

Column constraints outlined in Data Dictionary:
hiv_diagnoses_num: >=0; NA; *
hiv_diagnoses_num_per_100k: >=0; NA; *
hiv_aids_concurrent_num: >=0; NA; *
concurrent_hiv_aids_among_all: >=0; NA; *
aids_diagnoses_num: >=0; NA; *
aids_diagnoses_num_per_100k: >=0; NA; *
year: 2010-latest available
sex: All; Male; Female
neighborhood: Kingsbridge-Riverdale, North East Bronx, Fordham-Bronx Pk, Pelham-Throgs Neck, Crotona-Tremont, Highbridge-Morrisania, Hunts Point-Mott Haven, Greenpoint, Downtown-Brooklyn Heights-Park Slope, Bedford Stuyvesant-Crown Heights, East New York, Sunset Park, Borough Park, East Flatbush-Flatbush, Canarsie-Flatlands, Bensonhurst-Bay Ridge, Coney Island, Williamsburg-Bushwick, Washington Heights-Inwood, Central Harlem, East Harlem, Upper West Side, Upper East Side, Chelsea-Clinton, Gramercy Park-Murray Hill, Greenwich Village - Soho, Union Square, Lower Manhattan, LI City-Astoria, West Queens, Flushing, Bayside-Little Neck, Ridgewood, Fresh Meadows, Southwest Queens, Jamaica, Southeast Queens, Rockaway, Port Richmond, Stapleton-St George, Willowbrook, South Beach-Tottenville","This dataset provides a comprehensive analysis of HIV/AIDS demographics across various neighborhoods in New York City from 2010 to 2021. It includes key variables such as year, borough, neighborhood, sex, race, and the number of HIV and AIDS diagnoses, allowing for detailed insights into the healthcare landscape. The data spans six boroughs and covers multiple demographic categories, making it a valuable resource for public health research and policy-making. Researchers can utilize this dataset to identify trends, disparities, and the impact of interventions on HIV/AIDS diagnoses within different communities.",2,2,0,0,1,1,1,1,0,0
3qty-g4aq,"This dataset focuses on Youth Risk Behavior, providing valuable insights into various health-related behaviors among adolescents. It includes data on smoking, binge drinking, soda consumption, and physical activity levels, collected through surveys conducted from 2011 to 2021. The dataset features measurements such as the prevalence of smoking in the past 30 days, binge drinking, and the percentage of adolescents who received help from a counselor in the past year. Additionally, it captures the rates of adolescent obesity and the frequency of physical activity, offering a comprehensive view of youth health trends. The data spans multiple years, allowing for temporal analysis of these behaviors. This dataset can be utilized by researchers, policymakers, and health professionals to assess risk factors, develop interventions, and promote healthier lifestyles among youth. Overall, it serves as a crucial resource for understanding and addressing adolescent health issues.","This dataset focuses on Youth Risk Behaviors, providing insights into various health-related metrics among adolescents. It includes data on smoking and binge drinking prevalence, as well as the percentage of youth who sought help from counselors in the past year. The dataset spans multiple years, from 2011 to 2021, and covers key health indicators such as adolescent obesity and physical activity levels. Each measurement is categorized within the healthcare domain, allowing for comprehensive analysis of trends over time. Researchers and policymakers can utilize this dataset to assess risk behaviors and develop targeted interventions for youth health improvement.",2,1,0,0,1,0,1,1,0,0
fcau-jc6k,"This dataset provides comprehensive information on infant mortality rates in New York City, covering the years from 2006 to 2022. It includes key metrics such as the infant mortality rate, neonatal mortality rate, and postneonatal mortality rate, along with the number of infant deaths categorized by maternal race or ethnicity. The dataset features 16 unique years and 14 different racial or ethnic categories, allowing for detailed demographic analysis. Each entry reflects the number of live births and mortality rates per 1,000 live births, offering valuable insights into healthcare outcomes. This dataset can be utilized for research on public health trends, policy-making, and interventions aimed at reducing infant mortality. It serves as a critical resource for understanding the disparities in health outcomes among different racial and ethnic groups, ultimately contributing to efforts in improving maternal and infant health in urban settings.

Column constraints outlined in Data Dictionary:
year: integer; range 2007-2016  
materal_race_or_ethnicity: allowed values include Puerto Rican, Other Hispanic, Asian and Pacific Islander, White Non-Hispanic, Black Non-Hispanic, Other/Two or More  
infant_mortality_rate: numeric; rates with relative standard error (RSE) >30 are suppressed  
neonatal_mortality_rate: numeric; rates with relative standard error (RSE) >30 are suppressed  
postneonatal_mortality_rate: numeric; rates with relative standard error (RSE) >30 are suppressed  
infant_deaths: integer; counts under 5 are suppressed  
neonatal_infant_deaths: integer; counts under 5 are suppressed  
postneonatal_infant_deaths: integer; counts under 5 are suppressed","This dataset focuses on infant mortality rates, providing valuable insights into healthcare outcomes across different racial and ethnic groups. It includes data from 2006 to 2022, with key metrics such as infant mortality rates, neonatal mortality rates, and postneonatal mortality rates, along with the number of infant deaths and live births. The dataset categorizes information by year and maternal race or ethnicity, allowing for detailed statistical analysis and demographic comparisons. Researchers and policymakers can utilize this dataset to identify trends, assess healthcare disparities, and develop targeted interventions to improve infant health outcomes.",3,2,1,0,1,1,1,1,0,0
da9u-wz3r,"This dataset focuses on heavy metal testing across various consumer products, including cosmetics, food items, dietary supplements, and toys. It contains 8,494 unique entries, detailing the presence of metals such as lead, mercury, arsenic, and cadmium in products from diverse manufacturers and countries. Each entry includes information on product type, name, concentration levels, and the countries of manufacture and purchase, providing a comprehensive overview of potential hazardous materials in everyday items. The dataset spans a temporal range from April 3, 2011, to October 14, 2024, allowing for trend analysis over time. It serves as a valuable resource for researchers, policymakers, and consumers interested in understanding the risks associated with heavy metal exposure in consumer products, particularly in regions like India, Pakistan, and Bangladesh, where such issues are prevalent. This dataset can aid in regulatory assessments and public health initiatives aimed at reducing lead poisoning and other metal-related health risks.

Column constraints outlined in Data Dictionary:
product_type: allowed values are Cosmetics, Food-Spice, Food-Candy, Food-Other, Jewelry, Dietary Supplement/Medications/Remedy, Paint Supplies, Religious Powder, Tableware/Pottery, Toys/Children's products, QA/QC - Lab Test, Other  
metal: allowed values are Arsenic, Cadmium, Lead, Mercury  
concentration: value is numerical; sentinel value of -1 indicates ""Not Detected""  
units: allowed values are ppm, mg/kg, mg/cm², mg/L  
manufacturer: allow text and numerical values; sentinel value of ""Unknown"" is permitted  
made_in_country: allow text value; sentinel value of ""Unknown"" is permitted  
purchase_country: allow text value; sentinel value of ""Unknown"" is permitted  
investigation_type: allowed values are Child case investigation (C), Adult case investigation (A), Store survey (S)  
collection_date: format is MM/DD/YYYY","This dataset focuses on consumer products containing metals, specifically analyzing the concentration of harmful metals like lead, mercury, and cadmium in various items such as cosmetics, food, and dietary supplements. It includes 100 unique entries, detailing product types, names, manufacturers, and their countries of origin and purchase. The data spans from March 2011 to September 2024, providing a comprehensive temporal coverage. This dataset can be utilized for assessing the safety of consumer products, regulatory compliance, and public health research, helping to identify potential risks associated with metal exposure in everyday items.",3,2,1,0,1,1,1,1,0,0
5ery-qagt,"This dataset provides detailed information on cafeteria inspections for various schools across New York City, including both public and private institutions. It includes key attributes such as the school name, address, inspection dates, and descriptions of any violations found during inspections. The dataset contains 2,236 unique entries, covering a wide range of schools from different boroughs, including Manhattan, Brooklyn, Queens, the Bronx, and Staten Island. Each entry is identified by a unique entity ID and includes spatial data such as latitude and longitude for precise geolocation. The violations are categorized by severity, allowing for an understanding of compliance with health and safety regulations. This dataset can be utilized by researchers, policymakers, and the public to assess food safety standards in school cafeterias, track compliance over time, and identify areas needing improvement to ensure the health and safety of students.

Column constraints outlined in Data Dictionary:
borough: Allowed values are MANHATTAN, BRONX, BROOKLYN, QUEENS, STATEN ISLAND; Note: discrepancies may exist between zip code and listed borough due to differences in mailing address and physical location  
lastinspection: Nullable; NULL indicates no inspection has occurred  
inspectiondate: Nullable; Format is YYYY-MM-DDTHH:MM:SS.sss  
ptet: Allowed values are 2529, 2530, 2531, 2533  
site_type: Allowed values are 2529, 2530, 2531, 2533  
level: Allowed values are CP, A, CH, C, AV, NV, G; Critical violations are most likely to contribute to foodborne illness  
code: Nullable; Blank indicates no violations were cited during inspection  
latitude: Must be a valid coordinate; Format is degrees and minutes; Nullable  
longitude: Must be a valid coordinate; Format is degrees and minutes; Nullable  
communityboard: Nullable  
councildistrict: Allowed values are 1 to 51; Nullable  
censustract: Nullable  
bin: Must be a seven-digit numerical identifier; The first digit is the borough code  
bbl: Nullable  
nta: Nullable  
borocode: Allowed values are 1 (Manhattan), 2 (Bronx), 3 (Brooklyn), 4 (Queens), 5 (Staten Island)","This dataset contains detailed information on school cafeteria inspections across New York City, covering various educational institutions. It includes key attributes such as school names, addresses, inspection dates, and violation descriptions, which help identify compliance with health and safety regulations. The dataset spans a temporal range from May 2023 to April 2026, providing insights into inspection trends over time. It features spatial data, including latitude and longitude coordinates, allowing for geographic analysis. This dataset can be utilized by researchers, policymakers, and the public to assess food safety practices in school cafeterias and improve overall health standards in educational settings.",4,2,1,0,1,1,1,1,1,0
dxnu-p2qd,"This dataset provides a comprehensive analysis of HIV/AIDS demographics across various neighborhoods in New York City from 2010 to 2021. It includes key variables such as year, neighborhood, race, age, and the number of reported HIV and AIDS diagnoses, allowing for a detailed examination of trends over time. The dataset features 54 unique neighborhoods and covers multiple demographic categories, including race and age groups, which can be instrumental in understanding the impact of HIV/AIDS on different communities. Additionally, it offers insights into concurrent HIV/AIDS diagnoses, providing a measure of the proportion of individuals diagnosed with both conditions. This dataset can be utilized by public health officials, researchers, and policymakers to identify at-risk populations, allocate resources effectively, and develop targeted interventions to combat the spread of HIV/AIDS in specific areas. Overall, it serves as a valuable resource for studying the epidemiology of HIV/AIDS in urban settings.

Column constraints outlined in Data Dictionary:
hiv_diagnoses_num: >=0; NA; *
hiv_diagnoses_num_per_100k: >=0; NA; *
hiv_aids_concurrent_num: >=0; NA; *
concurrent_hiv_aids_among_all: >=0; NA; *
aids_diagnoses_num: >=0; NA; *
aids_diagnoses_num_per_100k: >=0; NA; *
year: 2010-latest available
age: All; 0-19; 20-29; 30-39; 40-49; 50-59; 60+
neighborhood: Kingsbridge-Riverdale; North East Bronx; Fordham-Bronx Pk; Pelham-Throgs Neck; Crotona-Tremont; Highbridge-Morrisania; Hunts Point-Mott Haven; Greenpoint; Downtown-Brooklyn Heights-Park Slope; Bedford Stuyvesant-Crown Heights; East New York; Sunset Park; Borough Park; East Flatbush-Flatbush; Canarsie-Flatlands; Bensonhurst-Bay Ridge; Coney Island; Williamsburg-Bushwick; Washington Heights-Inwood; Central Harlem; East Harlem; Upper West Side; Upper East Side; Chelsea-Clinton; Gramercy Park-Murray Hill; Greenwich Village - Soho; Union Square; Lower Manhattan; LI City-Astoria; West Queens; Flushing; Bayside-Little Neck; Ridgewood; Fresh Meadows; Southwest Queens; Jamaica; Southeast Queens; Rockaway; Port Richmond; Stapleton-St George; Willowbrook; South Beach-Tottenville","This dataset provides a comprehensive analysis of HIV/AIDS demographics across various neighborhoods in New York City from 2010 to 2021. It includes key variables such as year, neighborhood, race, age, and the number of HIV and AIDS diagnoses, allowing for a detailed examination of trends and disparities in healthcare outcomes. The data covers 45 unique neighborhoods and includes demographic information categorized by race and age. This dataset can be utilized for public health research, policy-making, and community health initiatives aimed at understanding and addressing the impact of HIV/AIDS in different populations.",2,2,0,0,1,1,1,1,0,0
27x4-cbi6,"This dataset provides comprehensive information on maternal mortality, specifically focusing on deaths associated with pregnancy from 2016 to 2021 across various boroughs. It includes data on the year of death, the relationship of the death to pregnancy, the underlying cause of death, race and ethnicity, and the borough of residence. The dataset categorizes deaths into three main types: pregnancy-related, pregnancy-associated but not related, and unable to determine pregnancy-relatedness, with underlying causes classified according to the CDC PMSS-MM system. The data spans multiple racial and ethnic groups, allowing for a nuanced understanding of maternal mortality trends. This dataset can be utilized for research and analysis aimed at improving maternal health outcomes, identifying disparities in maternal mortality rates, and informing public health policies. It serves as a vital resource for healthcare professionals, policymakers, and researchers interested in addressing maternal mortality and enhancing maternal care.

Column constraints outlined in Data Dictionary:
year: Numeric field; Range: 2016 to 2021 (inclusive)  
related: Allowed values: Pregnancy-associated death, Pregnancy-related death, Pregnancy-associated but not related death, Unable to Determine, All  
underlying_cause: Allowed values: Hemorrhage, Infection/Sepsis, Embolism, Preeclampsia and Eclampsia, Cardiovascular Conditions, Unintentional Injury, Homicide, Cancer, Mental Health Conditions (Suicide), Mental Health Conditions (Overdose related to substance use disorder), Asthma/Pulmonary Conditions, Unknown COD, Other  
race_ethnicity: Allowed values: All, Asian/Pacific Islander, Black non-Latina, Latina, White non-Latina  
borough: Allowed values: All, Manhattan, Brooklyn, Queens, Staten Island, Bronx, Rest of State  
deaths: Numeric field; Range: 0.0 to 23.0 (inclusive)","This dataset provides a comprehensive analysis of maternal mortality, focusing on various underlying causes of death related to pregnancy across different boroughs. It includes data from 2016 to 2021, capturing 100 unique entries that categorize deaths by year, related conditions, underlying causes, race and ethnicity, and location. The dataset features 14 unique underlying causes, such as mental health conditions and infections, and covers diverse demographic groups. It can be utilized for public health research, policy-making, and interventions aimed at reducing maternal mortality rates, ultimately contributing to improved healthcare outcomes for mothers.",3,3,1,1,1,1,1,1,0,0
wi3r-8uzb,"This dataset, derived from the Community Mental Health Survey (CMHS) conducted in 2012, provides insights into the mental health status of adults in New York City. It includes various measures of mental health prevalence, such as serious psychological distress and serious mental illness, along with treatment access and barriers faced by individuals with these conditions. The dataset features 16 unique prevalence values, with confidence intervals indicating the precision of these estimates. Each entry details the percentage of respondents experiencing specific mental health issues, as well as their treatment experiences and challenges. The data is crucial for understanding the mental health landscape in New York City, highlighting the need for improved access to care and support for those affected by mental health issues. This dataset can be utilized by researchers, policymakers, and healthcare providers to inform mental health initiatives and improve services for the community.

Column constraints outlined in Data Dictionary:
prevalence: value must be a numeric type; values may include an asterisk (*) indicating caution in interpretation due to high relative standard error or confidence interval halfwidth; value range is expected to be between 0 and 100, inclusive.","This dataset contains information from a mental health survey conducted in 2012, focusing on various aspects of mental health among respondents. It includes data on serious psychological distress and serious mental illness, as well as treatment received, barriers to care, and demographic factors such as employment status and poverty level. The dataset features prevalence rates, along with lower and upper confidence intervals, providing a comprehensive view of mental health challenges faced by individuals. It can be utilized for research on mental health trends, treatment accessibility, and the impact of socioeconomic factors on mental health outcomes.",2,3,1,1,1,1,0,1,0,0
4mhf-duep,"This dataset focuses on heat vulnerability assessment, providing valuable insights into the spatial distribution of heat vulnerability across various zip code areas (zcta20) in the region. It contains 184 unique zip codes, ranging from 10001 to 11697, and categorizes heat vulnerability into five distinct levels (hvi), with values from 1 to 5. The zcta20 column represents specific locations, offering a detailed spatial resolution that can be crucial for urban planning and public health initiatives. The hvi column indicates the level of vulnerability to heat, which can be instrumental in identifying areas at higher risk for heat-related health issues, particularly in the context of climate change and urban heat islands. This dataset can be utilized by researchers, policymakers, and community organizations to develop targeted interventions aimed at reducing heat exposure and improving resilience in vulnerable populations.","This dataset focuses on Heat Vulnerability Assessment, providing valuable insights into the heat vulnerability index (HVI) across various zip code areas (zcta20). It contains 100 unique zip codes, each associated with an integer value representing the level of heat vulnerability, ranging from 0 to 5. The dataset can be utilized by researchers, urban planners, and public health officials to identify areas at higher risk during heat events, enabling targeted interventions and resource allocation. The spatial data is organized by zip code, making it easy to analyze and visualize heat vulnerability patterns across different regions.",2,2,0,0,1,1,0,0,1,1
2xir-kwzz,"This dataset provides comprehensive information on beach water quality, specifically focusing on enterococci bacteria levels at various New York City beaches. It includes 29,665 unique sample identifiers collected from 2005 to 2025, with sampling locations categorized as left, center, or right on the beach. Each entry records the date of sampling, the beach name, and the measured enterococci results, expressed in most probable number per 100 milliliters (MPN/100 ml). The dataset spans a wide range of enterococci results, from 4.0 to 24,196.0, indicating varying water quality conditions. This data can be utilized for monitoring beach safety, assessing water quality for recreational activities, and informing public health decisions. Additionally, the dataset is enriched with semantic details, such as the context of each measurement and the methodology used for sampling, ensuring users have a clear understanding of the data's significance and application in beach water quality assessments.

Column constraints outlined in Data Dictionary:
sample_id: Format: XXYYMMDDHHMM-##; Uniqueness: Must be unique  
sample_date: Format: MM/DD/YY; Nullability: Missing values are not allowed  
beach_name: Type: Text; Nullability: Missing values are not allowed  
sample_location: Allowed values: left, center, right; Nullability: Missing values are not allowed  
enterococci_results: Type: Numerical; Units: MPN/100 ml; Nullability: Missing values are allowed  
units_or_notes: Allowed values: MPN/100 ml; Nullability: Missing values are not allowed","This dataset focuses on beach water quality, specifically measuring enterococci levels at various beach locations. It includes 100 unique samples collected from 2005 to 2025, with measurements expressed in MPN/100 ml. Each entry features a unique sample ID, the date of sampling, the beach name, and the specific location of the sample. The dataset provides valuable insights into water quality, helping to assess the safety of recreational water activities. The temporal coverage spans from July 17, 2005, to June 22, 2025, allowing for trend analysis over time. This information is crucial for public health monitoring and environmental management.",4,2,1,0,1,1,1,1,1,0
grnn-mvqe,"This dataset focuses on family leave policies, specifically examining the experiences of parents in New York City regarding maternity leave around the birth of their children. It includes a variety of demographic and health-related variables, such as respondent age, health status, and the number of children born. The dataset contains unique identifiers for each respondent, allowing for detailed analysis of responses related to parental leave, including the duration and type of leave taken, as well as barriers to accessing care and support. Temporal coverage spans from February 23, 2016, to March 30, 2016, providing insights into the immediate context of parental leave experiences. This dataset can be utilized to inform policy discussions on paid family leave, equity in healthcare access, and the impact of maternity leave on family health outcomes, ultimately contributing to the development of more effective family leave policies.

Column constraints outlined in Data Dictionary:
qcell: 0=No; 1=Yes  
sc1: 1=SPEAKING TO RESPONDENT; 2=RESPONDENT COMES TO PHONE; 3=NOT A GOOD TIME; 4=RESPONDENT NOT AVAILABLE; 5=NO SUCH PERSON; 66=(VOL) GAVE BIRTH BUT NO LONGER HAVE THE CHILD LIVING WITH ME; 77=(VOL) DON'T KNOW; 99=(VOL) REFUSED  
sc2: 1=Yes, safe place to talk; 2=No, call me later; 3=No, CB on land-line; 4=On landline; 77=(VOL) DON'T KNOW; 99=(VOL) REFUSED  
sc3: 1=Yes; 2=No; 77=(VOL) DON'T KNOW; 99=(VOL) REFUSED  
sc4: 1=information matches; 2=no; 77=(VOL) DON'T KNOW; 99=(VOL) REFUSED  
sc4a_1: 1=name is different; 2=date of birth is different; 77=(VOL) DON'T KNOW; 99=(VOL) REFUSED  
sc4a_2: 1=name is different; 2=date of birth is different; 77=(VOL) DON'T KNOW; 99=(VOL) REFUSED  
sc4c: 1=gave name; 77=(VOL) DON'T KNOW; 99=(VOL) REFUSED  
sc4b: 1=Yes; 2=Yes, I gave birth to more than one child in 2014; 3=No; 66=(VOL) YES, GAVE BIRTH BUT NO LONGER HAVE THE CHILD LIVING WITH ME; 77=(VOL) DON'T KNOW; 99=(VOL) REFUSED  
sc4b1: 77=(VOL) DON'T KNOW; 99=(VOL) REFUSED  
sc4b2: 1=yes multiple births; 2=no, separate births; 77=(VOL) DON'T KNOW; 99=(VOL) REFUSED  
selchild: 1=first; 2=second; 3=third; 4=fourth  
sc4d: 1=Yes, gave name; 2=NO, REFER TO MY CHILD AS 'YOUR CHILD BORN IN 2014'; 66=(VOL) NO LONGER HAVE THE CHILD LIVING WITH ME; 77=(VOL) DON'T KNOW; 99=(VOL) REFUSED  
sc4d1: 1=Male; 2=Female; 77=(VOL) DON'T KNOW; 99=(VOL) REFUSED  
sc5: 1=Yes; 2=No; 77=(VOL) DON'T KNOW; 99=(VOL) REFUSED  
sc6: 1=Yes; 2=No; 77=(VOL) DON'T KNOW; 99=(VOL) REFUSED  
sc6a: 1=Yes; 2=No  
sc7: 1=Yes; 2=No; 66=(VOL) NO LONGER HAVE THE CHILD LIVING WITH ME; 77=(VOL) DON'T KNOW; 99=(VOL) REFUSED  
mp1: 77=(VOL) DON'T KNOW; 99=(VOL) REFUSED  
ph1: 1=Excellent; 2=Very good; 3=Good; 4=Fair; 5=Poor; 77=(VOL) DON'T KNOW; 99=(VOL) REFUSED  
bc1a: 1=January; 2=February; 3=March; 4=April; 5=May; 6=June; 7=July; 8=August; 9=September; 10=October; 11=November; 12=December; 77=(VOL) DON'T KNOW; 99=(VOL) REFUSED  
bc1: 1=Single; 2=More than me; 77=(VOL) DON'T KNOW; 99=(VOL) REFUSED  
bc2: 1=Vaginally; 2=Cesarean delivery (C-section); 77=(VOL) DON'T KNOW; 99=(VOL) REFUSED  
bc3: 1=Less than 24 hours (less than 1 day); 2=24 to 48 hours (1 to 2 days); 3=3 to 5 days; 4=6 to 14 days; 5=More than 14 days; 6=My baby was not born in a hospital; 7=My baby is still in the hospital; 77=(VOL) DON'T KNOW; 99=(VOL) REFUSED  
pph1: 1=Yes; 2=No; 77=(VOL) DON'T KNOW; 99=(VOL) REFUSED  
pph2a: 1=Yes; 2=No; 77=(VOL) DON'T KNOW; 99=(VOL) REFUSED  
pph2b: 1=Yes; 2=No; 77=(VOL) DON'T KNOW; 99=(VOL) REFUSED  
pph2c: 1=Yes; 2=No; 77=(VOL) DON'T KNOW; 99=(VOL) REFUSED  
el1: 1=Yes; 2=No; 77=(VOL) DON'T KNOW; 99=(VOL) REFUSED  
el3: 1=Government; 2=Private-for-profit company; 3=Non-profit organization including tax exempt and charitable organizations; 4=Self-employed; 5=(VOL) OTHER; 77=(VOL) DON'T KNOW; 99=(VOL) REFUSED  
el4: 1=New York; 2=New Jersey; 3=Another State; 77=(VOL) DON'T KNOW; 99=(VOL) REFUSED  
el7: 1=Yes; 2=No; 77=(VOL) DON'T KNOW; 99=(VOL) REFUSED  
el8: 1=1-9; 2=10-19; 3=20-29; 4=30-39; 5=40-49; 6=50-99; 7=100-249; 8=250-499; 9=500 or more; 77=(VOL) DON'T KNOW; 99=(VOL) REFUSED  
el9: 1=Yes; 2=No; 77=(VOL) DON'T KNOW; 99=(VOL) REFUSED  
el10: 777=(VOL) DON'T KNOW; 999=(VOL) REFUSED  
el11: 1=I took paid leave from my job; 2=I took unpaid leave from my job; 3=I took both paid and unpaid leave; 4=I did not take any leave or time off; 77=(VOL) DON'T KNOW; 99=(VOL) REFUSED  
el12_1: 1=Less than one week; 2=Answered in weeks; 3=Answered in months; 77=(VOL) DON'T KNOW; 99=(VOL) REFUSED  
el12_2: 1=Less than one week; 2=Answered in weeks; 3=Answered in months; 77=(VOL) DON'T KNOW; 99=(VOL) REFUSED  
el12_3: 1=Less than one week; 2=Answered in weeks; 3=Answered in months; 77=(VOL) DON'T KNOW; 99=(VOL) REFUSED  
el12wks: numeric  
el12mns: numeric  
el13a: 77=(VOL) DON'T KNOW; 99=(VOL) REFUSED  
el13b: 77=(VOL) DON'T KNOW; 99=(VOL) REFUSED  
el13c: 77=(VOL) DON'T KNOW; 99=(VOL) REFUSED  
el13d: 77=(VOL) DON'T KNOW; 99=(VOL) REFUSED  
el13e: 77=(VOL) DON'T KNOW; 99=(VOL) REFUSED  
el14: 1=Too little time; 2=Just the right amount of time; 3=Too much time; 77=(VOL) DON'T KNOW; 99=(VOL) REFUSED  
el15: 1=Yes; 2=No; 3=No, but I will be returning; 4=No, but returned to a different job; 77=(VOL) DON'T KNOW; 99=(VOL) REFUSED  
el16: 1=I was fired for a reason relating to the pregnancy, birth or maternity leave; 2=I wanted to stay home full-time with my baby; 3=I could not arrange a schedule flexible enough to meet our needs; 4=I could not find acceptable childcare that I could afford; 5=I had a health problem that kept me from returning to work; 6=My baby had health problems that kept me from returning to work; 7=I am a student/Getting ready to go back to school; 8=I cannot find work; 9=I'm currently seeking employment; 10=OTHER (specify); 77=(VOL) DON'T KNOW; 99=(VOL) REFUSED  
el17a: 1=Yes; 2=No; 77=(VOL) DON'T KNOW; 99=(VOL) REFUSED  
el17b: 1=Yes; 2=No; 77=(VOL) DON'T KNOW; 99=(VOL) REFUSED  
el17c: 1=Yes; 2=No; 77=(VOL) DON'T KNOW; 99=(VOL) REFUSED  
el17d: 1=Yes; 2=No; 77=(VOL) DON'T KNOW; 99=(VOL) REFUSED  
el17e: 1=Yes; 2=No; 77=(VOL) DON'T KNOW; 99=(VOL) REFUSED  
el17f: 1=Yes; 2=No; 77=(VOL) DON'T KNOW; 99=(VOL) REFUSED  
cp1: 1=Yes; 2=No; 77=(VOL) DON'T KNOW; 99=(VOL) REFUSED  
cp2: 1=Gave Response; 77=(VOL) DON'T KNOW; 99=(VOL) REFUSED  
cp3: 1=Male; 2=Female; 3=Other; 77=(VOL) DON'T KNOW; 99=(VOL) REFUSED  
cp4: 1=Yes, lived with me; 2=No, lived somewhere else; 77=(VOL) DON'T KNOW; 99=(VOL) REFUSED  
cp5: 1=Always; 2=Often; 3=Sometimes; 4=Rarely; 5=Never; 77=(VOL) DON'T KNOW; 99=(VOL) REFUSED  
cp6a: 1=More than once a day; 2=About once a day; 3=A few times a week; 4=A few times a month; 5=Rarely; 6=Not at all; 77=(VOL) DON'T KNOW; 99=(VOL) REFUSED  
cp6b: 1=More than once a day; 2=About once a day; 3=A few times a week; 4=A few times a month; 5=Rarely; 6=Not at all; 77=(VOL) DON'T KNOW; 99=(VOL) REFUSED  
cp6c: 1=More than once a day; 2=About once a day; 3=A few times a week; 4=A few times a month; 5=Rarely; 6=Not at all; 77=(VOL) DON'T KNOW; 99=(VOL) REFUSED  
cp7: 1=Yes; 2=No; 77=(VOL) DON'T KNOW; 99=(VOL) REFUSED  
cp8: 666=(VOL) WAS NOT WORKING; 777=(VOL) DON'T KNOW; 999=(VOL) REFUSED  
cp9: 1=He/she took paid leave from his/her job; 2=He/she took unpaid leave from his/her job; 3=He/she took both paid and unpaid leave; 4=He/she did not take any leave or time off; 77=(VOL) DON'T KNOW; 99=(VOL) REFUSED  
cp10_1: 1=Less than one week; 2=Answered in weeks; 3=Answered in months; 77=(VOL) DON'T KNOW; 99=(VOL) REFUSED  
cp10_2: 1=Less than one week; 2=Answered in weeks; 3=Answered in months; 77=(VOL) DON'T KNOW; 99=(VOL) REFUSED  
cp10_3: 1=Less than one week; 2=Answered in weeks; 3=Answered in months; 77=(VOL) DON'T KNOW; 99=(VOL) REFUSED  
cp10wks: numeric  
cp10mns: numeric  
ih1: 1=Excellent; 2=Very good; 3=Good; 4=Fair; 5=Poor; 77=(VOL) DON'T KNOW; 99=(VOL) REFUSED  
ih2: 1=Yes; 2=No; 77=(VOL) DON'T KNOW; 99=(VOL) REFUSED  
ih3: 1=Yes, on schedule; 2=Partial/missing a few; 3=Not vaccinated; 77=(VOL) DON'T KNOW; 99=(VOL) REFUSED  
ih4_1: 1=I didn't have enough money or insurance to pay for it; 2=I didn't have anyone to take care of my other children; 3=I couldn't get time off work; 4=I didn't have enough sick/vacation time to take time off work; 5=My child seemed fine and I did not think he/she needed to have a visit; 6=(VOL) NONE OF THE ABOVE/OTHER; 77=(VOL) DON'T KNOW; 99=(VOL) REFUSED  
ih4_2: 1=I didn't have enough money or insurance to pay for it; 2=I didn't have anyone to take care of my other children; 3=I couldn't get time off work; 4=I didn't have enough sick/vacation time to take time off work; 5=My child seemed fine and I did not think he/she needed to have a visit; 6=(VOL) NONE OF THE ABOVE/OTHER; 77=(VOL) DON'T KNOW; 99=(VOL) REFUSED  
ih4_3: 1=I didn't have enough money or insurance to pay for it; 2=I didn't have anyone to take care of my other children; 3=I couldn't get time off work; 4=I didn't have enough sick/vacation time to take time off work; 5=My child seemed fine and I did not think he/she needed to have a visit; 6=(VOL) NONE OF THE ABOVE/OTHER; 77=(VOL) DON'T KNOW; 99=(VOL) REFUSED  
ih4_4: 1=I didn't have enough money or insurance to pay for it; 2=I didn't have anyone to take care of my other children; 3=I couldn't get time off work; 4=I didn't have enough sick/vacation time to take time off work; 5=My child seemed fine and I did not think he/she needed to have a visit; 6=(VOL) NONE OF THE ABOVE/OTHER; 77=(VOL) DON'T KNOW; 99=(VOL) REFUSED  
ih4_5: 1=I didn't have enough money or insurance to pay for it; 2=I didn't have anyone to take care of my other children; 3=I couldn't get time off work; 4=I didn't have enough sick/vacation time to take time off work; 5=My child seemed fine and I did not think he/she needed to have a visit; 6=(VOL) NONE OF THE ABOVE/OTHER; 77=(VOL) DON'T KNOW; 99=(VOL) REFUSED  
ih5: 1=Yes; 2=No; 77=(VOL) DON'T KNOW; 99=(VOL) REFUSED  
ih5a_1: 1=I didn't have enough money or insurance to pay for it; 2=I didn't have anyone to take care of my other children; 3=I couldn't get time off work; 4=I didn't have enough sick/vacation time to take time off work; 5=My child seemed fine and I did not think he/she needed to have a visit; 6=(VOL) NONE OF THE ABOVE/OTHER; 77=(VOL) DON'T KNOW; 99=(VOL) REFUSED  
ih5a_2: 1=I didn't have enough money or insurance to pay for it; 2=I didn't have anyone to take care of my other children; 3=I couldn't get time off work; 4=I didn't have enough sick/vacation time to take time off work; 5=My child seemed fine and I did not think he/she needed to have a visit; 6=(VOL) NONE OF THE ABOVE/OTHER; 77=(VOL) DON'T KNOW; 99=(VOL) REFUSED  
ih5a_3: 1=I didn't have enough money or insurance to pay for it; 2=I didn't have anyone to take care of my other children; 3=I couldn't get time off work; 4=I didn't have enough sick/vacation time to take time off work; 5=My child seemed fine and I did not think he/she needed to have a visit; 6=(VOL) NONE OF THE ABOVE/OTHER; 77=(VOL) DON'T KNOW; 99=(VOL) REFUSED  
ih5a_4: 1=I didn't have enough money or insurance to pay for it; 2=I didn't have anyone to take care of my other children; 3=I couldn't get time off work; 4=I didn't have enough sick/vacation time to take time off work; 5=My child seemed fine and I did not think he/she needed to have a visit; 6=(VOL) NONE OF THE ABOVE/OTHER; 77=(VOL) DON'T KNOW; 99=(VOL) REFUSED  
bf1_1: 1=Never; 2=Less than 1 week; 3=Weeks; 4=Months; 5=Still breastfeeding; 77=(VOL) DON'T KNOW; 99=(VOL) REFUSED  
bf1_2: 1=Never; 2=Less than 1 week; 3=Weeks; 4=Months; 5=Still breastfeeding; 77=(VOL) DON'T KNOW; 99=(VOL) REFUSED  
bf1_3: 1=Never; 2=Less than 1 week; 3=Weeks; 4=Months; 5=Still breastfeeding; 77=(VOL) DON'T KNOW; 99=(VOL) REFUSED  
bf1_4: 1=Never; 2=Less than 1 week; 3=Weeks; 4=Months; 5=Still breastfeeding; 77=(VOL) DON'T KNOW; 99=(VOL) REFUSED  
bf1_5: 1=Never; 2=Less than 1 week; 3=Weeks; 4=Months; 5=Still breastfeeding; 77=(VOL) DON'T KNOW; 99=(VOL) REFUSED  
bf1wks: numeric  
bf1mns: numeric  
bf1a_1: 1=Less than one week; 2=Answered in weeks; 3=Answered in months; 4=(VOL) Never; 77=(VOL) DON'T KNOW; 99=(VOL) REFUSED  
bf1a_2: 1=Less than one week; 2=Answered in weeks; 3=Answered in months; 4=(VOL) Never; 77=(VOL) DON'T KNOW; 99=(VOL) REFUSED  
bf1a_3: 1=Less than one week; 2=Answered in weeks; 3=Answered in months; 4=(VOL) Never; 77=(VOL) DON'T KNOW; 99=(VOL) REFUSED  
bf1a_4: 1=Less than one week; 2=Answered in weeks; 3=Answered in months; 4=(VOL) Never; 77=(VOL) DON'T KNOW; 99=(VOL) REFUSED  
bf1awks: numeric  
bf1amns: numeric  
bf2: 1=I thought I was not producing enough milk for my baby; 2=It was too time consuming; 3=I felt it was the right time to stop breastfeeding; 4=I got sick or I had to stop for medical reasons; 5=I went back to work; 6=I went back to school; 7=(VOL) NONE OF THE ABOVE/OTHER; 77=(VOL) DON'T KNOW; 99=(VOL) REFUSED  
mh1: 1=Always; 2=Often; 3=Sometimes; 4=Rarely; 5=Never; 77=(VOL) DON'T KNOW; 99=(VOL) REFUSED  
mh2: 1=Yes; 2=No; 77=(VOL) DON'T KNOW; 99=(VOL) REFUSED  
mh3: 1=Yes; 2=No; 77=(VOL) DON'T KNOW; 99=(VOL) REFUSED  
mh3a: 1=Counseling; 2=Medication; 3=Both; 4=Other (Specify); 77=(VOL) DON'T KNOW; 99=(VOL) REFUSED  
mh4: 1=Excellent; 2=Very good; 3=Good; 4=Fair; 5=Poor; 77=(VOL) DON'T KNOW; 99=(VOL) REFUSED  
cc1: 1=My husband or partner; 2=Child's Grandparent; 3=Other close family member or relative; 4=Friend or neighbor; 5=Babysitter, nanny, or other child care provider in your home; 6=Staff at day care, nursery, or preschool; 7=Child is with me while I am at work; 8=Someone else (specify); 77=(VOL) DON'T KNOW; 99=(VOL) REFUSED  
sd1_2: 1=Answered in weeks; 2=Answered in months; 77=(VOL) DON'T KNOW; 99=(VOL) REFUSED  
sd1wks: numeric  
sd1mns: numeric  
sd2: 1=Always; 2=Often; 3=Sometimes; 4=Rarely; 5=Never; 77=(VOL) DON'T KNOW; 99=(VOL) REFUSED  
d1: 1=Gave Response; 77=(VOL) DON'T KNOW; 99=(VOL) REFUSED  
d1yob: numeric  
d2: 1=Gave Response; 77=(VOL) DON'T KNOW; 99=(VOL) REFUSED  
fixd2: numeric  
d3: 1=Yes; 2=No; 77=(VOL) DON'T KNOW; 99=(VOL) REFUSED  
d4_1: 1=White; 2=Black or African American; 3=Asian; 4=Native Hawaiian or Other Pacific Islander; 5=American Indian, Alaska Native; 8=Something else (SPECIFY); 77=(VOL) DON'T KNOW; 99=(VOL) REFUSED  
d4_2: 1=White; 2=Black or African American; 3=Asian; 4=Native Hawaiian or Other Pacific Islander; 5=American Indian, Alaska Native; 8=Something else (SPECIFY); 77=(VOL) DON'T KNOW; 99=(VOL) REFUSED  
d4_3: 1=White; 2=Black or African American; 3=Asian; 4=Native Hawaiian or Other Pacific Islander; 5=American Indian, Alaska Native; 8=Something else (SPECIFY); 77=(VOL) DON'T KNOW; 99=(VOL) REFUSED  
d4_4: 1=White; 2=Black or African American; 3=Asian; 4=Native Hawaiian or Other Pacific Islander; 5=American Indian, Alaska Native; 8=Something else (SPECIFY); 77=(VOL) DON'T KNOW; 99=(VOL) REFUSED  
d4_5: 1=White; 2=Black or African American; 3=Asian; 4=Native Hawaiian or Other Pacific Islander; 5=American Indian, Alaska Native; 8=Something else (SPECIFY); 77=(VOL) DON'T KNOW; 99=(VOL) REFUSED  
d4_6: 1=White; 2=Black or African American; 3=Asian; 4=Native Hawaiian or Other Pacific Islander; 5=American Indian, Alaska Native; 8=Something else (SPECIFY); 77=(VOL) DON'T KNOW; 99=(VOL) REFUSED  
d5: 1=United States of America; 2=OTHER (SPECIFY); 5=AFRICA; 6=ALBANIA; 7=ANTIGUA; 8=ARGENTINA; 9=AUSTRALIA; 10=AUSTRIA; 11=BANGLADESH; 12=BARBADOS; 13=BELARUS; 14=BELIZE; 15=BOLIVIA; 16=BRAZIL; 17=CANADA; 18=CARIBBEAN; 19=CENTRAL AFRICA; 20=CHILE; 21=CHINA; 22=COLUMBIA; 23=COSTA RICA; 24=CUBA; 25=CZECHOSLOVAKIA; 26=DOMINICAN REPUBLIC; 27=EASTERN AFRICA; 28=ECUADOR; 29=EGYPT; 30=EL SALVADOR; 31=ENGLAND; 32=EUROPE; 33=FRANCE; 34=GERMANY; 35=GHANA; 36=GREECE; 37=GRENADA; 38=GUATEMALA; 39=GUINEA; 40=GUYANA; 41=HAITI; 42=HONDURAS; 43=HONG KONG; 44=HUNGARY; 45=INDIA; 46=IRAN; 47=IRELAND; 48=ISRAEL; 49=ITALY; 50=JAMAICA; 51=JAPAN; 52=KOREA; 53=LIBERIA; 54=MALAYSIA; 55=MALI; 56=MEXICO; 57=NICARAGUA; 58=NIGERIA; 59=NORTHERN AFRICA; 60=PAKISTAN; 61=PANAMA; 62=PERU; 63=PHILIPPINES; 64=POLAND; 65=PUERTO RICO; 66=ROMANIA; 67=RUSSIA; 68=SENEGAL; 69=SIERRA LEONE; 70=SOUTH AMERICAN; 71=SOUTHERN AFRICA; 72=SPAIN; 73=ST. LUCIA; 74=ST. VINCENT; 75=TAIWAN; 76=TRINIDAD AND TOBAGO; 77=(VOL) DON'T KNOW; 78=TURKEY; 79=UKRAINE; 80=UNITED KINGDOM (INCLUDES ENGLAND, N. IRELAND, SCOTLAND, WALES); 81=UZBEKISTAN; 82=VENEZUELA; 83=VIETNAM; 84=VIRGIN ISLANDS; 85=WEST INDIAN; 86=WESTERN AFRICA; 87=YUGOSLAVIA; 99=(VOL) REFUSED  
d6: 1=Less than 5 years; 2=5 to 9 years; 3=10 or more years; 77=(VOL) DON'T KNOW; 99=(VOL) REFUSED  
d7: 1=Never attended school or only attended kindergarten; 2=Grades 1 through 8 (ELEMENTARY); 3=Grades 9 through 11 (SOME HIGH SCHOOL); 4=Grade 12 or GED (HIGH SCHOOL GRADUATE); 5=College 1 year to 3 years (SOME COLLEGE OR TECHNICAL SCHOOL); 6=College 4 years or more (COLLEGE GRADUATE); 77=(VOL) DON'T KNOW; 99=(VOL) REFUSED  
de1: 1=Yes; 2=No; 77=(VOL) DON'T KNOW; 99=(VOL) REFUSED  
de2_2: 1=White; 2=Black or African American; 3=Asian; 4=Native Hawaiian or Other Pacific Islander; 5=American Indian, Alaska Native; 8=Something else (SPECIFY); 77=(VOL) DON'T KNOW; 99=(VOL) REFUSED  
de2_3: 1=White; 2=Black or African American; 3=Asian; 4=Native Hawaiian or Other Pacific Islander; 5=American Indian, Alaska Native; 8=Something else (SPECIFY); 77=(VOL) DON'T KNOW; 99=(VOL) REFUSED  
de2_4: 1=White; 2=Black or African American; 3=Asian; 4=Native Hawaiian or Other Pacific Islander; 5=American Indian, Alaska Native; 8=Something else (SPECIFY); 77=(VOL) DON'T KNOW; 99=(VOL) REFUSED  
de2_5: 1=White; 2=Black or African American; 3=Asian; 4=Native Hawaiian or Other Pacific Islander; 5=American Indian, Alaska Native; 8=Something else (SPECIFY); 77=(VOL) DON'T KNOW; 99=(VOL) REFUSED  
de2_6: 1=White; 2=Black or African American; 3=Asian; 4=Native Hawaiian or Other Pacific Islander; 5=American Indian, Alaska Native; 8=Something else (SPECIFY); 77=(VOL) DON'T KNOW; 99=(VOL) REFUSED  
de3: 1=United States of America; 2=OTHER (SPECIFY); 5=AFRICA; 6=ALBANIA; 7=ANTIGUA; 8=ARGENTINA; 9=AUSTRALIA; 10=AUSTRIA; 11=BANGLADESH; 12=BARBADOS; 13=BELARUS; 14=BELIZE; 15=BOLIVIA; 16=BRAZIL; 17=CANADA; 18=CARIBBEAN; 19=CENTRAL AFRICA; 20=CHILE; 21=CHINA; 22=COLUMBIA; 23=COSTA RICA; 24=CUBA; 25=CZECHOSLOVAKIA; 26=DOMINICAN REPUBLIC; 27=EASTERN AFRICA; 28=ECUADOR; 29=EGYPT; 30=EL SALVADOR; 31=ENGLAND; 32=EUROPE; 33=FRANCE; 34=GERMANY; 35=GHANA; 36=GREECE; 37=GRENADA; 38=GUATEMALA; 39=GUINEA; 40=GUYANA; 41=HAITI; 42=HONDURAS; 43=HONG KONG; 44=HUNGARY; 45=INDIA; 46=IRAN; 47=IRELAND; 48=ISRAEL; 49=ITALY; 50=JAMAICA; 51=JAPAN; 52=KOREA; 53=LIBERIA; 54=MALAYSIA; 55=MALI; 56=MEXICO; 57=NICARAGUA; 58=NIGERIA; 59=NORTHERN AFRICA; 60=PAKISTAN; 61=PANAMA; 62=PERU; 63=PHILIPPINES; 64=POLAND; 65=PUERTO RICO; 66=ROMANIA; 67=RUSSIA; 68=SENEGAL; 69=SIERRA LEONE; 70=SOUTH AMERICAN; 71=SOUTHERN AFRICA; 72=SPAIN; 73=ST. LUCIA; 74=ST. VINCENT; 75=TAIWAN; 76=TRINIDAD AND TOBAGO; 77=(VOL) DON'T KNOW; 78=TURKEY; 79=UKRAINE; 80=UNITED KINGDOM (INCLUDES ENGLAND, N. IRELAND, SCOTLAND, WALES); 81=UZBEKISTAN; 82=VENEZUELA; 83=VIETNAM; 84=VIRGIN ISLANDS; 85=WEST INDIAN; 86=WESTERN AFRICA; 87=YUGOSLAVIA; 99=(VOL) REFUSED  
st2: 1=During pregnancy; 2=After Birth; 3=Both; 4=Neither; 77=(VOL) DON'T KNOW; 99=(VOL) REFUSED  
st3: 1=During pregnancy; 2=After Birth; 3=Both; 4=Neither; 77=(VOL) DON'T KNOW; 99=(VOL) REFUSED  
st4: 1=During pregnancy; 2=After Birth; 3=Both; 4=Neither; 77=(VOL) DON'T KNOW; 99=(VOL) REFUSED  
st5: 1=During pregnancy; 2=After Birth; 3=Both; 4=Neither; 77=(VOL) DON'T KNOW; 99=(VOL) REFUSED  
es1a: 1=During pregnancy; 2=After Birth; 3=Both; 4=Neither; 77=(VOL) DON'T KNOW; 99=(VOL) REFUSED  
es1b: 1=During pregnancy; 2=After Birth; 3=Both; 4=Neither; 77=(VOL) DON'T KNOW; 99=(VOL) REFUSED  
es2: 1=Yes; 2=No; 77=(VOL) DON'T KNOW; 99=(VOL) REFUSED  
es3: 1=$0 to $16,000; 2=$16,001 to $20,000; 3=$20,001 to $24,000; 4=$24,001 to $28,000; 5=$28,001 to $32,000; 6=$32,001 to $40,000; 7=$40,001 to $48,000; 8=$48,001 to $57,000; 9=$57,001 to $60,000; 10=$60,001 to $73,000; 11=$73,001 to $85,000; 12=$85,001 or more; 77=(VOL) DON'T KNOW; 99=(VOL) REFUSED  
fulladra: 1=Yes; 2=No  
qc1: 1=Yes; 2=No; 77=(VOL) DON'T KNOW; 99=(VOL) REFUSED  
lang: 1=English; 2=Spanish  
samp_weight: numeric  
pop_weight: numeric  
odate: date  
fdate: date  
stratum: 1 or 2","This dataset focuses on Family Leave Policies and contains detailed information about various aspects of family leave, including client identifiers, responses, and specific policy-related metrics. It features 100 unique client IDs and spans a temporal coverage from February 23, 2016, to April 1, 2016. The dataset includes various integer and float data types, with key variables such as client ID, response, and temporal data points. It can be utilized for analyzing the impact of family leave policies on different demographics, assessing compliance, and informing policy development. The dataset is structured to facilitate aggregation and analysis, making it a valuable resource for researchers and policymakers.",2,3,0,0,1,1,1,1,0,1
wymh-dvmd,"This dataset provides insights into call center activity, specifically focusing on various metrics related to calls received by different departments, such as the Dog License Unit, Providers, and Vital Records. It includes key measurements like the total number of calls, average speed of answer, and the percentage of calls answered, spanning from 2019 to 2025. The dataset features 296 unique values for total calls, with coverage ranging from 36 to 16,606 calls, and includes data on average wait times, which vary significantly. Each entry is categorized by month and year, allowing for temporal analysis of call patterns. The metrics serve as valuable indicators for assessing call center performance and customer service efficiency. This dataset can be utilized for evaluating operational effectiveness, identifying trends in call volume, and improving response strategies within call centers.

Column constraints outlined in Data Dictionary:
metric: allowed values are ""Dog License Unit"", ""Providers"", ""Vital Records"", ""STD""  
totalnoofcalls: value range is 0 to 10000; required  
avgspeedofanswer: format is HH:MM:SS or MM:SS; required  
callpctansweredw: value range is 0.0 to 1.0; required  
month: value range is 1 to 12; required  
year: value range is 2019 to 2025; required","This dataset provides insights into call center activity, capturing metrics such as the total number of calls, average speed of answer, and the percentage of calls answered. It includes data from various entities, including the Dog License Unit, Providers, and Vital Records, spanning from 2019 to 2025. The dataset features 100 unique entries, with metrics measured in integers and text, and includes temporal data categorized by month and year. This information can be utilized to analyze call center performance, identify trends in call handling, and improve service efficiency.",2,2,0,0,1,1,1,1,0,0
tnry-kwh5,"This dataset focuses on lead exposure in children, providing valuable insights into the demographic of children under six years old across various neighborhoods in New York City. It includes data on the number of children in different boroughs and neighborhoods, collected over a span of years from 2005 to 2016. The dataset features key metrics such as the total number of children under six, as well as specific population counts for various subcategories, allowing for a detailed analysis of lead exposure risks. The geographic data is categorized by neighborhood and borough, enabling users to assess lead exposure trends in specific areas. This dataset can be utilized by researchers, public health officials, and policymakers to identify at-risk populations and develop targeted interventions to reduce lead exposure in children, ultimately contributing to improved health outcomes.","This dataset provides valuable insights into lead exposure in children across various neighborhoods in New York City. It includes demographic data on children under six years old, detailing their population counts and various metrics related to lead exposure. The dataset is organized by geographical areas, including neighborhoods and boroughs, and spans multiple years, allowing for temporal analysis. It features a range of population metrics, making it useful for researchers and policymakers focused on public health and child welfare. By analyzing this data, stakeholders can identify trends and target interventions to reduce lead exposure among young children.",2,2,0,0,1,1,1,1,0,0
7btz-mnc8,"This dataset contains comprehensive information about healthcare providers in New York City, including their first and last names, practice names, primary specialties, and locations. It features 1,663 unique first names and 1,902 unique last names, reflecting a diverse range of healthcare professionals. The dataset categorizes providers by their primary specialties, with 44 unique specialties represented, and includes details about their practice locations across five boroughs: Bronx, Brooklyn, Manhattan, Staten Island, and Queens. Each entry also specifies the organization type, primarily small practices, and provides mailing addresses and zip codes for geolocation purposes. This dataset is valuable for analyzing healthcare access, understanding provider distribution, and enhancing electronic health record systems. It serves as a vital resource for researchers, policymakers, and healthcare organizations aiming to improve health services in NYC.

Column constraints outlined in Data Dictionary:
practice_name: Required; min_length: 1; max_length: 1000  
practice_borough: Required; min_length: 1; max_length: 13; expected_values: BRONX; BROOKLYN; MANHATTAN; STATEN ISLAND; QUEENS  
organization_type: Required; min_length: 8; max_length: 23; expected_values: HOSPITAL; COMMUNITY HEALTH CENTER; SMALL PRACTICE  
practice_zip_code: Required; min_length: 5; max_length: 10","This dataset contains information about healthcare providers in New York City, including their names, practice details, specialties, and locations. It features 100 unique entries, with data on provider first and last names, practice names, primary specialties, and organizational types. The dataset covers various boroughs and includes detailed mailing addresses and zip codes, making it a valuable resource for identifying healthcare services across the city. It can be used for research, healthcare planning, and improving access to medical services in NYC, as it categorizes providers by specialty and organization type, facilitating targeted outreach and analysis.",1,1,0,0,1,1,0,0,0,0
3kfa-rvez,"This dataset contains detailed information on pool inspections conducted in New York City, covering both indoor and outdoor facilities. It includes various attributes such as permit type, facility name, address, inspection date, and the number of violations identified during inspections. The dataset spans from January 27, 2019, to November 20, 2024, providing a comprehensive temporal coverage for analysis. Each entry is associated with geographical coordinates, allowing for spatial analysis across different community boards and council districts in NYC. The dataset can be utilized for monitoring compliance with health and safety regulations, identifying trends in violations, and assessing the overall safety of public and private pools. With 1,133 unique permit numbers and a variety of inspection types, this dataset serves as a valuable resource for researchers, policymakers, and public health officials interested in pool safety and regulation in urban environments.

Column constraints outlined in Data Dictionary:
permit_type: Allowed values: Indoor, Outdoor  
accela: 8-digit number; Required  
inspection_date: Format: MM/DD/YYYY; Required  
inspection_type: Allowed values: Complaint Inspection, Complaint Re-Inspection, Investigation, Office Visit, Re-Inspection, Routine Inspection  
of_all_violations: Non-negative integer; Required  
of_phh_violations: Non-negative integer; Required  
of_critical_violations: Non-negative integer; Required  
of_general_violations: Non-negative integer; Required","This dataset contains detailed information on pool inspections conducted across various facilities in New York City. It includes data on permit types, facility names, addresses, inspection dates, and the number of violations identified during inspections. The dataset spans from January 22, 2019, to October 23, 2024, providing a comprehensive view of inspection activities over time. Each entry includes geographic coordinates, allowing for spatial analysis of inspection locations. This dataset can be utilized for monitoring compliance with health and safety regulations, identifying trends in violations, and enhancing public safety measures related to pool facilities.",3,2,0,0,1,1,1,1,1,0
72ss-25qh,"This dataset provides comprehensive information on HIV testing services across various locations, including agency names, addresses, operational hours, and contact details. It covers a wide range of boroughs and zip codes, ensuring accessibility for diverse populations. The dataset includes specific details about the ages served, with many agencies catering to individuals aged 13 and over, and highlights special populations such as youth, transgender individuals, and those recently incarcerated. Additionally, it indicates whether free HIV self-tests are available, which can be crucial for individuals seeking confidential testing options. The dataset can be utilized by healthcare providers, researchers, and public health officials to identify testing resources, assess service availability, and improve outreach efforts in communities at risk for HIV. Overall, this dataset serves as a vital tool for enhancing public health initiatives and ensuring that individuals have access to necessary testing services.

Column constraints outlined in Data Dictionary:
borough: allowed values are BRONX, BROOKLYN, MANHATTAN, STATEN ISLAND, QUEENS  
hours_monday: format is HH:MM AM/PM or 24-hour format; null values are allowed  
hours_tuesday: format is HH:MM AM/PM or 24-hour format; null values are allowed  
hours_wednesday: format is HH:MM AM/PM or 24-hour format; null values are allowed  
hours_thursday: format is HH:MM AM/PM or 24-hour format; null values are allowed  
hours_friday: format is HH:MM AM/PM or 24-hour format; null values are allowed  
hours_saturday: format is HH:MM AM/PM or 24-hour format; null values are allowed  
hours_sunday: format is HH:MM AM/PM or 24-hour format; null values are allowed  
free_self_tests: allowed values are Yes, No  
ages_served: allowed values are 0-4, 5-12, 13-17, 18-24, 25-29, 30-39, 40-49, 50-59, 60+  
payment_cost: allowed values are Free, Medicaid, Medicare, Private Insurance, Uninsured, Sliding Scale, PrEP-AP, PEP for Uninsured, ADAP, ADAP-Plus  
special_populations_served: allowed values include Heterosexual Women, Transgender and Gender Non-Conforming Persons, Men Who Have Sex With Men (MSM), Sex Workers, People who Use Drugs, Incarcerated or Recently Incarcerated Persons, Youth (~13-29 yrs), Homeless Persons, Immigrants","This dataset provides comprehensive information on HIV testing services across various agencies in New York City. It includes details such as agency names, addresses, operational hours, contact information, and the age groups served. The dataset features a range of unique values for each column, ensuring diverse representation of services available. It also highlights special populations served and whether free self-tests are offered. This dataset can be utilized for research, public health initiatives, and resource allocation to improve access to HIV testing services. Overall, it serves as a valuable tool for understanding and enhancing community health resources.",1,1,0,0,1,1,0,0,0,0
9hxz-c2kj,"This dataset provides detailed information on school cafeteria inspections across New York City, covering a range of establishments including public, private, and parochial schools. It includes key data such as school names, addresses, inspection dates, and descriptions of any violations found during inspections. The dataset contains 2,139 unique entries, with a temporal coverage of inspections from January 2017 to December 2019, and spatial data that includes latitude and longitude coordinates for precise location mapping. Each entry details the nature of violations, categorized by severity, which can be crucial for monitoring food safety and compliance with health regulations. This dataset can be utilized by educational authorities, health inspectors, and researchers to analyze trends in food safety violations, assess compliance with health standards, and improve the overall safety of school cafeterias.

Column constraints outlined in Data Dictionary:
borough: Allowed values are MANHATTAN, BRONX, BROOKLYN, QUEENS, STATEN ISLAND; Note: discrepancies may exist between zip code and listed borough due to differences in mailing address and physical location  
lastinspection: Format is ISO 8601 date; NULL values indicate no inspection has occurred  
inspectiondate: Format is ISO 8601 date; may differ from last inspection date  
level: Allowed values are CP, A, CH, C, AV, NV, G; Critical violations are those most likely to contribute to foodborne illness  
code: Allowed values are defined in an external document; Blank field indicates no violations were cited during inspection  
latitude: Format is decimal degrees; Coordinate location north or south of the equator  
longitude: Format is decimal degrees; Coordinate location east or west of the meridian at Greenwich, England  
councildistrict: Allowed values are integers from 1 to 51; In 2019, there are 51 Council Districts in NYC  
bin: Format is a seven-digit numerical identifier; The first digit is the borough code  
bbl: Format is a parcel number system used to identify the location of building or property  
borocode: Allowed values are 1 (Manhattan), 2 (Bronx), 3 (Brooklyn), 4 (Queens), 5 (Staten Island)","This dataset contains detailed information on cafeteria inspections across various schools in New York City, covering a range of violations related to food safety and facility maintenance. It includes unique identifiers for each school, their names, addresses, and inspection details, such as dates and violation descriptions. The dataset spans inspections from January 2017 to December 2019, providing a comprehensive view of compliance over time. It can be used to analyze trends in food safety violations, assess the effectiveness of health regulations, and inform stakeholders about the conditions of school cafeterias. The data is spatially and temporally rich, allowing for geographic analysis at the borough and community board levels.",3,3,0,0,1,1,1,1,1,1
gfej-by6h,"This dataset provides comprehensive information about health centers across various boroughs in New York City, including their locations, operational hours, and services offered. It includes details such as street addresses, zip codes, and geographic coordinates, making it useful for identifying health resources in specific areas. The dataset features 14 unique health centers, with varying days and hours of operation, and highlights the languages spoken at each location, catering to diverse communities. It also includes contact information, indicating whether walk-ins are accepted. This dataset is particularly valuable for analyzing health insurance enrollment trends and accessibility to healthcare services, especially for programs like SNAP and other assistance initiatives. The semantic profile reveals that the data encompasses both spatial and temporal dimensions, allowing for detailed geographic and demographic analysis, which can aid in improving health service outreach and enrollment strategies.","This dataset provides comprehensive information about health centers across various boroughs, including their addresses, operational days and hours, and contact details. It features 14 unique health centers, with data on languages spoken and walk-in policies, making it a valuable resource for understanding healthcare accessibility in New York City. The dataset includes spatial data such as latitude and longitude, allowing for geographic analysis of health service locations. It can be utilized to assess health insurance enrollment trends and identify areas needing improved healthcare access, ultimately supporting public health initiatives and policy-making efforts.",1,1,0,0,1,1,0,0,0,0
rqgf-94xs,"This dataset, sourced from the Pregnancy Risk Assessment Monitoring System (PRAMS), provides valuable insights into various maternal health indicators over several years, specifically from 2016 to 2023. It includes data on breastfeeding initiation, smoking before pregnancy, postpartum depression symptoms, and food insecurity, among other health-related questions. The prevalence of these conditions is measured as a percentage of New York City resident women who gave birth in the specified years, with confidence intervals indicating the precision of these estimates. The dataset features a range of prevalence values, from as low as 1.7% to as high as 94.3%, reflecting diverse maternal health experiences. This dataset can be utilized for monitoring trends in maternal health, evaluating the effectiveness of public health interventions, and informing policy decisions aimed at improving maternal and infant health outcomes. Overall, it serves as a crucial resource for researchers and healthcare professionals focused on maternal health monitoring.

Column constraints outlined in Data Dictionary:
year: must be an integer; must be within the range of 2016 to 2023; represents the year the survey was conducted","This dataset focuses on Maternal Health Surveillance, providing valuable insights into various health conditions and behaviors among mothers before and after pregnancy. It includes data from the Pregnancy Risk Assessment Monitoring System (PRAMS) spanning several years, with questions addressing issues such as breastfeeding initiation, smoking, and postpartum depression. The dataset features 100 unique entries, with prevalence rates and confidence intervals that allow for statistical analysis of maternal health trends. It serves as a crucial resource for researchers and policymakers aiming to improve maternal health outcomes and understand the factors affecting mothers during and after pregnancy.",2,2,0,0,1,1,1,1,0,0
f9wb-g8mb,"This dataset contains detailed records of cooling tower inspections conducted in New York City, covering a range of properties across the five boroughs. It includes essential information such as building identification numbers, addresses, inspection dates, violation codes, and the status of each cooling tower system. The dataset spans from January 31, 2017, to November 17, 2025, providing a comprehensive view of compliance with health and safety regulations. Each entry includes specific violation descriptions and types, indicating whether they are critical, general, or public health hazards. The dataset can be utilized by public health officials, researchers, and urban planners to monitor compliance, assess public health risks, and improve regulatory practices related to cooling towers. Additionally, it offers valuable spatial data, including latitude and longitude coordinates, which can aid in geographic analysis and urban planning efforts.

Column constraints outlined in Data Dictionary:
bin: 7-digit number; first digit is the Borough Code; may be all zeroes indicating no BIN assigned  
system_id: 10-digit number; must start with the digit ""2""  
borough: allowed values: Manhattan, Queens, Brooklyn, Bronx, Staten Island  
zip_code: 5-digit number  
status: allowed values: Active, Inactive  
active_equip: 2-digit number; must be non-negative  
inspection_date: date format: MM/DD/YYYY; must be from 2017 onwards; excludes inspections within 30 days of publication date  
violation_code: 4-character alpha-numeric; blank if no summons issued  
law_section: text; blank if no violations cited  
violation_text: text; blank if no violations cited  
violation_type: allowed values: PHH, General, Critical; blank if no violations cited  
citation_text: text; blank if no summons issued or citation text not available  
summons_number: 10-character text; blank if no violation cited or summons not issued  
inspection_type: allowed values: Cycle, Non-Cycle  
bbl: 10-digit number  
latitude: number; must be within valid latitude range (-90 to 90)  
longitude: number; must be within valid longitude range (-180 to 180)  
community_board: 3-digit number  
council_district: 2-digit number  
census_tract: 6-digit number  
nta_code: 6-character alpha-numeric; first 2 characters are alpha for borough, next 2 are numeric for community district, last 2 are numeric for unique ID","This dataset contains detailed records of cooling tower inspections across various boroughs, including Manhattan, Brooklyn, Queens, and the Bronx. It includes information such as the address, inspection dates, violation codes, and the status of each cooling tower. The dataset spans from February 6, 2017, to May 4, 2025, providing a comprehensive view of compliance with health regulations. Each entry is geolocated with latitude and longitude coordinates, allowing for spatial analysis. This dataset can be utilized for monitoring public health compliance, identifying trends in violations, and improving cooling tower management practices to ensure safety and regulatory adherence.",3,2,0,0,1,1,1,1,1,0
i595-2byq,"This dataset contains detailed information on radiation equipment registrations across various healthcare facilities in New York City. It includes 6,444 unique entries, each identified by a unique facility ID, and provides essential details such as the facility name, address, borough, and zip code. The dataset categorizes facilities by type, including Dental X-Ray, Hospital X-Ray, and Veterinary X-Ray, among others. Spatial data is included with latitude and longitude coordinates, allowing for precise geolocation of each facility. The dataset also features community board, council district, census tract, building identification number (BIN), borough-block-lot (BBL), and neighborhood tabulation area (NTA) information, which can be useful for urban planning and public health assessments. This dataset is valuable for researchers, policymakers, and healthcare professionals interested in understanding the distribution and types of radiation equipment available in the city, as well as for ensuring compliance with health regulations.

Column constraints outlined in Data Dictionary:
origid: 8-digit integer; unique per radiation equipment permit  
borough: allowed values are MANHATTAN, BRONX, BROOKLYN, QUEENS, STATEN ISLAND  
zipcode: 5-digit zip code  
facility_type: allowed values are Dental CBCT X-RAY, Dental X-RAY, Hospital X-RAY, Linear Accelerator, Non-Hospital X-RAY, Podiatric X-RAY, Radioactive Materials, Veterinary X-RAY  
latitude: coordinate location in degrees; must be between -90 and 90  
longitude: coordinate location in degrees; must be between -180 and 180  
community_board: must be a valid identifier for a NYC community board  
council_district: must be a valid identifier for a NYC council district; must be between 1 and 51  
census_tract: must be a valid identifier for a census tract  
bin: 7-digit numerical identifier; first digit is the borough code  
bbl: must be a valid parcel number for identifying building or property  
nta: must be a valid identifier for a neighborhood tabulation area","This dataset contains information on radiation equipment registrations, specifically focusing on various healthcare facilities that utilize X-ray technology. It includes details such as the facility name, address, borough, and type of service provided, with a total of 100 unique entries. The dataset features spatial data, including latitude and longitude coordinates, allowing for precise geolocation of each facility. It also categorizes facilities by type, such as dental and hospital X-rays, enhancing its usability for healthcare analysis. This dataset can be valuable for researchers, policymakers, and healthcare providers looking to understand the distribution and types of radiation equipment across different boroughs.",2,1,0,0,1,1,0,0,1,0
8eux-rfe8,"This dataset provides information on free blood pressure check services available at various pharmacies across New York City. It includes details such as the facility name, address, service type, and contact information, with a total of 851 unique facility names and 1288 unique addresses. The dataset covers seven boroughs and includes spatial data, allowing users to locate services by latitude and longitude coordinates. Each entry also contains additional instructions for obtaining blood pressure checks, enhancing user experience. The dataset can be utilized by healthcare providers, researchers, and community organizations to identify accessible blood pressure monitoring services, promote health awareness, and improve public health initiatives. With comprehensive coverage of city council and community districts, this dataset serves as a valuable resource for understanding healthcare accessibility in urban environments.","This dataset provides information on free blood pressure checks available at various pharmacies across New York City. It includes details such as the facility name, address, service type, and contact information, making it a valuable resource for individuals seeking accessible healthcare services. The dataset covers multiple boroughs and zip codes, ensuring comprehensive geographic representation. It contains spatial data, including latitude and longitude coordinates, which can be used for mapping and location-based services. This dataset is particularly useful for public health initiatives, community outreach programs, and individuals looking to monitor their blood pressure conveniently.",1,1,0,0,1,1,0,0,0,0
nk7g-qeep,"This dataset serves as a comprehensive locator for hepatitis services, providing essential information about various healthcare facilities offering testing, treatment, and vaccination for hepatitis B and C. It includes details such as facility names, service categories, types of services, addresses, boroughs, and contact information, making it a valuable resource for individuals seeking hepatitis-related healthcare. The dataset covers a wide geographic area, with facilities located across five boroughs and various zip codes, ensuring accessibility for diverse populations. It also highlights special populations served, such as individuals living with HIV, drug users, and youth, emphasizing the targeted nature of these services. Additionally, the dataset includes operational hours and payment options, facilitating informed decisions for users. Overall, this dataset is an essential tool for public health initiatives, healthcare providers, and individuals looking for hepatitis services in their communities.","This dataset provides comprehensive information on Hepatitis services available in New York City, including details about various healthcare facilities, their locations, and the services they offer. It includes data on service types such as Hepatitis C testing and treatment, as well as the populations served, such as individuals living with HIV or those who use drugs. The dataset features spatial data, including addresses, boroughs, and geographic coordinates, allowing for effective mapping and analysis. This resource can be utilized for public health research, service accessibility assessments, and to improve outreach efforts for Hepatitis care in the community.",1,1,0,0,1,1,0,0,0,0
knr6-vurn,"This dataset contains detailed records of vehicle collisions involving the Department of Health and Mental Hygiene (DOHMH) in New York City, spanning from January 3, 2017, to June 10, 2021. It includes 94 unique accident reports, each identified by a unique accident number. The dataset captures essential information such as the date and time of each incident, the borough where it occurred, specific locations, and whether there were any injuries or fatalities. Additionally, it outlines various contributing factors to the collisions, which can be crucial for traffic safety analysis. The dataset features 48 unique contributing factors, highlighting issues like driver inattention and unsafe lane changing. This information can be utilized by city planners, traffic safety analysts, and public health officials to identify patterns, improve road safety measures, and enhance overall traffic management strategies in urban environments.

Column constraints outlined in Data Dictionary:
accident_no: unique; positive integer  
date: format YYYY-MM-DDTHH:MM:SS; non-null  
time: format HH:MM AM/PM; non-null  
borough: allowed values include Bronx, Brooklyn, Manhattan, Queens, Staten Island, SI, BX; non-null  
injuries_fatalities: allowed values include Yes, No; non-null  
contributing_factors: string; may be null","This dataset contains detailed records of vehicle collisions involving Department of Health and Mental Hygiene (DOHMH) vehicles, spanning from January 3, 2017, to June 10, 2021. Each entry includes an accident number, date, time, borough, specific location, and information on injuries or fatalities, as well as contributing factors to the incidents. The dataset features 94 unique accident identifiers and covers various boroughs, providing insights into traffic incidents and their causes. It can be utilized for traffic safety analysis, policy-making, and improving road safety measures by identifying patterns and contributing factors in vehicle collisions.",2,3,0,0,1,1,1,1,0,1
g5gn-bmye,"This dataset focuses on Severe Maternal Morbidity (SMM) and includes comprehensive information on various demographic and health-related factors associated with childbirth in New York City for the year 2016. It encompasses data on race and ethnicity, education levels, borough of residence, nativity, maternal age, insurance type, trimester of care, and pre-existing medical conditions such as diabetes, hypertension, and heart disease. The dataset also records employment status, history of miscarriage, and parity, providing a holistic view of maternal health. The SMM metric is defined as the number of severe maternal morbidity cases identified through hospitalization records, while the SMM rate indicates the prevalence of these cases per 10,000 deliveries. This dataset can be utilized for research and analysis aimed at understanding the factors contributing to maternal health outcomes, identifying disparities, and informing public health interventions to improve maternal care and reduce complications during pregnancy and childbirth.

Column constraints outlined in Data Dictionary:
year: Required field; Numeric; Temporal coverage: 2016
race_ethnicity: Allowed values conform to OMB standards for reporting race and ethnicity
education: Allowed values: Less than high school; High school graduate/equivalent; Some college; College graduate or higher
borough: Allowed values: Manhattan; Bronx; Brooklyn; Queens; Staten Island; Non-resident of NYC
nativity: Allowed values: U.S. (including territories); foreign born
age: Allowed values: 19 years or less; 20-24 years; 25-29 years; 30-34 years; 35-39 years; 40 or more years
insurance: Allowed values: Medicaid; Private Insurance; Uninsured (self-pay)
trimester: Allowed values: First trimester; Second trimester; Third trimester; No prenatal care; Not reported
diabetes: Allowed values: Yes; No
hypertension: Allowed values: Yes; No
heart_disease: Allowed values: Yes; No
employed: Allowed values: Yes; No
miscarriage: Allowed values: Yes; No
parity: Allowed values: Yes; No
smm: Numeric; Cross-column rule: Identified using 21 diagnoses and procedures from hospitalization records
smm_rate: Numeric; Calculated as ((SMM cases)/(total deliveries))×10,000","This dataset focuses on Severe Maternal Morbidity (SMM) and includes data from the year 2016. It captures various demographic and health-related factors, such as race/ethnicity, education level, borough of residence, nativity status, age, insurance type, and trimester of pregnancy. The dataset provides insights into the prevalence of conditions like diabetes, hypertension, and heart disease among pregnant individuals, as well as their employment status and history of miscarriage. It can be used to analyze trends in maternal health and identify disparities in SMM rates across different populations, contributing to public health research and policy development.",1,2,0,0,1,1,0,1,0,0
fzh2-sxib,"This dataset focuses on lead testing among children in New York City, providing valuable insights into public health trends related to lead exposure. It includes data on various geographic areas, identified by unique geo_area_ids and names, spanning across five boroughs: Bronx, Brooklyn, Manhattan, Queens, and Staten Island. The dataset covers a time period from 2008 to 2016, detailing the number of children tested for lead poisoning in different neighborhoods. Key measurements include the total number of children tested and additional metrics related to lead exposure. The dataset can be utilized for analyzing trends in childhood lead testing, assessing the effectiveness of public health initiatives, and identifying areas that may require targeted interventions. By understanding the geographic and temporal distribution of lead testing, stakeholders can better address the health risks associated with lead exposure in children.

Column constraints outlined in Data Dictionary:
borough_id: allowed values are 1 (Bronx), 2 (Brooklyn), 3 (Manhattan), 4 (Queens), 5 (Staten Island); null values represent citywide data","This dataset focuses on lead testing among children across various neighborhoods in New York City. It includes data on the number of children tested for lead, categorized by geographical areas and boroughs, spanning from 2008 to 2016. The dataset features 45 unique neighborhood names and 5 boroughs, providing a comprehensive view of lead testing efforts. It serves as a valuable resource for public health officials and researchers aiming to analyze lead exposure trends and assess the effectiveness of health interventions. The data can help identify areas needing increased healthcare resources and inform policy decisions related to child health and safety.",3,2,0,0,1,1,1,1,1,0
wffy-3iyg,"This dataset provides comprehensive birth statistics, covering the years from 2007 to 2023, with a focus on the sex of infants and the race or ethnicity of their mothers. It includes 17 unique birth years and captures data on births across various demographic categories, such as Hispanic, Non-Hispanic White, and Asian/Pacific Islander. The dataset features 183 unique birth counts, ranging from 35 to over 21,000, and percentages that reflect the distribution of births within these categories, with values from 0.0038% to 36.5%. The columns include essential information such as the infant's sex, the mother's race or ethnicity, and the total number of births, making it a valuable resource for analyzing trends in birth demographics. Researchers and policymakers can utilize this dataset to study patterns in birth rates, assess healthcare disparities, and inform public health initiatives aimed at improving maternal and infant health outcomes.

Column constraints outlined in Data Dictionary:
sex_of_infant: Required; Allowed values: MALE, FEMALE  
race_or_ethnicity_of_mother: Required; Allowed values: HISPANIC, ASIAN AND PACIFIC ISLANDER, WHITE NON HISPANIC, BLACK NON HISPANIC  
births: Required; Value range: 1 - 999,999  
percentage: Required; Value range: 0.1 - 99.9","This dataset provides comprehensive birth statistics, detailing the number of births by year, sex of the infant, and the race or ethnicity of the mother. It includes data from 2007 to 2023, with 100 unique entries reflecting various demographic groups. The dataset captures key metrics such as the total number of births and the percentage representation of each group, making it valuable for analyzing trends in birth rates across different demographics. It serves as a crucial resource for researchers and policymakers interested in understanding the dynamics of birth statistics and their implications on public health and social policies.",2,2,0,0,1,1,1,1,0,0
gy3q-4tzp,"This dataset provides comprehensive information on child care programs in New York City, specifically focusing on group child care (GCC) and school-based child care (SBCC) facilities. It includes details such as program names, addresses, boroughs, and contact information, as well as the age ranges of children served and the capacity of each facility. The dataset contains 2,738 unique identifiers and spans various boroughs, including Bronx, Brooklyn, Manhattan, Queens, and Staten Island. Each entry is associated with geographic coordinates, allowing for spatial analysis of child care availability across the city. This dataset can be utilized by parents seeking child care options, policymakers assessing child care accessibility, and researchers studying early childhood education trends in NYC. Additionally, it highlights whether programs are equipped to administer medication, providing essential insights into the qualifications of staff at these facilities.

Column constraints outlined in Data Dictionary:
dcid: Always starts with 'DC' followed by a number.  
permit_number: Can be ""N/A"" for school-based child care programs; must be a valid permit number for other programs.  
facility_type: Allowed values are GCC, SBCC.  
program_type: Allowed values are INFANT TODDLER; PRESCHOOL.  
phone: Must follow the format (xxx) xxx-xxxx.  
age_range: Can be ""NO DATA""; shows allowable ages for children to enroll in the program.  
administer_medication: Allowed values are YES; NO.  
bin: Must be a 7-character text; first digit is the Borough Code.  
bbl: Must be a 10-character text; contains a 1 byte Borough Code, a 5-byte Tax Block, and a 4-byte tax lot.  
community_board: Must be a 3-character text; first byte is a borough code and the second and third bytes are the community board number.  
council_district: Must be a 2-character text.  
census_tract: Must be a 6-character text.  
nta_code: Must be a 6-character code; includes 2 alpha for borough, 2 numeric matching CDTA number, 1 numeric indicating NTA Type, and 1 numeric to create unique ID.  
latitude: Must be a number; represents degrees and minutes of latitude.  
longitude: Must be a number; represents degrees and minutes of longitude.","This dataset provides comprehensive information on NYC Child Care Programs, including details about various facilities such as day care centers and preschools. It includes key attributes like program names, addresses, contact information, age ranges served, and capacity. The dataset covers multiple boroughs and zip codes, allowing for spatial analysis of child care availability across the city. Each entry is identified by a unique dcid and permit number, ensuring accurate tracking. This dataset can be utilized for research, policy-making, and improving access to child care services in New York City, ultimately supporting families in finding suitable care for their children.",2,2,0,0,1,1,0,0,1,1
x98t-3bbk,"This dataset focuses on COVID-19 antibody testing across five boroughs in New York City, providing valuable insights into the pandemic's impact on different communities. It includes key metrics such as the number of people tested, the number of positive results, the percentage of positive tests, and the testing rate per 100,000 people. The data is categorized by borough, allowing for spatial analysis of testing outcomes. Specifically, the dataset contains five unique boroughs, with the number of people tested ranging from 164,922 in Staten Island to 959,956 in Brooklyn. The percentage of positive tests varies from 26.7% in Manhattan to 36.5% in the Bronx. This dataset can be utilized by researchers, public health officials, and policymakers to assess the effectiveness of testing strategies, understand community spread, and inform future healthcare decisions related to COVID-19.

Column constraints outlined in Data Dictionary:
num_peop_test: value must be a non-negative integer; required  
num_peop_pos: value must be a non-negative integer; required  
percent_positive: value must be a decimal between 0 and 1, inclusive; required  
test_rate: value must be a decimal; required","This dataset provides insights into COVID-19 antibody testing across five boroughs in New York City. It includes key variables such as the number of people tested, the number of positive cases, the percentage of positive results, and the testing rate for each borough. The data is categorized by location, with unique values representing each borough. The dataset can be used to analyze the effectiveness of testing efforts and the prevalence of antibodies in different areas, helping public health officials make informed decisions regarding resource allocation and response strategies during the pandemic.",1,1,0,0,1,1,0,0,0,0
ax85-bzte,"This dataset provides comprehensive Tuberculosis (TB) surveillance data spanning from 1900 to 2022, detailing the number of verified TB cases, rates per 100,000 population, and various laboratory-confirmed case metrics. It includes key measurements such as the number of culture-positive cases, sputum smear-positive cases, and multidrug resistance cases, offering valuable insights into the trends and challenges in TB management over time. The dataset features 60 unique years and covers a wide range of values for each metric, allowing for in-depth analysis of TB incidence and resistance patterns. It serves as a crucial resource for public health officials, researchers, and policymakers aiming to understand TB dynamics, evaluate intervention effectiveness, and inform future healthcare strategies. By analyzing this data, stakeholders can better address TB outbreaks and improve healthcare responses to this persistent public health issue.

Column constraints outlined in Data Dictionary:
year: 1900 <= year <= 2022  
number_of_tb_cases: number >= 0; null values allowed  
rate_per_100_000: number >= 0; null values allowed  
culture_positive_cases: number >= 0; null values allowed  
sputum_smear_positive_cases: number >= 0; null values allowed  
sputum_smear_positive_rate: number >= 0; null values allowed  
multidrug_resistance_cases: number >= 0; null values allowed","This dataset provides comprehensive tuberculosis (TB) surveillance data, covering the years from 1900 to 2022. It includes key metrics such as the total number of TB cases, the rate of cases per 100,000 individuals, and the number of culture-positive and sputum smear-positive cases. The dataset also tracks multidrug resistance cases, offering valuable insights into the evolving landscape of TB. With a focus on healthcare measurements, this dataset can be utilized for public health research, epidemiological studies, and policy-making to combat TB effectively. It serves as a crucial resource for understanding trends and patterns in TB incidence over time.",3,1,1,0,1,0,1,1,0,0
vajk-p37e,"This dataset focuses on COVID-19 antibody testing across different neighborhood poverty groups, categorized into four levels: low, medium, high, and very high poverty. It includes key metrics such as the total number of people tested, the number of positive test results, the percentage of positive cases, and the testing rate per 100,000 people. The dataset provides valuable insights into the relationship between socioeconomic status and COVID-19 testing outcomes, with a cumulative count of individuals tested and those who tested positive for antibodies. The data spans a range of values, with the number of people tested varying from approximately 376,000 to over 1.3 million. This dataset can be utilized by researchers and public health officials to analyze the impact of poverty on health outcomes during the pandemic, helping to inform targeted interventions and resource allocation in communities affected by COVID-19.

Column constraints outlined in Data Dictionary:
demo_variable: allowed values are categorical strings representing poverty levels (e.g., PovertyA_Low, PovertyB_Medium, etc.); must be unique  
num_peop_test: value range is 0 to 1,500,000; must be a non-negative integer  
num_peop_pos: value range is 0 to 500,000; must be a non-negative integer  
percent_positive: value range is 0.0 to 1.0; must be a decimal representing a percentage (0% to 100%)  
test_rate: value range is 0 to 40,000; must be a decimal representing a rate per population unit","This dataset focuses on COVID-19 antibody testing, providing valuable insights into the prevalence of antibodies across different poverty levels. It includes four demographic categories: Low, Medium, High, and Very High poverty levels. The dataset contains key measurements such as the number of people tested, the number of positive cases, the percentage of positive results, and the test rate. With unique values for each demographic, it allows for a comprehensive analysis of how socioeconomic factors may influence antibody prevalence. Researchers and public health officials can utilize this data to assess the impact of poverty on COVID-19 testing outcomes and inform targeted health interventions.",1,1,0,0,1,1,0,0,0,0
uqmk-4y2w,"This dataset focuses on youth risk behaviors, specifically examining the prevalence of smoking, alcohol consumption, and physical activity among middle school students as reported in the 2018 Youth Risk Behavior Survey (YRBS). It includes key measurements such as the percentage of students who have smoked at least once, ever had a drink of alcohol, and those who are physically active. The dataset provides a prevalence estimate for smoking at 0.9%, with a cautionary note regarding the reliability of this estimate due to a large relative standard error. The data also includes confidence intervals for alcohol consumption and physical activity, indicating a range of 13.8% to 22.4% for alcohol use and 22.0% to 25.8% for physical activity. This dataset can be utilized by researchers and policymakers to assess and address health-related behaviors among youth, contributing to the development of targeted interventions and public health strategies.","This dataset focuses on Youth Risk Behaviors, specifically examining the prevalence of smoking, alcohol consumption, and physical activity among middle school students in 2018. It includes key measurements such as the percentage of students who have smoked at least once, ever had a drink of alcohol, and those who are physically active. The data is derived from a single survey and provides estimates with associated confidence intervals, highlighting the importance of careful interpretation due to variability. This dataset can be utilized for research and analysis in public health, education, and policy-making to better understand and address youth behaviors and health outcomes.",1,2,1,1,0,1,0,0,0,0
dsyc-npkh,"This dataset focuses on indoor air quality measurements taken across various locations within a building, specifically from September 6 to September 14, 2018. It includes detailed records of volatile organic compounds (VOCs) measured in parts per million (ppm), along with corresponding temperature and humidity readings at three different times for each location. The dataset captures 38 unique sample locations, ranging from hallways to specific rooms, providing insights into environmental conditions and potential sources of odors, such as cooking or cleaning chemicals. Each entry includes observations that highlight specific conditions, such as high humidity or poor ventilation. This dataset can be utilized for analyzing indoor air quality trends, assessing the impact of environmental factors on health, and informing strategies for improving air quality in residential settings. It serves as a valuable resource for researchers and policymakers interested in enhancing living conditions within public housing environments.

Column constraints outlined in Data Dictionary:
date: format must be ISO 8601 (YYYY-MM-DDTHH:MM:SS.sss); must not be null  
sample_location: must not be null  
time1: format must be HH:MM:SS; may be null  
vocs1_ppm: numeric; may be null; values may include ""<0.1"" or numeric values; may include ""*"" or ""**"" as suffix  
temp1_f: numeric; may be null  
humidity1: numeric; may be null  
observations1: may be null  
time2: format must be HH:MM:SS; may be null  
vocs2_ppm: numeric; may be null; values may include ""<0.1"" or numeric values; may include ""*"" or ""**"" as suffix  
temp2_f: numeric; may be null  
humidity2: numeric; may be null  
observations2: may be null  
time3: format must be HH:MM:SS; may be null  
vocs3_ppm: numeric; may be null; values may include ""<0.1"" or numeric values; may include ""*"" or ""**"" as suffix  
temp3_f: numeric; may be null  
humidity3: numeric; may be null  
observations3: may be null","This dataset focuses on air quality monitoring, providing detailed measurements of volatile organic compounds (VOCs), temperature, and humidity across various locations within a building. It includes data collected from September 6 to September 14, 2018, with observations taken at different times throughout the day. The dataset features 34 unique sample locations, including hallways, floors, and specific rooms, allowing for a comprehensive analysis of environmental conditions. It can be utilized to assess air quality, identify potential sources of pollution, and evaluate the impact of environmental factors on indoor air quality, making it valuable for researchers and building managers alike.",3,2,1,0,1,1,1,1,0,0
xwtc-hedq,"This dataset provides detailed information on COVID-19 cases, including confirmed, probable, and total cases, along with their seven-day averages. The data spans from September 13, 2020, to June 8, 2021, with daily resolution, allowing for a comprehensive analysis of trends over time. It contains 277 unique dates and covers a range of confirmed cases from 79 to 6570, probable cases from 21 to 1428, and total cases from 100 to 7984. The dataset also includes status indicators and timestamps for data updates, ensuring users can track the most current information. This dataset is valuable for public health officials, researchers, and policymakers to assess the impact of COVID-19, monitor trends, and inform decision-making regarding health interventions and resource allocation. It serves as a crucial tool for understanding the pandemic's progression at a citywide level.

Column constraints outlined in Data Dictionary:
date: format must be ISO 8601 (YYYY-MM-DDTHH:MM:SSZ); no missing values allowed  
confirmed_cases: must be a non-negative integer; no missing values allowed  
probable_cases: must be a non-negative integer; no missing values allowed  
total_cases: must be a non-negative float; no missing values allowed  
_7_day_average_of_confirmed_cases: must be a non-negative float; may be null  
_7_day_average_of_probable_cases: must be a non-negative float; may be null  
_7_day_average_of_total_cases: must be a non-negative float; may be null  
status: allowed values are ""Update"" or ""Insert""; no missing values allowed  
etldate: format must be ISO 8601 (YYYY-MM-DDTHH:MM:SSZ); no missing values allowed","This dataset provides a comprehensive overview of COVID-19 case trends, including confirmed, probable, and total cases recorded daily from September 11, 2020, to June 11, 2021. It features key metrics such as the 7-day averages for confirmed, probable, and total cases, which are essential for understanding the progression of the pandemic. The data is structured with unique identifiers for each entry and includes timestamps for updates. This dataset can be utilized for analyzing trends in COVID-19 cases, informing public health decisions, and supporting research in healthcare and epidemiology.",2,2,0,0,1,1,1,1,0,0
67up-ztdf,"This dataset contains responses from health opinion polls conducted among adults in New York City, focusing on various health-related topics. It includes questions about awareness and comfort levels regarding mental health issues, perceptions of public attitudes towards mental illness, and opinions on marijuana use if legalized. The dataset features two prevalence measures, with prevalence_hop1 capturing general health-related responses and prevalence_hop2 specifically addressing healthcare-related opinions. The poll questions are designed to gauge public sentiment and understanding of mental health and substance use, providing valuable insights into community attitudes. With unique values in both prevalence measures, this dataset serves as a rich resource for researchers and public health officials interested in analyzing trends in health perceptions and behaviors within urban populations. It can be utilized to inform public health initiatives, policy-making, and educational campaigns aimed at improving mental health awareness and substance use regulations.","This dataset focuses on health awareness, capturing public opinions through various poll questions related to mental health and marijuana use in New York City. It includes responses on familiarity with naloxone, comfort levels in maintaining friendships with individuals who have mental illnesses, and perceptions of public marijuana use. The dataset features two prevalence measures, with one representing general health-related responses and the other specifically addressing healthcare contexts. This information can be valuable for researchers and policymakers aiming to understand community attitudes towards mental health and substance use, ultimately aiding in the development of targeted health initiatives and educational programs.",1,1,0,0,1,1,0,0,0,0
7434-7ua6,"This dataset provides a comprehensive overview of COVID-19 testing and positivity rates in New York City, covering the period from March 7, 2020, to June 5, 2021. It includes daily records of total tests conducted, the number of positive tests, and the percentage of positive results, allowing for an in-depth analysis of the pandemic's progression. The dataset features 470 unique dates and captures key metrics such as total tests and positive tests, with values ranging from 2 to 98,353 for total tests and 0 to 8,388 for positive tests. Additionally, it includes a seven-day average positivity rate, offering insights into trends over time. This data can be utilized by public health officials, researchers, and policymakers to assess the effectiveness of testing strategies and inform decisions regarding public health interventions in response to COVID-19.

Column constraints outlined in Data Dictionary:
date: format must be ISO 8601 (YYYY-MM-DDTHH:MM:SSZ); temporal coverage must be within the range of 2020-03-05 to 2021-06-10  
total_test: must be a non-negative integer  
positive_test: must be a non-negative integer; cannot exceed total_test  
percent_positive: must be a decimal value between 0 and 1, inclusive; null values are allowed  
percent_positive_7days_agg: must be a decimal value between 0 and 1, inclusive; null values are allowed  
uptdate: format must be ISO 8601 (YYYY-MM-DDTHH:MM:SSZ)","This dataset provides comprehensive information on COVID-19 testing in New York City, covering the period from March 7, 2020, to May 23, 2021. It includes daily records of total tests conducted, the number of positive tests, and the percentage of positive results, allowing for detailed analysis of testing trends over time. The dataset features 100 unique entries, with key metrics such as total tests and positive tests represented as integers, while the percentage values are expressed as floats. This data can be utilized for public health research, policy-making, and understanding the impact of COVID-19 testing efforts in NYC.",2,2,0,0,1,1,1,1,0,0
v8i9-yfpr,"This dataset contains information on water treatment permits, including details such as permit numbers, expiration dates, statuses, business names, and addresses across various locations. It features 28 unique permit numbers and spans expiration dates from March 30, 2015, to March 30, 2026. The dataset includes a variety of businesses involved in water treatment, with 25 unique business names and coverage across multiple states and cities. Each entry provides spatial data, including latitude and longitude coordinates, allowing for precise geolocation. The dataset can be utilized for analyzing trends in water treatment permits, assessing compliance with regulations, and identifying service providers in specific areas. It serves as a valuable resource for researchers, policymakers, and businesses involved in the water treatment industry, particularly in understanding the landscape of chemical treatment practices for drinking water in buildings.","This dataset contains information on water treatment permits, including details such as permit numbers, expiration dates, statuses, and business names. It features 24 unique permit numbers and spans a temporal coverage from March 30, 2015, to March 30, 2026. The dataset includes spatial data, with geographic identifiers like boroughs, cities, states, and zip codes, as well as latitude and longitude coordinates for precise location mapping. This dataset can be utilized for analyzing compliance and regulatory trends in water treatment, assessing business operations in the industry, and supporting geographic studies related to water management.",2,3,0,0,1,1,1,1,0,1
7umd-hdjb,"This dataset focuses on COVID antibody testing across various age groups, providing valuable insights into the prevalence of positive test results among different demographics. It includes data on ten unique age groups, ranging from children aged 0-4 years to seniors aged 75 and older. The dataset contains key measurements such as the number of people tested, the number of positive results, the percentage of positive tests, and the testing rate per 100,000 individuals. Specifically, it reveals that the percentage of positive tests varies from 28.7% to 37.9%, while the testing rate ranges from 8,325 to 48,898 tests per 100,000 people. This information can be instrumental for public health officials and researchers in understanding the spread of SARS-CoV-2 and the effectiveness of testing strategies within different age demographics, ultimately aiding in the development of targeted health interventions and policies.

Column constraints outlined in Data Dictionary:
demo_variable: must be a string representing age groups in the format ""AgeX_Y-Z_years"" where X is a letter and Y-Z are age ranges  
num_peop_test: must be a non-negative integer  
num_peop_pos: must be a non-negative integer; must be less than or equal to num_peop_test  
percent_positive: must be a decimal between 0 and 1, inclusive  
test_rate: must be a positive decimal","This dataset focuses on COVID antibody testing across various age groups, providing valuable insights into the prevalence of antibodies in different demographics. It includes ten unique age categories, ranging from children aged 0-4 years to individuals aged 75 and older. The dataset contains measurements of the total number of people tested, the number of positive cases, the percentage of positive results, and the test rate for each age group. This information can be used to analyze trends in antibody presence, assess public health responses, and inform vaccination strategies based on age-related immunity levels.",1,1,0,0,1,1,0,0,0,0
2er2-jqsx,"This dataset provides comprehensive information on Automated External Defibrillator (AED) locations across New York City, detailing the entity name, address, floor, borough, state, zip code, and the number of trained personnel and AEDs available at each site. With 3,388 unique addresses and 3,843 unique floor designations, it offers a rich spatial dataset that can be utilized for emergency response planning and public health initiatives. The dataset includes geographic coordinates for precise location mapping, ensuring that users can easily identify AEDs in their vicinity. Additionally, the last updated field allows for tracking the currency of the data, which spans from June 2024 to March 2026. This information is crucial for enhancing community safety and preparedness in emergency situations, making it an invaluable resource for healthcare providers, emergency responders, and public safety officials.

Column constraints outlined in Data Dictionary:
entity_name: Alphanumeric; Cannot be null  
aednumpersontrained: Numeric; Can be null if no persons trained for floor  
aednumaeds: Numeric; Cannot be null  
latitude: Numeric; Cannot be null  
longitude: Numeric; Cannot be null  
council_district: Alphanumeric; Cannot be null  
nta_code: Numeric; Cannot be null  
bin: Numeric; Cannot be null  
bbl: Numeric; Cannot be null  
location_type: Alphanumeric; Cannot be null  
last_updated: Alphanumeric; Can be null if no data available","This dataset provides detailed information on AED (Automated External Defibrillator) locations across New York City. It includes key attributes such as the entity name, address, floor, borough, and zip code, allowing users to easily identify the specific locations of AEDs. The dataset also captures the number of trained personnel and available AEDs at each site, enhancing its utility for emergency preparedness. With spatial data represented by latitude, longitude, and location points, users can visualize AED locations on maps. This dataset is essential for improving public health response and ensuring quick access to lifesaving equipment in emergencies.",3,1,0,0,1,1,1,0,1,0
msid-end4,"This dataset provides detailed information on mosquito control events conducted from 2018 to 2023 across various boroughs in New York City. It includes data on three types of treatments: aerial larviciding, truck-mounted larviciding, and truck-mounted adulticiding. Each entry records the year, event type, specific event number, date of occurrence, borough, neighborhoods affected, and corresponding zip codes. The dataset features 26 unique events and covers 10 boroughs, allowing for comprehensive analysis of mosquito control efforts over time. The temporal and spatial data can be utilized to assess the effectiveness of different treatment methods and their geographical impact. This dataset is particularly valuable for researchers, public health officials, and urban planners focused on mosquito management and public health initiatives, providing insights into pesticide application strategies and their correlation with mosquito population control.

Column constraints outlined in Data Dictionary:
year: number, yyyy; must be a whole number; must be a sequential unique value  
event_type: must be one of the specified types: Aerial Events, Larviciding, Adulticiding  
date: must be in a valid date format; may include ranges indicated by ""and"" or ""-""  
borough: must be one of the specified values: BX, BK, MN, QN, SI  
spray_area_neighborhood: must be a valid neighborhood name; may include multiple neighborhoods separated by commas  
zip_codes: must be a valid zip code format; may include multiple zip codes separated by commas or ""and""","This dataset provides detailed information on mosquito control events conducted across various neighborhoods in New York City from 2018 to 2023. It includes data on the year, event type, specific events, dates, boroughs, neighborhoods, and associated zip codes. The dataset categorizes events into three types: aerial events, adulticiding, and larviciding, allowing for a comprehensive understanding of mosquito management efforts. It can be utilized for analyzing trends in mosquito control, assessing the effectiveness of different methods, and planning future interventions. The spatial and temporal data included enhances its utility for public health research and urban planning related to mosquito-borne diseases.",2,2,0,0,1,1,1,1,0,0
fydx-dgvr,"This dataset contains detailed records of telephonic interpretation requests, spanning from 2017 to 2024, with a focus on various languages and the associated call metrics. It includes data on the year, month, language, number of calls, and total minutes of interpretation provided, featuring 143 unique languages and a wide range of call volumes from 1 to 6570. The dataset's temporal coverage allows for analysis of trends over time, with monthly granularity. Each entry captures the number of calls and the duration of interpretation in minutes, making it a valuable resource for understanding language service demands. This dataset can be utilized by organizations to assess the need for interpretation services, identify popular languages, and optimize resource allocation. The comprehensive nature of the data supports various analyses, from operational efficiency to language accessibility in telephonic services, ultimately enhancing the effectiveness of communication across diverse linguistic communities.","This dataset contains information on telephonic interpretation requests, detailing the number of calls and total minutes spent on various languages from 2017 to 2023. It includes data on 44 unique languages, with a total of 100 unique entries. The dataset captures temporal data with yearly and monthly resolutions, allowing for analysis of trends over time. It provides insights into the demand for interpretation services across different languages, which can be valuable for organizations looking to improve their language support and resource allocation. The dataset spans a range of call volumes and durations, highlighting the varying needs of users.",2,2,0,0,1,1,1,1,0,0
at9c-pdf7,"This dataset provides valuable insights into the prevalence of HIV/AIDS and the health status of immunocompetent individuals over a span of years from 1995 to 2022. It includes various health metrics, such as the percentage of persons with HIV/AIDS in different categories, as well as the number of immunocompetent persons, allowing for a comprehensive analysis of health trends in the population. The dataset features 28 unique years and multiple health-related metrics, making it a rich resource for researchers in the healthcare domain. The temporal coverage extends from 1994 to 2021, providing a historical perspective on health metrics. This dataset can be particularly useful for studying the impact of water exposure on cryptosporidiosis, as it relates to the health of individuals with compromised immune systems. Overall, it serves as a critical tool for public health analysis and policy-making in the context of infectious diseases and their demographic implications.","This dataset provides valuable insights into the prevalence of HIV/AIDS and the health status of immunocompetent individuals over the years, from 1995 to 2022. It includes various metrics such as the percentage of persons with HIV/AIDS, both filtered and boiled, as well as data on immunocompetent persons. The dataset is structured with temporal data, allowing for year-by-year analysis, and contains multiple unique values for each health metric. It can be utilized for research on the impact of water exposure on health, particularly in relation to Cryptosporidiosis, helping to inform public health strategies and interventions.",1,1,0,0,0,0,1,1,0,0
gnyq-kf2y,"This dataset contains information on nonpotable well permits issued in New York City, including details such as permit numbers, expiration dates, and specific locations identified by street addresses and zip codes. The dataset spans from 1979 to 2025, providing a comprehensive view of permits over time. Each entry includes unique identifiers like the Borough-Block-Lot (BBL) and Building Identification Number (BIN), which help in identifying specific properties. The dataset also features geographic coordinates (latitude and longitude) for precise location mapping. It can be utilized for various purposes, including environmental assessments, urban planning, and public health studies related to nonpotable water sources. The data is self-reported by permit applicants, ensuring a direct link to the community and its needs. Overall, this dataset serves as a valuable resource for understanding the distribution and management of nonpotable wells across the city.

Column constraints outlined in Data Dictionary:
permit_number: 8-digit number; required  
expiration_date: MM/DD/YYYY; must be on or before December 31st of the year following the permit's issue year  
zip: 5-digit number; required  
bbl: 10-digit number; required  
bin: 10-digit number; required  
census_tract_2010: 6-digit number; required  
city_council_district: 2-digit number; required  
community_district: 3-digit number; required  
nta_code: 6-character alpha-numeric; required  
latitude: Degrees; must be between -90 and 90; required  
longitude: Degrees; must be between -180 and 180; required","This dataset contains information on nonpotable well permits, including details such as permit numbers, expiration dates, and addresses across various boroughs in New York City. It features 100 unique permits with temporal coverage from 1978 to 2025, allowing for analysis of trends over time. The dataset includes spatial data, such as latitude and longitude coordinates, enabling precise location mapping. It can be used for research on water resource management, urban planning, and environmental studies, providing insights into the distribution and regulation of nonpotable wells in the city.",3,2,0,0,1,1,1,1,1,0
rytv-g5ui,"This dataset focuses on Water Tank Inspections in New York City, providing detailed information about the status and compliance of drinking water tanks across various boroughs. It includes key attributes such as building identification numbers (BIN), house numbers, street names, zip codes, and the number of drinking water tanks reported. The dataset spans from 2021 to 2023 and captures various activities related to inspections, including self-reported annual inspections and audits conducted by the NYC Health Department. Each entry contains spatial data, including latitude and longitude coordinates, allowing for precise location mapping. The dataset can be utilized for monitoring compliance with health regulations, identifying potential violations, and analyzing trends in water tank inspections over time. It serves as a valuable resource for public health officials, researchers, and urban planners interested in ensuring safe drinking water practices in the city.

Column constraints outlined in Data Dictionary:
bin: 7-digit number; first digit is the Borough Code; may be all zeroes indicating no BIN assigned  
house: Text; self-reported, subject to data entry errors  
street_name: Text; self-reported, subject to data entry errors  
zip_code: 5-digit number; self-reported, subject to data entry errors  
borough: Text; allowed values: Manhattan, Queens, Brooklyn, Bronx, Staten Island  
status: Text; allowed values: Active, Not Active  
number_of_dwt: 2-digit number; may be zero (0) indicating no water tank reported  
activity_type: Text; allowed values: Self-reported Annual Inspection, NYC Health Department Inspection, NYC Health Department Audit, NYC Health Department Audit & Inspection, Other  
activity_year: 4-digit number; represents the year of the activity  
violation_code: 4-character alpha-numeric; blank indicates no summons issued  
law_section: Text; blank indicates no violations cited  
violation_text: Text; blank indicates no violations cited  
compliance_year: 4-digit number; represents the year for compliance assessment  
date_of_occurrence: Date: MM/DD/YYYY; blank indicates no violations cited  
summons_number: 10-digit number; blank indicates no summons issued  
bbl: 10-digit number  
latitude: Number; represents degrees and minutes  
longitude: Number; represents degrees and minutes  
community_board: 3-digit number  
council_district: 2-digit number  
census_tract: 6-digit number  
nta_code: 6-character alpha-numeric","This dataset focuses on water tank inspections across various locations, primarily in Manhattan, New York City. It includes detailed records of inspections, violations, and compliance statuses, with data spanning from 2021 to 2023. The dataset features key attributes such as house numbers, street names, zip codes, boroughs, and specific violation codes, providing a comprehensive view of inspection activities. The spatial coverage includes latitude and longitude coordinates, while the temporal coverage captures occurrences from January 2022 to February 2024. This dataset can be utilized for monitoring compliance with health regulations, analyzing inspection trends, and ensuring public safety regarding water quality.",4,3,1,0,1,1,1,1,1,1
fkec-mjr6,"This dataset provides detailed demographic information on cryptosporidiosis cases, categorized by year, race, and age group. It spans from 1999 to 2024, offering insights into the incidence rates across various boroughs, including Manhattan, Bronx, Brooklyn, Queens, and Staten Island. The dataset includes 26 unique years and 16 distinct race/ethnicity categories, allowing for comprehensive analysis of trends over time. Each age group is represented, with specific measurements for individuals aged 1 year, 1-4 years, 5 years, 5-9 years, 10-19 years, 20-44 years, 45-59 years, and 60 years and older. The citywide and borough-specific case rates provide valuable context for understanding the distribution of cryptosporidiosis across different demographics. Researchers and public health officials can utilize this dataset to identify at-risk populations, track disease trends, and inform targeted interventions to improve health outcomes related to cryptosporidiosis.","This dataset provides detailed demographic information on Cryptosporidiosis cases, covering various age groups and racial/ethnic categories from 1999 to 2024. It includes data on the number of cases and rates for different boroughs in New York City, allowing for a comprehensive analysis of trends over time. The dataset features 26 unique years and 14 distinct race/ethnicity categories, making it a valuable resource for public health research and epidemiological studies. Researchers can utilize this dataset to identify at-risk populations and assess the impact of Cryptosporidiosis across different demographics and geographic locations.",2,2,0,0,1,1,1,1,0,0
5tgd-xk3z,"This dataset provides comprehensive surveillance data on Chronic Hepatitis B and C cases reported in New York City from 2016 to 2022. It includes key information such as the year of diagnosis, type of disease, gender of the individuals, borough of residence, age category, and the number of reported cases. The dataset features seven unique years, two diseases, four gender categories, six boroughs, and seven age categories, with case counts ranging from 1 to 503. The temporal coverage spans from 2015 to 2021, allowing for a detailed analysis of trends over time. This dataset can be utilized for public health research, policy-making, and resource allocation to better understand the impact of hepatitis in different demographics and locations. It serves as a valuable resource for healthcare professionals and researchers aiming to address and mitigate the effects of these diseases in the community.

Column constraints outlined in Data Dictionary:
year: allowed values are 2020, 2021, 2022; values must be within the range of 2020 to 2022 inclusive  
disease: allowed values are Chronic Hepatitis B, Chronic Hepatitis C  
gender: allowed values are Male, Female, Transgender, Unknown  
borough: allowed values are Bronx, Brooklyn, Manhattan, Queens, Staten Island, Unknown  
age_category: allowed values are 0-19, 20-29, 30-39, 40-49, 50-59, 60-69, 70+","This dataset provides comprehensive surveillance data on chronic hepatitis B and C cases across various boroughs in New York City from 2016 to 2022. It includes information on the year, disease type, gender, borough, age category, and case counts, allowing for detailed analysis of trends and demographics. The dataset features 100 unique entries, with case counts ranging from 0 to 131. It serves as a valuable resource for public health officials and researchers to monitor hepatitis prevalence, identify at-risk populations, and inform healthcare strategies. The data can be utilized to enhance understanding of disease patterns and improve health interventions in the community.",1,2,0,0,1,1,0,1,0,0
avh4-h5hx,"This dataset provides detailed information about community advisory board appointments within healthcare organizations, specifically focusing on various hospitals. It includes data on appointees' names, their roles, terms of office, and voting status, with a total of 73 unique last names and 79 unique first names represented. The dataset covers appointments from 2015 to 2019, with effective terms starting from August 2016 to September 2018. Each entry identifies the community advisory board associated with the appointee, highlighting their status and role within the organization. This dataset can be utilized for analyzing the composition and governance of community advisory boards, understanding representation in healthcare decision-making, and assessing the effectiveness of these boards in serving their communities. It serves as a valuable resource for researchers, policymakers, and healthcare professionals interested in community engagement and advisory roles in the healthcare sector.

Column constraints outlined in Data Dictionary:
representative_or_appointee: allowed values include roles such as ""Chair"", ""Secretary"", ""Treasurer"", ""Executive Director"", ""BP Appointee"", ""Employee Representative"", ""Community Representative"", ""Member-at-large""; null values are allowed  
term_of_office: allowed values include terms such as ""2 Years"", ""3 Years""; null values are allowed  
term_effective: format must be ISO 8601 date (YYYY-MM-DDTHH:MM:SS.sss); null values are allowed  
term_expiring: format must be ISO 8601 date (YYYY-MM-DDTHH:MM:SS.sss) or MM/DD/YYYY; null values are allowed  
voting: allowed values include ""Voting"", ""Yes""; null values are allowed","This dataset provides detailed information about community advisory board appointments within healthcare organizations. It includes data on individuals' names, their roles, terms of office, and voting status, with a total of 73 unique last names and 79 unique first names. The dataset covers terms effective from August 31, 2016, to September 3, 2018, and terms expiring from July 31, 2015, to August 30, 2019. It serves as a valuable resource for understanding the composition and governance of community advisory boards, facilitating research and analysis related to healthcare community engagement and representation.",2,2,0,0,1,1,1,1,0,0
